  0
SECTION
  2
HEADER
  9
$ANGBASE
  50
0.0
  9
$ANGDIR
  70
1
  9
$MEASUREMENT
  70
1
  9
$INSUNITS
  70
4
  0
ENDSEC
  0
SECTION
  2
TABLES
  0
TABLE
  2
LTYPE
  70
4
  0
LTYPE
  5
40F
  2
CONTINUOUS
  70
0
  3
Solid line
  72
65
  73
0
  40
0.0
  0
LTYPE
  5
410
  2
DASHDOT
 70
0
  3
Dash Dot ____ _ ____ _
 72
65
 73
4
 40
2.0
 49
1.25
 49
-0.25
 49
0.25
 49
-0.25
  0
LTYPE
  5
411
  2
DASHED
 70
0
  3
Dashed __ __ __ __ __
 72
65
 73
2
 40
0.75
 49
0.5
 49
-0.25
  0
LTYPE
  5
43B
  2
DOTTED
 70
0
  3
Dotted .  .  .  .
 72
65
 73
2
 40
0.2
 49
0.0
 49
-0.2
  0
ENDTAB
  0
TABLE
  2
STYLE
  70
4
  0
STYLE
  2
KICAD
  70
0
  40
0
  41
1
  42
1
  50
0
  71
0
  3
isocp.shx
  0
STYLE
  2
KICADB
  70
0
  40
0
  41
1
  42
1
  50
0
  71
0
  3
isocp.shx
  0
STYLE
  2
KICADI
  70
0
  40
0
  41
1
  42
1
  50
15
  71
0
  3
isocp.shx
  0
STYLE
  2
KICADBI
  70
0
  40
0
  41
1
  42
1
  50
15
  71
0
  3
isocp.shx
  0
ENDTAB
  0
TABLE
  2
LAYER
  70
1
  0
LAYER
  2
BLACK
  70
0
  62
250
  6
CONTINUOUS
  0
ENDTAB
  0
ENDSEC
  0
SECTION
  2
ENTITIES
0
LINE
8
BLACK
6
CONTINUOUS
10
148.7999999999999829
20
-62.1849999999999952
11
149.2149609999999882
21
-62.2021629999999988
0
LINE
8
BLACK
6
CONTINUOUS
10
149.2149609999999882
20
-62.2021629999999988
11
149.6270879999999863
21
-62.2535339999999948
0
LINE
8
BLACK
6
CONTINUOUS
10
149.6270879999999863
20
-62.2535339999999948
11
150.0335649999999816
21
-62.3387639999999976
0
LINE
8
BLACK
6
CONTINUOUS
10
150.0335649999999816
20
-62.3387639999999976
11
150.4316149999999936
21
-62.4572679999999991
0
LINE
8
BLACK
6
CONTINUOUS
10
150.4316149999999936
20
-62.4572679999999991
11
150.8185200000000066
21
-62.6082389999999975
0
LINE
8
BLACK
6
CONTINUOUS
10
150.8185200000000066
20
-62.6082389999999975
11
151.1916359999999884
21
-62.7906440000000003
0
LINE
8
BLACK
6
CONTINUOUS
10
151.1916359999999884
20
-62.7906440000000003
11
151.5484150000000056
21
-63.0032379999999961
0
LINE
8
BLACK
6
CONTINUOUS
10
151.5484150000000056
20
-63.0032379999999961
11
151.8864189999999894
21
-63.2445689999999985
0
LINE
8
BLACK
6
CONTINUOUS
10
151.8864189999999894
20
-63.2445689999999985
11
152.2033399999999972
21
-63.5129869999999954
0
LINE
8
BLACK
6
CONTINUOUS
10
152.2033399999999972
20
-63.5129869999999954
11
152.4970129999999813
21
-63.8066599999999937
0
LINE
8
BLACK
6
CONTINUOUS
10
152.4970129999999813
20
-63.8066599999999937
11
152.7654310000000066
21
-64.1235810000000015
0
LINE
8
BLACK
6
CONTINUOUS
10
152.7654310000000066
20
-64.1235810000000015
11
153.0067619999999806
21
-64.4615849999999995
0
LINE
8
BLACK
6
CONTINUOUS
10
153.0067619999999806
20
-64.4615849999999995
11
153.2193560000000048
21
-64.8183640000000025
0
LINE
8
BLACK
6
CONTINUOUS
10
153.2193560000000048
20
-64.8183640000000025
11
153.4017609999999934
21
-65.1914799999999985
0
LINE
8
BLACK
6
CONTINUOUS
10
153.4017609999999934
20
-65.1914799999999985
11
153.5527319999999918
21
-65.5783849999999973
0
LINE
8
BLACK
6
CONTINUOUS
10
153.5527319999999918
20
-65.5783849999999973
11
153.6712359999999933
21
-65.9764349999999951
0
LINE
8
BLACK
6
CONTINUOUS
10
153.6712359999999933
20
-65.9764349999999951
11
153.756465999999989
21
-66.3829119999999904
0
LINE
8
BLACK
6
CONTINUOUS
10
153.756465999999989
20
-66.3829119999999904
11
153.8078370000000064
21
-66.7950390000000027
0
LINE
8
BLACK
6
CONTINUOUS
10
153.8078370000000064
20
-66.7950390000000027
11
153.8249999999999886
21
-67.2099999999999937
0
LINE
8
BLACK
6
CONTINUOUS
10
153.8249999999999886
20
-67.2099999999999937
11
153.8249999999999886
21
-114.7099999999999937
0
LINE
8
BLACK
6
CONTINUOUS
10
153.8249999999999886
20
-114.7099999999999937
11
153.8078370000000064
21
-115.124960999999999
0
LINE
8
BLACK
6
CONTINUOUS
10
153.8078370000000064
20
-115.124960999999999
11
153.756465999999989
21
-115.5370879999999971
0
LINE
8
BLACK
6
CONTINUOUS
10
153.756465999999989
20
-115.5370879999999971
11
153.6712359999999933
21
-115.9435649999999924
0
LINE
8
BLACK
6
CONTINUOUS
10
153.6712359999999933
20
-115.9435649999999924
11
153.5527319999999918
21
-116.3416149999999902
0
LINE
8
BLACK
6
CONTINUOUS
10
153.5527319999999918
20
-116.3416149999999902
11
153.4017609999999934
21
-116.728519999999989
0
LINE
8
BLACK
6
CONTINUOUS
10
153.4017609999999934
20
-116.728519999999989
11
153.2193560000000048
21
-117.1016359999999992
0
LINE
8
BLACK
6
CONTINUOUS
10
153.2193560000000048
20
-117.1016359999999992
11
153.0067619999999806
21
-117.458414999999988
0
LINE
8
BLACK
6
CONTINUOUS
10
153.0067619999999806
20
-117.458414999999988
11
152.7654310000000066
21
-117.7964190000000002
0
LINE
8
BLACK
6
CONTINUOUS
10
152.7654310000000066
20
-117.7964190000000002
11
152.4970129999999813
21
-118.1133399999999938
0
LINE
8
BLACK
6
CONTINUOUS
10
152.4970129999999813
20
-118.1133399999999938
11
152.2033399999999972
21
-118.4070129999999921
0
LINE
8
BLACK
6
CONTINUOUS
10
152.2033399999999972
20
-118.4070129999999921
11
151.8864189999999894
21
-118.675430999999989
0
LINE
8
BLACK
6
CONTINUOUS
10
151.8864189999999894
20
-118.675430999999989
11
151.5484150000000056
21
-118.9167619999999914
0
LINE
8
BLACK
6
CONTINUOUS
10
151.5484150000000056
20
-118.9167619999999914
11
151.1916359999999884
21
-119.1293560000000014
0
LINE
8
BLACK
6
CONTINUOUS
10
151.1916359999999884
20
-119.1293560000000014
11
150.8185200000000066
21
-119.31176099999999
0
LINE
8
BLACK
6
CONTINUOUS
10
150.8185200000000066
20
-119.31176099999999
11
150.4316149999999936
21
-119.4627319999999884
0
LINE
8
BLACK
6
CONTINUOUS
10
150.4316149999999936
20
-119.4627319999999884
11
150.0335649999999816
21
-119.5812359999999899
0
LINE
8
BLACK
6
CONTINUOUS
10
150.0335649999999816
20
-119.5812359999999899
11
149.6270879999999863
21
-119.6664659999999998
0
LINE
8
BLACK
6
CONTINUOUS
10
149.6270879999999863
20
-119.6664659999999998
11
149.2149609999999882
21
-119.7178369999999887
0
LINE
8
BLACK
6
CONTINUOUS
10
149.2149609999999882
20
-119.7178369999999887
11
148.7999999999999829
21
-119.7349999999999994
0
LINE
8
BLACK
6
CONTINUOUS
10
148.7999999999999829
20
-119.7349999999999994
11
126.2999999999999972
21
-119.7349999999999994
0
LINE
8
BLACK
6
CONTINUOUS
10
126.2999999999999972
20
-119.7349999999999994
11
125.8850389999999919
21
-119.7178369999999887
0
LINE
8
BLACK
6
CONTINUOUS
10
125.8850389999999919
20
-119.7178369999999887
11
125.4729119999999938
21
-119.6664659999999998
0
LINE
8
BLACK
6
CONTINUOUS
10
125.4729119999999938
20
-119.6664659999999998
11
125.0664349999999985
21
-119.5812359999999899
0
LINE
8
BLACK
6
CONTINUOUS
10
125.0664349999999985
20
-119.5812359999999899
11
124.6683850000000007
21
-119.4627319999999884
0
LINE
8
BLACK
6
CONTINUOUS
10
124.6683850000000007
20
-119.4627319999999884
11
124.2814799999999877
21
-119.31176099999999
0
LINE
8
BLACK
6
CONTINUOUS
10
124.2814799999999877
20
-119.31176099999999
11
123.9083639999999917
21
-119.1293560000000014
0
LINE
8
BLACK
6
CONTINUOUS
10
123.9083639999999917
20
-119.1293560000000014
11
123.5515849999999887
21
-118.9167619999999914
0
LINE
8
BLACK
6
CONTINUOUS
10
123.5515849999999887
20
-118.9167619999999914
11
123.2135809999999907
21
-118.675430999999989
0
LINE
8
BLACK
6
CONTINUOUS
10
123.2135809999999907
20
-118.675430999999989
11
122.8966599999999971
21
-118.4070129999999921
0
LINE
8
BLACK
6
CONTINUOUS
10
122.8966599999999971
20
-118.4070129999999921
11
122.6029869999999988
21
-118.1133399999999938
0
LINE
8
BLACK
6
CONTINUOUS
10
122.6029869999999988
20
-118.1133399999999938
11
122.3345689999999877
21
-117.7964190000000002
0
LINE
8
BLACK
6
CONTINUOUS
10
122.3345689999999877
20
-117.7964190000000002
11
122.0932379999999995
21
-117.458414999999988
0
LINE
8
BLACK
6
CONTINUOUS
10
122.0932379999999995
20
-117.458414999999988
11
121.8806439999999895
21
-117.1016359999999992
0
LINE
8
BLACK
6
CONTINUOUS
10
121.8806439999999895
20
-117.1016359999999992
11
121.6982390000000009
21
-116.728519999999989
0
LINE
8
BLACK
6
CONTINUOUS
10
121.6982390000000009
20
-116.728519999999989
11
121.5472679999999883
21
-116.3416149999999902
0
LINE
8
BLACK
6
CONTINUOUS
10
121.5472679999999883
20
-116.3416149999999902
11
121.428764000000001
21
-115.9435649999999924
0
LINE
8
BLACK
6
CONTINUOUS
10
121.428764000000001
20
-115.9435649999999924
11
121.3435339999999911
21
-115.5370879999999971
0
LINE
8
BLACK
6
CONTINUOUS
10
121.3435339999999911
20
-115.5370879999999971
11
121.292162999999988
21
-115.124960999999999
0
LINE
8
BLACK
6
CONTINUOUS
10
121.292162999999988
20
-115.124960999999999
11
121.2749999999999915
21
-114.7099999999999937
0
LINE
8
BLACK
6
CONTINUOUS
10
121.2749999999999915
20
-114.7099999999999937
11
121.2749999999999915
21
-67.2099999999999937
0
LINE
8
BLACK
6
CONTINUOUS
10
121.2749999999999915
20
-67.2099999999999937
11
121.292162999999988
21
-66.7950390000000027
0
LINE
8
BLACK
6
CONTINUOUS
10
121.292162999999988
20
-66.7950390000000027
11
121.3435339999999911
21
-66.3829119999999904
0
LINE
8
BLACK
6
CONTINUOUS
10
121.3435339999999911
20
-66.3829119999999904
11
121.428764000000001
21
-65.9764349999999951
0
LINE
8
BLACK
6
CONTINUOUS
10
121.428764000000001
20
-65.9764349999999951
11
121.5472679999999883
21
-65.5783849999999973
0
LINE
8
BLACK
6
CONTINUOUS
10
121.5472679999999883
20
-65.5783849999999973
11
121.6982390000000009
21
-65.1914799999999985
0
LINE
8
BLACK
6
CONTINUOUS
10
121.6982390000000009
20
-65.1914799999999985
11
121.8806439999999895
21
-64.8183640000000025
0
LINE
8
BLACK
6
CONTINUOUS
10
121.8806439999999895
20
-64.8183640000000025
11
122.0932379999999995
21
-64.4615849999999995
0
LINE
8
BLACK
6
CONTINUOUS
10
122.0932379999999995
20
-64.4615849999999995
11
122.3345689999999877
21
-64.1235810000000015
0
LINE
8
BLACK
6
CONTINUOUS
10
122.3345689999999877
20
-64.1235810000000015
11
122.6029869999999988
21
-63.8066599999999937
0
LINE
8
BLACK
6
CONTINUOUS
10
122.6029869999999988
20
-63.8066599999999937
11
122.8966599999999971
21
-63.5129869999999954
0
LINE
8
BLACK
6
CONTINUOUS
10
122.8966599999999971
20
-63.5129869999999954
11
123.2135809999999907
21
-63.2445689999999985
0
LINE
8
BLACK
6
CONTINUOUS
10
123.2135809999999907
20
-63.2445689999999985
11
123.5515849999999887
21
-63.0032379999999961
0
LINE
8
BLACK
6
CONTINUOUS
10
123.5515849999999887
20
-63.0032379999999961
11
123.9083639999999917
21
-62.7906440000000003
0
LINE
8
BLACK
6
CONTINUOUS
10
123.9083639999999917
20
-62.7906440000000003
11
124.2814799999999877
21
-62.6082389999999975
0
LINE
8
BLACK
6
CONTINUOUS
10
124.2814799999999877
20
-62.6082389999999975
11
124.6683850000000007
21
-62.4572679999999991
0
LINE
8
BLACK
6
CONTINUOUS
10
124.6683850000000007
20
-62.4572679999999991
11
125.0664349999999985
21
-62.3387639999999976
0
LINE
8
BLACK
6
CONTINUOUS
10
125.0664349999999985
20
-62.3387639999999976
11
125.4729119999999938
21
-62.2535339999999948
0
LINE
8
BLACK
6
CONTINUOUS
10
125.4729119999999938
20
-62.2535339999999948
11
125.8850389999999919
21
-62.2021629999999988
0
LINE
8
BLACK
6
CONTINUOUS
10
125.8850389999999919
20
-62.2021629999999988
11
126.2999999999999972
21
-62.1849999999999952
0
LINE
8
BLACK
6
CONTINUOUS
10
126.2999999999999972
20
-62.1849999999999952
11
148.7999999999999829
21
-62.1849999999999952
0
LINE
8
BLACK
6
CONTINUOUS
10
126.2999999999999972
20
-62.2349999999999994
11
126.094231999999991
21
-62.2349999999999994
0
LINE
8
BLACK
6
CONTINUOUS
10
126.094231999999991
20
-62.2349999999999994
11
125.6841029999999932
21
-62.2689850000000007
0
LINE
8
BLACK
6
CONTINUOUS
10
125.6841029999999932
20
-62.2689850000000007
11
125.2781809999999894
21
-62.3367209999999972
0
LINE
8
BLACK
6
CONTINUOUS
10
125.2781809999999894
20
-62.3367209999999972
11
124.8792389999999983
21
-62.4377469999999946
0
LINE
8
BLACK
6
CONTINUOUS
10
124.8792389999999983
20
-62.4377469999999946
11
124.4900019999999898
21
-62.5713719999999967
0
LINE
8
BLACK
6
CONTINUOUS
10
124.4900019999999898
20
-62.5713719999999967
11
124.1131290000000007
21
-62.7366839999999968
0
LINE
8
BLACK
6
CONTINUOUS
10
124.1131290000000007
20
-62.7366839999999968
11
123.7511949999999956
21
-62.9325529999999986
0
LINE
8
BLACK
6
CONTINUOUS
10
123.7511949999999956
20
-62.9325529999999986
11
123.4066709999999887
21
-63.1576409999999981
0
LINE
8
BLACK
6
CONTINUOUS
10
123.4066709999999887
20
-63.1576409999999981
11
123.0819119999999884
21
-63.4104109999999963
0
LINE
8
BLACK
6
CONTINUOUS
10
123.0819119999999884
20
-63.4104109999999963
11
122.7791359999999941
21
-63.6891359999999978
0
LINE
8
BLACK
6
CONTINUOUS
10
122.7791359999999941
20
-63.6891359999999978
11
122.5004109999999997
21
-63.9919119999999992
0
LINE
8
BLACK
6
CONTINUOUS
10
122.5004109999999997
20
-63.9919119999999992
11
122.2476410000000016
21
-64.3166709999999995
0
LINE
8
BLACK
6
CONTINUOUS
10
122.2476410000000016
20
-64.3166709999999995
11
122.0225529999999878
21
-64.6611949999999922
0
LINE
8
BLACK
6
CONTINUOUS
10
122.0225529999999878
20
-64.6611949999999922
11
121.8266840000000002
21
-65.0231289999999973
0
LINE
8
BLACK
6
CONTINUOUS
10
121.8266840000000002
20
-65.0231289999999973
11
121.6613720000000001
21
-65.4000020000000006
0
LINE
8
BLACK
6
CONTINUOUS
10
121.6613720000000001
20
-65.4000020000000006
11
121.5277469999999909
21
-65.7892389999999949
0
LINE
8
BLACK
6
CONTINUOUS
10
121.5277469999999909
20
-65.7892389999999949
11
121.4267210000000006
21
-66.1881810000000002
0
LINE
8
BLACK
6
CONTINUOUS
10
121.4267210000000006
20
-66.1881810000000002
11
121.3589849999999899
21
-66.594103000000004
0
LINE
8
BLACK
6
CONTINUOUS
10
121.3589849999999899
20
-66.594103000000004
11
121.3249999999999886
21
-67.0042320000000018
0
LINE
8
BLACK
6
CONTINUOUS
10
121.3249999999999886
20
-67.0042320000000018
11
121.3249999999999886
21
-67.2099999999999937
0
LINE
8
BLACK
6
CONTINUOUS
10
121.3249999999999886
20
-67.2099999999999937
11
121.3249999999999886
21
-114.7099999999999937
0
LINE
8
BLACK
6
CONTINUOUS
10
121.3249999999999886
20
-114.7099999999999937
11
121.3249999999999886
21
-114.9157679999999999
0
LINE
8
BLACK
6
CONTINUOUS
10
121.3249999999999886
20
-114.9157679999999999
11
121.3589849999999899
21
-115.3258969999999977
0
LINE
8
BLACK
6
CONTINUOUS
10
121.3589849999999899
20
-115.3258969999999977
11
121.4267210000000006
21
-115.7318190000000016
0
LINE
8
BLACK
6
CONTINUOUS
10
121.4267210000000006
20
-115.7318190000000016
11
121.5277469999999909
21
-116.1307609999999926
0
LINE
8
BLACK
6
CONTINUOUS
10
121.5277469999999909
20
-116.1307609999999926
11
121.6613720000000001
21
-116.5199980000000011
0
LINE
8
BLACK
6
CONTINUOUS
10
121.6613720000000001
20
-116.5199980000000011
11
121.8266840000000002
21
-116.8968709999999902
0
LINE
8
BLACK
6
CONTINUOUS
10
121.8266840000000002
20
-116.8968709999999902
11
122.0225529999999878
21
-117.2588049999999953
0
LINE
8
BLACK
6
CONTINUOUS
10
122.0225529999999878
20
-117.2588049999999953
11
122.2476410000000016
21
-117.603328999999988
0
LINE
8
BLACK
6
CONTINUOUS
10
122.2476410000000016
20
-117.603328999999988
11
122.5004109999999997
21
-117.9280879999999883
0
LINE
8
BLACK
6
CONTINUOUS
10
122.5004109999999997
20
-117.9280879999999883
11
122.7791359999999941
21
-118.2308639999999968
0
LINE
8
BLACK
6
CONTINUOUS
10
122.7791359999999941
20
-118.2308639999999968
11
123.0819119999999884
21
-118.5095889999999912
0
LINE
8
BLACK
6
CONTINUOUS
10
123.0819119999999884
20
-118.5095889999999912
11
123.4066709999999887
21
-118.7623589999999894
0
LINE
8
BLACK
6
CONTINUOUS
10
123.4066709999999887
20
-118.7623589999999894
11
123.7511949999999956
21
-118.9874469999999889
0
LINE
8
BLACK
6
CONTINUOUS
10
123.7511949999999956
20
-118.9874469999999889
11
124.1131290000000007
21
-119.1833159999999907
0
LINE
8
BLACK
6
CONTINUOUS
10
124.1131290000000007
20
-119.1833159999999907
11
124.4900019999999898
21
-119.3486279999999908
0
LINE
8
BLACK
6
CONTINUOUS
10
124.4900019999999898
20
-119.3486279999999908
11
124.8792389999999983
21
-119.482253
0
LINE
8
BLACK
6
CONTINUOUS
10
124.8792389999999983
20
-119.482253
11
125.2781809999999894
21
-119.5832789999999903
0
LINE
8
BLACK
6
CONTINUOUS
10
125.2781809999999894
20
-119.5832789999999903
11
125.6841029999999932
21
-119.651015000000001
0
LINE
8
BLACK
6
CONTINUOUS
10
125.6841029999999932
20
-119.651015000000001
11
126.094231999999991
21
-119.6849999999999881
0
LINE
8
BLACK
6
CONTINUOUS
10
126.094231999999991
20
-119.6849999999999881
11
126.2999999999999972
21
-119.6849999999999881
0
LINE
8
BLACK
6
CONTINUOUS
10
126.2999999999999972
20
-119.6849999999999881
11
148.7999999999999829
21
-119.6849999999999881
0
LINE
8
BLACK
6
CONTINUOUS
10
148.7999999999999829
20
-119.6849999999999881
11
149.0057679999999891
21
-119.6849999999999881
0
LINE
8
BLACK
6
CONTINUOUS
10
149.0057679999999891
20
-119.6849999999999881
11
149.4158970000000011
21
-119.651015000000001
0
LINE
8
BLACK
6
CONTINUOUS
10
149.4158970000000011
20
-119.651015000000001
11
149.821819000000005
21
-119.5832789999999903
0
LINE
8
BLACK
6
CONTINUOUS
10
149.821819000000005
20
-119.5832789999999903
11
150.2207609999999818
21
-119.482253
0
LINE
8
BLACK
6
CONTINUOUS
10
150.2207609999999818
20
-119.482253
11
150.6099979999999903
21
-119.3486279999999908
0
LINE
8
BLACK
6
CONTINUOUS
10
150.6099979999999903
20
-119.3486279999999908
11
150.9868709999999794
21
-119.1833159999999907
0
LINE
8
BLACK
6
CONTINUOUS
10
150.9868709999999794
20
-119.1833159999999907
11
151.3488049999999987
21
-118.9874469999999889
0
LINE
8
BLACK
6
CONTINUOUS
10
151.3488049999999987
20
-118.9874469999999889
11
151.6933290000000056
21
-118.7623589999999894
0
LINE
8
BLACK
6
CONTINUOUS
10
151.6933290000000056
20
-118.7623589999999894
11
152.0180880000000059
21
-118.5095889999999912
0
LINE
8
BLACK
6
CONTINUOUS
10
152.0180880000000059
20
-118.5095889999999912
11
152.3208640000000003
21
-118.2308639999999968
0
LINE
8
BLACK
6
CONTINUOUS
10
152.3208640000000003
20
-118.2308639999999968
11
152.5995889999999804
21
-117.9280879999999883
0
LINE
8
BLACK
6
CONTINUOUS
10
152.5995889999999804
20
-117.9280879999999883
11
152.852359000000007
21
-117.603328999999988
0
LINE
8
BLACK
6
CONTINUOUS
10
152.852359000000007
20
-117.603328999999988
11
153.0774470000000065
21
-117.2588049999999953
0
LINE
8
BLACK
6
CONTINUOUS
10
153.0774470000000065
20
-117.2588049999999953
11
153.2733159999999941
21
-116.8968709999999902
0
LINE
8
BLACK
6
CONTINUOUS
10
153.2733159999999941
20
-116.8968709999999902
11
153.4386279999999942
21
-116.5199980000000011
0
LINE
8
BLACK
6
CONTINUOUS
10
153.4386279999999942
20
-116.5199980000000011
11
153.5722529999999892
21
-116.1307609999999926
0
LINE
8
BLACK
6
CONTINUOUS
10
153.5722529999999892
20
-116.1307609999999926
11
153.6732789999999795
21
-115.7318190000000016
0
LINE
8
BLACK
6
CONTINUOUS
10
153.6732789999999795
20
-115.7318190000000016
11
153.7410150000000044
21
-115.3258969999999977
0
LINE
8
BLACK
6
CONTINUOUS
10
153.7410150000000044
20
-115.3258969999999977
11
153.7750000000000057
21
-114.9157679999999999
0
LINE
8
BLACK
6
CONTINUOUS
10
153.7750000000000057
20
-114.9157679999999999
11
153.7750000000000057
21
-114.7099999999999937
0
LINE
8
BLACK
6
CONTINUOUS
10
153.7750000000000057
20
-114.7099999999999937
11
153.7750000000000057
21
-67.2099999999999937
0
LINE
8
BLACK
6
CONTINUOUS
10
153.7750000000000057
20
-67.2099999999999937
11
153.7750000000000057
21
-67.0042320000000018
0
LINE
8
BLACK
6
CONTINUOUS
10
153.7750000000000057
20
-67.0042320000000018
11
153.7410150000000044
21
-66.594103000000004
0
LINE
8
BLACK
6
CONTINUOUS
10
153.7410150000000044
20
-66.594103000000004
11
153.6732789999999795
21
-66.1881810000000002
0
LINE
8
BLACK
6
CONTINUOUS
10
153.6732789999999795
20
-66.1881810000000002
11
153.5722529999999892
21
-65.7892389999999949
0
LINE
8
BLACK
6
CONTINUOUS
10
153.5722529999999892
20
-65.7892389999999949
11
153.4386279999999942
21
-65.4000020000000006
0
LINE
8
BLACK
6
CONTINUOUS
10
153.4386279999999942
20
-65.4000020000000006
11
153.2733159999999941
21
-65.0231289999999973
0
LINE
8
BLACK
6
CONTINUOUS
10
153.2733159999999941
20
-65.0231289999999973
11
153.0774470000000065
21
-64.6611949999999922
0
LINE
8
BLACK
6
CONTINUOUS
10
153.0774470000000065
20
-64.6611949999999922
11
152.852359000000007
21
-64.3166709999999995
0
LINE
8
BLACK
6
CONTINUOUS
10
152.852359000000007
20
-64.3166709999999995
11
152.5995889999999804
21
-63.9919119999999992
0
LINE
8
BLACK
6
CONTINUOUS
10
152.5995889999999804
20
-63.9919119999999992
11
152.3208640000000003
21
-63.6891359999999978
0
LINE
8
BLACK
6
CONTINUOUS
10
152.3208640000000003
20
-63.6891359999999978
11
152.0180880000000059
21
-63.4104109999999963
0
LINE
8
BLACK
6
CONTINUOUS
10
152.0180880000000059
20
-63.4104109999999963
11
151.6933290000000056
21
-63.1576409999999981
0
LINE
8
BLACK
6
CONTINUOUS
10
151.6933290000000056
20
-63.1576409999999981
11
151.3488049999999987
21
-62.9325529999999986
0
LINE
8
BLACK
6
CONTINUOUS
10
151.3488049999999987
20
-62.9325529999999986
11
150.9868709999999794
21
-62.7366839999999968
0
LINE
8
BLACK
6
CONTINUOUS
10
150.9868709999999794
20
-62.7366839999999968
11
150.6099979999999903
21
-62.5713719999999967
0
LINE
8
BLACK
6
CONTINUOUS
10
150.6099979999999903
20
-62.5713719999999967
11
150.2207609999999818
21
-62.4377469999999946
0
LINE
8
BLACK
6
CONTINUOUS
10
150.2207609999999818
20
-62.4377469999999946
11
149.821819000000005
21
-62.3367209999999972
0
LINE
8
BLACK
6
CONTINUOUS
10
149.821819000000005
20
-62.3367209999999972
11
149.4158970000000011
21
-62.2689850000000007
0
LINE
8
BLACK
6
CONTINUOUS
10
149.4158970000000011
20
-62.2689850000000007
11
149.0057679999999891
21
-62.2349999999999994
0
LINE
8
BLACK
6
CONTINUOUS
10
149.0057679999999891
20
-62.2349999999999994
11
148.7999999999999829
21
-62.2349999999999994
0
LINE
8
BLACK
6
CONTINUOUS
10
148.7999999999999829
20
-62.2349999999999994
11
126.2999999999999972
21
-62.2349999999999994
0
CIRCLE
8
BLACK
10
142.7672959999999875
20
-91.1243010000000027
40
0.175
0
CIRCLE
8
BLACK
10
140.2672959999999875
20
-91.1243010000000027
40
0.175
0
CIRCLE
8
BLACK
10
140.2999999999999829
20
-96.2999999999999972
40
0.175
0
CIRCLE
8
BLACK
10
140.2999999999999829
20
-106.4599999999999937
40
0.175
0
CIRCLE
8
BLACK
10
140.9884500000000003
20
-68.8100000000000023
40
0.175
0
CIRCLE
8
BLACK
10
140.9884500000000003
20
-71.3499999999999943
40
0.175
0
CIRCLE
8
BLACK
10
148.7999999999999829
20
-67.2099999999999937
40
0.175
0
CIRCLE
8
BLACK
10
126.2999999999999972
20
-67.2099999999999937
40
0.175
0
CIRCLE
8
BLACK
10
144.5499999999999829
20
-96.2999999999999972
40
0.175
0
CIRCLE
8
BLACK
10
144.5499999999999829
20
-106.4599999999999937
40
0.175
0
CIRCLE
8
BLACK
10
146.6238869999999963
20
-72.8357829999999922
40
0.175
0
CIRCLE
8
BLACK
10
146.6238840000000039
20
-75.3757870000000025
40
0.175
0
CIRCLE
8
BLACK
10
146.6238869999999963
20
-77.9157829999999905
40
0.175
0
CIRCLE
8
BLACK
10
135.7999999999999829
20
-106.4599999999999937
40
0.175
0
CIRCLE
8
BLACK
10
135.7999999999999829
20
-96.2999999999999972
40
0.175
0
CIRCLE
8
BLACK
10
133.2873610000000042
20
-91.171141999999989
40
0.175
0
CIRCLE
8
BLACK
10
135.7873610000000042
20
-91.171141999999989
40
0.175
0
CIRCLE
8
BLACK
10
126.2999999999999972
20
-114.7099999999999937
40
0.175
0
CIRCLE
8
BLACK
10
127.4088369999999912
20
-73.0307849999999945
40
0.175
0
CIRCLE
8
BLACK
10
127.4088369999999912
20
-75.5707850000000008
40
0.175
0
CIRCLE
8
BLACK
10
127.4088369999999912
20
-78.1107849999999928
40
0.175
0
CIRCLE
8
BLACK
10
127.5838369999999884
20
-80.8634059999999977
40
0.175
0
CIRCLE
8
BLACK
10
127.5838369999999884
20
-88.463405999999992
40
0.175
0
CIRCLE
8
BLACK
10
131.2999999999999829
20
-96.2999999999999972
40
0.175
0
CIRCLE
8
BLACK
10
131.2999999999999829
20
-106.4599999999999937
40
0.175
0
CIRCLE
8
BLACK
10
134.2999999999999829
20
-68.8100000000000023
40
0.175
0
CIRCLE
8
BLACK
10
134.2999999999999829
20
-71.3499999999999943
40
0.175
0
CIRCLE
8
BLACK
10
148.7999999999999829
20
-114.7099999999999937
40
0.175
0
CIRCLE
8
BLACK
10
146.5569579999999803
20
-80.8555399999999906
40
0.175
0
CIRCLE
8
BLACK
10
146.5569579999999803
20
-88.4755399999999952
40
0.175
0
LINE
8
BLACK
6
CONTINUOUS
10
132.8649999999999807
20
-113.0749999999999886
11
132.8649999999999807
21
-113.6749999999999972
0
ARC
8
BLACK
10
133.414999999999992
20
-113.6749999999999972
40
0.5499999999999999
50
-180.00000000
51
0.00000000
0
LINE
8
BLACK
6
CONTINUOUS
10
133.9650000000000034
20
-113.6749999999999972
11
133.9650000000000034
21
-113.0749999999999886
0
ARC
8
BLACK
10
133.414999999999992
20
-113.0749999999999886
40
0.5499999999999999
50
0.00000000
51
180.00000000
0
LINE
8
BLACK
6
CONTINUOUS
10
132.8649999999999807
20
-116.875
11
132.8649999999999807
21
-117.4749999999999943
0
ARC
8
BLACK
10
133.414999999999992
20
-117.4749999999999943
40
0.5499999999999999
50
-180.00000000
51
0.00000000
0
LINE
8
BLACK
6
CONTINUOUS
10
133.9650000000000034
20
-117.4749999999999943
11
133.9650000000000034
21
-116.875
0
ARC
8
BLACK
10
133.414999999999992
20
-116.875
40
0.5499999999999999
50
0.00000000
51
180.00000000
0
LINE
8
BLACK
6
CONTINUOUS
10
141.5049999999999955
20
-113.0749999999999886
11
141.5049999999999955
21
-113.6749999999999972
0
ARC
8
BLACK
10
142.0550000000000068
20
-113.6749999999999972
40
0.5499999999999999
50
-180.00000000
51
0.00000000
0
LINE
8
BLACK
6
CONTINUOUS
10
142.6049999999999898
20
-113.6749999999999972
11
142.6049999999999898
21
-113.0749999999999886
0
ARC
8
BLACK
10
142.0550000000000068
20
-113.0749999999999886
40
0.5499999999999999
50
0.00000000
51
180.00000000
0
LINE
8
BLACK
6
CONTINUOUS
10
141.5049999999999955
20
-116.875
11
141.5049999999999955
21
-117.4749999999999943
0
ARC
8
BLACK
10
142.0550000000000068
20
-117.4749999999999943
40
0.5499999999999999
50
-180.00000000
51
0.00000000
0
LINE
8
BLACK
6
CONTINUOUS
10
142.6049999999999898
20
-117.4749999999999943
11
142.6049999999999898
21
-116.875
0
ARC
8
BLACK
10
142.0550000000000068
20
-116.875
40
0.5499999999999999
50
0.00000000
51
180.00000000
0
LINE
8
BLACK
6
CONTINUOUS
10
131.5918069999999886
20
-105.2445379999999915
11
131.7783540000000073
21
-105.3051509999999951
0
LINE
8
BLACK
6
CONTINUOUS
10
131.7783540000000073
20
-105.3051509999999951
11
131.953123000000005
21
-105.3941999999999979
0
LINE
8
BLACK
6
CONTINUOUS
10
131.953123000000005
20
-105.3941999999999979
11
132.1118099999999913
21
-105.509492999999992
0
LINE
8
BLACK
6
CONTINUOUS
10
132.1118099999999913
20
-105.509492999999992
11
132.2505069999999989
21
-105.6481899999999996
0
LINE
8
BLACK
6
CONTINUOUS
10
132.2505069999999989
20
-105.6481899999999996
11
132.3658000000000072
21
-105.8068770000000001
0
LINE
8
BLACK
6
CONTINUOUS
10
132.3658000000000072
20
-105.8068770000000001
11
132.4548489999999958
21
-105.9816459999999978
0
LINE
8
BLACK
6
CONTINUOUS
10
132.4548489999999958
20
-105.9816459999999978
11
132.5154619999999852
21
-106.1681930000000023
0
LINE
8
BLACK
6
CONTINUOUS
10
132.5154619999999852
20
-106.1681930000000023
11
132.5461469999999906
21
-106.3619259999999969
0
LINE
8
BLACK
6
CONTINUOUS
10
132.5461469999999906
20
-106.3619259999999969
11
132.5461469999999906
21
-106.5580739999999906
0
LINE
8
BLACK
6
CONTINUOUS
10
132.5461469999999906
20
-106.5580739999999906
11
132.5154619999999852
21
-106.7518069999999994
0
LINE
8
BLACK
6
CONTINUOUS
10
132.5154619999999852
20
-106.7518069999999994
11
132.4548489999999958
21
-106.9383539999999897
0
LINE
8
BLACK
6
CONTINUOUS
10
132.4548489999999958
20
-106.9383539999999897
11
132.3658000000000072
21
-107.1131230000000016
0
LINE
8
BLACK
6
CONTINUOUS
10
132.3658000000000072
20
-107.1131230000000016
11
132.2505069999999989
21
-107.2718100000000021
0
LINE
8
BLACK
6
CONTINUOUS
10
132.2505069999999989
20
-107.2718100000000021
11
132.1118099999999913
21
-107.4105069999999955
0
LINE
8
BLACK
6
CONTINUOUS
10
132.1118099999999913
20
-107.4105069999999955
11
131.953123000000005
21
-107.5257999999999896
0
LINE
8
BLACK
6
CONTINUOUS
10
131.953123000000005
20
-107.5257999999999896
11
131.7783540000000073
21
-107.6148489999999924
0
LINE
8
BLACK
6
CONTINUOUS
10
131.7783540000000073
20
-107.6148489999999924
11
131.5918069999999886
21
-107.675461999999996
0
LINE
8
BLACK
6
CONTINUOUS
10
131.5918069999999886
20
-107.675461999999996
11
131.3980740000000083
21
-107.7061470000000014
0
LINE
8
BLACK
6
CONTINUOUS
10
131.3980740000000083
20
-107.7061470000000014
11
131.2019259999999861
21
-107.7061470000000014
0
LINE
8
BLACK
6
CONTINUOUS
10
131.2019259999999861
20
-107.7061470000000014
11
131.0081930000000057
21
-107.675461999999996
0
LINE
8
BLACK
6
CONTINUOUS
10
131.0081930000000057
20
-107.675461999999996
11
130.821645999999987
21
-107.6148489999999924
0
LINE
8
BLACK
6
CONTINUOUS
10
130.821645999999987
20
-107.6148489999999924
11
130.6468769999999893
21
-107.5257999999999896
0
LINE
8
BLACK
6
CONTINUOUS
10
130.6468769999999893
20
-107.5257999999999896
11
130.488190000000003
21
-107.4105069999999955
0
LINE
8
BLACK
6
CONTINUOUS
10
130.488190000000003
20
-107.4105069999999955
11
130.3494929999999954
21
-107.2718100000000021
0
LINE
8
BLACK
6
CONTINUOUS
10
130.3494929999999954
20
-107.2718100000000021
11
130.2341999999999871
21
-107.1131230000000016
0
LINE
8
BLACK
6
CONTINUOUS
10
130.2341999999999871
20
-107.1131230000000016
11
130.1451509999999985
21
-106.9383539999999897
0
LINE
8
BLACK
6
CONTINUOUS
10
130.1451509999999985
20
-106.9383539999999897
11
130.0845379999999807
21
-106.7518069999999994
0
LINE
8
BLACK
6
CONTINUOUS
10
130.0845379999999807
20
-106.7518069999999994
11
130.0538530000000037
21
-106.5580739999999906
0
LINE
8
BLACK
6
CONTINUOUS
10
130.0538530000000037
20
-106.5580739999999906
11
130.0538530000000037
21
-106.3619259999999969
0
LINE
8
BLACK
6
CONTINUOUS
10
130.0538530000000037
20
-106.3619259999999969
11
130.0845379999999807
21
-106.1681930000000023
0
LINE
8
BLACK
6
CONTINUOUS
10
130.0845379999999807
20
-106.1681930000000023
11
130.1451509999999985
21
-105.9816459999999978
0
LINE
8
BLACK
6
CONTINUOUS
10
130.1451509999999985
20
-105.9816459999999978
11
130.2341999999999871
21
-105.8068770000000001
0
LINE
8
BLACK
6
CONTINUOUS
10
130.2341999999999871
20
-105.8068770000000001
11
130.3494929999999954
21
-105.6481899999999996
0
LINE
8
BLACK
6
CONTINUOUS
10
130.3494929999999954
20
-105.6481899999999996
11
130.488190000000003
21
-105.509492999999992
0
LINE
8
BLACK
6
CONTINUOUS
10
130.488190000000003
20
-105.509492999999992
11
130.6468769999999893
21
-105.3941999999999979
0
LINE
8
BLACK
6
CONTINUOUS
10
130.6468769999999893
20
-105.3941999999999979
11
130.821645999999987
21
-105.3051509999999951
0
LINE
8
BLACK
6
CONTINUOUS
10
130.821645999999987
20
-105.3051509999999951
11
131.0081930000000057
21
-105.2445379999999915
0
LINE
8
BLACK
6
CONTINUOUS
10
131.0081930000000057
20
-105.2445379999999915
11
131.2019259999999861
21
-105.2138530000000003
0
LINE
8
BLACK
6
CONTINUOUS
10
131.2019259999999861
20
-105.2138530000000003
11
131.3980740000000083
21
-105.2138530000000003
0
LINE
8
BLACK
6
CONTINUOUS
10
131.3980740000000083
20
-105.2138530000000003
11
131.5918069999999886
21
-105.2445379999999915
0
LINE
8
BLACK
6
CONTINUOUS
10
136.0918069999999886
20
-105.2445379999999915
11
136.2783540000000073
21
-105.3051509999999951
0
LINE
8
BLACK
6
CONTINUOUS
10
136.2783540000000073
20
-105.3051509999999951
11
136.453123000000005
21
-105.3941999999999979
0
LINE
8
BLACK
6
CONTINUOUS
10
136.453123000000005
20
-105.3941999999999979
11
136.6118099999999913
21
-105.509492999999992
0
LINE
8
BLACK
6
CONTINUOUS
10
136.6118099999999913
20
-105.509492999999992
11
136.7505069999999989
21
-105.6481899999999996
0
LINE
8
BLACK
6
CONTINUOUS
10
136.7505069999999989
20
-105.6481899999999996
11
136.8658000000000072
21
-105.8068770000000001
0
LINE
8
BLACK
6
CONTINUOUS
10
136.8658000000000072
20
-105.8068770000000001
11
136.9548489999999958
21
-105.9816459999999978
0
LINE
8
BLACK
6
CONTINUOUS
10
136.9548489999999958
20
-105.9816459999999978
11
137.0154619999999852
21
-106.1681930000000023
0
LINE
8
BLACK
6
CONTINUOUS
10
137.0154619999999852
20
-106.1681930000000023
11
137.0461469999999906
21
-106.3619259999999969
0
LINE
8
BLACK
6
CONTINUOUS
10
137.0461469999999906
20
-106.3619259999999969
11
137.0461469999999906
21
-106.5580739999999906
0
LINE
8
BLACK
6
CONTINUOUS
10
137.0461469999999906
20
-106.5580739999999906
11
137.0154619999999852
21
-106.7518069999999994
0
LINE
8
BLACK
6
CONTINUOUS
10
137.0154619999999852
20
-106.7518069999999994
11
136.9548489999999958
21
-106.9383539999999897
0
LINE
8
BLACK
6
CONTINUOUS
10
136.9548489999999958
20
-106.9383539999999897
11
136.8658000000000072
21
-107.1131230000000016
0
LINE
8
BLACK
6
CONTINUOUS
10
136.8658000000000072
20
-107.1131230000000016
11
136.7505069999999989
21
-107.2718100000000021
0
LINE
8
BLACK
6
CONTINUOUS
10
136.7505069999999989
20
-107.2718100000000021
11
136.6118099999999913
21
-107.4105069999999955
0
LINE
8
BLACK
6
CONTINUOUS
10
136.6118099999999913
20
-107.4105069999999955
11
136.453123000000005
21
-107.5257999999999896
0
LINE
8
BLACK
6
CONTINUOUS
10
136.453123000000005
20
-107.5257999999999896
11
136.2783540000000073
21
-107.6148489999999924
0
LINE
8
BLACK
6
CONTINUOUS
10
136.2783540000000073
20
-107.6148489999999924
11
136.0918069999999886
21
-107.675461999999996
0
LINE
8
BLACK
6
CONTINUOUS
10
136.0918069999999886
20
-107.675461999999996
11
135.8980739999999798
21
-107.7061470000000014
0
LINE
8
BLACK
6
CONTINUOUS
10
135.8980739999999798
20
-107.7061470000000014
11
135.7019259999999861
21
-107.7061470000000014
0
LINE
8
BLACK
6
CONTINUOUS
10
135.7019259999999861
20
-107.7061470000000014
11
135.5081930000000057
21
-107.675461999999996
0
LINE
8
BLACK
6
CONTINUOUS
10
135.5081930000000057
20
-107.675461999999996
11
135.321645999999987
21
-107.6148489999999924
0
LINE
8
BLACK
6
CONTINUOUS
10
135.321645999999987
20
-107.6148489999999924
11
135.1468769999999893
21
-107.5257999999999896
0
LINE
8
BLACK
6
CONTINUOUS
10
135.1468769999999893
20
-107.5257999999999896
11
134.988190000000003
21
-107.4105069999999955
0
LINE
8
BLACK
6
CONTINUOUS
10
134.988190000000003
20
-107.4105069999999955
11
134.8494929999999954
21
-107.2718100000000021
0
LINE
8
BLACK
6
CONTINUOUS
10
134.8494929999999954
20
-107.2718100000000021
11
134.7341999999999871
21
-107.1131230000000016
0
LINE
8
BLACK
6
CONTINUOUS
10
134.7341999999999871
20
-107.1131230000000016
11
134.6451509999999985
21
-106.9383539999999897
0
LINE
8
BLACK
6
CONTINUOUS
10
134.6451509999999985
20
-106.9383539999999897
11
134.5845379999999807
21
-106.7518069999999994
0
LINE
8
BLACK
6
CONTINUOUS
10
134.5845379999999807
20
-106.7518069999999994
11
134.5538530000000037
21
-106.5580739999999906
0
LINE
8
BLACK
6
CONTINUOUS
10
134.5538530000000037
20
-106.5580739999999906
11
134.5538530000000037
21
-106.3619259999999969
0
LINE
8
BLACK
6
CONTINUOUS
10
134.5538530000000037
20
-106.3619259999999969
11
134.5845379999999807
21
-106.1681930000000023
0
LINE
8
BLACK
6
CONTINUOUS
10
134.5845379999999807
20
-106.1681930000000023
11
134.6451509999999985
21
-105.9816459999999978
0
LINE
8
BLACK
6
CONTINUOUS
10
134.6451509999999985
20
-105.9816459999999978
11
134.7341999999999871
21
-105.8068770000000001
0
LINE
8
BLACK
6
CONTINUOUS
10
134.7341999999999871
20
-105.8068770000000001
11
134.8494929999999954
21
-105.6481899999999996
0
LINE
8
BLACK
6
CONTINUOUS
10
134.8494929999999954
20
-105.6481899999999996
11
134.988190000000003
21
-105.509492999999992
0
LINE
8
BLACK
6
CONTINUOUS
10
134.988190000000003
20
-105.509492999999992
11
135.1468769999999893
21
-105.3941999999999979
0
LINE
8
BLACK
6
CONTINUOUS
10
135.1468769999999893
20
-105.3941999999999979
11
135.321645999999987
21
-105.3051509999999951
0
LINE
8
BLACK
6
CONTINUOUS
10
135.321645999999987
20
-105.3051509999999951
11
135.5081930000000057
21
-105.2445379999999915
0
LINE
8
BLACK
6
CONTINUOUS
10
135.5081930000000057
20
-105.2445379999999915
11
135.7019259999999861
21
-105.2138530000000003
0
LINE
8
BLACK
6
CONTINUOUS
10
135.7019259999999861
20
-105.2138530000000003
11
135.8980739999999798
21
-105.2138530000000003
0
LINE
8
BLACK
6
CONTINUOUS
10
135.8980739999999798
20
-105.2138530000000003
11
136.0918069999999886
21
-105.2445379999999915
0
LINE
8
BLACK
6
CONTINUOUS
10
140.5918069999999886
20
-105.2445379999999915
11
140.7783540000000073
21
-105.3051509999999951
0
LINE
8
BLACK
6
CONTINUOUS
10
140.7783540000000073
20
-105.3051509999999951
11
140.953123000000005
21
-105.3941999999999979
0
LINE
8
BLACK
6
CONTINUOUS
10
140.953123000000005
20
-105.3941999999999979
11
141.1118099999999913
21
-105.509492999999992
0
LINE
8
BLACK
6
CONTINUOUS
10
141.1118099999999913
20
-105.509492999999992
11
141.2505069999999989
21
-105.6481899999999996
0
LINE
8
BLACK
6
CONTINUOUS
10
141.2505069999999989
20
-105.6481899999999996
11
141.3658000000000072
21
-105.8068770000000001
0
LINE
8
BLACK
6
CONTINUOUS
10
141.3658000000000072
20
-105.8068770000000001
11
141.4548489999999958
21
-105.9816459999999978
0
LINE
8
BLACK
6
CONTINUOUS
10
141.4548489999999958
20
-105.9816459999999978
11
141.5154619999999852
21
-106.1681930000000023
0
LINE
8
BLACK
6
CONTINUOUS
10
141.5154619999999852
20
-106.1681930000000023
11
141.5461469999999906
21
-106.3619259999999969
0
LINE
8
BLACK
6
CONTINUOUS
10
141.5461469999999906
20
-106.3619259999999969
11
141.5461469999999906
21
-106.5580739999999906
0
LINE
8
BLACK
6
CONTINUOUS
10
141.5461469999999906
20
-106.5580739999999906
11
141.5154619999999852
21
-106.7518069999999994
0
LINE
8
BLACK
6
CONTINUOUS
10
141.5154619999999852
20
-106.7518069999999994
11
141.4548489999999958
21
-106.9383539999999897
0
LINE
8
BLACK
6
CONTINUOUS
10
141.4548489999999958
20
-106.9383539999999897
11
141.3658000000000072
21
-107.1131230000000016
0
LINE
8
BLACK
6
CONTINUOUS
10
141.3658000000000072
20
-107.1131230000000016
11
141.2505069999999989
21
-107.2718100000000021
0
LINE
8
BLACK
6
CONTINUOUS
10
141.2505069999999989
20
-107.2718100000000021
11
141.1118099999999913
21
-107.4105069999999955
0
LINE
8
BLACK
6
CONTINUOUS
10
141.1118099999999913
20
-107.4105069999999955
11
140.953123000000005
21
-107.5257999999999896
0
LINE
8
BLACK
6
CONTINUOUS
10
140.953123000000005
20
-107.5257999999999896
11
140.7783540000000073
21
-107.6148489999999924
0
LINE
8
BLACK
6
CONTINUOUS
10
140.7783540000000073
20
-107.6148489999999924
11
140.5918069999999886
21
-107.675461999999996
0
LINE
8
BLACK
6
CONTINUOUS
10
140.5918069999999886
20
-107.675461999999996
11
140.3980739999999798
21
-107.7061470000000014
0
LINE
8
BLACK
6
CONTINUOUS
10
140.3980739999999798
20
-107.7061470000000014
11
140.2019259999999861
21
-107.7061470000000014
0
LINE
8
BLACK
6
CONTINUOUS
10
140.2019259999999861
20
-107.7061470000000014
11
140.0081930000000057
21
-107.675461999999996
0
LINE
8
BLACK
6
CONTINUOUS
10
140.0081930000000057
20
-107.675461999999996
11
139.821645999999987
21
-107.6148489999999924
0
LINE
8
BLACK
6
CONTINUOUS
10
139.821645999999987
20
-107.6148489999999924
11
139.6468769999999893
21
-107.5257999999999896
0
LINE
8
BLACK
6
CONTINUOUS
10
139.6468769999999893
20
-107.5257999999999896
11
139.488190000000003
21
-107.4105069999999955
0
LINE
8
BLACK
6
CONTINUOUS
10
139.488190000000003
20
-107.4105069999999955
11
139.3494929999999954
21
-107.2718100000000021
0
LINE
8
BLACK
6
CONTINUOUS
10
139.3494929999999954
20
-107.2718100000000021
11
139.2341999999999871
21
-107.1131230000000016
0
LINE
8
BLACK
6
CONTINUOUS
10
139.2341999999999871
20
-107.1131230000000016
11
139.1451509999999985
21
-106.9383539999999897
0
LINE
8
BLACK
6
CONTINUOUS
10
139.1451509999999985
20
-106.9383539999999897
11
139.0845379999999807
21
-106.7518069999999994
0
LINE
8
BLACK
6
CONTINUOUS
10
139.0845379999999807
20
-106.7518069999999994
11
139.0538530000000037
21
-106.5580739999999906
0
LINE
8
BLACK
6
CONTINUOUS
10
139.0538530000000037
20
-106.5580739999999906
11
139.0538530000000037
21
-106.3619259999999969
0
LINE
8
BLACK
6
CONTINUOUS
10
139.0538530000000037
20
-106.3619259999999969
11
139.0845379999999807
21
-106.1681930000000023
0
LINE
8
BLACK
6
CONTINUOUS
10
139.0845379999999807
20
-106.1681930000000023
11
139.1451509999999985
21
-105.9816459999999978
0
LINE
8
BLACK
6
CONTINUOUS
10
139.1451509999999985
20
-105.9816459999999978
11
139.2341999999999871
21
-105.8068770000000001
0
LINE
8
BLACK
6
CONTINUOUS
10
139.2341999999999871
20
-105.8068770000000001
11
139.3494929999999954
21
-105.6481899999999996
0
LINE
8
BLACK
6
CONTINUOUS
10
139.3494929999999954
20
-105.6481899999999996
11
139.488190000000003
21
-105.509492999999992
0
LINE
8
BLACK
6
CONTINUOUS
10
139.488190000000003
20
-105.509492999999992
11
139.6468769999999893
21
-105.3941999999999979
0
LINE
8
BLACK
6
CONTINUOUS
10
139.6468769999999893
20
-105.3941999999999979
11
139.821645999999987
21
-105.3051509999999951
0
LINE
8
BLACK
6
CONTINUOUS
10
139.821645999999987
20
-105.3051509999999951
11
140.0081930000000057
21
-105.2445379999999915
0
LINE
8
BLACK
6
CONTINUOUS
10
140.0081930000000057
20
-105.2445379999999915
11
140.2019259999999861
21
-105.2138530000000003
0
LINE
8
BLACK
6
CONTINUOUS
10
140.2019259999999861
20
-105.2138530000000003
11
140.3980739999999798
21
-105.2138530000000003
0
LINE
8
BLACK
6
CONTINUOUS
10
140.3980739999999798
20
-105.2138530000000003
11
140.5918069999999886
21
-105.2445379999999915
0
LINE
8
BLACK
6
CONTINUOUS
10
144.8418069999999886
20
-105.2445379999999915
11
145.0283540000000073
21
-105.3051509999999951
0
LINE
8
BLACK
6
CONTINUOUS
10
145.0283540000000073
20
-105.3051509999999951
11
145.203123000000005
21
-105.3941999999999979
0
LINE
8
BLACK
6
CONTINUOUS
10
145.203123000000005
20
-105.3941999999999979
11
145.3618099999999913
21
-105.509492999999992
0
LINE
8
BLACK
6
CONTINUOUS
10
145.3618099999999913
20
-105.509492999999992
11
145.5005069999999989
21
-105.6481899999999996
0
LINE
8
BLACK
6
CONTINUOUS
10
145.5005069999999989
20
-105.6481899999999996
11
145.6158000000000072
21
-105.8068770000000001
0
LINE
8
BLACK
6
CONTINUOUS
10
145.6158000000000072
20
-105.8068770000000001
11
145.7048489999999958
21
-105.9816459999999978
0
LINE
8
BLACK
6
CONTINUOUS
10
145.7048489999999958
20
-105.9816459999999978
11
145.7654619999999852
21
-106.1681930000000023
0
LINE
8
BLACK
6
CONTINUOUS
10
145.7654619999999852
20
-106.1681930000000023
11
145.7961469999999906
21
-106.3619259999999969
0
LINE
8
BLACK
6
CONTINUOUS
10
145.7961469999999906
20
-106.3619259999999969
11
145.7961469999999906
21
-106.5580739999999906
0
LINE
8
BLACK
6
CONTINUOUS
10
145.7961469999999906
20
-106.5580739999999906
11
145.7654619999999852
21
-106.7518069999999994
0
LINE
8
BLACK
6
CONTINUOUS
10
145.7654619999999852
20
-106.7518069999999994
11
145.7048489999999958
21
-106.9383539999999897
0
LINE
8
BLACK
6
CONTINUOUS
10
145.7048489999999958
20
-106.9383539999999897
11
145.6158000000000072
21
-107.1131230000000016
0
LINE
8
BLACK
6
CONTINUOUS
10
145.6158000000000072
20
-107.1131230000000016
11
145.5005069999999989
21
-107.2718100000000021
0
LINE
8
BLACK
6
CONTINUOUS
10
145.5005069999999989
20
-107.2718100000000021
11
145.3618099999999913
21
-107.4105069999999955
0
LINE
8
BLACK
6
CONTINUOUS
10
145.3618099999999913
20
-107.4105069999999955
11
145.203123000000005
21
-107.5257999999999896
0
LINE
8
BLACK
6
CONTINUOUS
10
145.203123000000005
20
-107.5257999999999896
11
145.0283540000000073
21
-107.6148489999999924
0
LINE
8
BLACK
6
CONTINUOUS
10
145.0283540000000073
20
-107.6148489999999924
11
144.8418069999999886
21
-107.675461999999996
0
LINE
8
BLACK
6
CONTINUOUS
10
144.8418069999999886
20
-107.675461999999996
11
144.6480739999999798
21
-107.7061470000000014
0
LINE
8
BLACK
6
CONTINUOUS
10
144.6480739999999798
20
-107.7061470000000014
11
144.4519259999999861
21
-107.7061470000000014
0
LINE
8
BLACK
6
CONTINUOUS
10
144.4519259999999861
20
-107.7061470000000014
11
144.2581930000000057
21
-107.675461999999996
0
LINE
8
BLACK
6
CONTINUOUS
10
144.2581930000000057
20
-107.675461999999996
11
144.071645999999987
21
-107.6148489999999924
0
LINE
8
BLACK
6
CONTINUOUS
10
144.071645999999987
20
-107.6148489999999924
11
143.8968769999999893
21
-107.5257999999999896
0
LINE
8
BLACK
6
CONTINUOUS
10
143.8968769999999893
20
-107.5257999999999896
11
143.738190000000003
21
-107.4105069999999955
0
LINE
8
BLACK
6
CONTINUOUS
10
143.738190000000003
20
-107.4105069999999955
11
143.5994929999999954
21
-107.2718100000000021
0
LINE
8
BLACK
6
CONTINUOUS
10
143.5994929999999954
20
-107.2718100000000021
11
143.4841999999999871
21
-107.1131230000000016
0
LINE
8
BLACK
6
CONTINUOUS
10
143.4841999999999871
20
-107.1131230000000016
11
143.3951509999999985
21
-106.9383539999999897
0
LINE
8
BLACK
6
CONTINUOUS
10
143.3951509999999985
20
-106.9383539999999897
11
143.3345379999999807
21
-106.7518069999999994
0
LINE
8
BLACK
6
CONTINUOUS
10
143.3345379999999807
20
-106.7518069999999994
11
143.3038530000000037
21
-106.5580739999999906
0
LINE
8
BLACK
6
CONTINUOUS
10
143.3038530000000037
20
-106.5580739999999906
11
143.3038530000000037
21
-106.3619259999999969
0
LINE
8
BLACK
6
CONTINUOUS
10
143.3038530000000037
20
-106.3619259999999969
11
143.3345379999999807
21
-106.1681930000000023
0
LINE
8
BLACK
6
CONTINUOUS
10
143.3345379999999807
20
-106.1681930000000023
11
143.3951509999999985
21
-105.9816459999999978
0
LINE
8
BLACK
6
CONTINUOUS
10
143.3951509999999985
20
-105.9816459999999978
11
143.4841999999999871
21
-105.8068770000000001
0
LINE
8
BLACK
6
CONTINUOUS
10
143.4841999999999871
20
-105.8068770000000001
11
143.5994929999999954
21
-105.6481899999999996
0
LINE
8
BLACK
6
CONTINUOUS
10
143.5994929999999954
20
-105.6481899999999996
11
143.738190000000003
21
-105.509492999999992
0
LINE
8
BLACK
6
CONTINUOUS
10
143.738190000000003
20
-105.509492999999992
11
143.8968769999999893
21
-105.3941999999999979
0
LINE
8
BLACK
6
CONTINUOUS
10
143.8968769999999893
20
-105.3941999999999979
11
144.071645999999987
21
-105.3051509999999951
0
LINE
8
BLACK
6
CONTINUOUS
10
144.071645999999987
20
-105.3051509999999951
11
144.2581930000000057
21
-105.2445379999999915
0
LINE
8
BLACK
6
CONTINUOUS
10
144.2581930000000057
20
-105.2445379999999915
11
144.4519259999999861
21
-105.2138530000000003
0
LINE
8
BLACK
6
CONTINUOUS
10
144.4519259999999861
20
-105.2138530000000003
11
144.6480739999999798
21
-105.2138530000000003
0
LINE
8
BLACK
6
CONTINUOUS
10
144.6480739999999798
20
-105.2138530000000003
11
144.8418069999999886
21
-105.2445379999999915
0
LINE
8
BLACK
6
CONTINUOUS
10
124.1057149999999893
20
-105.2073779999999914
11
124.020826999999997
21
-105.2073779999999914
0
LINE
8
BLACK
6
CONTINUOUS
10
124.020826999999997
20
-105.2073779999999914
11
123.8812769999999972
21
-105.1376039999999961
0
LINE
8
BLACK
6
CONTINUOUS
10
123.8812769999999972
20
-105.1376039999999961
11
123.8115039999999993
21
-104.9980569999999886
0
LINE
8
BLACK
6
CONTINUOUS
10
123.8115039999999993
20
-104.9980569999999886
11
123.8115039999999993
21
-104.6643179999999944
0
LINE
8
BLACK
6
CONTINUOUS
10
123.8115039999999993
20
-104.6643179999999944
11
123.8812769999999972
21
-104.5247699999999895
0
LINE
8
BLACK
6
CONTINUOUS
10
123.8812769999999972
20
-104.5247699999999895
11
124.020826999999997
21
-104.4549969999999917
0
LINE
8
BLACK
6
CONTINUOUS
10
124.020826999999997
20
-104.4549969999999917
11
124.2561910000000012
21
-104.4549969999999917
0
LINE
8
BLACK
6
CONTINUOUS
10
124.2561910000000012
20
-104.4549969999999917
11
124.1057149999999893
21
-105.2073779999999914
0
LINE
8
BLACK
6
CONTINUOUS
10
131.5918069999999886
20
-95.0845379999999949
11
131.7783540000000073
21
-95.1451509999999985
0
LINE
8
BLACK
6
CONTINUOUS
10
131.7783540000000073
20
-95.1451509999999985
11
131.953123000000005
21
-95.2342000000000013
0
LINE
8
BLACK
6
CONTINUOUS
10
131.953123000000005
20
-95.2342000000000013
11
132.1118099999999913
21
-95.3494929999999954
0
LINE
8
BLACK
6
CONTINUOUS
10
132.1118099999999913
20
-95.3494929999999954
11
132.2505069999999989
21
-95.4881899999999888
0
LINE
8
BLACK
6
CONTINUOUS
10
132.2505069999999989
20
-95.4881899999999888
11
132.3658000000000072
21
-95.6468769999999893
0
LINE
8
BLACK
6
CONTINUOUS
10
132.3658000000000072
20
-95.6468769999999893
11
132.4548489999999958
21
-95.8216460000000012
0
LINE
8
BLACK
6
CONTINUOUS
10
132.4548489999999958
20
-95.8216460000000012
11
132.5154619999999852
21
-96.0081929999999915
0
LINE
8
BLACK
6
CONTINUOUS
10
132.5154619999999852
20
-96.0081929999999915
11
132.5461469999999906
21
-96.2019260000000003
0
LINE
8
BLACK
6
CONTINUOUS
10
132.5461469999999906
20
-96.2019260000000003
11
132.5461469999999906
21
-96.398073999999994
0
LINE
8
BLACK
6
CONTINUOUS
10
132.5461469999999906
20
-96.398073999999994
11
132.5154619999999852
21
-96.5918069999999886
0
LINE
8
BLACK
6
CONTINUOUS
10
132.5154619999999852
20
-96.5918069999999886
11
132.4548489999999958
21
-96.7783539999999931
0
LINE
8
BLACK
6
CONTINUOUS
10
132.4548489999999958
20
-96.7783539999999931
11
132.3658000000000072
21
-96.9531229999999908
0
LINE
8
BLACK
6
CONTINUOUS
10
132.3658000000000072
20
-96.9531229999999908
11
132.2505069999999989
21
-97.1118099999999913
0
LINE
8
BLACK
6
CONTINUOUS
10
132.2505069999999989
20
-97.1118099999999913
11
132.1118099999999913
21
-97.2505069999999989
0
LINE
8
BLACK
6
CONTINUOUS
10
132.1118099999999913
20
-97.2505069999999989
11
131.953123000000005
21
-97.365799999999993
0
LINE
8
BLACK
6
CONTINUOUS
10
131.953123000000005
20
-97.365799999999993
11
131.7783540000000073
21
-97.4548489999999958
0
LINE
8
BLACK
6
CONTINUOUS
10
131.7783540000000073
20
-97.4548489999999958
11
131.5918069999999886
21
-97.5154619999999994
0
LINE
8
BLACK
6
CONTINUOUS
10
131.5918069999999886
20
-97.5154619999999994
11
131.3980740000000083
21
-97.5461469999999906
0
LINE
8
BLACK
6
CONTINUOUS
10
131.3980740000000083
20
-97.5461469999999906
11
131.2019259999999861
21
-97.5461469999999906
0
LINE
8
BLACK
6
CONTINUOUS
10
131.2019259999999861
20
-97.5461469999999906
11
131.0081930000000057
21
-97.5154619999999994
0
LINE
8
BLACK
6
CONTINUOUS
10
131.0081930000000057
20
-97.5154619999999994
11
130.821645999999987
21
-97.4548489999999958
0
LINE
8
BLACK
6
CONTINUOUS
10
130.821645999999987
20
-97.4548489999999958
11
130.6468769999999893
21
-97.365799999999993
0
LINE
8
BLACK
6
CONTINUOUS
10
130.6468769999999893
20
-97.365799999999993
11
130.488190000000003
21
-97.2505069999999989
0
LINE
8
BLACK
6
CONTINUOUS
10
130.488190000000003
20
-97.2505069999999989
11
130.3494929999999954
21
-97.1118099999999913
0
LINE
8
BLACK
6
CONTINUOUS
10
130.3494929999999954
20
-97.1118099999999913
11
130.2341999999999871
21
-96.9531229999999908
0
LINE
8
BLACK
6
CONTINUOUS
10
130.2341999999999871
20
-96.9531229999999908
11
130.1451509999999985
21
-96.7783539999999931
0
LINE
8
BLACK
6
CONTINUOUS
10
130.1451509999999985
20
-96.7783539999999931
11
130.0845379999999807
21
-96.5918069999999886
0
LINE
8
BLACK
6
CONTINUOUS
10
130.0845379999999807
20
-96.5918069999999886
11
130.0538530000000037
21
-96.398073999999994
0
LINE
8
BLACK
6
CONTINUOUS
10
130.0538530000000037
20
-96.398073999999994
11
130.0538530000000037
21
-96.2019260000000003
0
LINE
8
BLACK
6
CONTINUOUS
10
130.0538530000000037
20
-96.2019260000000003
11
130.0845379999999807
21
-96.0081929999999915
0
LINE
8
BLACK
6
CONTINUOUS
10
130.0845379999999807
20
-96.0081929999999915
11
130.1451509999999985
21
-95.8216460000000012
0
LINE
8
BLACK
6
CONTINUOUS
10
130.1451509999999985
20
-95.8216460000000012
11
130.2341999999999871
21
-95.6468769999999893
0
LINE
8
BLACK
6
CONTINUOUS
10
130.2341999999999871
20
-95.6468769999999893
11
130.3494929999999954
21
-95.4881899999999888
0
LINE
8
BLACK
6
CONTINUOUS
10
130.3494929999999954
20
-95.4881899999999888
11
130.488190000000003
21
-95.3494929999999954
0
LINE
8
BLACK
6
CONTINUOUS
10
130.488190000000003
20
-95.3494929999999954
11
130.6468769999999893
21
-95.2342000000000013
0
LINE
8
BLACK
6
CONTINUOUS
10
130.6468769999999893
20
-95.2342000000000013
11
130.821645999999987
21
-95.1451509999999985
0
LINE
8
BLACK
6
CONTINUOUS
10
130.821645999999987
20
-95.1451509999999985
11
131.0081930000000057
21
-95.0845379999999949
0
LINE
8
BLACK
6
CONTINUOUS
10
131.0081930000000057
20
-95.0845379999999949
11
131.2019259999999861
21
-95.0538529999999895
0
LINE
8
BLACK
6
CONTINUOUS
10
131.2019259999999861
20
-95.0538529999999895
11
131.3980740000000083
21
-95.0538529999999895
0
LINE
8
BLACK
6
CONTINUOUS
10
131.3980740000000083
20
-95.0538529999999895
11
131.5918069999999886
21
-95.0845379999999949
0
LINE
8
BLACK
6
CONTINUOUS
10
136.0918069999999886
20
-95.0845379999999949
11
136.2783540000000073
21
-95.1451509999999985
0
LINE
8
BLACK
6
CONTINUOUS
10
136.2783540000000073
20
-95.1451509999999985
11
136.453123000000005
21
-95.2342000000000013
0
LINE
8
BLACK
6
CONTINUOUS
10
136.453123000000005
20
-95.2342000000000013
11
136.6118099999999913
21
-95.3494929999999954
0
LINE
8
BLACK
6
CONTINUOUS
10
136.6118099999999913
20
-95.3494929999999954
11
136.7505069999999989
21
-95.4881899999999888
0
LINE
8
BLACK
6
CONTINUOUS
10
136.7505069999999989
20
-95.4881899999999888
11
136.8658000000000072
21
-95.6468769999999893
0
LINE
8
BLACK
6
CONTINUOUS
10
136.8658000000000072
20
-95.6468769999999893
11
136.9548489999999958
21
-95.8216460000000012
0
LINE
8
BLACK
6
CONTINUOUS
10
136.9548489999999958
20
-95.8216460000000012
11
137.0154619999999852
21
-96.0081929999999915
0
LINE
8
BLACK
6
CONTINUOUS
10
137.0154619999999852
20
-96.0081929999999915
11
137.0461469999999906
21
-96.2019260000000003
0
LINE
8
BLACK
6
CONTINUOUS
10
137.0461469999999906
20
-96.2019260000000003
11
137.0461469999999906
21
-96.398073999999994
0
LINE
8
BLACK
6
CONTINUOUS
10
137.0461469999999906
20
-96.398073999999994
11
137.0154619999999852
21
-96.5918069999999886
0
LINE
8
BLACK
6
CONTINUOUS
10
137.0154619999999852
20
-96.5918069999999886
11
136.9548489999999958
21
-96.7783539999999931
0
LINE
8
BLACK
6
CONTINUOUS
10
136.9548489999999958
20
-96.7783539999999931
11
136.8658000000000072
21
-96.9531229999999908
0
LINE
8
BLACK
6
CONTINUOUS
10
136.8658000000000072
20
-96.9531229999999908
11
136.7505069999999989
21
-97.1118099999999913
0
LINE
8
BLACK
6
CONTINUOUS
10
136.7505069999999989
20
-97.1118099999999913
11
136.6118099999999913
21
-97.2505069999999989
0
LINE
8
BLACK
6
CONTINUOUS
10
136.6118099999999913
20
-97.2505069999999989
11
136.453123000000005
21
-97.365799999999993
0
LINE
8
BLACK
6
CONTINUOUS
10
136.453123000000005
20
-97.365799999999993
11
136.2783540000000073
21
-97.4548489999999958
0
LINE
8
BLACK
6
CONTINUOUS
10
136.2783540000000073
20
-97.4548489999999958
11
136.0918069999999886
21
-97.5154619999999994
0
LINE
8
BLACK
6
CONTINUOUS
10
136.0918069999999886
20
-97.5154619999999994
11
135.8980739999999798
21
-97.5461469999999906
0
LINE
8
BLACK
6
CONTINUOUS
10
135.8980739999999798
20
-97.5461469999999906
11
135.7019259999999861
21
-97.5461469999999906
0
LINE
8
BLACK
6
CONTINUOUS
10
135.7019259999999861
20
-97.5461469999999906
11
135.5081930000000057
21
-97.5154619999999994
0
LINE
8
BLACK
6
CONTINUOUS
10
135.5081930000000057
20
-97.5154619999999994
11
135.321645999999987
21
-97.4548489999999958
0
LINE
8
BLACK
6
CONTINUOUS
10
135.321645999999987
20
-97.4548489999999958
11
135.1468769999999893
21
-97.365799999999993
0
LINE
8
BLACK
6
CONTINUOUS
10
135.1468769999999893
20
-97.365799999999993
11
134.988190000000003
21
-97.2505069999999989
0
LINE
8
BLACK
6
CONTINUOUS
10
134.988190000000003
20
-97.2505069999999989
11
134.8494929999999954
21
-97.1118099999999913
0
LINE
8
BLACK
6
CONTINUOUS
10
134.8494929999999954
20
-97.1118099999999913
11
134.7341999999999871
21
-96.9531229999999908
0
LINE
8
BLACK
6
CONTINUOUS
10
134.7341999999999871
20
-96.9531229999999908
11
134.6451509999999985
21
-96.7783539999999931
0
LINE
8
BLACK
6
CONTINUOUS
10
134.6451509999999985
20
-96.7783539999999931
11
134.5845379999999807
21
-96.5918069999999886
0
LINE
8
BLACK
6
CONTINUOUS
10
134.5845379999999807
20
-96.5918069999999886
11
134.5538530000000037
21
-96.398073999999994
0
LINE
8
BLACK
6
CONTINUOUS
10
134.5538530000000037
20
-96.398073999999994
11
134.5538530000000037
21
-96.2019260000000003
0
LINE
8
BLACK
6
CONTINUOUS
10
134.5538530000000037
20
-96.2019260000000003
11
134.5845379999999807
21
-96.0081929999999915
0
LINE
8
BLACK
6
CONTINUOUS
10
134.5845379999999807
20
-96.0081929999999915
11
134.6451509999999985
21
-95.8216460000000012
0
LINE
8
BLACK
6
CONTINUOUS
10
134.6451509999999985
20
-95.8216460000000012
11
134.7341999999999871
21
-95.6468769999999893
0
LINE
8
BLACK
6
CONTINUOUS
10
134.7341999999999871
20
-95.6468769999999893
11
134.8494929999999954
21
-95.4881899999999888
0
LINE
8
BLACK
6
CONTINUOUS
10
134.8494929999999954
20
-95.4881899999999888
11
134.988190000000003
21
-95.3494929999999954
0
LINE
8
BLACK
6
CONTINUOUS
10
134.988190000000003
20
-95.3494929999999954
11
135.1468769999999893
21
-95.2342000000000013
0
LINE
8
BLACK
6
CONTINUOUS
10
135.1468769999999893
20
-95.2342000000000013
11
135.321645999999987
21
-95.1451509999999985
0
LINE
8
BLACK
6
CONTINUOUS
10
135.321645999999987
20
-95.1451509999999985
11
135.5081930000000057
21
-95.0845379999999949
0
LINE
8
BLACK
6
CONTINUOUS
10
135.5081930000000057
20
-95.0845379999999949
11
135.7019259999999861
21
-95.0538529999999895
0
LINE
8
BLACK
6
CONTINUOUS
10
135.7019259999999861
20
-95.0538529999999895
11
135.8980739999999798
21
-95.0538529999999895
0
LINE
8
BLACK
6
CONTINUOUS
10
135.8980739999999798
20
-95.0538529999999895
11
136.0918069999999886
21
-95.0845379999999949
0
LINE
8
BLACK
6
CONTINUOUS
10
140.5918069999999886
20
-95.0845379999999949
11
140.7783540000000073
21
-95.1451509999999985
0
LINE
8
BLACK
6
CONTINUOUS
10
140.7783540000000073
20
-95.1451509999999985
11
140.953123000000005
21
-95.2342000000000013
0
LINE
8
BLACK
6
CONTINUOUS
10
140.953123000000005
20
-95.2342000000000013
11
141.1118099999999913
21
-95.3494929999999954
0
LINE
8
BLACK
6
CONTINUOUS
10
141.1118099999999913
20
-95.3494929999999954
11
141.2505069999999989
21
-95.4881899999999888
0
LINE
8
BLACK
6
CONTINUOUS
10
141.2505069999999989
20
-95.4881899999999888
11
141.3658000000000072
21
-95.6468769999999893
0
LINE
8
BLACK
6
CONTINUOUS
10
141.3658000000000072
20
-95.6468769999999893
11
141.4548489999999958
21
-95.8216460000000012
0
LINE
8
BLACK
6
CONTINUOUS
10
141.4548489999999958
20
-95.8216460000000012
11
141.5154619999999852
21
-96.0081929999999915
0
LINE
8
BLACK
6
CONTINUOUS
10
141.5154619999999852
20
-96.0081929999999915
11
141.5461469999999906
21
-96.2019260000000003
0
LINE
8
BLACK
6
CONTINUOUS
10
141.5461469999999906
20
-96.2019260000000003
11
141.5461469999999906
21
-96.398073999999994
0
LINE
8
BLACK
6
CONTINUOUS
10
141.5461469999999906
20
-96.398073999999994
11
141.5154619999999852
21
-96.5918069999999886
0
LINE
8
BLACK
6
CONTINUOUS
10
141.5154619999999852
20
-96.5918069999999886
11
141.4548489999999958
21
-96.7783539999999931
0
LINE
8
BLACK
6
CONTINUOUS
10
141.4548489999999958
20
-96.7783539999999931
11
141.3658000000000072
21
-96.9531229999999908
0
LINE
8
BLACK
6
CONTINUOUS
10
141.3658000000000072
20
-96.9531229999999908
11
141.2505069999999989
21
-97.1118099999999913
0
LINE
8
BLACK
6
CONTINUOUS
10
141.2505069999999989
20
-97.1118099999999913
11
141.1118099999999913
21
-97.2505069999999989
0
LINE
8
BLACK
6
CONTINUOUS
10
141.1118099999999913
20
-97.2505069999999989
11
140.953123000000005
21
-97.365799999999993
0
LINE
8
BLACK
6
CONTINUOUS
10
140.953123000000005
20
-97.365799999999993
11
140.7783540000000073
21
-97.4548489999999958
0
LINE
8
BLACK
6
CONTINUOUS
10
140.7783540000000073
20
-97.4548489999999958
11
140.5918069999999886
21
-97.5154619999999994
0
LINE
8
BLACK
6
CONTINUOUS
10
140.5918069999999886
20
-97.5154619999999994
11
140.3980739999999798
21
-97.5461469999999906
0
LINE
8
BLACK
6
CONTINUOUS
10
140.3980739999999798
20
-97.5461469999999906
11
140.2019259999999861
21
-97.5461469999999906
0
LINE
8
BLACK
6
CONTINUOUS
10
140.2019259999999861
20
-97.5461469999999906
11
140.0081930000000057
21
-97.5154619999999994
0
LINE
8
BLACK
6
CONTINUOUS
10
140.0081930000000057
20
-97.5154619999999994
11
139.821645999999987
21
-97.4548489999999958
0
LINE
8
BLACK
6
CONTINUOUS
10
139.821645999999987
20
-97.4548489999999958
11
139.6468769999999893
21
-97.365799999999993
0
LINE
8
BLACK
6
CONTINUOUS
10
139.6468769999999893
20
-97.365799999999993
11
139.488190000000003
21
-97.2505069999999989
0
LINE
8
BLACK
6
CONTINUOUS
10
139.488190000000003
20
-97.2505069999999989
11
139.3494929999999954
21
-97.1118099999999913
0
LINE
8
BLACK
6
CONTINUOUS
10
139.3494929999999954
20
-97.1118099999999913
11
139.2341999999999871
21
-96.9531229999999908
0
LINE
8
BLACK
6
CONTINUOUS
10
139.2341999999999871
20
-96.9531229999999908
11
139.1451509999999985
21
-96.7783539999999931
0
LINE
8
BLACK
6
CONTINUOUS
10
139.1451509999999985
20
-96.7783539999999931
11
139.0845379999999807
21
-96.5918069999999886
0
LINE
8
BLACK
6
CONTINUOUS
10
139.0845379999999807
20
-96.5918069999999886
11
139.0538530000000037
21
-96.398073999999994
0
LINE
8
BLACK
6
CONTINUOUS
10
139.0538530000000037
20
-96.398073999999994
11
139.0538530000000037
21
-96.2019260000000003
0
LINE
8
BLACK
6
CONTINUOUS
10
139.0538530000000037
20
-96.2019260000000003
11
139.0845379999999807
21
-96.0081929999999915
0
LINE
8
BLACK
6
CONTINUOUS
10
139.0845379999999807
20
-96.0081929999999915
11
139.1451509999999985
21
-95.8216460000000012
0
LINE
8
BLACK
6
CONTINUOUS
10
139.1451509999999985
20
-95.8216460000000012
11
139.2341999999999871
21
-95.6468769999999893
0
LINE
8
BLACK
6
CONTINUOUS
10
139.2341999999999871
20
-95.6468769999999893
11
139.3494929999999954
21
-95.4881899999999888
0
LINE
8
BLACK
6
CONTINUOUS
10
139.3494929999999954
20
-95.4881899999999888
11
139.488190000000003
21
-95.3494929999999954
0
LINE
8
BLACK
6
CONTINUOUS
10
139.488190000000003
20
-95.3494929999999954
11
139.6468769999999893
21
-95.2342000000000013
0
LINE
8
BLACK
6
CONTINUOUS
10
139.6468769999999893
20
-95.2342000000000013
11
139.821645999999987
21
-95.1451509999999985
0
LINE
8
BLACK
6
CONTINUOUS
10
139.821645999999987
20
-95.1451509999999985
11
140.0081930000000057
21
-95.0845379999999949
0
LINE
8
BLACK
6
CONTINUOUS
10
140.0081930000000057
20
-95.0845379999999949
11
140.2019259999999861
21
-95.0538529999999895
0
LINE
8
BLACK
6
CONTINUOUS
10
140.2019259999999861
20
-95.0538529999999895
11
140.3980739999999798
21
-95.0538529999999895
0
LINE
8
BLACK
6
CONTINUOUS
10
140.3980739999999798
20
-95.0538529999999895
11
140.5918069999999886
21
-95.0845379999999949
0
LINE
8
BLACK
6
CONTINUOUS
10
144.8418069999999886
20
-95.0845379999999949
11
145.0283540000000073
21
-95.1451509999999985
0
LINE
8
BLACK
6
CONTINUOUS
10
145.0283540000000073
20
-95.1451509999999985
11
145.203123000000005
21
-95.2342000000000013
0
LINE
8
BLACK
6
CONTINUOUS
10
145.203123000000005
20
-95.2342000000000013
11
145.3618099999999913
21
-95.3494929999999954
0
LINE
8
BLACK
6
CONTINUOUS
10
145.3618099999999913
20
-95.3494929999999954
11
145.5005069999999989
21
-95.4881899999999888
0
LINE
8
BLACK
6
CONTINUOUS
10
145.5005069999999989
20
-95.4881899999999888
11
145.6158000000000072
21
-95.6468769999999893
0
LINE
8
BLACK
6
CONTINUOUS
10
145.6158000000000072
20
-95.6468769999999893
11
145.7048489999999958
21
-95.8216460000000012
0
LINE
8
BLACK
6
CONTINUOUS
10
145.7048489999999958
20
-95.8216460000000012
11
145.7654619999999852
21
-96.0081929999999915
0
LINE
8
BLACK
6
CONTINUOUS
10
145.7654619999999852
20
-96.0081929999999915
11
145.7961469999999906
21
-96.2019260000000003
0
LINE
8
BLACK
6
CONTINUOUS
10
145.7961469999999906
20
-96.2019260000000003
11
145.7961469999999906
21
-96.398073999999994
0
LINE
8
BLACK
6
CONTINUOUS
10
145.7961469999999906
20
-96.398073999999994
11
145.7654619999999852
21
-96.5918069999999886
0
LINE
8
BLACK
6
CONTINUOUS
10
145.7654619999999852
20
-96.5918069999999886
11
145.7048489999999958
21
-96.7783539999999931
0
LINE
8
BLACK
6
CONTINUOUS
10
145.7048489999999958
20
-96.7783539999999931
11
145.6158000000000072
21
-96.9531229999999908
0
LINE
8
BLACK
6
CONTINUOUS
10
145.6158000000000072
20
-96.9531229999999908
11
145.5005069999999989
21
-97.1118099999999913
0
LINE
8
BLACK
6
CONTINUOUS
10
145.5005069999999989
20
-97.1118099999999913
11
145.3618099999999913
21
-97.2505069999999989
0
LINE
8
BLACK
6
CONTINUOUS
10
145.3618099999999913
20
-97.2505069999999989
11
145.203123000000005
21
-97.365799999999993
0
LINE
8
BLACK
6
CONTINUOUS
10
145.203123000000005
20
-97.365799999999993
11
145.0283540000000073
21
-97.4548489999999958
0
LINE
8
BLACK
6
CONTINUOUS
10
145.0283540000000073
20
-97.4548489999999958
11
144.8418069999999886
21
-97.5154619999999994
0
LINE
8
BLACK
6
CONTINUOUS
10
144.8418069999999886
20
-97.5154619999999994
11
144.6480739999999798
21
-97.5461469999999906
0
LINE
8
BLACK
6
CONTINUOUS
10
144.6480739999999798
20
-97.5461469999999906
11
144.4519259999999861
21
-97.5461469999999906
0
LINE
8
BLACK
6
CONTINUOUS
10
144.4519259999999861
20
-97.5461469999999906
11
144.2581930000000057
21
-97.5154619999999994
0
LINE
8
BLACK
6
CONTINUOUS
10
144.2581930000000057
20
-97.5154619999999994
11
144.071645999999987
21
-97.4548489999999958
0
LINE
8
BLACK
6
CONTINUOUS
10
144.071645999999987
20
-97.4548489999999958
11
143.8968769999999893
21
-97.365799999999993
0
LINE
8
BLACK
6
CONTINUOUS
10
143.8968769999999893
20
-97.365799999999993
11
143.738190000000003
21
-97.2505069999999989
0
LINE
8
BLACK
6
CONTINUOUS
10
143.738190000000003
20
-97.2505069999999989
11
143.5994929999999954
21
-97.1118099999999913
0
LINE
8
BLACK
6
CONTINUOUS
10
143.5994929999999954
20
-97.1118099999999913
11
143.4841999999999871
21
-96.9531229999999908
0
LINE
8
BLACK
6
CONTINUOUS
10
143.4841999999999871
20
-96.9531229999999908
11
143.3951509999999985
21
-96.7783539999999931
0
LINE
8
BLACK
6
CONTINUOUS
10
143.3951509999999985
20
-96.7783539999999931
11
143.3345379999999807
21
-96.5918069999999886
0
LINE
8
BLACK
6
CONTINUOUS
10
143.3345379999999807
20
-96.5918069999999886
11
143.3038530000000037
21
-96.398073999999994
0
LINE
8
BLACK
6
CONTINUOUS
10
143.3038530000000037
20
-96.398073999999994
11
143.3038530000000037
21
-96.2019260000000003
0
LINE
8
BLACK
6
CONTINUOUS
10
143.3038530000000037
20
-96.2019260000000003
11
143.3345379999999807
21
-96.0081929999999915
0
LINE
8
BLACK
6
CONTINUOUS
10
143.3345379999999807
20
-96.0081929999999915
11
143.3951509999999985
21
-95.8216460000000012
0
LINE
8
BLACK
6
CONTINUOUS
10
143.3951509999999985
20
-95.8216460000000012
11
143.4841999999999871
21
-95.6468769999999893
0
LINE
8
BLACK
6
CONTINUOUS
10
143.4841999999999871
20
-95.6468769999999893
11
143.5994929999999954
21
-95.4881899999999888
0
LINE
8
BLACK
6
CONTINUOUS
10
143.5994929999999954
20
-95.4881899999999888
11
143.738190000000003
21
-95.3494929999999954
0
LINE
8
BLACK
6
CONTINUOUS
10
143.738190000000003
20
-95.3494929999999954
11
143.8968769999999893
21
-95.2342000000000013
0
LINE
8
BLACK
6
CONTINUOUS
10
143.8968769999999893
20
-95.2342000000000013
11
144.071645999999987
21
-95.1451509999999985
0
LINE
8
BLACK
6
CONTINUOUS
10
144.071645999999987
20
-95.1451509999999985
11
144.2581930000000057
21
-95.0845379999999949
0
LINE
8
BLACK
6
CONTINUOUS
10
144.2581930000000057
20
-95.0845379999999949
11
144.4519259999999861
21
-95.0538529999999895
0
LINE
8
BLACK
6
CONTINUOUS
10
144.4519259999999861
20
-95.0538529999999895
11
144.6480739999999798
21
-95.0538529999999895
0
LINE
8
BLACK
6
CONTINUOUS
10
144.6480739999999798
20
-95.0538529999999895
11
144.8418069999999886
21
-95.0845379999999949
0
LINE
8
BLACK
6
CONTINUOUS
10
138.8685130000000072
20
-93.6152579999999972
11
139.013401999999985
21
-93.67527299999999
0
LINE
8
BLACK
6
CONTINUOUS
10
139.013401999999985
20
-93.67527299999999
11
139.1437999999999988
21
-93.7624019999999945
0
LINE
8
BLACK
6
CONTINUOUS
10
139.1437999999999988
20
-93.7624019999999945
11
139.2546930000000032
21
-93.8732949999999988
0
LINE
8
BLACK
6
CONTINUOUS
10
139.2546930000000032
20
-93.8732949999999988
11
139.3418220000000076
21
-94.0036929999999984
0
LINE
8
BLACK
6
CONTINUOUS
10
139.3418220000000076
20
-94.0036929999999984
11
139.4018370000000004
21
-94.1485819999999904
0
LINE
8
BLACK
6
CONTINUOUS
10
139.4018370000000004
20
-94.1485819999999904
11
139.4122529999999927
21
-94.2009449999999902
0
LINE
8
BLACK
6
CONTINUOUS
10
139.4122529999999927
20
-94.2009449999999902
11
145.702697999999998
21
-94.2009449999999902
0
LINE
8
BLACK
6
CONTINUOUS
10
145.702697999999998
20
-94.2009449999999902
11
145.7091089999999838
21
-94.1687170000000009
0
LINE
8
BLACK
6
CONTINUOUS
10
145.7091089999999838
20
-94.1687170000000009
11
145.769124000000005
21
-94.0238279999999946
0
LINE
8
BLACK
6
CONTINUOUS
10
145.769124000000005
20
-94.0238279999999946
11
145.8562529999999811
21
-93.8934299999999951
0
LINE
8
BLACK
6
CONTINUOUS
10
145.8562529999999811
20
-93.8934299999999951
11
145.9671459999999854
21
-93.7825369999999907
0
LINE
8
BLACK
6
CONTINUOUS
10
145.9671459999999854
20
-93.7825369999999907
11
146.0975439999999992
21
-93.6954080000000005
0
LINE
8
BLACK
6
CONTINUOUS
10
146.0975439999999992
20
-93.6954080000000005
11
146.2424330000000054
21
-93.6353929999999934
0
LINE
8
BLACK
6
CONTINUOUS
10
146.2424330000000054
20
-93.6353929999999934
11
146.3962469999999882
21
-93.6047969999999907
0
LINE
8
BLACK
6
CONTINUOUS
10
146.3962469999999882
20
-93.6047969999999907
11
146.5530750000000069
21
-93.6047969999999907
0
LINE
8
BLACK
6
CONTINUOUS
10
146.5530750000000069
20
-93.6047969999999907
11
146.7068889999999897
21
-93.6353929999999934
0
LINE
8
BLACK
6
CONTINUOUS
10
146.7068889999999897
20
-93.6353929999999934
11
146.8517779999999959
21
-93.6954080000000005
0
LINE
8
BLACK
6
CONTINUOUS
10
146.8517779999999959
20
-93.6954080000000005
11
146.9821759999999813
21
-93.7825369999999907
0
LINE
8
BLACK
6
CONTINUOUS
10
146.9821759999999813
20
-93.7825369999999907
11
147.0930689999999856
21
-93.8934299999999951
0
LINE
8
BLACK
6
CONTINUOUS
10
147.0930689999999856
20
-93.8934299999999951
11
147.1801979999999901
21
-94.0238279999999946
0
LINE
8
BLACK
6
CONTINUOUS
10
147.1801979999999901
20
-94.0238279999999946
11
147.2402129999999829
21
-94.1687170000000009
0
LINE
8
BLACK
6
CONTINUOUS
10
147.2402129999999829
20
-94.1687170000000009
11
147.2708089999999856
21
-94.3225309999999979
0
LINE
8
BLACK
6
CONTINUOUS
10
147.2708089999999856
20
-94.3225309999999979
11
147.2708089999999856
21
-94.4793590000000023
0
LINE
8
BLACK
6
CONTINUOUS
10
147.2708089999999856
20
-94.4793590000000023
11
147.2402129999999829
21
-94.6331729999999993
0
LINE
8
BLACK
6
CONTINUOUS
10
147.2402129999999829
20
-94.6331729999999993
11
147.1801979999999901
21
-94.7780619999999914
0
LINE
8
BLACK
6
CONTINUOUS
10
147.1801979999999901
20
-94.7780619999999914
11
147.0930689999999856
21
-94.9084599999999909
0
LINE
8
BLACK
6
CONTINUOUS
10
147.0930689999999856
20
-94.9084599999999909
11
146.9821759999999813
21
-95.0193529999999953
0
LINE
8
BLACK
6
CONTINUOUS
10
146.9821759999999813
20
-95.0193529999999953
11
146.8517779999999959
21
-95.1064819999999997
0
LINE
8
BLACK
6
CONTINUOUS
10
146.8517779999999959
20
-95.1064819999999997
11
146.7068889999999897
21
-95.1664969999999926
0
LINE
8
BLACK
6
CONTINUOUS
10
146.7068889999999897
20
-95.1664969999999926
11
146.5530750000000069
21
-95.1970929999999953
0
LINE
8
BLACK
6
CONTINUOUS
10
146.5530750000000069
20
-95.1970929999999953
11
146.3962469999999882
21
-95.1970929999999953
0
LINE
8
BLACK
6
CONTINUOUS
10
146.3962469999999882
20
-95.1970929999999953
11
146.2424330000000054
21
-95.1664969999999926
0
LINE
8
BLACK
6
CONTINUOUS
10
146.2424330000000054
20
-95.1664969999999926
11
146.0975439999999992
21
-95.1064819999999997
0
LINE
8
BLACK
6
CONTINUOUS
10
146.0975439999999992
20
-95.1064819999999997
11
145.9671459999999854
21
-95.0193529999999953
0
LINE
8
BLACK
6
CONTINUOUS
10
145.9671459999999854
20
-95.0193529999999953
11
145.8562529999999811
21
-94.9084599999999909
0
LINE
8
BLACK
6
CONTINUOUS
10
145.8562529999999811
20
-94.9084599999999909
11
145.769124000000005
21
-94.7780619999999914
0
LINE
8
BLACK
6
CONTINUOUS
10
145.769124000000005
20
-94.7780619999999914
11
145.7091089999999838
21
-94.6331729999999993
0
LINE
8
BLACK
6
CONTINUOUS
10
145.7091089999999838
20
-94.6331729999999993
11
145.702697999999998
21
-94.6009449999999958
0
LINE
8
BLACK
6
CONTINUOUS
10
145.702697999999998
20
-94.6009449999999958
11
139.4042419999999822
21
-94.6009449999999958
0
LINE
8
BLACK
6
CONTINUOUS
10
139.4042419999999822
20
-94.6009449999999958
11
139.4018370000000004
21
-94.6130379999999889
0
LINE
8
BLACK
6
CONTINUOUS
10
139.4018370000000004
20
-94.6130379999999889
11
139.3418220000000076
21
-94.7579269999999951
0
LINE
8
BLACK
6
CONTINUOUS
10
139.3418220000000076
20
-94.7579269999999951
11
139.2546930000000032
21
-94.8883249999999947
0
LINE
8
BLACK
6
CONTINUOUS
10
139.2546930000000032
20
-94.8883249999999947
11
139.1437999999999988
21
-94.9992179999999991
0
LINE
8
BLACK
6
CONTINUOUS
10
139.1437999999999988
20
-94.9992179999999991
11
139.013401999999985
21
-95.0863469999999893
0
LINE
8
BLACK
6
CONTINUOUS
10
139.013401999999985
20
-95.0863469999999893
11
138.8685130000000072
21
-95.1463619999999963
0
LINE
8
BLACK
6
CONTINUOUS
10
138.8685130000000072
20
-95.1463619999999963
11
138.714698999999996
21
-95.1769579999999991
0
LINE
8
BLACK
6
CONTINUOUS
10
138.714698999999996
20
-95.1769579999999991
11
138.5578710000000058
21
-95.1769579999999991
0
LINE
8
BLACK
6
CONTINUOUS
10
138.5578710000000058
20
-95.1769579999999991
11
138.4040569999999946
21
-95.1463619999999963
0
LINE
8
BLACK
6
CONTINUOUS
10
138.4040569999999946
20
-95.1463619999999963
11
138.2591679999999883
21
-95.0863469999999893
0
LINE
8
BLACK
6
CONTINUOUS
10
138.2591679999999883
20
-95.0863469999999893
11
138.1287700000000029
21
-94.9992179999999991
0
LINE
8
BLACK
6
CONTINUOUS
10
138.1287700000000029
20
-94.9992179999999991
11
138.0178769999999986
21
-94.8883249999999947
0
LINE
8
BLACK
6
CONTINUOUS
10
138.0178769999999986
20
-94.8883249999999947
11
137.9307479999999941
21
-94.7579269999999951
0
LINE
8
BLACK
6
CONTINUOUS
10
137.9307479999999941
20
-94.7579269999999951
11
137.8707330000000013
21
-94.6130379999999889
0
LINE
8
BLACK
6
CONTINUOUS
10
137.8707330000000013
20
-94.6130379999999889
11
137.8401369999999986
21
-94.4592239999999919
0
LINE
8
BLACK
6
CONTINUOUS
10
137.8401369999999986
20
-94.4592239999999919
11
137.8401369999999986
21
-94.3023960000000017
0
LINE
8
BLACK
6
CONTINUOUS
10
137.8401369999999986
20
-94.3023960000000017
11
137.8707330000000013
21
-94.1485819999999904
0
LINE
8
BLACK
6
CONTINUOUS
10
137.8707330000000013
20
-94.1485819999999904
11
137.9307479999999941
21
-94.0036929999999984
0
LINE
8
BLACK
6
CONTINUOUS
10
137.9307479999999941
20
-94.0036929999999984
11
138.0178769999999986
21
-93.8732949999999988
0
LINE
8
BLACK
6
CONTINUOUS
10
138.0178769999999986
20
-93.8732949999999988
11
138.1287700000000029
21
-93.7624019999999945
0
LINE
8
BLACK
6
CONTINUOUS
10
138.1287700000000029
20
-93.7624019999999945
11
138.2591679999999883
21
-93.67527299999999
0
LINE
8
BLACK
6
CONTINUOUS
10
138.2591679999999883
20
-93.67527299999999
11
138.4040569999999946
21
-93.6152579999999972
0
LINE
8
BLACK
6
CONTINUOUS
10
138.4040569999999946
20
-93.6152579999999972
11
138.5578710000000058
21
-93.5846619999999945
0
LINE
8
BLACK
6
CONTINUOUS
10
138.5578710000000058
20
-93.5846619999999945
11
138.714698999999996
21
-93.5846619999999945
0
LINE
8
BLACK
6
CONTINUOUS
10
138.714698999999996
20
-93.5846619999999945
11
138.8685130000000072
21
-93.6152579999999972
0
LINE
8
BLACK
6
CONTINUOUS
10
134.561255999999986
20
-70.4887540000000001
11
134.7242569999999944
21
-70.5562709999999953
0
LINE
8
BLACK
6
CONTINUOUS
10
134.7242569999999944
20
-70.5562709999999953
11
134.8709539999999834
21
-70.6542910000000006
0
LINE
8
BLACK
6
CONTINUOUS
10
134.8709539999999834
20
-70.6542910000000006
11
134.9957090000000051
21
-70.7790459999999939
0
LINE
8
BLACK
6
CONTINUOUS
10
134.9957090000000051
20
-70.7790459999999939
11
135.0937289999999962
21
-70.9257429999999971
0
LINE
8
BLACK
6
CONTINUOUS
10
135.0937289999999962
20
-70.9257429999999971
11
135.1612460000000056
21
-71.0887439999999913
0
LINE
8
BLACK
6
CONTINUOUS
10
135.1612460000000056
20
-71.0887439999999913
11
135.1956659999999886
21
-71.2617850000000033
0
LINE
8
BLACK
6
CONTINUOUS
10
135.1956659999999886
20
-71.2617850000000033
11
135.1956659999999886
21
-71.4382149999999996
0
LINE
8
BLACK
6
CONTINUOUS
10
135.1956659999999886
20
-71.4382149999999996
11
135.1612460000000056
21
-71.6112559999999974
0
LINE
8
BLACK
6
CONTINUOUS
10
135.1612460000000056
20
-71.6112559999999974
11
135.0937289999999962
21
-71.7742569999999915
0
LINE
8
BLACK
6
CONTINUOUS
10
135.0937289999999962
20
-71.7742569999999915
11
134.9957090000000051
21
-71.9209539999999947
0
LINE
8
BLACK
6
CONTINUOUS
10
134.9957090000000051
20
-71.9209539999999947
11
134.8709539999999834
21
-72.0457090000000022
0
LINE
8
BLACK
6
CONTINUOUS
10
134.8709539999999834
20
-72.0457090000000022
11
134.7242569999999944
21
-72.1437289999999933
0
LINE
8
BLACK
6
CONTINUOUS
10
134.7242569999999944
20
-72.1437289999999933
11
134.561255999999986
21
-72.2112460000000027
0
LINE
8
BLACK
6
CONTINUOUS
10
134.561255999999986
20
-72.2112460000000027
11
134.3882150000000024
21
-72.2456659999999999
0
LINE
8
BLACK
6
CONTINUOUS
10
134.3882150000000024
20
-72.2456659999999999
11
134.2117849999999919
21
-72.2456659999999999
0
LINE
8
BLACK
6
CONTINUOUS
10
134.2117849999999919
20
-72.2456659999999999
11
134.0387439999999799
21
-72.2112460000000027
0
LINE
8
BLACK
6
CONTINUOUS
10
134.0387439999999799
20
-72.2112460000000027
11
133.8757429999999999
21
-72.1437289999999933
0
LINE
8
BLACK
6
CONTINUOUS
10
133.8757429999999999
20
-72.1437289999999933
11
133.7290459999999825
21
-72.0457090000000022
0
LINE
8
BLACK
6
CONTINUOUS
10
133.7290459999999825
20
-72.0457090000000022
11
133.6042909999999893
21
-71.9209539999999947
0
LINE
8
BLACK
6
CONTINUOUS
10
133.6042909999999893
20
-71.9209539999999947
11
133.5062709999999981
21
-71.7742569999999915
0
LINE
8
BLACK
6
CONTINUOUS
10
133.5062709999999981
20
-71.7742569999999915
11
133.4387539999999888
21
-71.6112559999999974
0
LINE
8
BLACK
6
CONTINUOUS
10
133.4387539999999888
20
-71.6112559999999974
11
133.4265690000000006
21
-71.5499999999999972
0
LINE
8
BLACK
6
CONTINUOUS
10
133.4265690000000006
20
-71.5499999999999972
11
131.3828430000000083
21
-71.5499999999999972
0
LINE
8
BLACK
6
CONTINUOUS
10
131.3828430000000083
20
-71.5499999999999972
11
129.7854729999999961
21
-73.1473689999999976
0
LINE
8
BLACK
6
CONTINUOUS
10
129.7854729999999961
20
-73.1473689999999976
11
129.7854729999999961
21
-91.461427999999998
0
LINE
8
BLACK
6
CONTINUOUS
10
129.7854729999999961
20
-91.461427999999998
11
129.8180519999999945
21
-91.4679089999999917
0
LINE
8
BLACK
6
CONTINUOUS
10
129.8180519999999945
20
-91.4679089999999917
11
129.9629410000000007
21
-91.5279239999999987
0
LINE
8
BLACK
6
CONTINUOUS
10
129.9629410000000007
20
-91.5279239999999987
11
130.0933389999999861
21
-91.615052999999989
0
LINE
8
BLACK
6
CONTINUOUS
10
130.0933389999999861
20
-91.615052999999989
11
130.2042319999999904
21
-91.7259459999999933
0
LINE
8
BLACK
6
CONTINUOUS
10
130.2042319999999904
20
-91.7259459999999933
11
130.2913609999999949
21
-91.8563439999999929
0
LINE
8
BLACK
6
CONTINUOUS
10
130.2913609999999949
20
-91.8563439999999929
11
130.3513759999999877
21
-92.0012329999999992
0
LINE
8
BLACK
6
CONTINUOUS
10
130.3513759999999877
20
-92.0012329999999992
11
130.3819719999999904
21
-92.1550469999999962
0
LINE
8
BLACK
6
CONTINUOUS
10
130.3819719999999904
20
-92.1550469999999962
11
130.3819719999999904
21
-92.3118750000000006
0
LINE
8
BLACK
6
CONTINUOUS
10
130.3819719999999904
20
-92.3118750000000006
11
130.3513759999999877
21
-92.4656889999999976
0
LINE
8
BLACK
6
CONTINUOUS
10
130.3513759999999877
20
-92.4656889999999976
11
130.2913609999999949
21
-92.6105779999999896
0
LINE
8
BLACK
6
CONTINUOUS
10
130.2913609999999949
20
-92.6105779999999896
11
130.2042319999999904
21
-92.7409759999999892
0
LINE
8
BLACK
6
CONTINUOUS
10
130.2042319999999904
20
-92.7409759999999892
11
130.0933389999999861
21
-92.8518689999999935
0
LINE
8
BLACK
6
CONTINUOUS
10
130.0933389999999861
20
-92.8518689999999935
11
129.9629410000000007
21
-92.938997999999998
0
LINE
8
BLACK
6
CONTINUOUS
10
129.9629410000000007
20
-92.938997999999998
11
129.8180519999999945
21
-92.9990129999999908
0
LINE
8
BLACK
6
CONTINUOUS
10
129.8180519999999945
20
-92.9990129999999908
11
129.6642379999999832
21
-93.0296089999999936
0
LINE
8
BLACK
6
CONTINUOUS
10
129.6642379999999832
20
-93.0296089999999936
11
129.507409999999993
21
-93.0296089999999936
0
LINE
8
BLACK
6
CONTINUOUS
10
129.507409999999993
20
-93.0296089999999936
11
129.3535959999999818
21
-92.9990129999999908
0
LINE
8
BLACK
6
CONTINUOUS
10
129.3535959999999818
20
-92.9990129999999908
11
129.208707000000004
21
-92.938997999999998
0
LINE
8
BLACK
6
CONTINUOUS
10
129.208707000000004
20
-92.938997999999998
11
129.0783089999999902
21
-92.8518689999999935
0
LINE
8
BLACK
6
CONTINUOUS
10
129.0783089999999902
20
-92.8518689999999935
11
128.9674159999999858
21
-92.7409759999999892
0
LINE
8
BLACK
6
CONTINUOUS
10
128.9674159999999858
20
-92.7409759999999892
11
128.8802869999999814
21
-92.6105779999999896
0
LINE
8
BLACK
6
CONTINUOUS
10
128.8802869999999814
20
-92.6105779999999896
11
128.8202719999999886
21
-92.4656889999999976
0
LINE
8
BLACK
6
CONTINUOUS
10
128.8202719999999886
20
-92.4656889999999976
11
128.7896759999999858
21
-92.3118750000000006
0
LINE
8
BLACK
6
CONTINUOUS
10
128.7896759999999858
20
-92.3118750000000006
11
128.7896759999999858
21
-92.1550469999999962
0
LINE
8
BLACK
6
CONTINUOUS
10
128.7896759999999858
20
-92.1550469999999962
11
128.8202719999999886
21
-92.0012329999999992
0
LINE
8
BLACK
6
CONTINUOUS
10
128.8202719999999886
20
-92.0012329999999992
11
128.8802869999999814
21
-91.8563439999999929
0
LINE
8
BLACK
6
CONTINUOUS
10
128.8802869999999814
20
-91.8563439999999929
11
128.9674159999999858
21
-91.7259459999999933
0
LINE
8
BLACK
6
CONTINUOUS
10
128.9674159999999858
20
-91.7259459999999933
11
129.0783089999999902
21
-91.615052999999989
0
LINE
8
BLACK
6
CONTINUOUS
10
129.0783089999999902
20
-91.615052999999989
11
129.208707000000004
21
-91.5279239999999987
0
LINE
8
BLACK
6
CONTINUOUS
10
129.208707000000004
20
-91.5279239999999987
11
129.3535959999999818
21
-91.4679089999999917
0
LINE
8
BLACK
6
CONTINUOUS
10
129.3535959999999818
20
-91.4679089999999917
11
129.3854729999999904
21
-91.4615679999999998
0
LINE
8
BLACK
6
CONTINUOUS
10
129.3854729999999904
20
-91.4615679999999998
11
129.3854729999999904
21
-73.0645269999999982
0
LINE
8
BLACK
6
CONTINUOUS
10
129.3854729999999904
20
-73.0645269999999982
11
129.389316000000008
21
-73.0255089999999996
0
LINE
8
BLACK
6
CONTINUOUS
10
129.389316000000008
20
-73.0255089999999996
11
129.4191789999999855
21
-72.9534129999999976
0
LINE
8
BLACK
6
CONTINUOUS
10
129.4191789999999855
20
-72.9534129999999976
11
129.4440519999999992
21
-72.92310599999999
0
LINE
8
BLACK
6
CONTINUOUS
10
129.4440519999999992
20
-72.92310599999999
11
131.1585780000000057
21
-71.2085790000000003
0
LINE
8
BLACK
6
CONTINUOUS
10
131.1585780000000057
20
-71.2085790000000003
11
131.1888859999999966
21
-71.1837060000000008
0
LINE
8
BLACK
6
CONTINUOUS
10
131.1888859999999966
20
-71.1837060000000008
11
131.2609819999999843
21
-71.1538429999999948
0
LINE
8
BLACK
6
CONTINUOUS
10
131.2609819999999843
20
-71.1538429999999948
11
131.2999999999999829
21
-71.1499999999999915
0
LINE
8
BLACK
6
CONTINUOUS
10
131.2999999999999829
20
-71.1499999999999915
11
133.4265690000000006
21
-71.1499999999999915
0
LINE
8
BLACK
6
CONTINUOUS
10
133.4265690000000006
20
-71.1499999999999915
11
133.4387539999999888
21
-71.0887439999999913
0
LINE
8
BLACK
6
CONTINUOUS
10
133.4387539999999888
20
-71.0887439999999913
11
133.5062709999999981
21
-70.9257429999999971
0
LINE
8
BLACK
6
CONTINUOUS
10
133.5062709999999981
20
-70.9257429999999971
11
133.6042909999999893
21
-70.7790459999999939
0
LINE
8
BLACK
6
CONTINUOUS
10
133.6042909999999893
20
-70.7790459999999939
11
133.7290459999999825
21
-70.6542910000000006
0
LINE
8
BLACK
6
CONTINUOUS
10
133.7290459999999825
20
-70.6542910000000006
11
133.8757429999999999
21
-70.5562709999999953
0
LINE
8
BLACK
6
CONTINUOUS
10
133.8757429999999999
20
-70.5562709999999953
11
134.0387439999999799
21
-70.4887540000000001
0
LINE
8
BLACK
6
CONTINUOUS
10
134.0387439999999799
20
-70.4887540000000001
11
134.2117849999999919
21
-70.4543340000000029
0
LINE
8
BLACK
6
CONTINUOUS
10
134.2117849999999919
20
-70.4543340000000029
11
134.3882150000000024
21
-70.4543340000000029
0
LINE
8
BLACK
6
CONTINUOUS
10
134.3882150000000024
20
-70.4543340000000029
11
134.561255999999986
21
-70.4887540000000001
0
LINE
8
BLACK
6
CONTINUOUS
10
127.8639709999999923
20
-87.2965619999999944
11
128.0430570000000046
21
-87.3547509999999932
0
LINE
8
BLACK
6
CONTINUOUS
10
128.0430570000000046
20
-87.3547509999999932
11
128.210835000000003
21
-87.4402379999999937
0
LINE
8
BLACK
6
CONTINUOUS
10
128.210835000000003
20
-87.4402379999999937
11
128.363174999999984
21
-87.5509189999999933
0
LINE
8
BLACK
6
CONTINUOUS
10
128.363174999999984
20
-87.5509189999999933
11
128.4963239999999871
21
-87.6840679999999963
0
LINE
8
BLACK
6
CONTINUOUS
10
128.4963239999999871
20
-87.6840679999999963
11
128.6070049999999867
21
-87.8364079999999916
0
LINE
8
BLACK
6
CONTINUOUS
10
128.6070049999999867
20
-87.8364079999999916
11
128.6924919999999872
21
-88.00418599999999
0
LINE
8
BLACK
6
CONTINUOUS
10
128.6924919999999872
20
-88.00418599999999
11
128.7506809999999859
21
-88.1832720000000023
0
LINE
8
BLACK
6
CONTINUOUS
10
128.7506809999999859
20
-88.1832720000000023
11
128.7801379999999938
21
-88.3692549999999954
0
LINE
8
BLACK
6
CONTINUOUS
10
128.7801379999999938
20
-88.3692549999999954
11
128.7801379999999938
21
-88.5575570000000027
0
LINE
8
BLACK
6
CONTINUOUS
10
128.7801379999999938
20
-88.5575570000000027
11
128.7506809999999859
21
-88.7435399999999959
0
LINE
8
BLACK
6
CONTINUOUS
10
128.7506809999999859
20
-88.7435399999999959
11
128.6924919999999872
21
-88.922625999999994
0
LINE
8
BLACK
6
CONTINUOUS
10
128.6924919999999872
20
-88.922625999999994
11
128.6070049999999867
21
-89.0904039999999924
0
LINE
8
BLACK
6
CONTINUOUS
10
128.6070049999999867
20
-89.0904039999999924
11
128.4963239999999871
21
-89.2427440000000018
0
LINE
8
BLACK
6
CONTINUOUS
10
128.4963239999999871
20
-89.2427440000000018
11
128.363174999999984
21
-89.3758929999999907
0
LINE
8
BLACK
6
CONTINUOUS
10
128.363174999999984
20
-89.3758929999999907
11
128.210835000000003
21
-89.4865739999999903
0
LINE
8
BLACK
6
CONTINUOUS
10
128.210835000000003
20
-89.4865739999999903
11
128.0430570000000046
21
-89.5720609999999908
0
LINE
8
BLACK
6
CONTINUOUS
10
128.0430570000000046
20
-89.5720609999999908
11
127.8639709999999923
21
-89.6302499999999895
0
LINE
8
BLACK
6
CONTINUOUS
10
127.8639709999999923
20
-89.6302499999999895
11
127.6779879999999991
21
-89.6597069999999974
0
LINE
8
BLACK
6
CONTINUOUS
10
127.6779879999999991
20
-89.6597069999999974
11
127.4896859999999919
21
-89.6597069999999974
0
LINE
8
BLACK
6
CONTINUOUS
10
127.4896859999999919
20
-89.6597069999999974
11
127.3037029999999987
21
-89.6302499999999895
0
LINE
8
BLACK
6
CONTINUOUS
10
127.3037029999999987
20
-89.6302499999999895
11
127.1246170000000006
21
-89.5720609999999908
0
LINE
8
BLACK
6
CONTINUOUS
10
127.1246170000000006
20
-89.5720609999999908
11
126.956838999999988
21
-89.4865739999999903
0
LINE
8
BLACK
6
CONTINUOUS
10
126.956838999999988
20
-89.4865739999999903
11
126.8044989999999927
21
-89.3758929999999907
0
LINE
8
BLACK
6
CONTINUOUS
10
126.8044989999999927
20
-89.3758929999999907
11
126.6713499999999897
21
-89.2427440000000018
0
LINE
8
BLACK
6
CONTINUOUS
10
126.6713499999999897
20
-89.2427440000000018
11
126.5606689999999901
21
-89.0904039999999924
0
LINE
8
BLACK
6
CONTINUOUS
10
126.5606689999999901
20
-89.0904039999999924
11
126.4751819999999896
21
-88.922625999999994
0
LINE
8
BLACK
6
CONTINUOUS
10
126.4751819999999896
20
-88.922625999999994
11
126.4169929999999908
21
-88.7435399999999959
0
LINE
8
BLACK
6
CONTINUOUS
10
126.4169929999999908
20
-88.7435399999999959
11
126.3875359999999972
21
-88.5575570000000027
0
LINE
8
BLACK
6
CONTINUOUS
10
126.3875359999999972
20
-88.5575570000000027
11
126.3875359999999972
21
-88.3692549999999954
0
LINE
8
BLACK
6
CONTINUOUS
10
126.3875359999999972
20
-88.3692549999999954
11
126.4169929999999908
21
-88.1832720000000023
0
LINE
8
BLACK
6
CONTINUOUS
10
126.4169929999999908
20
-88.1832720000000023
11
126.4751819999999896
21
-88.00418599999999
0
LINE
8
BLACK
6
CONTINUOUS
10
126.4751819999999896
20
-88.00418599999999
11
126.5606689999999901
21
-87.8364079999999916
0
LINE
8
BLACK
6
CONTINUOUS
10
126.5606689999999901
20
-87.8364079999999916
11
126.6713499999999897
21
-87.6840679999999963
0
LINE
8
BLACK
6
CONTINUOUS
10
126.6713499999999897
20
-87.6840679999999963
11
126.8044989999999927
21
-87.5509189999999933
0
LINE
8
BLACK
6
CONTINUOUS
10
126.8044989999999927
20
-87.5509189999999933
11
126.956838999999988
21
-87.4402379999999937
0
LINE
8
BLACK
6
CONTINUOUS
10
126.956838999999988
20
-87.4402379999999937
11
127.1246170000000006
21
-87.3547509999999932
0
LINE
8
BLACK
6
CONTINUOUS
10
127.1246170000000006
20
-87.3547509999999932
11
127.3037029999999987
21
-87.2965619999999944
0
LINE
8
BLACK
6
CONTINUOUS
10
127.3037029999999987
20
-87.2965619999999944
11
127.4896859999999919
21
-87.2671050000000008
0
LINE
8
BLACK
6
CONTINUOUS
10
127.4896859999999919
20
-87.2671050000000008
11
127.6779879999999991
21
-87.2671050000000008
0
LINE
8
BLACK
6
CONTINUOUS
10
127.6779879999999991
20
-87.2671050000000008
11
127.8639709999999923
21
-87.2965619999999944
0
LINE
8
BLACK
6
CONTINUOUS
10
128.5838369999999884
20
-81.8634059999999977
11
126.5838369999999884
21
-81.8634059999999977
0
LINE
8
BLACK
6
CONTINUOUS
10
126.5838369999999884
20
-81.8634059999999977
11
126.5838369999999884
21
-79.8634059999999977
0
LINE
8
BLACK
6
CONTINUOUS
10
126.5838369999999884
20
-79.8634059999999977
11
128.5838369999999884
21
-79.8634059999999977
0
LINE
8
BLACK
6
CONTINUOUS
10
128.5838369999999884
20
-79.8634059999999977
11
128.5838369999999884
21
-81.8634059999999977
0
LINE
8
BLACK
6
CONTINUOUS
10
127.687509999999989
20
-74.6521219999999914
11
127.8613779999999878
21
-74.724141000000003
0
LINE
8
BLACK
6
CONTINUOUS
10
127.8613779999999878
20
-74.724141000000003
11
128.0178549999999973
21
-74.8286949999999962
0
LINE
8
BLACK
6
CONTINUOUS
10
128.0178549999999973
20
-74.8286949999999962
11
128.1509269999999958
21
-74.9617669999999947
0
LINE
8
BLACK
6
CONTINUOUS
10
128.1509269999999958
20
-74.9617669999999947
11
128.2554810000000032
21
-75.11824399999999
0
LINE
8
BLACK
6
CONTINUOUS
10
128.2554810000000032
20
-75.11824399999999
11
128.3274999999999864
21
-75.292112000000003
0
LINE
8
BLACK
6
CONTINUOUS
10
128.3274999999999864
20
-75.292112000000003
11
128.364214000000004
21
-75.4766889999999933
0
LINE
8
BLACK
6
CONTINUOUS
10
128.364214000000004
20
-75.4766889999999933
11
128.364214000000004
21
-75.6648809999999941
0
LINE
8
BLACK
6
CONTINUOUS
10
128.364214000000004
20
-75.6648809999999941
11
128.3274999999999864
21
-75.8494579999999985
0
LINE
8
BLACK
6
CONTINUOUS
10
128.3274999999999864
20
-75.8494579999999985
11
128.2554810000000032
21
-76.0233259999999973
0
LINE
8
BLACK
6
CONTINUOUS
10
128.2554810000000032
20
-76.0233259999999973
11
128.1509269999999958
21
-76.1798029999999926
0
LINE
8
BLACK
6
CONTINUOUS
10
128.1509269999999958
20
-76.1798029999999926
11
128.0178549999999973
21
-76.3128749999999911
0
LINE
8
BLACK
6
CONTINUOUS
10
128.0178549999999973
20
-76.3128749999999911
11
127.8613779999999878
21
-76.4174289999999985
0
LINE
8
BLACK
6
CONTINUOUS
10
127.8613779999999878
20
-76.4174289999999985
11
127.687509999999989
21
-76.4894479999999959
0
LINE
8
BLACK
6
CONTINUOUS
10
127.687509999999989
20
-76.4894479999999959
11
127.5029329999999987
21
-76.5261619999999994
0
LINE
8
BLACK
6
CONTINUOUS
10
127.5029329999999987
20
-76.5261619999999994
11
127.3147409999999979
21
-76.5261619999999994
0
LINE
8
BLACK
6
CONTINUOUS
10
127.3147409999999979
20
-76.5261619999999994
11
127.1301639999999935
21
-76.4894479999999959
0
LINE
8
BLACK
6
CONTINUOUS
10
127.1301639999999935
20
-76.4894479999999959
11
126.9562959999999947
21
-76.4174289999999985
0
LINE
8
BLACK
6
CONTINUOUS
10
126.9562959999999947
20
-76.4174289999999985
11
126.7998189999999994
21
-76.3128749999999911
0
LINE
8
BLACK
6
CONTINUOUS
10
126.7998189999999994
20
-76.3128749999999911
11
126.6667470000000009
21
-76.1798029999999926
0
LINE
8
BLACK
6
CONTINUOUS
10
126.6667470000000009
20
-76.1798029999999926
11
126.5621929999999935
21
-76.0233259999999973
0
LINE
8
BLACK
6
CONTINUOUS
10
126.5621929999999935
20
-76.0233259999999973
11
126.4901739999999961
21
-75.8494579999999985
0
LINE
8
BLACK
6
CONTINUOUS
10
126.4901739999999961
20
-75.8494579999999985
11
126.4534599999999926
21
-75.6648809999999941
0
LINE
8
BLACK
6
CONTINUOUS
10
126.4534599999999926
20
-75.6648809999999941
11
126.4534599999999926
21
-75.4766889999999933
0
LINE
8
BLACK
6
CONTINUOUS
10
126.4534599999999926
20
-75.4766889999999933
11
126.4901739999999961
21
-75.292112000000003
0
LINE
8
BLACK
6
CONTINUOUS
10
126.4901739999999961
20
-75.292112000000003
11
126.5621929999999935
21
-75.11824399999999
0
LINE
8
BLACK
6
CONTINUOUS
10
126.5621929999999935
20
-75.11824399999999
11
126.6667470000000009
21
-74.9617669999999947
0
LINE
8
BLACK
6
CONTINUOUS
10
126.6667470000000009
20
-74.9617669999999947
11
126.7998189999999994
21
-74.8286949999999962
0
LINE
8
BLACK
6
CONTINUOUS
10
126.7998189999999994
20
-74.8286949999999962
11
126.9562959999999947
21
-74.724141000000003
0
LINE
8
BLACK
6
CONTINUOUS
10
126.9562959999999947
20
-74.724141000000003
11
127.1301639999999935
21
-74.6521219999999914
0
LINE
8
BLACK
6
CONTINUOUS
10
127.1301639999999935
20
-74.6521219999999914
11
127.3147409999999979
21
-74.6154080000000022
0
LINE
8
BLACK
6
CONTINUOUS
10
127.3147409999999979
20
-74.6154080000000022
11
127.5029329999999987
21
-74.6154080000000022
0
LINE
8
BLACK
6
CONTINUOUS
10
127.5029329999999987
20
-74.6154080000000022
11
127.687509999999989
21
-74.6521219999999914
0
LINE
8
BLACK
6
CONTINUOUS
10
128.4088370000000054
20
-74.0307849999999945
11
126.4088369999999912
21
-74.0307849999999945
0
LINE
8
BLACK
6
CONTINUOUS
10
126.4088369999999912
20
-74.0307849999999945
11
126.4088369999999912
21
-72.0307849999999945
0
LINE
8
BLACK
6
CONTINUOUS
10
126.4088369999999912
20
-72.0307849999999945
11
128.4088370000000054
21
-72.0307849999999945
0
LINE
8
BLACK
6
CONTINUOUS
10
128.4088370000000054
20
-72.0307849999999945
11
128.4088370000000054
21
-74.0307849999999945
0
LINE
8
BLACK
6
CONTINUOUS
10
135.1999999999999886
20
-69.7099999999999937
11
133.4000000000000057
21
-69.7099999999999937
0
LINE
8
BLACK
6
CONTINUOUS
10
133.4000000000000057
20
-69.7099999999999937
11
133.4000000000000057
21
-67.9099999999999966
0
LINE
8
BLACK
6
CONTINUOUS
10
133.4000000000000057
20
-67.9099999999999966
11
135.1999999999999886
21
-67.9099999999999966
0
LINE
8
BLACK
6
CONTINUOUS
10
135.1999999999999886
20
-67.9099999999999966
11
135.1999999999999886
21
-69.7099999999999937
0
LINE
8
BLACK
6
CONTINUOUS
10
134.2873610000000042
20
-92.171141999999989
11
132.2873610000000042
21
-92.171141999999989
0
LINE
8
BLACK
6
CONTINUOUS
10
132.2873610000000042
20
-92.171141999999989
11
132.2873610000000042
21
-90.171141999999989
0
LINE
8
BLACK
6
CONTINUOUS
10
132.2873610000000042
20
-90.171141999999989
11
134.2873610000000042
21
-90.171141999999989
0
LINE
8
BLACK
6
CONTINUOUS
10
134.2873610000000042
20
-90.171141999999989
11
134.2873610000000042
21
-92.171141999999989
0
LINE
8
BLACK
6
CONTINUOUS
10
136.0660340000000019
20
-90.2524789999999939
11
136.2399020000000007
21
-90.3244979999999913
0
LINE
8
BLACK
6
CONTINUOUS
10
136.2399020000000007
20
-90.3244979999999913
11
136.396378999999996
21
-90.4290519999999987
0
LINE
8
BLACK
6
CONTINUOUS
10
136.396378999999996
20
-90.4290519999999987
11
136.5294509999999946
21
-90.5621239999999972
0
LINE
8
BLACK
6
CONTINUOUS
10
136.5294509999999946
20
-90.5621239999999972
11
136.6340050000000019
21
-90.7186009999999925
0
LINE
8
BLACK
6
CONTINUOUS
10
136.6340050000000019
20
-90.7186009999999925
11
136.7060239999999851
21
-90.8924689999999913
0
LINE
8
BLACK
6
CONTINUOUS
10
136.7060239999999851
20
-90.8924689999999913
11
136.7427380000000028
21
-91.0770459999999957
0
LINE
8
BLACK
6
CONTINUOUS
10
136.7427380000000028
20
-91.0770459999999957
11
136.7427380000000028
21
-91.2652379999999965
0
LINE
8
BLACK
6
CONTINUOUS
10
136.7427380000000028
20
-91.2652379999999965
11
136.7060239999999851
21
-91.449815000000001
0
LINE
8
BLACK
6
CONTINUOUS
10
136.7060239999999851
20
-91.449815000000001
11
136.6340050000000019
21
-91.6236829999999998
0
LINE
8
BLACK
6
CONTINUOUS
10
136.6340050000000019
20
-91.6236829999999998
11
136.5294509999999946
21
-91.7801599999999951
0
LINE
8
BLACK
6
CONTINUOUS
10
136.5294509999999946
20
-91.7801599999999951
11
136.396378999999996
21
-91.9132319999999936
0
LINE
8
BLACK
6
CONTINUOUS
10
136.396378999999996
20
-91.9132319999999936
11
136.2399020000000007
21
-92.017786000000001
0
LINE
8
BLACK
6
CONTINUOUS
10
136.2399020000000007
20
-92.017786000000001
11
136.0660340000000019
21
-92.0898049999999984
0
LINE
8
BLACK
6
CONTINUOUS
10
136.0660340000000019
20
-92.0898049999999984
11
135.8814569999999833
21
-92.1265190000000018
0
LINE
8
BLACK
6
CONTINUOUS
10
135.8814569999999833
20
-92.1265190000000018
11
135.6932649999999967
21
-92.1265190000000018
0
LINE
8
BLACK
6
CONTINUOUS
10
135.6932649999999967
20
-92.1265190000000018
11
135.5086880000000065
21
-92.0898049999999984
0
LINE
8
BLACK
6
CONTINUOUS
10
135.5086880000000065
20
-92.0898049999999984
11
135.3348200000000077
21
-92.017786000000001
0
LINE
8
BLACK
6
CONTINUOUS
10
135.3348200000000077
20
-92.017786000000001
11
135.1783429999999839
21
-91.9132319999999936
0
LINE
8
BLACK
6
CONTINUOUS
10
135.1783429999999839
20
-91.9132319999999936
11
135.0452709999999854
21
-91.7801599999999951
0
LINE
8
BLACK
6
CONTINUOUS
10
135.0452709999999854
20
-91.7801599999999951
11
134.9407170000000065
21
-91.6236829999999998
0
LINE
8
BLACK
6
CONTINUOUS
10
134.9407170000000065
20
-91.6236829999999998
11
134.8686979999999949
21
-91.449815000000001
0
LINE
8
BLACK
6
CONTINUOUS
10
134.8686979999999949
20
-91.449815000000001
11
134.8319840000000056
21
-91.2652379999999965
0
LINE
8
BLACK
6
CONTINUOUS
10
134.8319840000000056
20
-91.2652379999999965
11
134.8319840000000056
21
-91.0770459999999957
0
LINE
8
BLACK
6
CONTINUOUS
10
134.8319840000000056
20
-91.0770459999999957
11
134.8686979999999949
21
-90.8924689999999913
0
LINE
8
BLACK
6
CONTINUOUS
10
134.8686979999999949
20
-90.8924689999999913
11
134.9407170000000065
21
-90.7186009999999925
0
LINE
8
BLACK
6
CONTINUOUS
10
134.9407170000000065
20
-90.7186009999999925
11
135.0452709999999854
21
-90.5621239999999972
0
LINE
8
BLACK
6
CONTINUOUS
10
135.0452709999999854
20
-90.5621239999999972
11
135.1783429999999839
21
-90.4290519999999987
0
LINE
8
BLACK
6
CONTINUOUS
10
135.1783429999999839
20
-90.4290519999999987
11
135.3348200000000077
21
-90.3244979999999913
0
LINE
8
BLACK
6
CONTINUOUS
10
135.3348200000000077
20
-90.3244979999999913
11
135.5086880000000065
21
-90.2524789999999939
0
LINE
8
BLACK
6
CONTINUOUS
10
135.5086880000000065
20
-90.2524789999999939
11
135.6932649999999967
21
-90.2157649999999904
0
LINE
8
BLACK
6
CONTINUOUS
10
135.6932649999999967
20
-90.2157649999999904
11
135.8814569999999833
21
-90.2157649999999904
0
LINE
8
BLACK
6
CONTINUOUS
10
135.8814569999999833
20
-90.2157649999999904
11
136.0660340000000019
21
-90.2524789999999939
0
LINE
8
BLACK
6
CONTINUOUS
10
143.7672959999999875
20
-92.1243010000000027
11
141.7672959999999875
21
-92.1243010000000027
0
LINE
8
BLACK
6
CONTINUOUS
10
141.7672959999999875
20
-92.1243010000000027
11
141.7672959999999875
21
-90.1243010000000027
0
LINE
8
BLACK
6
CONTINUOUS
10
141.7672959999999875
20
-90.1243010000000027
11
143.7672959999999875
21
-90.1243010000000027
0
LINE
8
BLACK
6
CONTINUOUS
10
143.7672959999999875
20
-90.1243010000000027
11
143.7672959999999875
21
-92.1243010000000027
0
LINE
8
BLACK
6
CONTINUOUS
10
140.5459689999999853
20
-90.2056379999999933
11
140.7198369999999841
21
-90.2776569999999907
0
LINE
8
BLACK
6
CONTINUOUS
10
140.7198369999999841
20
-90.2776569999999907
11
140.8763140000000078
21
-90.3822109999999981
0
LINE
8
BLACK
6
CONTINUOUS
10
140.8763140000000078
20
-90.3822109999999981
11
141.0093860000000063
21
-90.5152829999999966
0
LINE
8
BLACK
6
CONTINUOUS
10
141.0093860000000063
20
-90.5152829999999966
11
141.1139399999999853
21
-90.6717599999999919
0
LINE
8
BLACK
6
CONTINUOUS
10
141.1139399999999853
20
-90.6717599999999919
11
141.1859589999999969
21
-90.8456279999999907
0
LINE
8
BLACK
6
CONTINUOUS
10
141.1859589999999969
20
-90.8456279999999907
11
141.2226729999999861
21
-91.0302049999999952
0
LINE
8
BLACK
6
CONTINUOUS
10
141.2226729999999861
20
-91.0302049999999952
11
141.2226729999999861
21
-91.218396999999996
0
LINE
8
BLACK
6
CONTINUOUS
10
141.2226729999999861
20
-91.218396999999996
11
141.1859589999999969
21
-91.4029740000000004
0
LINE
8
BLACK
6
CONTINUOUS
10
141.1859589999999969
20
-91.4029740000000004
11
141.1139399999999853
21
-91.5768419999999992
0
LINE
8
BLACK
6
CONTINUOUS
10
141.1139399999999853
20
-91.5768419999999992
11
141.0093860000000063
21
-91.7333189999999945
0
LINE
8
BLACK
6
CONTINUOUS
10
141.0093860000000063
20
-91.7333189999999945
11
140.8763140000000078
21
-91.866390999999993
0
LINE
8
BLACK
6
CONTINUOUS
10
140.8763140000000078
20
-91.866390999999993
11
140.7198369999999841
21
-91.9709450000000004
0
LINE
8
BLACK
6
CONTINUOUS
10
140.7198369999999841
20
-91.9709450000000004
11
140.5459689999999853
21
-92.0429639999999978
0
LINE
8
BLACK
6
CONTINUOUS
10
140.5459689999999853
20
-92.0429639999999978
11
140.3613919999999951
21
-92.0796780000000012
0
LINE
8
BLACK
6
CONTINUOUS
10
140.3613919999999951
20
-92.0796780000000012
11
140.17319999999998
21
-92.0796780000000012
0
LINE
8
BLACK
6
CONTINUOUS
10
140.17319999999998
20
-92.0796780000000012
11
139.9886229999999898
21
-92.0429639999999978
0
LINE
8
BLACK
6
CONTINUOUS
10
139.9886229999999898
20
-92.0429639999999978
11
139.814754999999991
21
-91.9709450000000004
0
LINE
8
BLACK
6
CONTINUOUS
10
139.814754999999991
20
-91.9709450000000004
11
139.6582779999999957
21
-91.866390999999993
0
LINE
8
BLACK
6
CONTINUOUS
10
139.6582779999999957
20
-91.866390999999993
11
139.5252059999999972
21
-91.7333189999999945
0
LINE
8
BLACK
6
CONTINUOUS
10
139.5252059999999972
20
-91.7333189999999945
11
139.4206519999999898
21
-91.5768419999999992
0
LINE
8
BLACK
6
CONTINUOUS
10
139.4206519999999898
20
-91.5768419999999992
11
139.3486330000000066
21
-91.4029740000000004
0
LINE
8
BLACK
6
CONTINUOUS
10
139.3486330000000066
20
-91.4029740000000004
11
139.311918999999989
21
-91.218396999999996
0
LINE
8
BLACK
6
CONTINUOUS
10
139.311918999999989
20
-91.218396999999996
11
139.311918999999989
21
-91.0302049999999952
0
LINE
8
BLACK
6
CONTINUOUS
10
139.311918999999989
20
-91.0302049999999952
11
139.3486330000000066
21
-90.8456279999999907
0
LINE
8
BLACK
6
CONTINUOUS
10
139.3486330000000066
20
-90.8456279999999907
11
139.4206519999999898
21
-90.6717599999999919
0
LINE
8
BLACK
6
CONTINUOUS
10
139.4206519999999898
20
-90.6717599999999919
11
139.5252059999999972
21
-90.5152829999999966
0
LINE
8
BLACK
6
CONTINUOUS
10
139.5252059999999972
20
-90.5152829999999966
11
139.6582779999999957
21
-90.3822109999999981
0
LINE
8
BLACK
6
CONTINUOUS
10
139.6582779999999957
20
-90.3822109999999981
11
139.814754999999991
21
-90.2776569999999907
0
LINE
8
BLACK
6
CONTINUOUS
10
139.814754999999991
20
-90.2776569999999907
11
139.9886229999999898
21
-90.2056379999999933
0
LINE
8
BLACK
6
CONTINUOUS
10
139.9886229999999898
20
-90.2056379999999933
11
140.17319999999998
21
-90.1689239999999899
0
LINE
8
BLACK
6
CONTINUOUS
10
140.17319999999998
20
-90.1689239999999899
11
140.3613919999999951
21
-90.1689239999999899
0
LINE
8
BLACK
6
CONTINUOUS
10
140.3613919999999951
20
-90.1689239999999899
11
140.5459689999999853
21
-90.2056379999999933
0
LINE
8
BLACK
6
CONTINUOUS
10
146.8472429999999918
20
-87.5185999999999922
11
147.0283550000000048
21
-87.5936189999999897
0
LINE
8
BLACK
6
CONTINUOUS
10
147.0283550000000048
20
-87.5936189999999897
11
147.1913509999999974
21
-87.7025299999999959
0
LINE
8
BLACK
6
CONTINUOUS
10
147.1913509999999974
20
-87.7025299999999959
11
147.3299679999999796
21
-87.8411469999999923
0
LINE
8
BLACK
6
CONTINUOUS
10
147.3299679999999796
20
-87.8411469999999923
11
147.4388789999999858
21
-88.0041429999999991
0
LINE
8
BLACK
6
CONTINUOUS
10
147.4388789999999858
20
-88.0041429999999991
11
147.5138979999999833
21
-88.1852549999999979
0
LINE
8
BLACK
6
CONTINUOUS
10
147.5138979999999833
20
-88.1852549999999979
11
147.5521430000000009
21
-88.3775229999999965
0
LINE
8
BLACK
6
CONTINUOUS
10
147.5521430000000009
20
-88.3775229999999965
11
147.5521430000000009
21
-88.5735569999999939
0
LINE
8
BLACK
6
CONTINUOUS
10
147.5521430000000009
20
-88.5735569999999939
11
147.5138979999999833
21
-88.7658249999999924
0
LINE
8
BLACK
6
CONTINUOUS
10
147.5138979999999833
20
-88.7658249999999924
11
147.4388789999999858
21
-88.9469369999999913
0
LINE
8
BLACK
6
CONTINUOUS
10
147.4388789999999858
20
-88.9469369999999913
11
147.3299679999999796
21
-89.1099329999999981
0
LINE
8
BLACK
6
CONTINUOUS
10
147.3299679999999796
20
-89.1099329999999981
11
147.1913509999999974
21
-89.2485499999999945
0
LINE
8
BLACK
6
CONTINUOUS
10
147.1913509999999974
20
-89.2485499999999945
11
147.0283550000000048
21
-89.3574610000000007
0
LINE
8
BLACK
6
CONTINUOUS
10
147.0283550000000048
20
-89.3574610000000007
11
146.8472429999999918
21
-89.4324799999999982
0
LINE
8
BLACK
6
CONTINUOUS
10
146.8472429999999918
20
-89.4324799999999982
11
146.6549750000000074
21
-89.4707250000000016
0
LINE
8
BLACK
6
CONTINUOUS
10
146.6549750000000074
20
-89.4707250000000016
11
146.4589409999999816
21
-89.4707250000000016
0
LINE
8
BLACK
6
CONTINUOUS
10
146.4589409999999816
20
-89.4707250000000016
11
146.2666729999999973
21
-89.4324799999999982
0
LINE
8
BLACK
6
CONTINUOUS
10
146.2666729999999973
20
-89.4324799999999982
11
146.0855609999999842
21
-89.3574610000000007
0
LINE
8
BLACK
6
CONTINUOUS
10
146.0855609999999842
20
-89.3574610000000007
11
145.9225649999999916
21
-89.2485499999999945
0
LINE
8
BLACK
6
CONTINUOUS
10
145.9225649999999916
20
-89.2485499999999945
11
145.783947999999981
21
-89.1099329999999981
0
LINE
8
BLACK
6
CONTINUOUS
10
145.783947999999981
20
-89.1099329999999981
11
145.6750370000000032
21
-88.9469369999999913
0
LINE
8
BLACK
6
CONTINUOUS
10
145.6750370000000032
20
-88.9469369999999913
11
145.6000180000000057
21
-88.7658249999999924
0
LINE
8
BLACK
6
CONTINUOUS
10
145.6000180000000057
20
-88.7658249999999924
11
145.5617729999999881
21
-88.5735569999999939
0
LINE
8
BLACK
6
CONTINUOUS
10
145.5617729999999881
20
-88.5735569999999939
11
145.5617729999999881
21
-88.3775229999999965
0
LINE
8
BLACK
6
CONTINUOUS
10
145.5617729999999881
20
-88.3775229999999965
11
145.6000180000000057
21
-88.1852549999999979
0
LINE
8
BLACK
6
CONTINUOUS
10
145.6000180000000057
20
-88.1852549999999979
11
145.6750370000000032
21
-88.0041429999999991
0
LINE
8
BLACK
6
CONTINUOUS
10
145.6750370000000032
20
-88.0041429999999991
11
145.783947999999981
21
-87.8411469999999923
0
LINE
8
BLACK
6
CONTINUOUS
10
145.783947999999981
20
-87.8411469999999923
11
145.9225649999999916
21
-87.7025299999999959
0
LINE
8
BLACK
6
CONTINUOUS
10
145.9225649999999916
20
-87.7025299999999959
11
146.0855609999999842
21
-87.5936189999999897
0
LINE
8
BLACK
6
CONTINUOUS
10
146.0855609999999842
20
-87.5936189999999897
11
146.2666729999999973
21
-87.5185999999999922
0
LINE
8
BLACK
6
CONTINUOUS
10
146.2666729999999973
20
-87.5185999999999922
11
146.4589409999999816
21
-87.480355000000003
0
LINE
8
BLACK
6
CONTINUOUS
10
146.4589409999999816
20
-87.480355000000003
11
146.6549750000000074
21
-87.480355000000003
0
LINE
8
BLACK
6
CONTINUOUS
10
146.6549750000000074
20
-87.480355000000003
11
146.8472429999999918
21
-87.5185999999999922
0
LINE
8
BLACK
6
CONTINUOUS
10
147.3569579999999917
20
-81.655540000000002
11
145.7569579999999974
21
-81.655540000000002
0
LINE
8
BLACK
6
CONTINUOUS
10
145.7569579999999974
20
-81.655540000000002
11
145.7569579999999974
21
-80.0555399999999935
0
LINE
8
BLACK
6
CONTINUOUS
10
145.7569579999999974
20
-80.0555399999999935
11
147.3569579999999917
21
-80.0555399999999935
0
LINE
8
BLACK
6
CONTINUOUS
10
147.3569579999999917
20
-80.0555399999999935
11
147.3569579999999917
21
-81.655540000000002
0
LINE
8
BLACK
6
CONTINUOUS
10
146.9025570000000016
20
-74.4571239999999932
11
147.0764250000000004
21
-74.5291429999999906
0
LINE
8
BLACK
6
CONTINUOUS
10
147.0764250000000004
20
-74.5291429999999906
11
147.2329019999999957
21
-74.633696999999998
0
LINE
8
BLACK
6
CONTINUOUS
10
147.2329019999999957
20
-74.633696999999998
11
147.3659739999999942
21
-74.7667689999999965
0
LINE
8
BLACK
6
CONTINUOUS
10
147.3659739999999942
20
-74.7667689999999965
11
147.4705280000000016
21
-74.9232459999999918
0
LINE
8
BLACK
6
CONTINUOUS
10
147.4705280000000016
20
-74.9232459999999918
11
147.5425469999999848
21
-75.0971139999999906
0
LINE
8
BLACK
6
CONTINUOUS
10
147.5425469999999848
20
-75.0971139999999906
11
147.5792610000000025
21
-75.281690999999995
0
LINE
8
BLACK
6
CONTINUOUS
10
147.5792610000000025
20
-75.281690999999995
11
147.5792610000000025
21
-75.4698829999999958
0
LINE
8
BLACK
6
CONTINUOUS
10
147.5792610000000025
20
-75.4698829999999958
11
147.5425469999999848
21
-75.6544600000000003
0
LINE
8
BLACK
6
CONTINUOUS
10
147.5425469999999848
20
-75.6544600000000003
11
147.4705280000000016
21
-75.8283279999999991
0
LINE
8
BLACK
6
CONTINUOUS
10
147.4705280000000016
20
-75.8283279999999991
11
147.3659739999999942
21
-75.9848049999999944
0
LINE
8
BLACK
6
CONTINUOUS
10
147.3659739999999942
20
-75.9848049999999944
11
147.2329019999999957
21
-76.1178769999999929
0
LINE
8
BLACK
6
CONTINUOUS
10
147.2329019999999957
20
-76.1178769999999929
11
147.0764250000000004
21
-76.2224310000000003
0
LINE
8
BLACK
6
CONTINUOUS
10
147.0764250000000004
20
-76.2224310000000003
11
146.9025570000000016
21
-76.2944499999999977
0
LINE
8
BLACK
6
CONTINUOUS
10
146.9025570000000016
20
-76.2944499999999977
11
146.717979999999983
21
-76.3311640000000011
0
LINE
8
BLACK
6
CONTINUOUS
10
146.717979999999983
20
-76.3311640000000011
11
146.5297879999999964
21
-76.3311640000000011
0
LINE
8
BLACK
6
CONTINUOUS
10
146.5297879999999964
20
-76.3311640000000011
11
146.3452110000000062
21
-76.2944499999999977
0
LINE
8
BLACK
6
CONTINUOUS
10
146.3452110000000062
20
-76.2944499999999977
11
146.1713430000000074
21
-76.2224310000000003
0
LINE
8
BLACK
6
CONTINUOUS
10
146.1713430000000074
20
-76.2224310000000003
11
146.0148659999999836
21
-76.1178769999999929
0
LINE
8
BLACK
6
CONTINUOUS
10
146.0148659999999836
20
-76.1178769999999929
11
145.8817939999999851
21
-75.9848049999999944
0
LINE
8
BLACK
6
CONTINUOUS
10
145.8817939999999851
20
-75.9848049999999944
11
145.7772400000000061
21
-75.8283279999999991
0
LINE
8
BLACK
6
CONTINUOUS
10
145.7772400000000061
20
-75.8283279999999991
11
145.7052209999999945
21
-75.6544600000000003
0
LINE
8
BLACK
6
CONTINUOUS
10
145.7052209999999945
20
-75.6544600000000003
11
145.6685070000000053
21
-75.4698829999999958
0
LINE
8
BLACK
6
CONTINUOUS
10
145.6685070000000053
20
-75.4698829999999958
11
145.6685070000000053
21
-75.281690999999995
0
LINE
8
BLACK
6
CONTINUOUS
10
145.6685070000000053
20
-75.281690999999995
11
145.7052209999999945
21
-75.0971139999999906
0
LINE
8
BLACK
6
CONTINUOUS
10
145.7052209999999945
20
-75.0971139999999906
11
145.7772400000000061
21
-74.9232459999999918
0
LINE
8
BLACK
6
CONTINUOUS
10
145.7772400000000061
20
-74.9232459999999918
11
145.8817939999999851
21
-74.7667689999999965
0
LINE
8
BLACK
6
CONTINUOUS
10
145.8817939999999851
20
-74.7667689999999965
11
146.0148659999999836
21
-74.633696999999998
0
LINE
8
BLACK
6
CONTINUOUS
10
146.0148659999999836
20
-74.633696999999998
11
146.1713430000000074
21
-74.5291429999999906
0
LINE
8
BLACK
6
CONTINUOUS
10
146.1713430000000074
20
-74.5291429999999906
11
146.3452110000000062
21
-74.4571239999999932
0
LINE
8
BLACK
6
CONTINUOUS
10
146.3452110000000062
20
-74.4571239999999932
11
146.5297879999999964
21
-74.4204099999999897
0
LINE
8
BLACK
6
CONTINUOUS
10
146.5297879999999964
20
-74.4204099999999897
11
146.717979999999983
21
-74.4204099999999897
0
LINE
8
BLACK
6
CONTINUOUS
10
146.717979999999983
20
-74.4204099999999897
11
146.9025570000000016
21
-74.4571239999999932
0
LINE
8
BLACK
6
CONTINUOUS
10
147.6238869999999963
20
-73.8357829999999922
11
145.6238869999999963
21
-73.8357829999999922
0
LINE
8
BLACK
6
CONTINUOUS
10
145.6238869999999963
20
-73.8357829999999922
11
145.6238869999999963
21
-71.8357829999999922
0
LINE
8
BLACK
6
CONTINUOUS
10
145.6238869999999963
20
-71.8357829999999922
11
147.6238869999999963
21
-71.8357829999999922
0
LINE
8
BLACK
6
CONTINUOUS
10
147.6238869999999963
20
-71.8357829999999922
11
147.6238869999999963
21
-73.8357829999999922
0
LINE
8
BLACK
6
CONTINUOUS
10
141.2497060000000033
20
-70.4887540000000001
11
141.4127069999999833
21
-70.5562709999999953
0
LINE
8
BLACK
6
CONTINUOUS
10
141.4127069999999833
20
-70.5562709999999953
11
141.5594040000000007
21
-70.6542910000000006
0
LINE
8
BLACK
6
CONTINUOUS
10
141.5594040000000007
20
-70.6542910000000006
11
141.684158999999994
21
-70.7790459999999939
0
LINE
8
BLACK
6
CONTINUOUS
10
141.684158999999994
20
-70.7790459999999939
11
141.7821789999999851
21
-70.9257429999999971
0
LINE
8
BLACK
6
CONTINUOUS
10
141.7821789999999851
20
-70.9257429999999971
11
141.8496959999999945
21
-71.0887439999999913
0
LINE
8
BLACK
6
CONTINUOUS
10
141.8496959999999945
20
-71.0887439999999913
11
141.8841160000000059
21
-71.2617850000000033
0
LINE
8
BLACK
6
CONTINUOUS
10
141.8841160000000059
20
-71.2617850000000033
11
141.8841160000000059
21
-71.4382149999999996
0
LINE
8
BLACK
6
CONTINUOUS
10
141.8841160000000059
20
-71.4382149999999996
11
141.8496959999999945
21
-71.6112559999999974
0
LINE
8
BLACK
6
CONTINUOUS
10
141.8496959999999945
20
-71.6112559999999974
11
141.7821789999999851
21
-71.7742569999999915
0
LINE
8
BLACK
6
CONTINUOUS
10
141.7821789999999851
20
-71.7742569999999915
11
141.684158999999994
21
-71.9209539999999947
0
LINE
8
BLACK
6
CONTINUOUS
10
141.684158999999994
20
-71.9209539999999947
11
141.5594040000000007
21
-72.0457090000000022
0
LINE
8
BLACK
6
CONTINUOUS
10
141.5594040000000007
20
-72.0457090000000022
11
141.4127069999999833
21
-72.1437289999999933
0
LINE
8
BLACK
6
CONTINUOUS
10
141.4127069999999833
20
-72.1437289999999933
11
141.2497060000000033
21
-72.2112460000000027
0
LINE
8
BLACK
6
CONTINUOUS
10
141.2497060000000033
20
-72.2112460000000027
11
141.0766649999999913
21
-72.2456659999999999
0
LINE
8
BLACK
6
CONTINUOUS
10
141.0766649999999913
20
-72.2456659999999999
11
140.9002349999999808
21
-72.2456659999999999
0
LINE
8
BLACK
6
CONTINUOUS
10
140.9002349999999808
20
-72.2456659999999999
11
140.7271939999999972
21
-72.2112460000000027
0
LINE
8
BLACK
6
CONTINUOUS
10
140.7271939999999972
20
-72.2112460000000027
11
140.5641929999999888
21
-72.1437289999999933
0
LINE
8
BLACK
6
CONTINUOUS
10
140.5641929999999888
20
-72.1437289999999933
11
140.4174959999999999
21
-72.0457090000000022
0
LINE
8
BLACK
6
CONTINUOUS
10
140.4174959999999999
20
-72.0457090000000022
11
140.2927410000000066
21
-71.9209539999999947
0
LINE
8
BLACK
6
CONTINUOUS
10
140.2927410000000066
20
-71.9209539999999947
11
140.194720999999987
21
-71.7742569999999915
0
LINE
8
BLACK
6
CONTINUOUS
10
140.194720999999987
20
-71.7742569999999915
11
140.1272040000000061
21
-71.6112559999999974
0
LINE
8
BLACK
6
CONTINUOUS
10
140.1272040000000061
20
-71.6112559999999974
11
140.0927839999999946
21
-71.4382149999999996
0
LINE
8
BLACK
6
CONTINUOUS
10
140.0927839999999946
20
-71.4382149999999996
11
140.0927839999999946
21
-71.2617850000000033
0
LINE
8
BLACK
6
CONTINUOUS
10
140.0927839999999946
20
-71.2617850000000033
11
140.1272040000000061
21
-71.0887439999999913
0
LINE
8
BLACK
6
CONTINUOUS
10
140.1272040000000061
20
-71.0887439999999913
11
140.194720999999987
21
-70.9257429999999971
0
LINE
8
BLACK
6
CONTINUOUS
10
140.194720999999987
20
-70.9257429999999971
11
140.2927410000000066
21
-70.7790459999999939
0
LINE
8
BLACK
6
CONTINUOUS
10
140.2927410000000066
20
-70.7790459999999939
11
140.4174959999999999
21
-70.6542910000000006
0
LINE
8
BLACK
6
CONTINUOUS
10
140.4174959999999999
20
-70.6542910000000006
11
140.5641929999999888
21
-70.5562709999999953
0
LINE
8
BLACK
6
CONTINUOUS
10
140.5641929999999888
20
-70.5562709999999953
11
140.7271939999999972
21
-70.4887540000000001
0
LINE
8
BLACK
6
CONTINUOUS
10
140.7271939999999972
20
-70.4887540000000001
11
140.9002349999999808
21
-70.4543340000000029
0
LINE
8
BLACK
6
CONTINUOUS
10
140.9002349999999808
20
-70.4543340000000029
11
141.0766649999999913
21
-70.4543340000000029
0
LINE
8
BLACK
6
CONTINUOUS
10
141.0766649999999913
20
-70.4543340000000029
11
141.2497060000000033
21
-70.4887540000000001
0
LINE
8
BLACK
6
CONTINUOUS
10
141.888450000000006
20
-69.7099999999999937
11
140.0884499999999946
21
-69.7099999999999937
0
LINE
8
BLACK
6
CONTINUOUS
10
140.0884499999999946
20
-69.7099999999999937
11
140.0884499999999946
21
-67.9099999999999966
0
LINE
8
BLACK
6
CONTINUOUS
10
140.0884499999999946
20
-67.9099999999999966
11
141.888450000000006
21
-67.9099999999999966
0
LINE
8
BLACK
6
CONTINUOUS
10
141.888450000000006
20
-67.9099999999999966
11
141.888450000000006
21
-69.7099999999999937
0
LINE
8
BLACK
6
CONTINUOUS
10
148.8027019999999823
20
-62.7106169999999992
11
149.1867709999999931
21
-62.7273859999999956
0
LINE
8
BLACK
6
CONTINUOUS
10
149.1867709999999931
20
-62.7273859999999956
11
149.1975060000000042
21
-62.7283259999999956
0
LINE
8
BLACK
6
CONTINUOUS
10
149.1975060000000042
20
-62.7283259999999956
11
149.5759709999999814
21
-62.7781519999999986
0
LINE
8
BLACK
6
CONTINUOUS
10
149.5759709999999814
20
-62.7781519999999986
11
149.5865969999999834
21
-62.7800249999999949
0
LINE
8
BLACK
6
CONTINUOUS
10
149.5865969999999834
20
-62.7800249999999949
11
149.9592839999999967
21
-62.8626480000000001
0
LINE
8
BLACK
6
CONTINUOUS
10
149.9592839999999967
20
-62.8626480000000001
11
149.9697099999999921
21
-62.8654419999999945
0
LINE
8
BLACK
6
CONTINUOUS
10
149.9697099999999921
20
-62.8654419999999945
11
150.3337649999999996
21
-62.9802269999999993
0
LINE
8
BLACK
6
CONTINUOUS
10
150.3337649999999996
20
-62.9802269999999993
11
150.3439109999999914
21
-62.9839199999999977
0
LINE
8
BLACK
6
CONTINUOUS
10
150.3439109999999914
20
-62.9839199999999977
11
150.6965779999999882
21
-63.1299999999999955
0
LINE
8
BLACK
6
CONTINUOUS
10
150.6965779999999882
20
-63.1299999999999955
11
150.7063689999999951
21
-63.1345659999999995
0
LINE
8
BLACK
6
CONTINUOUS
10
150.7063689999999951
20
-63.1345659999999995
11
151.0449419999999918
21
-63.3108159999999955
0
LINE
8
BLACK
6
CONTINUOUS
10
151.0449419999999918
20
-63.3108159999999955
11
151.0543099999999868
21
-63.3162239999999983
0
LINE
8
BLACK
6
CONTINUOUS
10
151.0543099999999868
20
-63.3162239999999983
11
151.3762439999999856
21
-63.5213179999999937
0
LINE
8
BLACK
6
CONTINUOUS
10
151.3762439999999856
20
-63.5213179999999937
11
151.3851049999999816
21
-63.5275229999999951
0
LINE
8
BLACK
6
CONTINUOUS
10
151.3851049999999816
20
-63.5275229999999951
11
151.6879299999999944
21
-63.759888999999994
0
LINE
8
BLACK
6
CONTINUOUS
10
151.6879299999999944
20
-63.759888999999994
11
151.6962169999999901
21
-63.7668429999999944
0
LINE
8
BLACK
6
CONTINUOUS
10
151.6962169999999901
20
-63.7668429999999944
11
151.9776349999999923
21
-64.0247150000000005
0
LINE
8
BLACK
6
CONTINUOUS
10
151.9776349999999923
20
-64.0247150000000005
11
151.9852840000000072
21
-64.0323640000000012
0
LINE
8
BLACK
6
CONTINUOUS
10
151.9852840000000072
20
-64.0323640000000012
11
152.243155999999999
21
-64.3137820000000033
0
LINE
8
BLACK
6
CONTINUOUS
10
152.243155999999999
20
-64.3137820000000033
11
152.2501100000000065
21
-64.3220689999999991
0
LINE
8
BLACK
6
CONTINUOUS
10
152.2501100000000065
20
-64.3220689999999991
11
152.4824759999999912
21
-64.6248939999999976
0
LINE
8
BLACK
6
CONTINUOUS
10
152.4824759999999912
20
-64.6248939999999976
11
152.4886809999999855
21
-64.6337549999999936
0
LINE
8
BLACK
6
CONTINUOUS
10
152.4886809999999855
20
-64.6337549999999936
11
152.693774999999988
21
-64.9556889999999925
0
LINE
8
BLACK
6
CONTINUOUS
10
152.693774999999988
20
-64.9556889999999925
11
152.699183000000005
21
-64.9650570000000016
0
LINE
8
BLACK
6
CONTINUOUS
10
152.699183000000005
20
-64.9650570000000016
11
152.8754299999999944
21
-65.3036230000000018
0
LINE
8
BLACK
6
CONTINUOUS
10
152.8754299999999944
20
-65.3036230000000018
11
152.8800019999999904
21
-65.3134269999999901
0
LINE
8
BLACK
6
CONTINUOUS
10
152.8800019999999904
20
-65.3134269999999901
11
153.0260749999999916
21
-65.6660779999999988
0
LINE
8
BLACK
6
CONTINUOUS
10
153.0260749999999916
20
-65.6660779999999988
11
153.0297750000000008
21
-65.676243999999997
0
LINE
8
BLACK
6
CONTINUOUS
10
153.0297750000000008
20
-65.676243999999997
11
153.1445539999999994
21
-66.0402780000000007
0
LINE
8
BLACK
6
CONTINUOUS
10
153.1445539999999994
20
-66.0402780000000007
11
153.1473540000000071
21
-66.0507269999999949
0
LINE
8
BLACK
6
CONTINUOUS
10
153.1473540000000071
20
-66.0507269999999949
11
153.2299710000000061
21
-66.4233890000000002
0
LINE
8
BLACK
6
CONTINUOUS
10
153.2299710000000061
20
-66.4233890000000002
11
153.2318489999999827
21
-66.4340419999999909
0
LINE
8
BLACK
6
CONTINUOUS
10
153.2318489999999827
20
-66.4340419999999909
11
153.2816709999999887
21
-66.8124729999999971
0
LINE
8
BLACK
6
CONTINUOUS
10
153.2816709999999887
20
-66.8124729999999971
11
153.2826139999999953
21
-66.8232489999999899
0
LINE
8
BLACK
6
CONTINUOUS
10
153.2826139999999953
20
-66.8232489999999899
11
153.2993819999999801
21
-67.207296999999997
0
LINE
8
BLACK
6
CONTINUOUS
10
153.2993819999999801
20
-67.207296999999997
11
153.2994999999999948
21
-67.2127059999999972
0
LINE
8
BLACK
6
CONTINUOUS
10
153.2994999999999948
20
-67.2127059999999972
11
153.2994999999999948
21
-114.7072929999999928
0
LINE
8
BLACK
6
CONTINUOUS
10
153.2994999999999948
20
-114.7072929999999928
11
153.2993819999999801
21
-114.7127019999999931
0
LINE
8
BLACK
6
CONTINUOUS
10
153.2993819999999801
20
-114.7127019999999931
11
153.2826139999999953
21
-115.0967500000000001
0
LINE
8
BLACK
6
CONTINUOUS
10
153.2826139999999953
20
-115.0967500000000001
11
153.2816709999999887
21
-115.1075259999999929
0
LINE
8
BLACK
6
CONTINUOUS
10
153.2816709999999887
20
-115.1075259999999929
11
153.2318489999999827
21
-115.4859569999999991
0
LINE
8
BLACK
6
CONTINUOUS
10
153.2318489999999827
20
-115.4859569999999991
11
153.2299710000000061
21
-115.4966099999999898
0
LINE
8
BLACK
6
CONTINUOUS
10
153.2299710000000061
20
-115.4966099999999898
11
153.1473540000000071
21
-115.8692719999999952
0
LINE
8
BLACK
6
CONTINUOUS
10
153.1473540000000071
20
-115.8692719999999952
11
153.1445539999999994
21
-115.8797209999999893
0
LINE
8
BLACK
6
CONTINUOUS
10
153.1445539999999994
20
-115.8797209999999893
11
153.0297750000000008
21
-116.2437549999999931
0
LINE
8
BLACK
6
CONTINUOUS
10
153.0297750000000008
20
-116.2437549999999931
11
153.0260749999999916
21
-116.2539209999999912
0
LINE
8
BLACK
6
CONTINUOUS
10
153.0260749999999916
20
-116.2539209999999912
11
152.8800019999999904
21
-116.6065719999999999
0
LINE
8
BLACK
6
CONTINUOUS
10
152.8800019999999904
20
-116.6065719999999999
11
152.8754299999999944
21
-116.6163759999999883
0
LINE
8
BLACK
6
CONTINUOUS
10
152.8754299999999944
20
-116.6163759999999883
11
152.699183000000005
21
-116.9549419999999884
0
LINE
8
BLACK
6
CONTINUOUS
10
152.699183000000005
20
-116.9549419999999884
11
152.693774999999988
21
-116.9643099999999976
0
LINE
8
BLACK
6
CONTINUOUS
10
152.693774999999988
20
-116.9643099999999976
11
152.4886809999999855
21
-117.2862439999999964
0
LINE
8
BLACK
6
CONTINUOUS
10
152.4886809999999855
20
-117.2862439999999964
11
152.4824759999999912
21
-117.2951049999999924
0
LINE
8
BLACK
6
CONTINUOUS
10
152.4824759999999912
20
-117.2951049999999924
11
152.2501100000000065
21
-117.597929999999991
0
LINE
8
BLACK
6
CONTINUOUS
10
152.2501100000000065
20
-117.597929999999991
11
152.243155999999999
21
-117.6062170000000009
0
LINE
8
BLACK
6
CONTINUOUS
10
152.243155999999999
20
-117.6062170000000009
11
151.9852840000000072
21
-117.8876349999999888
0
LINE
8
BLACK
6
CONTINUOUS
10
151.9852840000000072
20
-117.8876349999999888
11
151.9776349999999923
21
-117.8952839999999895
0
LINE
8
BLACK
6
CONTINUOUS
10
151.9776349999999923
20
-117.8952839999999895
11
151.6962169999999901
21
-118.1531559999999956
0
LINE
8
BLACK
6
CONTINUOUS
10
151.6962169999999901
20
-118.1531559999999956
11
151.6879299999999944
21
-118.1601099999999889
0
LINE
8
BLACK
6
CONTINUOUS
10
151.6879299999999944
20
-118.1601099999999889
11
151.3851049999999816
21
-118.3924759999999878
0
LINE
8
BLACK
6
CONTINUOUS
10
151.3851049999999816
20
-118.3924759999999878
11
151.3762439999999856
21
-118.3986809999999963
0
LINE
8
BLACK
6
CONTINUOUS
10
151.3762439999999856
20
-118.3986809999999963
11
151.0543099999999868
21
-118.6037749999999988
0
LINE
8
BLACK
6
CONTINUOUS
10
151.0543099999999868
20
-118.6037749999999988
11
151.0449419999999918
21
-118.6091830000000016
0
LINE
8
BLACK
6
CONTINUOUS
10
151.0449419999999918
20
-118.6091830000000016
11
150.7063760000000059
21
-118.785429999999991
0
LINE
8
BLACK
6
CONTINUOUS
10
150.7063760000000059
20
-118.785429999999991
11
150.6965720000000033
21
-118.7900020000000012
0
LINE
8
BLACK
6
CONTINUOUS
10
150.6965720000000033
20
-118.7900020000000012
11
150.3439209999999946
21
-118.9360749999999882
0
LINE
8
BLACK
6
CONTINUOUS
10
150.3439209999999946
20
-118.9360749999999882
11
150.3337549999999965
21
-118.9397749999999974
0
LINE
8
BLACK
6
CONTINUOUS
10
150.3337549999999965
20
-118.9397749999999974
11
149.9697209999999927
21
-119.054553999999996
0
LINE
8
BLACK
6
CONTINUOUS
10
149.9697209999999927
20
-119.054553999999996
11
149.9592719999999986
21
-119.0573539999999895
0
LINE
8
BLACK
6
CONTINUOUS
10
149.9592719999999986
20
-119.0573539999999895
11
149.5866100000000074
21
-119.1399709999999885
0
LINE
8
BLACK
6
CONTINUOUS
10
149.5866100000000074
20
-119.1399709999999885
11
149.5759569999999883
21
-119.1418489999999935
0
LINE
8
BLACK
6
CONTINUOUS
10
149.5759569999999883
20
-119.1418489999999935
11
149.1975259999999821
21
-119.1916709999999995
0
LINE
8
BLACK
6
CONTINUOUS
10
149.1975259999999821
20
-119.1916709999999995
11
149.1867499999999893
21
-119.1926139999999918
0
LINE
8
BLACK
6
CONTINUOUS
10
149.1867499999999893
20
-119.1926139999999918
11
148.8027029999999797
21
-119.2093819999999909
0
LINE
8
BLACK
6
CONTINUOUS
10
148.8027029999999797
20
-119.2093819999999909
11
148.7972939999999937
21
-119.2094999999999914
0
LINE
8
BLACK
6
CONTINUOUS
10
148.7972939999999937
20
-119.2094999999999914
11
126.3027060000000006
21
-119.2094999999999914
0
LINE
8
BLACK
6
CONTINUOUS
10
126.3027060000000006
20
-119.2094999999999914
11
126.2972970000000004
21
-119.2093819999999909
0
LINE
8
BLACK
6
CONTINUOUS
10
126.2972970000000004
20
-119.2093819999999909
11
125.9132489999999933
21
-119.1926139999999918
0
LINE
8
BLACK
6
CONTINUOUS
10
125.9132489999999933
20
-119.1926139999999918
11
125.9024730000000005
21
-119.1916709999999995
0
LINE
8
BLACK
6
CONTINUOUS
10
125.9024730000000005
20
-119.1916709999999995
11
125.5240419999999943
21
-119.1418489999999935
0
LINE
8
BLACK
6
CONTINUOUS
10
125.5240419999999943
20
-119.1418489999999935
11
125.5133889999999894
21
-119.1399709999999885
0
LINE
8
BLACK
6
CONTINUOUS
10
125.5133889999999894
20
-119.1399709999999885
11
125.1407269999999983
21
-119.0573539999999895
0
LINE
8
BLACK
6
CONTINUOUS
10
125.1407269999999983
20
-119.0573539999999895
11
125.1302779999999899
21
-119.054553999999996
0
LINE
8
BLACK
6
CONTINUOUS
10
125.1302779999999899
20
-119.054553999999996
11
124.7662440000000004
21
-118.9397749999999974
0
LINE
8
BLACK
6
CONTINUOUS
10
124.7662440000000004
20
-118.9397749999999974
11
124.756077999999988
21
-118.9360749999999882
0
LINE
8
BLACK
6
CONTINUOUS
10
124.756077999999988
20
-118.9360749999999882
11
124.4034269999999935
21
-118.7900020000000012
0
LINE
8
BLACK
6
CONTINUOUS
10
124.4034269999999935
20
-118.7900020000000012
11
124.393622999999991
21
-118.785429999999991
0
LINE
8
BLACK
6
CONTINUOUS
10
124.393622999999991
20
-118.785429999999991
11
124.0550569999999908
21
-118.6091830000000016
0
LINE
8
BLACK
6
CONTINUOUS
10
124.0550569999999908
20
-118.6091830000000016
11
124.0456889999999959
21
-118.6037749999999988
0
LINE
8
BLACK
6
CONTINUOUS
10
124.0456889999999959
20
-118.6037749999999988
11
123.723754999999997
21
-118.3986809999999963
0
LINE
8
BLACK
6
CONTINUOUS
10
123.723754999999997
20
-118.3986809999999963
11
123.714894000000001
21
-118.3924759999999878
0
LINE
8
BLACK
6
CONTINUOUS
10
123.714894000000001
20
-118.3924759999999878
11
123.4120689999999883
21
-118.1601099999999889
0
LINE
8
BLACK
6
CONTINUOUS
10
123.4120689999999883
20
-118.1601099999999889
11
123.4037819999999925
21
-118.1531559999999956
0
LINE
8
BLACK
6
CONTINUOUS
10
123.4037819999999925
20
-118.1531559999999956
11
123.1223639999999904
21
-117.8952839999999895
0
LINE
8
BLACK
6
CONTINUOUS
10
123.1223639999999904
20
-117.8952839999999895
11
123.1147149999999897
21
-117.8876349999999888
0
LINE
8
BLACK
6
CONTINUOUS
10
123.1147149999999897
20
-117.8876349999999888
11
122.8568429999999978
21
-117.6062170000000009
0
LINE
8
BLACK
6
CONTINUOUS
10
122.8568429999999978
20
-117.6062170000000009
11
122.8498889999999903
21
-117.597929999999991
0
LINE
8
BLACK
6
CONTINUOUS
10
122.8498889999999903
20
-117.597929999999991
11
122.7939209999999974
21
-117.524991
0
LINE
8
BLACK
6
CONTINUOUS
10
122.7939209999999974
20
-117.524991
11
122.6175229999999914
21
-117.2951049999999924
0
LINE
8
BLACK
6
CONTINUOUS
10
122.6175229999999914
20
-117.2951049999999924
11
122.6113179999999971
21
-117.2862439999999964
0
LINE
8
BLACK
6
CONTINUOUS
10
122.6113179999999971
20
-117.2862439999999964
11
122.4062239999999946
21
-116.9643099999999976
0
LINE
8
BLACK
6
CONTINUOUS
10
122.4062239999999946
20
-116.9643099999999976
11
122.4008159999999918
21
-116.9549419999999884
0
LINE
8
BLACK
6
CONTINUOUS
10
122.4008159999999918
20
-116.9549419999999884
11
122.3852289999999954
21
-116.9249999999999972
0
LINE
8
BLACK
6
CONTINUOUS
10
122.3852289999999954
20
-116.9249999999999972
11
122.2245659999999958
21
-116.6163689999999917
0
LINE
8
BLACK
6
CONTINUOUS
10
122.2245659999999958
20
-116.6163689999999917
11
122.2199969999999922
21
-116.6065719999999999
0
LINE
8
BLACK
6
CONTINUOUS
10
122.2199969999999922
20
-116.6065719999999999
11
122.2153879999999901
21
-116.5954440000000005
0
LINE
8
BLACK
6
CONTINUOUS
10
122.2153879999999901
20
-116.5954440000000005
11
122.0739200000000011
21
-116.253910999999988
0
LINE
8
BLACK
6
CONTINUOUS
10
122.0739200000000011
20
-116.253910999999988
11
122.0702239999999961
21
-116.2437549999999931
0
LINE
8
BLACK
6
CONTINUOUS
10
122.0702239999999961
20
-116.2437549999999931
11
122.058212999999995
21
-116.2056599999999946
0
LINE
8
BLACK
6
CONTINUOUS
10
122.058212999999995
20
-116.2056599999999946
11
121.9554419999999908
21
-115.8797099999999887
0
LINE
8
BLACK
6
CONTINUOUS
10
121.9554419999999908
20
-115.8797099999999887
11
121.9526479999999964
21
-115.8692839999999933
0
LINE
8
BLACK
6
CONTINUOUS
10
121.9526479999999964
20
-115.8692839999999933
11
121.8700249999999983
21
-115.4965969999999942
0
LINE
8
BLACK
6
CONTINUOUS
10
121.8700249999999983
20
-115.4965969999999942
11
121.8681519999999949
21
-115.4859709999999922
0
LINE
8
BLACK
6
CONTINUOUS
10
121.8681519999999949
20
-115.4859709999999922
11
121.818325999999999
21
-115.1075060000000008
0
LINE
8
BLACK
6
CONTINUOUS
10
121.818325999999999
20
-115.1075060000000008
11
121.8173859999999991
21
-115.0967709999999897
0
LINE
8
BLACK
6
CONTINUOUS
10
121.8173859999999991
20
-115.0967709999999897
11
121.8006180000000001
21
-114.7127019999999931
0
LINE
8
BLACK
6
CONTINUOUS
10
121.8006180000000001
20
-114.7127019999999931
11
121.8004999999999995
21
-114.7072929999999928
0
LINE
8
BLACK
6
CONTINUOUS
10
121.8004999999999995
20
-114.7072929999999928
11
121.8004999999999995
21
-114.5282339999999976
0
LINE
8
BLACK
6
CONTINUOUS
10
121.8004999999999995
20
-114.5282339999999976
11
121.8004999999999995
21
-108.3647599999999898
0
LINE
8
BLACK
6
CONTINUOUS
10
121.8004999999999995
20
-108.3647599999999898
11
121.8004999999999995
21
-94.2784580000000005
0
LINE
8
BLACK
6
CONTINUOUS
10
121.8004999999999995
20
-94.2784580000000005
11
121.8004999999999995
21
-88.3519549999999896
0
LINE
8
BLACK
6
CONTINUOUS
10
121.8004999999999995
20
-88.3519549999999896
11
121.8004999999999995
21
-67.2127059999999972
0
LINE
8
BLACK
6
CONTINUOUS
10
121.8004999999999995
20
-67.2127059999999972
11
121.8006180000000001
21
-67.207296999999997
0
LINE
8
BLACK
6
CONTINUOUS
10
121.8006180000000001
20
-67.207296999999997
11
121.8084360000000004
21
-67.0282339999999976
0
LINE
8
BLACK
6
CONTINUOUS
10
121.8084360000000004
20
-67.0282339999999976
11
121.8088049999999924
21
-67.0197780000000023
0
LINE
8
BLACK
6
CONTINUOUS
10
121.8088049999999924
20
-67.0197780000000023
11
121.8088049999999924
21
-67.0197769999999906
0
LINE
8
BLACK
6
CONTINUOUS
10
121.8088049999999924
20
-67.0197769999999906
11
121.8104329999999891
21
-66.9824979999999925
0
LINE
8
BLACK
6
CONTINUOUS
10
121.8104329999999891
20
-66.9824979999999925
11
121.8173859999999991
21
-66.8232280000000003
0
LINE
8
BLACK
6
CONTINUOUS
10
121.8173859999999991
20
-66.8232280000000003
11
121.818325999999999
21
-66.8124949999999984
0
LINE
8
BLACK
6
CONTINUOUS
10
121.818325999999999
20
-66.8124949999999984
11
121.8681519999999949
21
-66.4340249999999912
0
LINE
8
BLACK
6
CONTINUOUS
10
121.8681519999999949
20
-66.4340249999999912
11
121.8700249999999983
21
-66.4234050000000025
0
LINE
8
BLACK
6
CONTINUOUS
10
121.8700249999999983
20
-66.4234050000000025
11
121.9526489999999939
21
-66.0507089999999977
0
LINE
8
BLACK
6
CONTINUOUS
10
121.9526489999999939
20
-66.0507089999999977
11
121.9554399999999958
21
-66.0402950000000004
0
LINE
8
BLACK
6
CONTINUOUS
10
121.9554399999999958
20
-66.0402950000000004
11
122.0702299999999951
21
-65.6762269999999972
0
LINE
8
BLACK
6
CONTINUOUS
10
122.0702299999999951
20
-65.6762269999999972
11
122.0739169999999945
21
-65.6660949999999985
0
LINE
8
BLACK
6
CONTINUOUS
10
122.0739169999999945
20
-65.6660949999999985
11
122.2200029999999913
21
-65.3134119999999996
0
LINE
8
BLACK
6
CONTINUOUS
10
122.2200029999999913
20
-65.3134119999999996
11
122.2245609999999942
21
-65.3036379999999923
0
LINE
8
BLACK
6
CONTINUOUS
10
122.2245609999999942
20
-65.3036379999999923
11
122.4008219999999909
21
-64.9650450000000035
0
LINE
8
BLACK
6
CONTINUOUS
10
122.4008219999999909
20
-64.9650450000000035
11
122.4062169999999981
21
-64.9556999999999931
0
LINE
8
BLACK
6
CONTINUOUS
10
122.4062169999999981
20
-64.9556999999999931
11
122.6113249999999937
21
-64.633743999999993
0
LINE
8
BLACK
6
CONTINUOUS
10
122.6113249999999937
20
-64.633743999999993
11
122.6175149999999974
21
-64.6249049999999983
0
LINE
8
BLACK
6
CONTINUOUS
10
122.6175149999999974
20
-64.6249049999999983
11
122.8498960000000011
21
-64.3220599999999934
0
LINE
8
BLACK
6
CONTINUOUS
10
122.8498960000000011
20
-64.3220599999999934
11
122.8568339999999921
21
-64.3137909999999948
0
LINE
8
BLACK
6
CONTINUOUS
10
122.8568339999999921
20
-64.3137909999999948
11
123.1147259999999903
21
-64.032352000000003
0
LINE
8
BLACK
6
CONTINUOUS
10
123.1147259999999903
20
-64.032352000000003
11
123.1223519999999922
21
-64.0247260000000011
0
LINE
8
BLACK
6
CONTINUOUS
10
123.1223519999999922
20
-64.0247260000000011
11
123.4037909999999982
21
-63.7668339999999958
0
LINE
8
BLACK
6
CONTINUOUS
10
123.4037909999999982
20
-63.7668339999999958
11
123.4120599999999968
21
-63.7598959999999977
0
LINE
8
BLACK
6
CONTINUOUS
10
123.4120599999999968
20
-63.7598959999999977
11
123.7149049999999875
21
-63.527514999999994
0
LINE
8
BLACK
6
CONTINUOUS
10
123.7149049999999875
20
-63.527514999999994
11
123.7237439999999964
21
-63.5213249999999974
0
LINE
8
BLACK
6
CONTINUOUS
10
123.7237439999999964
20
-63.5213249999999974
11
124.0456999999999965
21
-63.3162169999999946
0
LINE
8
BLACK
6
CONTINUOUS
10
124.0456999999999965
20
-63.3162169999999946
11
124.0550449999999927
21
-63.3108219999999946
0
LINE
8
BLACK
6
CONTINUOUS
10
124.0550449999999927
20
-63.3108219999999946
11
124.3936379999999957
21
-63.1345609999999979
0
LINE
8
BLACK
6
CONTINUOUS
10
124.3936379999999957
20
-63.1345609999999979
11
124.4034119999999888
21
-63.130002999999995
0
LINE
8
BLACK
6
CONTINUOUS
10
124.4034119999999888
20
-63.130002999999995
11
124.7560949999999877
21
-62.9839169999999982
0
LINE
8
BLACK
6
CONTINUOUS
10
124.7560949999999877
20
-62.9839169999999982
11
124.7662270000000007
21
-62.9802299999999988
0
LINE
8
BLACK
6
CONTINUOUS
10
124.7662270000000007
20
-62.9802299999999988
11
125.1302949999999896
21
-62.8654399999999995
0
LINE
8
BLACK
6
CONTINUOUS
10
125.1302949999999896
20
-62.8654399999999995
11
125.1407090000000011
21
-62.8626489999999976
0
LINE
8
BLACK
6
CONTINUOUS
10
125.1407090000000011
20
-62.8626489999999976
11
125.5134049999999917
21
-62.7800249999999949
0
LINE
8
BLACK
6
CONTINUOUS
10
125.5134049999999917
20
-62.7800249999999949
11
125.5240249999999946
21
-62.7781519999999986
0
LINE
8
BLACK
6
CONTINUOUS
10
125.5240249999999946
20
-62.7781519999999986
11
125.9024949999999876
21
-62.7283259999999956
0
LINE
8
BLACK
6
CONTINUOUS
10
125.9024949999999876
20
-62.7283259999999956
11
125.9132259999999945
21
-62.7273859999999956
0
LINE
8
BLACK
6
CONTINUOUS
10
125.9132259999999945
20
-62.7273859999999956
11
126.2972970000000004
21
-62.7106169999999992
0
LINE
8
BLACK
6
CONTINUOUS
10
126.2972970000000004
20
-62.7106169999999992
11
126.3027060000000006
21
-62.7104999999999961
0
LINE
8
BLACK
6
CONTINUOUS
10
126.3027060000000006
20
-62.7104999999999961
11
126.3658919999999881
21
-62.7104999999999961
0
LINE
8
BLACK
6
CONTINUOUS
10
126.3658919999999881
20
-62.7104999999999961
11
148.734107999999992
21
-62.7104999999999961
0
LINE
8
BLACK
6
CONTINUOUS
10
148.734107999999992
20
-62.7104999999999961
11
148.7972939999999937
21
-62.7104999999999961
0
LINE
8
BLACK
6
CONTINUOUS
10
148.7972939999999937
20
-62.7104999999999961
11
148.8027019999999823
21
-62.7106169999999992
0
LINE
8
BLACK
6
CONTINUOUS
10
132.3649999999999807
20
-117.4249999999999972
11
132.3649999999999807
21
-117.5784199999999942
0
LINE
8
BLACK
6
CONTINUOUS
10
132.3649999999999807
20
-117.5784199999999942
11
132.4053480000000036
21
-117.781265999999988
0
LINE
8
BLACK
6
CONTINUOUS
10
132.4053480000000036
20
-117.781265999999988
11
132.4053499999999985
21
-117.7812739999999962
0
LINE
8
BLACK
6
CONTINUOUS
10
132.4053499999999985
20
-117.7812739999999962
11
132.484499999999997
21
-117.9723579999999998
0
LINE
8
BLACK
6
CONTINUOUS
10
132.484499999999997
20
-117.9723579999999998
11
132.4845049999999844
21
-117.9723679999999888
0
LINE
8
BLACK
6
CONTINUOUS
10
132.4845049999999844
20
-117.9723679999999888
11
132.599410000000006
21
-118.1443349999999981
0
LINE
8
BLACK
6
CONTINUOUS
10
132.599410000000006
20
-118.1443349999999981
11
132.5994129999999984
21
-118.144338999999988
0
LINE
8
BLACK
6
CONTINUOUS
10
132.5994129999999984
20
-118.144338999999988
11
132.7456599999999867
21
-118.2905859999999905
0
LINE
8
BLACK
6
CONTINUOUS
10
132.7456599999999867
20
-118.2905859999999905
11
132.745664000000005
21
-118.2905889999999971
0
LINE
8
BLACK
6
CONTINUOUS
10
132.745664000000005
20
-118.2905889999999971
11
132.9176310000000001
21
-118.4054939999999903
0
LINE
8
BLACK
6
CONTINUOUS
10
132.9176310000000001
20
-118.4054939999999903
11
132.9176410000000033
21
-118.4054989999999918
0
LINE
8
BLACK
6
CONTINUOUS
10
132.9176410000000033
20
-118.4054989999999918
11
133.1087229999999977
21
-118.4846479999999929
0
LINE
8
BLACK
6
CONTINUOUS
10
133.1087229999999977
20
-118.4846479999999929
11
133.1087249999999926
21
-118.4846489999999903
0
LINE
8
BLACK
6
CONTINUOUS
10
133.1087249999999926
20
-118.4846489999999903
11
133.164999999999992
21
-118.4958419999999961
0
LINE
8
BLACK
6
CONTINUOUS
10
133.164999999999992
20
-118.4958419999999961
11
133.164999999999992
21
-117.9603139999999968
0
LINE
8
BLACK
6
CONTINUOUS
10
133.164999999999992
20
-117.9603139999999968
11
133.0801809999999819
21
-117.9113439999999997
0
LINE
8
BLACK
6
CONTINUOUS
10
133.0801809999999819
20
-117.9113439999999997
11
132.9786560000000009
21
-117.8098189999999903
0
LINE
8
BLACK
6
CONTINUOUS
10
132.9786560000000009
20
-117.8098189999999903
11
132.9068660000000079
21
-117.6854759999999942
0
LINE
8
BLACK
6
CONTINUOUS
10
132.9068660000000079
20
-117.6854759999999942
11
132.869704999999982
21
-117.5467889999999898
0
LINE
8
BLACK
6
CONTINUOUS
10
132.869704999999982
20
-117.5467889999999898
11
132.8649999999999807
21
-117.4749999999999943
0
LINE
8
BLACK
6
CONTINUOUS
10
132.8649999999999807
20
-117.4749999999999943
11
132.8649999999999807
21
-117.4249999999999972
0
LINE
8
BLACK
6
CONTINUOUS
10
132.8649999999999807
20
-117.4249999999999972
11
132.3649999999999807
21
-117.4249999999999972
0
LINE
8
BLACK
6
CONTINUOUS
10
133.9650000000000034
20
-117.4749999999999943
11
133.9602950000000021
21
-117.5467889999999898
0
LINE
8
BLACK
6
CONTINUOUS
10
133.9602950000000021
20
-117.5467889999999898
11
133.9231340000000046
21
-117.6854759999999942
0
LINE
8
BLACK
6
CONTINUOUS
10
133.9231340000000046
20
-117.6854759999999942
11
133.8513439999999832
21
-117.8098189999999903
0
LINE
8
BLACK
6
CONTINUOUS
10
133.8513439999999832
20
-117.8098189999999903
11
133.7498190000000022
21
-117.9113439999999997
0
LINE
8
BLACK
6
CONTINUOUS
10
133.7498190000000022
20
-117.9113439999999997
11
133.664999999999992
21
-117.9603139999999968
0
LINE
8
BLACK
6
CONTINUOUS
10
133.664999999999992
20
-117.9603139999999968
11
133.664999999999992
21
-118.4958419999999961
0
LINE
8
BLACK
6
CONTINUOUS
10
133.664999999999992
20
-118.4958419999999961
11
133.721273999999994
21
-118.4846489999999903
0
LINE
8
BLACK
6
CONTINUOUS
10
133.721273999999994
20
-118.4846489999999903
11
133.7212759999999889
21
-118.4846479999999929
0
LINE
8
BLACK
6
CONTINUOUS
10
133.7212759999999889
20
-118.4846479999999929
11
133.9123579999999833
21
-118.4054989999999918
0
LINE
8
BLACK
6
CONTINUOUS
10
133.9123579999999833
20
-118.4054989999999918
11
133.9123679999999865
21
-118.4054939999999903
0
LINE
8
BLACK
6
CONTINUOUS
10
133.9123679999999865
20
-118.4054939999999903
11
134.0843349999999816
21
-118.2905889999999971
0
LINE
8
BLACK
6
CONTINUOUS
10
134.0843349999999816
20
-118.2905889999999971
11
134.0843389999999999
21
-118.2905859999999905
0
LINE
8
BLACK
6
CONTINUOUS
10
134.0843389999999999
20
-118.2905859999999905
11
134.2305859999999882
21
-118.144338999999988
0
LINE
8
BLACK
6
CONTINUOUS
10
134.2305859999999882
20
-118.144338999999988
11
134.2305889999999806
21
-118.1443349999999981
0
LINE
8
BLACK
6
CONTINUOUS
10
134.2305889999999806
20
-118.1443349999999981
11
134.3454940000000022
21
-117.9723679999999888
0
LINE
8
BLACK
6
CONTINUOUS
10
134.3454940000000022
20
-117.9723679999999888
11
134.3454989999999896
21
-117.9723579999999998
0
LINE
8
BLACK
6
CONTINUOUS
10
134.3454989999999896
20
-117.9723579999999998
11
134.4246489999999881
21
-117.7812739999999962
0
LINE
8
BLACK
6
CONTINUOUS
10
134.4246489999999881
20
-117.7812739999999962
11
134.424650999999983
21
-117.781265999999988
0
LINE
8
BLACK
6
CONTINUOUS
10
134.424650999999983
20
-117.781265999999988
11
134.4649990000000059
21
-117.5784199999999942
0
LINE
8
BLACK
6
CONTINUOUS
10
134.4649990000000059
20
-117.5784199999999942
11
134.4650000000000034
21
-117.5784170000000017
0
LINE
8
BLACK
6
CONTINUOUS
10
134.4650000000000034
20
-117.5784170000000017
11
134.4650000000000034
21
-117.4249999999999972
0
LINE
8
BLACK
6
CONTINUOUS
10
134.4650000000000034
20
-117.4249999999999972
11
133.9650000000000034
21
-117.4249999999999972
0
LINE
8
BLACK
6
CONTINUOUS
10
133.9650000000000034
20
-117.4249999999999972
11
133.9650000000000034
21
-117.4749999999999943
0
LINE
8
BLACK
6
CONTINUOUS
10
141.0049999999999955
20
-117.4249999999999972
11
141.0049999999999955
21
-117.5784199999999942
0
LINE
8
BLACK
6
CONTINUOUS
10
141.0049999999999955
20
-117.5784199999999942
11
141.04534799999999
21
-117.781265999999988
0
LINE
8
BLACK
6
CONTINUOUS
10
141.04534799999999
20
-117.781265999999988
11
141.0453499999999849
21
-117.7812739999999962
0
LINE
8
BLACK
6
CONTINUOUS
10
141.0453499999999849
20
-117.7812739999999962
11
141.1244999999999834
21
-117.9723579999999998
0
LINE
8
BLACK
6
CONTINUOUS
10
141.1244999999999834
20
-117.9723579999999998
11
141.1245049999999992
21
-117.9723679999999888
0
LINE
8
BLACK
6
CONTINUOUS
10
141.1245049999999992
20
-117.9723679999999888
11
141.2394099999999924
21
-118.1443349999999981
0
LINE
8
BLACK
6
CONTINUOUS
10
141.2394099999999924
20
-118.1443349999999981
11
141.2394129999999848
21
-118.144338999999988
0
LINE
8
BLACK
6
CONTINUOUS
10
141.2394129999999848
20
-118.144338999999988
11
141.3856600000000014
21
-118.2905859999999905
0
LINE
8
BLACK
6
CONTINUOUS
10
141.3856600000000014
20
-118.2905859999999905
11
141.3856639999999913
21
-118.2905889999999971
0
LINE
8
BLACK
6
CONTINUOUS
10
141.3856639999999913
20
-118.2905889999999971
11
141.5576309999999864
21
-118.4054939999999903
0
LINE
8
BLACK
6
CONTINUOUS
10
141.5576309999999864
20
-118.4054939999999903
11
141.5576409999999896
21
-118.4054989999999918
0
LINE
8
BLACK
6
CONTINUOUS
10
141.5576409999999896
20
-118.4054989999999918
11
141.748722999999984
21
-118.4846479999999929
0
LINE
8
BLACK
6
CONTINUOUS
10
141.748722999999984
20
-118.4846479999999929
11
141.7487250000000074
21
-118.4846489999999903
0
LINE
8
BLACK
6
CONTINUOUS
10
141.7487250000000074
20
-118.4846489999999903
11
141.8050000000000068
21
-118.4958419999999961
0
LINE
8
BLACK
6
CONTINUOUS
10
141.8050000000000068
20
-118.4958419999999961
11
141.8050000000000068
21
-117.9603139999999968
0
LINE
8
BLACK
6
CONTINUOUS
10
141.8050000000000068
20
-117.9603139999999968
11
141.7201809999999966
21
-117.9113439999999997
0
LINE
8
BLACK
6
CONTINUOUS
10
141.7201809999999966
20
-117.9113439999999997
11
141.6186559999999872
21
-117.8098189999999903
0
LINE
8
BLACK
6
CONTINUOUS
10
141.6186559999999872
20
-117.8098189999999903
11
141.5468659999999943
21
-117.6854759999999942
0
LINE
8
BLACK
6
CONTINUOUS
10
141.5468659999999943
20
-117.6854759999999942
11
141.5097049999999967
21
-117.5467889999999898
0
LINE
8
BLACK
6
CONTINUOUS
10
141.5097049999999967
20
-117.5467889999999898
11
141.5049999999999955
21
-117.4749999999999943
0
LINE
8
BLACK
6
CONTINUOUS
10
141.5049999999999955
20
-117.4749999999999943
11
141.5049999999999955
21
-117.4249999999999972
0
LINE
8
BLACK
6
CONTINUOUS
10
141.5049999999999955
20
-117.4249999999999972
11
141.0049999999999955
21
-117.4249999999999972
0
LINE
8
BLACK
6
CONTINUOUS
10
142.6049999999999898
20
-117.4749999999999943
11
142.6002949999999885
21
-117.5467889999999898
0
LINE
8
BLACK
6
CONTINUOUS
10
142.6002949999999885
20
-117.5467889999999898
11
142.5631339999999909
21
-117.6854759999999942
0
LINE
8
BLACK
6
CONTINUOUS
10
142.5631339999999909
20
-117.6854759999999942
11
142.491343999999998
21
-117.8098189999999903
0
LINE
8
BLACK
6
CONTINUOUS
10
142.491343999999998
20
-117.8098189999999903
11
142.3898189999999886
21
-117.9113439999999997
0
LINE
8
BLACK
6
CONTINUOUS
10
142.3898189999999886
20
-117.9113439999999997
11
142.3050000000000068
21
-117.9603139999999968
0
LINE
8
BLACK
6
CONTINUOUS
10
142.3050000000000068
20
-117.9603139999999968
11
142.3050000000000068
21
-118.4958419999999961
0
LINE
8
BLACK
6
CONTINUOUS
10
142.3050000000000068
20
-118.4958419999999961
11
142.3612739999999803
21
-118.4846489999999903
0
LINE
8
BLACK
6
CONTINUOUS
10
142.3612739999999803
20
-118.4846489999999903
11
142.3612760000000037
21
-118.4846479999999929
0
LINE
8
BLACK
6
CONTINUOUS
10
142.3612760000000037
20
-118.4846479999999929
11
142.5523579999999981
21
-118.4054989999999918
0
LINE
8
BLACK
6
CONTINUOUS
10
142.5523579999999981
20
-118.4054989999999918
11
142.5523680000000013
21
-118.4054939999999903
0
LINE
8
BLACK
6
CONTINUOUS
10
142.5523680000000013
20
-118.4054939999999903
11
142.7243349999999964
21
-118.2905889999999971
0
LINE
8
BLACK
6
CONTINUOUS
10
142.7243349999999964
20
-118.2905889999999971
11
142.7243389999999863
21
-118.2905859999999905
0
LINE
8
BLACK
6
CONTINUOUS
10
142.7243389999999863
20
-118.2905859999999905
11
142.870586000000003
21
-118.144338999999988
0
LINE
8
BLACK
6
CONTINUOUS
10
142.870586000000003
20
-118.144338999999988
11
142.8705889999999954
21
-118.1443349999999981
0
LINE
8
BLACK
6
CONTINUOUS
10
142.8705889999999954
20
-118.1443349999999981
11
142.9854939999999885
21
-117.9723679999999888
0
LINE
8
BLACK
6
CONTINUOUS
10
142.9854939999999885
20
-117.9723679999999888
11
142.9854990000000043
21
-117.9723579999999998
0
LINE
8
BLACK
6
CONTINUOUS
10
142.9854990000000043
20
-117.9723579999999998
11
143.0646490000000028
21
-117.7812739999999962
0
LINE
8
BLACK
6
CONTINUOUS
10
143.0646490000000028
20
-117.7812739999999962
11
143.0646509999999978
21
-117.781265999999988
0
LINE
8
BLACK
6
CONTINUOUS
10
143.0646509999999978
20
-117.781265999999988
11
143.1049989999999923
21
-117.5784199999999942
0
LINE
8
BLACK
6
CONTINUOUS
10
143.1049989999999923
20
-117.5784199999999942
11
143.1049999999999898
21
-117.5784170000000017
0
LINE
8
BLACK
6
CONTINUOUS
10
143.1049999999999898
20
-117.5784170000000017
11
143.1049999999999898
21
-117.4249999999999972
0
LINE
8
BLACK
6
CONTINUOUS
10
143.1049999999999898
20
-117.4249999999999972
11
142.6049999999999898
21
-117.4249999999999972
0
LINE
8
BLACK
6
CONTINUOUS
10
142.6049999999999898
20
-117.4249999999999972
11
142.6049999999999898
21
-117.4749999999999943
0
LINE
8
BLACK
6
CONTINUOUS
10
123.8652319999999918
20
-117.4983189999999951
11
123.8652329999999893
21
-117.4983199999999925
0
LINE
8
BLACK
6
CONTINUOUS
10
123.8652329999999893
20
-117.4983199999999925
11
124.0932490000000001
21
-117.6854479999999938
0
LINE
8
BLACK
6
CONTINUOUS
10
124.0932490000000001
20
-117.6854479999999938
11
124.3955189999999931
21
-117.8874179999999967
0
LINE
8
BLACK
6
CONTINUOUS
10
124.3955189999999931
20
-117.8874179999999967
11
124.3955369999999903
21
-117.8874289999999974
0
LINE
8
BLACK
6
CONTINUOUS
10
124.3955369999999903
20
-117.8874289999999974
11
124.7161299999999926
21
-118.0587899999999877
0
LINE
8
BLACK
6
CONTINUOUS
10
124.7161299999999926
20
-118.0587899999999877
11
124.7161349999999942
21
-118.0587919999999968
0
LINE
8
BLACK
6
CONTINUOUS
10
124.7161349999999942
20
-118.0587919999999968
11
125.0520019999999874
21
-118.1979129999999998
0
LINE
8
BLACK
6
CONTINUOUS
10
125.0520019999999874
20
-118.1979129999999998
11
125.3998979999999932
21
-118.3034459999999939
0
LINE
8
BLACK
6
CONTINUOUS
10
125.3998979999999932
20
-118.3034459999999939
11
125.3999089999999939
21
-118.3034490000000005
0
LINE
8
BLACK
6
CONTINUOUS
10
125.3999089999999939
20
-118.3034490000000005
11
125.7564429999999902
21
-118.3743669999999923
0
LINE
8
BLACK
6
CONTINUOUS
10
125.7564429999999902
20
-118.3743669999999923
11
126.1182340000000011
21
-118.4099999999999966
0
LINE
8
BLACK
6
CONTINUOUS
10
126.1182340000000011
20
-118.4099999999999966
11
126.4817659999999933
21
-118.4099999999999966
0
LINE
8
BLACK
6
CONTINUOUS
10
126.4817659999999933
20
-118.4099999999999966
11
126.8435559999999924
21
-118.3743669999999923
0
LINE
8
BLACK
6
CONTINUOUS
10
126.8435559999999924
20
-118.3743669999999923
11
127.2000899999999888
21
-118.3034490000000005
0
LINE
8
BLACK
6
CONTINUOUS
10
127.2000899999999888
20
-118.3034490000000005
11
127.2001009999999894
21
-118.3034459999999939
0
LINE
8
BLACK
6
CONTINUOUS
10
127.2001009999999894
20
-118.3034459999999939
11
127.5479969999999952
21
-118.1979129999999998
0
LINE
8
BLACK
6
CONTINUOUS
10
127.5479969999999952
20
-118.1979129999999998
11
127.8838639999999884
21
-118.0587919999999968
0
LINE
8
BLACK
6
CONTINUOUS
10
127.8838639999999884
20
-118.0587919999999968
11
127.88386899999999
21
-118.0587899999999877
0
LINE
8
BLACK
6
CONTINUOUS
10
127.88386899999999
20
-118.0587899999999877
11
128.2044620000000066
21
-117.8874289999999974
0
LINE
8
BLACK
6
CONTINUOUS
10
128.2044620000000066
20
-117.8874289999999974
11
128.2044799999999896
21
-117.8874179999999967
0
LINE
8
BLACK
6
CONTINUOUS
10
128.2044799999999896
20
-117.8874179999999967
11
128.5067359999999894
21
-117.6854569999999995
0
LINE
8
BLACK
6
CONTINUOUS
10
128.5067359999999894
20
-117.6854569999999995
11
128.5067499999999825
21
-117.6854469999999964
0
LINE
8
BLACK
6
CONTINUOUS
10
128.5067499999999825
20
-117.6854469999999964
11
128.7347649999999817
21
-117.4983199999999925
0
LINE
8
BLACK
6
CONTINUOUS
10
128.7347649999999817
20
-117.4983199999999925
11
128.7347660000000076
21
-117.4983189999999951
0
LINE
8
BLACK
6
CONTINUOUS
10
128.7347660000000076
20
-117.4983189999999951
11
128.6977660000000014
21
-117.4613189999999889
0
LINE
8
BLACK
6
CONTINUOUS
10
128.6977660000000014
20
-117.4613189999999889
11
128.3767819999999915
21
-117.1403349999999932
0
LINE
8
BLACK
6
CONTINUOUS
10
128.3767819999999915
20
-117.1403349999999932
11
128.1517479999999978
21
-117.3197949999999992
0
LINE
8
BLACK
6
CONTINUOUS
10
128.1517479999999978
20
-117.3197949999999992
11
127.8478999999999957
21
-117.5107149999999905
0
LINE
8
BLACK
6
CONTINUOUS
10
127.8478999999999957
20
-117.5107149999999905
11
127.5245869999999968
21
-117.6664150000000006
0
LINE
8
BLACK
6
CONTINUOUS
10
127.5245869999999968
20
-117.6664150000000006
11
127.1858739999999983
21
-117.7849349999999902
0
LINE
8
BLACK
6
CONTINUOUS
10
127.1858739999999983
20
-117.7849349999999902
11
126.8360199999999907
21
-117.8647869999999926
0
LINE
8
BLACK
6
CONTINUOUS
10
126.8360199999999907
20
-117.8647869999999926
11
126.479424999999992
21
-117.9049660000000017
0
LINE
8
BLACK
6
CONTINUOUS
10
126.479424999999992
20
-117.9049660000000017
11
126.1205749999999881
21
-117.9049660000000017
0
LINE
8
BLACK
6
CONTINUOUS
10
126.1205749999999881
20
-117.9049660000000017
11
125.7639799999999894
21
-117.8647869999999926
0
LINE
8
BLACK
6
CONTINUOUS
10
125.7639799999999894
20
-117.8647869999999926
11
125.414125999999996
21
-117.7849349999999902
0
LINE
8
BLACK
6
CONTINUOUS
10
125.414125999999996
20
-117.7849349999999902
11
125.0754129999999975
21
-117.6664150000000006
0
LINE
8
BLACK
6
CONTINUOUS
10
125.0754129999999975
20
-117.6664150000000006
11
124.7520999999999987
21
-117.5107149999999905
0
LINE
8
BLACK
6
CONTINUOUS
10
124.7520999999999987
20
-117.5107149999999905
11
124.4482519999999965
21
-117.3197949999999992
0
LINE
8
BLACK
6
CONTINUOUS
10
124.4482519999999965
20
-117.3197949999999992
11
124.2232159999999936
21
-117.1403339999999957
0
LINE
8
BLACK
6
CONTINUOUS
10
124.2232159999999936
20
-117.1403339999999957
11
123.8652319999999918
21
-117.4983189999999951
0
LINE
8
BLACK
6
CONTINUOUS
10
146.3652319999999918
20
-117.4983189999999951
11
146.3652329999999893
21
-117.4983199999999925
0
LINE
8
BLACK
6
CONTINUOUS
10
146.3652329999999893
20
-117.4983199999999925
11
146.5932489999999859
21
-117.6854479999999938
0
LINE
8
BLACK
6
CONTINUOUS
10
146.5932489999999859
20
-117.6854479999999938
11
146.8955190000000073
21
-117.8874179999999967
0
LINE
8
BLACK
6
CONTINUOUS
10
146.8955190000000073
20
-117.8874179999999967
11
146.8955369999999903
21
-117.8874289999999974
0
LINE
8
BLACK
6
CONTINUOUS
10
146.8955369999999903
20
-117.8874289999999974
11
147.2161299999999926
21
-118.0587899999999877
0
LINE
8
BLACK
6
CONTINUOUS
10
147.2161299999999926
20
-118.0587899999999877
11
147.21613499999998
21
-118.0587919999999968
0
LINE
8
BLACK
6
CONTINUOUS
10
147.21613499999998
20
-118.0587919999999968
11
147.5520019999999874
21
-118.1979129999999998
0
LINE
8
BLACK
6
CONTINUOUS
10
147.5520019999999874
20
-118.1979129999999998
11
147.8998980000000074
21
-118.3034459999999939
0
LINE
8
BLACK
6
CONTINUOUS
10
147.8998980000000074
20
-118.3034459999999939
11
147.8999089999999796
21
-118.3034490000000005
0
LINE
8
BLACK
6
CONTINUOUS
10
147.8999089999999796
20
-118.3034490000000005
11
148.2564429999999902
21
-118.3743669999999923
0
LINE
8
BLACK
6
CONTINUOUS
10
148.2564429999999902
20
-118.3743669999999923
11
148.6182340000000011
21
-118.4099999999999966
0
LINE
8
BLACK
6
CONTINUOUS
10
148.6182340000000011
20
-118.4099999999999966
11
148.9817659999999933
21
-118.4099999999999966
0
LINE
8
BLACK
6
CONTINUOUS
10
148.9817659999999933
20
-118.4099999999999966
11
149.3435560000000066
21
-118.3743669999999923
0
LINE
8
BLACK
6
CONTINUOUS
10
149.3435560000000066
20
-118.3743669999999923
11
149.7000899999999888
21
-118.3034490000000005
0
LINE
8
BLACK
6
CONTINUOUS
10
149.7000899999999888
20
-118.3034490000000005
11
149.7001009999999894
21
-118.3034459999999939
0
LINE
8
BLACK
6
CONTINUOUS
10
149.7001009999999894
20
-118.3034459999999939
11
150.047996999999981
21
-118.1979129999999998
0
LINE
8
BLACK
6
CONTINUOUS
10
150.047996999999981
20
-118.1979129999999998
11
150.3838639999999884
21
-118.0587919999999968
0
LINE
8
BLACK
6
CONTINUOUS
10
150.3838639999999884
20
-118.0587919999999968
11
150.3838690000000042
21
-118.0587899999999877
0
LINE
8
BLACK
6
CONTINUOUS
10
150.3838690000000042
20
-118.0587899999999877
11
150.7044620000000066
21
-117.8874289999999974
0
LINE
8
BLACK
6
CONTINUOUS
10
150.7044620000000066
20
-117.8874289999999974
11
150.7044799999999896
21
-117.8874179999999967
0
LINE
8
BLACK
6
CONTINUOUS
10
150.7044799999999896
20
-117.8874179999999967
11
151.0067359999999894
21
-117.6854569999999995
0
LINE
8
BLACK
6
CONTINUOUS
10
151.0067359999999894
20
-117.6854569999999995
11
151.0067499999999825
21
-117.6854469999999964
0
LINE
8
BLACK
6
CONTINUOUS
10
151.0067499999999825
20
-117.6854469999999964
11
151.2347649999999817
21
-117.4983199999999925
0
LINE
8
BLACK
6
CONTINUOUS
10
151.2347649999999817
20
-117.4983199999999925
11
151.2347659999999792
21
-117.4983189999999951
0
LINE
8
BLACK
6
CONTINUOUS
10
151.2347659999999792
20
-117.4983189999999951
11
150.8767819999999915
21
-117.1403349999999932
0
LINE
8
BLACK
6
CONTINUOUS
10
150.8767819999999915
20
-117.1403349999999932
11
150.6517479999999978
21
-117.3197949999999992
0
LINE
8
BLACK
6
CONTINUOUS
10
150.6517479999999978
20
-117.3197949999999992
11
150.3478999999999814
21
-117.5107149999999905
0
LINE
8
BLACK
6
CONTINUOUS
10
150.3478999999999814
20
-117.5107149999999905
11
150.0245869999999968
21
-117.6664150000000006
0
LINE
8
BLACK
6
CONTINUOUS
10
150.0245869999999968
20
-117.6664150000000006
11
149.6858739999999841
21
-117.7849349999999902
0
LINE
8
BLACK
6
CONTINUOUS
10
149.6858739999999841
20
-117.7849349999999902
11
149.3360199999999907
21
-117.8647869999999926
0
LINE
8
BLACK
6
CONTINUOUS
10
149.3360199999999907
20
-117.8647869999999926
11
148.979424999999992
21
-117.9049660000000017
0
LINE
8
BLACK
6
CONTINUOUS
10
148.979424999999992
20
-117.9049660000000017
11
148.6205750000000023
21
-117.9049660000000017
0
LINE
8
BLACK
6
CONTINUOUS
10
148.6205750000000023
20
-117.9049660000000017
11
148.2639800000000037
21
-117.8647869999999926
0
LINE
8
BLACK
6
CONTINUOUS
10
148.2639800000000037
20
-117.8647869999999926
11
147.9141259999999818
21
-117.7849349999999902
0
LINE
8
BLACK
6
CONTINUOUS
10
147.9141259999999818
20
-117.7849349999999902
11
147.5754129999999975
21
-117.6664150000000006
0
LINE
8
BLACK
6
CONTINUOUS
10
147.5754129999999975
20
-117.6664150000000006
11
147.2520999999999844
21
-117.5107149999999905
0
LINE
8
BLACK
6
CONTINUOUS
10
147.2520999999999844
20
-117.5107149999999905
11
146.9482519999999965
21
-117.3197949999999992
0
LINE
8
BLACK
6
CONTINUOUS
10
146.9482519999999965
20
-117.3197949999999992
11
146.7232159999999794
21
-117.1403339999999957
0
LINE
8
BLACK
6
CONTINUOUS
10
146.7232159999999794
20
-117.1403339999999957
11
146.3652319999999918
21
-117.4983189999999951
0
LINE
8
BLACK
6
CONTINUOUS
10
129.4774290000000008
20
-112.8055370000000011
11
129.4774180000000001
21
-112.8055189999999897
0
LINE
8
BLACK
6
CONTINUOUS
10
129.4774180000000001
20
-112.8055189999999897
11
129.275447999999983
21
-112.5032489999999967
0
LINE
8
BLACK
6
CONTINUOUS
10
129.275447999999983
20
-112.5032489999999967
11
129.0883199999999817
21
-112.2752330000000001
0
LINE
8
BLACK
6
CONTINUOUS
10
129.0883199999999817
20
-112.2752330000000001
11
129.0883189999999843
21
-112.2752319999999884
0
LINE
8
BLACK
6
CONTINUOUS
10
129.0883189999999843
20
-112.2752319999999884
11
128.7303339999999992
21
-112.6332159999999902
0
LINE
8
BLACK
6
CONTINUOUS
10
128.7303339999999992
20
-112.6332159999999902
11
128.9097950000000026
21
-112.8582519999999931
0
LINE
8
BLACK
6
CONTINUOUS
10
128.9097950000000026
20
-112.8582519999999931
11
129.1007150000000081
21
-113.1620999999999952
0
LINE
8
BLACK
6
CONTINUOUS
10
129.1007150000000081
20
-113.1620999999999952
11
129.2564150000000041
21
-113.4854129999999941
0
LINE
8
BLACK
6
CONTINUOUS
10
129.2564150000000041
20
-113.4854129999999941
11
129.3749349999999936
21
-113.8241259999999926
0
LINE
8
BLACK
6
CONTINUOUS
10
129.3749349999999936
20
-113.8241259999999926
11
129.4547869999999818
21
-114.1739800000000002
0
LINE
8
BLACK
6
CONTINUOUS
10
129.4547869999999818
20
-114.1739800000000002
11
129.4949660000000051
21
-114.5305749999999989
0
LINE
8
BLACK
6
CONTINUOUS
10
129.4949660000000051
20
-114.5305749999999989
11
129.4949660000000051
21
-114.8894249999999886
0
LINE
8
BLACK
6
CONTINUOUS
10
129.4949660000000051
20
-114.8894249999999886
11
129.4547869999999818
21
-115.2460200000000015
0
LINE
8
BLACK
6
CONTINUOUS
10
129.4547869999999818
20
-115.2460200000000015
11
129.3749349999999936
21
-115.5958739999999949
0
LINE
8
BLACK
6
CONTINUOUS
10
129.3749349999999936
20
-115.5958739999999949
11
129.2564150000000041
21
-115.9345869999999934
0
LINE
8
BLACK
6
CONTINUOUS
10
129.2564150000000041
20
-115.9345869999999934
11
129.1007150000000081
21
-116.2578999999999922
0
LINE
8
BLACK
6
CONTINUOUS
10
129.1007150000000081
20
-116.2578999999999922
11
128.9097950000000026
21
-116.5617479999999944
0
LINE
8
BLACK
6
CONTINUOUS
10
128.9097950000000026
20
-116.5617479999999944
11
128.7303349999999966
21
-116.7867819999999881
0
LINE
8
BLACK
6
CONTINUOUS
10
128.7303349999999966
20
-116.7867819999999881
11
129.0883189999999843
21
-117.14476599999999
0
LINE
8
BLACK
6
CONTINUOUS
10
129.0883189999999843
20
-117.14476599999999
11
129.0883199999999817
21
-117.1447649999999925
0
LINE
8
BLACK
6
CONTINUOUS
10
129.0883199999999817
20
-117.1447649999999925
11
129.2754469999999856
21
-116.9167499999999933
0
LINE
8
BLACK
6
CONTINUOUS
10
129.2754469999999856
20
-116.9167499999999933
11
129.2754639999999995
21
-116.9167269999999945
0
LINE
8
BLACK
6
CONTINUOUS
10
129.2754639999999995
20
-116.9167269999999945
11
129.3724489999999889
21
-116.7715789999999885
0
LINE
8
BLACK
6
CONTINUOUS
10
129.3724489999999889
20
-116.7715789999999885
11
129.4225469999999802
21
-116.6966019999999986
0
LINE
8
BLACK
6
CONTINUOUS
10
129.4225469999999802
20
-116.6966019999999986
11
129.4225469999999802
21
-116.6966010000000011
0
LINE
8
BLACK
6
CONTINUOUS
10
129.4225469999999802
20
-116.6966010000000011
11
129.4774180000000001
21
-116.6144800000000004
0
LINE
8
BLACK
6
CONTINUOUS
10
129.4774180000000001
20
-116.6144800000000004
11
129.4774290000000008
21
-116.614461999999989
0
LINE
8
BLACK
6
CONTINUOUS
10
129.4774290000000008
20
-116.614461999999989
11
129.6487899999999911
21
-116.2938690000000008
0
LINE
8
BLACK
6
CONTINUOUS
10
129.6487899999999911
20
-116.2938690000000008
11
129.648791999999986
21
-116.2938639999999992
0
LINE
8
BLACK
6
CONTINUOUS
10
129.648791999999986
20
-116.2938639999999992
11
129.7879130000000032
21
-115.9579969999999918
0
LINE
8
BLACK
6
CONTINUOUS
10
129.7879130000000032
20
-115.9579969999999918
11
129.8934459999999831
21
-115.6101010000000002
0
LINE
8
BLACK
6
CONTINUOUS
10
129.8934459999999831
20
-115.6101010000000002
11
129.8934490000000039
21
-115.6100899999999996
0
LINE
8
BLACK
6
CONTINUOUS
10
129.8934490000000039
20
-115.6100899999999996
11
129.9643669999999815
21
-115.253555999999989
0
LINE
8
BLACK
6
CONTINUOUS
10
129.9643669999999815
20
-115.253555999999989
11
130.
21
-114.8917649999999924
0
LINE
8
BLACK
6
CONTINUOUS
10
130.
20
-114.8917649999999924
11
130.
21
-114.5282339999999976
0
LINE
8
BLACK
6
CONTINUOUS
10
130.
20
-114.5282339999999976
11
129.9643669999999815
21
-114.166443000000001
0
LINE
8
BLACK
6
CONTINUOUS
10
129.9643669999999815
20
-114.166443000000001
11
129.8934490000000039
21
-113.8099089999999904
0
LINE
8
BLACK
6
CONTINUOUS
10
129.8934490000000039
20
-113.8099089999999904
11
129.8934459999999831
21
-113.8098979999999898
0
LINE
8
BLACK
6
CONTINUOUS
10
129.8934459999999831
20
-113.8098979999999898
11
129.8326959999999985
21
-113.6096329999999881
0
LINE
8
BLACK
6
CONTINUOUS
10
129.8326959999999985
20
-113.6096329999999881
11
129.7879130000000032
21
-113.4620019999999982
0
LINE
8
BLACK
6
CONTINUOUS
10
129.7879130000000032
20
-113.4620019999999982
11
129.648791999999986
21
-113.1261349999999908
0
LINE
8
BLACK
6
CONTINUOUS
10
129.648791999999986
20
-113.1261349999999908
11
129.6487899999999911
21
-113.1261299999999892
0
LINE
8
BLACK
6
CONTINUOUS
10
129.6487899999999911
20
-113.1261299999999892
11
129.5941709999999887
21
-113.0239449999999977
0
LINE
8
BLACK
6
CONTINUOUS
10
129.5941709999999887
20
-113.0239449999999977
11
129.5661810000000003
21
-112.9715789999999913
0
LINE
8
BLACK
6
CONTINUOUS
10
129.5661810000000003
20
-112.9715789999999913
11
129.4774290000000008
21
-112.8055370000000011
0
LINE
8
BLACK
6
CONTINUOUS
10
142.7243349999999964
20
-114.4905889999999999
11
142.7243389999999863
21
-114.4905859999999933
0
LINE
8
BLACK
6
CONTINUOUS
10
142.7243389999999863
20
-114.4905859999999933
11
142.7774200000000064
21
-114.4375059999999991
0
LINE
8
BLACK
6
CONTINUOUS
10
142.7774200000000064
20
-114.4375059999999991
11
142.870586000000003
21
-114.3443389999999908
0
LINE
8
BLACK
6
CONTINUOUS
10
142.870586000000003
20
-114.3443389999999908
11
142.8705889999999954
21
-114.3443350000000009
0
LINE
8
BLACK
6
CONTINUOUS
10
142.8705889999999954
20
-114.3443350000000009
11
142.9854939999999885
21
-114.1723679999999916
0
LINE
8
BLACK
6
CONTINUOUS
10
142.9854939999999885
20
-114.1723679999999916
11
142.9854990000000043
21
-114.1723579999999885
0
LINE
8
BLACK
6
CONTINUOUS
10
142.9854990000000043
20
-114.1723579999999885
11
143.0646490000000028
21
-113.9812739999999991
0
LINE
8
BLACK
6
CONTINUOUS
10
143.0646490000000028
20
-113.9812739999999991
11
143.0646509999999978
21
-113.9812659999999909
0
LINE
8
BLACK
6
CONTINUOUS
10
143.0646509999999978
20
-113.9812659999999909
11
143.1049989999999923
21
-113.778419999999997
0
LINE
8
BLACK
6
CONTINUOUS
10
143.1049989999999923
20
-113.778419999999997
11
143.1049999999999898
21
-113.7784169999999904
0
LINE
8
BLACK
6
CONTINUOUS
10
143.1049999999999898
20
-113.7784169999999904
11
143.1049999999999898
21
-113.625
0
LINE
8
BLACK
6
CONTINUOUS
10
143.1049999999999898
20
-113.625
11
142.6049999999999898
21
-113.625
0
LINE
8
BLACK
6
CONTINUOUS
10
142.6049999999999898
20
-113.625
11
142.6049999999999898
21
-113.6749999999999972
0
LINE
8
BLACK
6
CONTINUOUS
10
142.6049999999999898
20
-113.6749999999999972
11
142.6002949999999885
21
-113.7467889999999926
0
LINE
8
BLACK
6
CONTINUOUS
10
142.6002949999999885
20
-113.7467889999999926
11
142.5631339999999909
21
-113.885475999999997
0
LINE
8
BLACK
6
CONTINUOUS
10
142.5631339999999909
20
-113.885475999999997
11
142.491343999999998
21
-114.0098189999999931
0
LINE
8
BLACK
6
CONTINUOUS
10
142.491343999999998
20
-114.0098189999999931
11
142.3898189999999886
21
-114.1113439999999883
0
LINE
8
BLACK
6
CONTINUOUS
10
142.3898189999999886
20
-114.1113439999999883
11
142.3050000000000068
21
-114.1603139999999996
0
LINE
8
BLACK
6
CONTINUOUS
10
142.3050000000000068
20
-114.1603139999999996
11
142.3050000000000068
21
-114.695841999999999
0
LINE
8
BLACK
6
CONTINUOUS
10
142.3050000000000068
20
-114.695841999999999
11
142.3612739999999803
21
-114.6846489999999932
0
LINE
8
BLACK
6
CONTINUOUS
10
142.3612739999999803
20
-114.6846489999999932
11
142.3612760000000037
21
-114.6846479999999957
0
LINE
8
BLACK
6
CONTINUOUS
10
142.3612760000000037
20
-114.6846479999999957
11
142.5523579999999981
21
-114.6054989999999947
0
LINE
8
BLACK
6
CONTINUOUS
10
142.5523579999999981
20
-114.6054989999999947
11
142.5523680000000013
21
-114.6054939999999931
0
LINE
8
BLACK
6
CONTINUOUS
10
142.5523680000000013
20
-114.6054939999999931
11
142.6679949999999906
21
-114.5282339999999976
0
LINE
8
BLACK
6
CONTINUOUS
10
142.6679949999999906
20
-114.5282339999999976
11
142.7243349999999964
21
-114.4905889999999999
0
LINE
8
BLACK
6
CONTINUOUS
10
151.2303339999999992
20
-112.6332159999999902
11
151.4097950000000026
21
-112.8582519999999931
0
LINE
8
BLACK
6
CONTINUOUS
10
151.4097950000000026
20
-112.8582519999999931
11
151.6007149999999797
21
-113.1620999999999952
0
LINE
8
BLACK
6
CONTINUOUS
10
151.6007149999999797
20
-113.1620999999999952
11
151.7564150000000041
21
-113.4854129999999941
0
LINE
8
BLACK
6
CONTINUOUS
10
151.7564150000000041
20
-113.4854129999999941
11
151.8749349999999936
21
-113.8241259999999926
0
LINE
8
BLACK
6
CONTINUOUS
10
151.8749349999999936
20
-113.8241259999999926
11
151.9547869999999818
21
-114.1739800000000002
0
LINE
8
BLACK
6
CONTINUOUS
10
151.9547869999999818
20
-114.1739800000000002
11
151.9949660000000051
21
-114.5305749999999989
0
LINE
8
BLACK
6
CONTINUOUS
10
151.9949660000000051
20
-114.5305749999999989
11
151.9949660000000051
21
-114.8894249999999886
0
LINE
8
BLACK
6
CONTINUOUS
10
151.9949660000000051
20
-114.8894249999999886
11
151.9547869999999818
21
-115.2460200000000015
0
LINE
8
BLACK
6
CONTINUOUS
10
151.9547869999999818
20
-115.2460200000000015
11
151.8749349999999936
21
-115.5958739999999949
0
LINE
8
BLACK
6
CONTINUOUS
10
151.8749349999999936
20
-115.5958739999999949
11
151.7564150000000041
21
-115.9345869999999934
0
LINE
8
BLACK
6
CONTINUOUS
10
151.7564150000000041
20
-115.9345869999999934
11
151.6007149999999797
21
-116.2578999999999922
0
LINE
8
BLACK
6
CONTINUOUS
10
151.6007149999999797
20
-116.2578999999999922
11
151.4097950000000026
21
-116.5617479999999944
0
LINE
8
BLACK
6
CONTINUOUS
10
151.4097950000000026
20
-116.5617479999999944
11
151.2303349999999966
21
-116.7867819999999881
0
LINE
8
BLACK
6
CONTINUOUS
10
151.2303349999999966
20
-116.7867819999999881
11
151.5883189999999843
21
-117.14476599999999
0
LINE
8
BLACK
6
CONTINUOUS
10
151.5883189999999843
20
-117.14476599999999
11
151.5883199999999817
21
-117.1447649999999925
0
LINE
8
BLACK
6
CONTINUOUS
10
151.5883199999999817
20
-117.1447649999999925
11
151.7754469999999856
21
-116.9167499999999933
0
LINE
8
BLACK
6
CONTINUOUS
10
151.7754469999999856
20
-116.9167499999999933
11
151.7754569999999887
21
-116.9167360000000002
0
LINE
8
BLACK
6
CONTINUOUS
10
151.7754569999999887
20
-116.9167360000000002
11
151.9774180000000001
21
-116.6144800000000004
0
LINE
8
BLACK
6
CONTINUOUS
10
151.9774180000000001
20
-116.6144800000000004
11
151.9774290000000008
21
-116.614461999999989
0
LINE
8
BLACK
6
CONTINUOUS
10
151.9774290000000008
20
-116.614461999999989
11
152.1487899999999911
21
-116.2938690000000008
0
LINE
8
BLACK
6
CONTINUOUS
10
152.1487899999999911
20
-116.2938690000000008
11
152.148791999999986
21
-116.2938639999999992
0
LINE
8
BLACK
6
CONTINUOUS
10
152.148791999999986
20
-116.2938639999999992
11
152.2879130000000032
21
-115.9579969999999918
0
LINE
8
BLACK
6
CONTINUOUS
10
152.2879130000000032
20
-115.9579969999999918
11
152.3934459999999831
21
-115.6101010000000002
0
LINE
8
BLACK
6
CONTINUOUS
10
152.3934459999999831
20
-115.6101010000000002
11
152.3934490000000039
21
-115.6100899999999996
0
LINE
8
BLACK
6
CONTINUOUS
10
152.3934490000000039
20
-115.6100899999999996
11
152.4643669999999815
21
-115.253555999999989
0
LINE
8
BLACK
6
CONTINUOUS
10
152.4643669999999815
20
-115.253555999999989
11
152.5
21
-114.8917649999999924
0
LINE
8
BLACK
6
CONTINUOUS
10
152.5
20
-114.8917649999999924
11
152.5
21
-114.5282339999999976
0
LINE
8
BLACK
6
CONTINUOUS
10
152.5
20
-114.5282339999999976
11
152.4643669999999815
21
-114.166443000000001
0
LINE
8
BLACK
6
CONTINUOUS
10
152.4643669999999815
20
-114.166443000000001
11
152.3934490000000039
21
-113.8099089999999904
0
LINE
8
BLACK
6
CONTINUOUS
10
152.3934490000000039
20
-113.8099089999999904
11
152.3934459999999831
21
-113.8098979999999898
0
LINE
8
BLACK
6
CONTINUOUS
10
152.3934459999999831
20
-113.8098979999999898
11
152.2879130000000032
21
-113.4620019999999982
0
LINE
8
BLACK
6
CONTINUOUS
10
152.2879130000000032
20
-113.4620019999999982
11
152.148791999999986
21
-113.1261349999999908
0
LINE
8
BLACK
6
CONTINUOUS
10
152.148791999999986
20
-113.1261349999999908
11
152.1487899999999911
21
-113.1261299999999892
0
LINE
8
BLACK
6
CONTINUOUS
10
152.1487899999999911
20
-113.1261299999999892
11
151.9774290000000008
21
-112.8055370000000011
0
LINE
8
BLACK
6
CONTINUOUS
10
151.9774290000000008
20
-112.8055370000000011
11
151.9774180000000001
21
-112.8055189999999897
0
LINE
8
BLACK
6
CONTINUOUS
10
151.9774180000000001
20
-112.8055189999999897
11
151.775447999999983
21
-112.5032489999999967
0
LINE
8
BLACK
6
CONTINUOUS
10
151.775447999999983
20
-112.5032489999999967
11
151.5883199999999817
21
-112.2752330000000001
0
LINE
8
BLACK
6
CONTINUOUS
10
151.5883199999999817
20
-112.2752330000000001
11
151.5883189999999843
21
-112.2752319999999884
0
LINE
8
BLACK
6
CONTINUOUS
10
151.5883189999999843
20
-112.2752319999999884
11
151.2303339999999992
21
-112.6332159999999902
0
LINE
8
BLACK
6
CONTINUOUS
10
142.3050000000000068
20
-116.3896850000000001
11
142.3898189999999886
21
-116.4386559999999946
0
LINE
8
BLACK
6
CONTINUOUS
10
142.3898189999999886
20
-116.4386559999999946
11
142.491343999999998
21
-116.5401809999999898
0
LINE
8
BLACK
6
CONTINUOUS
10
142.491343999999998
20
-116.5401809999999898
11
142.5631339999999909
21
-116.6645240000000001
0
LINE
8
BLACK
6
CONTINUOUS
10
142.5631339999999909
20
-116.6645240000000001
11
142.6002949999999885
21
-116.8032109999999903
0
LINE
8
BLACK
6
CONTINUOUS
10
142.6002949999999885
20
-116.8032109999999903
11
142.6049999999999898
21
-116.875
0
LINE
8
BLACK
6
CONTINUOUS
10
142.6049999999999898
20
-116.875
11
142.6049999999999898
21
-116.9249999999999972
0
LINE
8
BLACK
6
CONTINUOUS
10
142.6049999999999898
20
-116.9249999999999972
11
143.1049999999999898
21
-116.9249999999999972
0
LINE
8
BLACK
6
CONTINUOUS
10
143.1049999999999898
20
-116.9249999999999972
11
143.1049999999999898
21
-116.7715829999999926
0
LINE
8
BLACK
6
CONTINUOUS
10
143.1049999999999898
20
-116.7715829999999926
11
143.1049989999999923
21
-116.7715789999999885
0
LINE
8
BLACK
6
CONTINUOUS
10
143.1049989999999923
20
-116.7715789999999885
11
143.0646509999999978
21
-116.5687329999999946
0
LINE
8
BLACK
6
CONTINUOUS
10
143.0646509999999978
20
-116.5687329999999946
11
143.0646490000000028
21
-116.5687250000000006
0
LINE
8
BLACK
6
CONTINUOUS
10
143.0646490000000028
20
-116.5687250000000006
11
142.9854990000000043
21
-116.377640999999997
0
LINE
8
BLACK
6
CONTINUOUS
10
142.9854990000000043
20
-116.377640999999997
11
142.9854939999999885
21
-116.3776309999999938
0
LINE
8
BLACK
6
CONTINUOUS
10
142.9854939999999885
20
-116.3776309999999938
11
142.8705889999999954
21
-116.2056639999999987
0
LINE
8
BLACK
6
CONTINUOUS
10
142.8705889999999954
20
-116.2056639999999987
11
142.870586000000003
21
-116.2056599999999946
0
LINE
8
BLACK
6
CONTINUOUS
10
142.870586000000003
20
-116.2056599999999946
11
142.7243389999999863
21
-116.0594129999999922
0
LINE
8
BLACK
6
CONTINUOUS
10
142.7243389999999863
20
-116.0594129999999922
11
142.7243349999999964
21
-116.0594099999999997
0
LINE
8
BLACK
6
CONTINUOUS
10
142.7243349999999964
20
-116.0594099999999997
11
142.5523680000000013
21
-115.9445049999999924
0
LINE
8
BLACK
6
CONTINUOUS
10
142.5523680000000013
20
-115.9445049999999924
11
142.5523579999999981
21
-115.9444999999999908
0
LINE
8
BLACK
6
CONTINUOUS
10
142.5523579999999981
20
-115.9444999999999908
11
142.3612719999999854
21
-115.8653489999999948
0
LINE
8
BLACK
6
CONTINUOUS
10
142.3612719999999854
20
-115.8653489999999948
11
142.361266999999998
21
-115.8653469999999999
0
LINE
8
BLACK
6
CONTINUOUS
10
142.361266999999998
20
-115.8653469999999999
11
142.3050000000000068
21
-115.8541549999999916
0
LINE
8
BLACK
6
CONTINUOUS
10
142.3050000000000068
20
-115.8541549999999916
11
142.3050000000000068
21
-116.3896850000000001
0
LINE
8
BLACK
6
CONTINUOUS
10
134.424650999999983
20
-116.5687329999999946
11
134.4246489999999881
21
-116.5687250000000006
0
LINE
8
BLACK
6
CONTINUOUS
10
134.4246489999999881
20
-116.5687250000000006
11
134.3454989999999896
21
-116.377640999999997
0
LINE
8
BLACK
6
CONTINUOUS
10
134.3454989999999896
20
-116.377640999999997
11
134.3454940000000022
21
-116.3776309999999938
0
LINE
8
BLACK
6
CONTINUOUS
10
134.3454940000000022
20
-116.3776309999999938
11
134.2305889999999806
21
-116.2056639999999987
0
LINE
8
BLACK
6
CONTINUOUS
10
134.2305889999999806
20
-116.2056639999999987
11
134.2305859999999882
21
-116.2056599999999946
0
LINE
8
BLACK
6
CONTINUOUS
10
134.2305859999999882
20
-116.2056599999999946
11
134.0843389999999999
21
-116.0594129999999922
0
LINE
8
BLACK
6
CONTINUOUS
10
134.0843389999999999
20
-116.0594129999999922
11
134.0843349999999816
21
-116.0594099999999997
0
LINE
8
BLACK
6
CONTINUOUS
10
134.0843349999999816
20
-116.0594099999999997
11
133.9123679999999865
21
-115.9445049999999924
0
LINE
8
BLACK
6
CONTINUOUS
10
133.9123679999999865
20
-115.9445049999999924
11
133.9123579999999833
21
-115.9444999999999908
0
LINE
8
BLACK
6
CONTINUOUS
10
133.9123579999999833
20
-115.9444999999999908
11
133.721271999999999
21
-115.8653489999999948
0
LINE
8
BLACK
6
CONTINUOUS
10
133.721271999999999
20
-115.8653489999999948
11
133.7212669999999832
21
-115.8653469999999999
0
LINE
8
BLACK
6
CONTINUOUS
10
133.7212669999999832
20
-115.8653469999999999
11
133.664999999999992
21
-115.8541549999999916
0
LINE
8
BLACK
6
CONTINUOUS
10
133.664999999999992
20
-115.8541549999999916
11
133.664999999999992
21
-116.3896850000000001
0
LINE
8
BLACK
6
CONTINUOUS
10
133.664999999999992
20
-116.3896850000000001
11
133.7498190000000022
21
-116.4386559999999946
0
LINE
8
BLACK
6
CONTINUOUS
10
133.7498190000000022
20
-116.4386559999999946
11
133.8513439999999832
21
-116.5401809999999898
0
LINE
8
BLACK
6
CONTINUOUS
10
133.8513439999999832
20
-116.5401809999999898
11
133.9231340000000046
21
-116.6645240000000001
0
LINE
8
BLACK
6
CONTINUOUS
10
133.9231340000000046
20
-116.6645240000000001
11
133.9602950000000021
21
-116.8032109999999903
0
LINE
8
BLACK
6
CONTINUOUS
10
133.9602950000000021
20
-116.8032109999999903
11
133.9650000000000034
21
-116.875
0
LINE
8
BLACK
6
CONTINUOUS
10
133.9650000000000034
20
-116.875
11
133.9650000000000034
21
-116.9249999999999972
0
LINE
8
BLACK
6
CONTINUOUS
10
133.9650000000000034
20
-116.9249999999999972
11
134.4650000000000034
21
-116.9249999999999972
0
LINE
8
BLACK
6
CONTINUOUS
10
134.4650000000000034
20
-116.9249999999999972
11
134.4650000000000034
21
-116.7715829999999926
0
LINE
8
BLACK
6
CONTINUOUS
10
134.4650000000000034
20
-116.7715829999999926
11
134.4649990000000059
21
-116.7715789999999885
0
LINE
8
BLACK
6
CONTINUOUS
10
134.4649990000000059
20
-116.7715789999999885
11
134.424650999999983
21
-116.5687329999999946
0
LINE
8
BLACK
6
CONTINUOUS
10
132.3649999999999807
20
-113.625
11
132.3649999999999807
21
-113.778419999999997
0
LINE
8
BLACK
6
CONTINUOUS
10
132.3649999999999807
20
-113.778419999999997
11
132.4053480000000036
21
-113.9812659999999909
0
LINE
8
BLACK
6
CONTINUOUS
10
132.4053480000000036
20
-113.9812659999999909
11
132.4053499999999985
21
-113.9812739999999991
0
LINE
8
BLACK
6
CONTINUOUS
10
132.4053499999999985
20
-113.9812739999999991
11
132.484499999999997
21
-114.1723579999999885
0
LINE
8
BLACK
6
CONTINUOUS
10
132.484499999999997
20
-114.1723579999999885
11
132.4845049999999844
21
-114.1723679999999916
0
LINE
8
BLACK
6
CONTINUOUS
10
132.4845049999999844
20
-114.1723679999999916
11
132.599410000000006
21
-114.3443350000000009
0
LINE
8
BLACK
6
CONTINUOUS
10
132.599410000000006
20
-114.3443350000000009
11
132.5994129999999984
21
-114.3443389999999908
0
LINE
8
BLACK
6
CONTINUOUS
10
132.5994129999999984
20
-114.3443389999999908
11
132.7456599999999867
21
-114.4905859999999933
0
LINE
8
BLACK
6
CONTINUOUS
10
132.7456599999999867
20
-114.4905859999999933
11
132.745664000000005
21
-114.4905889999999999
0
LINE
8
BLACK
6
CONTINUOUS
10
132.745664000000005
20
-114.4905889999999999
11
132.9176310000000001
21
-114.6054939999999931
0
LINE
8
BLACK
6
CONTINUOUS
10
132.9176310000000001
20
-114.6054939999999931
11
132.9176410000000033
21
-114.6054989999999947
0
LINE
8
BLACK
6
CONTINUOUS
10
132.9176410000000033
20
-114.6054989999999947
11
133.1087229999999977
21
-114.6846479999999957
0
LINE
8
BLACK
6
CONTINUOUS
10
133.1087229999999977
20
-114.6846479999999957
11
133.1087249999999926
21
-114.6846489999999932
0
LINE
8
BLACK
6
CONTINUOUS
10
133.1087249999999926
20
-114.6846489999999932
11
133.164999999999992
21
-114.695841999999999
0
LINE
8
BLACK
6
CONTINUOUS
10
133.164999999999992
20
-114.695841999999999
11
133.164999999999992
21
-114.1603139999999996
0
LINE
8
BLACK
6
CONTINUOUS
10
133.164999999999992
20
-114.1603139999999996
11
133.0801809999999819
21
-114.1113439999999883
0
LINE
8
BLACK
6
CONTINUOUS
10
133.0801809999999819
20
-114.1113439999999883
11
132.9786560000000009
21
-114.0098189999999931
0
LINE
8
BLACK
6
CONTINUOUS
10
132.9786560000000009
20
-114.0098189999999931
11
132.9068660000000079
21
-113.885475999999997
0
LINE
8
BLACK
6
CONTINUOUS
10
132.9068660000000079
20
-113.885475999999997
11
132.869704999999982
21
-113.7467889999999926
0
LINE
8
BLACK
6
CONTINUOUS
10
132.869704999999982
20
-113.7467889999999926
11
132.8649999999999807
21
-113.6749999999999972
0
LINE
8
BLACK
6
CONTINUOUS
10
132.8649999999999807
20
-113.6749999999999972
11
132.8649999999999807
21
-113.625
0
LINE
8
BLACK
6
CONTINUOUS
10
132.8649999999999807
20
-113.625
11
132.3649999999999807
21
-113.625
0
LINE
8
BLACK
6
CONTINUOUS
10
133.9650000000000034
20
-113.6749999999999972
11
133.9602950000000021
21
-113.7467889999999926
0
LINE
8
BLACK
6
CONTINUOUS
10
133.9602950000000021
20
-113.7467889999999926
11
133.9231340000000046
21
-113.885475999999997
0
LINE
8
BLACK
6
CONTINUOUS
10
133.9231340000000046
20
-113.885475999999997
11
133.8513439999999832
21
-114.0098189999999931
0
LINE
8
BLACK
6
CONTINUOUS
10
133.8513439999999832
20
-114.0098189999999931
11
133.7498190000000022
21
-114.1113439999999883
0
LINE
8
BLACK
6
CONTINUOUS
10
133.7498190000000022
20
-114.1113439999999883
11
133.664999999999992
21
-114.1603139999999996
0
LINE
8
BLACK
6
CONTINUOUS
10
133.664999999999992
20
-114.1603139999999996
11
133.664999999999992
21
-114.695841999999999
0
LINE
8
BLACK
6
CONTINUOUS
10
133.664999999999992
20
-114.695841999999999
11
133.721273999999994
21
-114.6846489999999932
0
LINE
8
BLACK
6
CONTINUOUS
10
133.721273999999994
20
-114.6846489999999932
11
133.7212759999999889
21
-114.6846479999999957
0
LINE
8
BLACK
6
CONTINUOUS
10
133.7212759999999889
20
-114.6846479999999957
11
133.9123579999999833
21
-114.6054989999999947
0
LINE
8
BLACK
6
CONTINUOUS
10
133.9123579999999833
20
-114.6054989999999947
11
133.9123679999999865
21
-114.6054939999999931
0
LINE
8
BLACK
6
CONTINUOUS
10
133.9123679999999865
20
-114.6054939999999931
11
134.0843349999999816
21
-114.4905889999999999
0
LINE
8
BLACK
6
CONTINUOUS
10
134.0843349999999816
20
-114.4905889999999999
11
134.0843389999999999
21
-114.4905859999999933
0
LINE
8
BLACK
6
CONTINUOUS
10
134.0843389999999999
20
-114.4905859999999933
11
134.2305859999999882
21
-114.3443389999999908
0
LINE
8
BLACK
6
CONTINUOUS
10
134.2305859999999882
20
-114.3443389999999908
11
134.2305889999999806
21
-114.3443350000000009
0
LINE
8
BLACK
6
CONTINUOUS
10
134.2305889999999806
20
-114.3443350000000009
11
134.3454940000000022
21
-114.1723679999999916
0
LINE
8
BLACK
6
CONTINUOUS
10
134.3454940000000022
20
-114.1723679999999916
11
134.3454989999999896
21
-114.1723579999999885
0
LINE
8
BLACK
6
CONTINUOUS
10
134.3454989999999896
20
-114.1723579999999885
11
134.4246489999999881
21
-113.9812739999999991
0
LINE
8
BLACK
6
CONTINUOUS
10
134.4246489999999881
20
-113.9812739999999991
11
134.424650999999983
21
-113.9812659999999909
0
LINE
8
BLACK
6
CONTINUOUS
10
134.424650999999983
20
-113.9812659999999909
11
134.4649990000000059
21
-113.778419999999997
0
LINE
8
BLACK
6
CONTINUOUS
10
134.4649990000000059
20
-113.778419999999997
11
134.4650000000000034
21
-113.7784169999999904
0
LINE
8
BLACK
6
CONTINUOUS
10
134.4650000000000034
20
-113.7784169999999904
11
134.4650000000000034
21
-113.625
0
LINE
8
BLACK
6
CONTINUOUS
10
134.4650000000000034
20
-113.625
11
133.9650000000000034
21
-113.625
0
LINE
8
BLACK
6
CONTINUOUS
10
133.9650000000000034
20
-113.625
11
133.9650000000000034
21
-113.6749999999999972
0
LINE
8
BLACK
6
CONTINUOUS
10
141.0049999999999955
20
-113.625
11
141.0049999999999955
21
-113.778419999999997
0
LINE
8
BLACK
6
CONTINUOUS
10
141.0049999999999955
20
-113.778419999999997
11
141.04534799999999
21
-113.9812659999999909
0
LINE
8
BLACK
6
CONTINUOUS
10
141.04534799999999
20
-113.9812659999999909
11
141.0453499999999849
21
-113.9812739999999991
0
LINE
8
BLACK
6
CONTINUOUS
10
141.0453499999999849
20
-113.9812739999999991
11
141.1244999999999834
21
-114.1723579999999885
0
LINE
8
BLACK
6
CONTINUOUS
10
141.1244999999999834
20
-114.1723579999999885
11
141.1245049999999992
21
-114.1723679999999916
0
LINE
8
BLACK
6
CONTINUOUS
10
141.1245049999999992
20
-114.1723679999999916
11
141.2394099999999924
21
-114.3443350000000009
0
LINE
8
BLACK
6
CONTINUOUS
10
141.2394099999999924
20
-114.3443350000000009
11
141.2394129999999848
21
-114.3443389999999908
0
LINE
8
BLACK
6
CONTINUOUS
10
141.2394129999999848
20
-114.3443389999999908
11
141.3856600000000014
21
-114.4905859999999933
0
LINE
8
BLACK
6
CONTINUOUS
10
141.3856600000000014
20
-114.4905859999999933
11
141.3856639999999913
21
-114.4905889999999999
0
LINE
8
BLACK
6
CONTINUOUS
10
141.3856639999999913
20
-114.4905889999999999
11
141.5576309999999864
21
-114.6054939999999931
0
LINE
8
BLACK
6
CONTINUOUS
10
141.5576309999999864
20
-114.6054939999999931
11
141.5576409999999896
21
-114.6054989999999947
0
LINE
8
BLACK
6
CONTINUOUS
10
141.5576409999999896
20
-114.6054989999999947
11
141.748722999999984
21
-114.6846479999999957
0
LINE
8
BLACK
6
CONTINUOUS
10
141.748722999999984
20
-114.6846479999999957
11
141.7487250000000074
21
-114.6846489999999932
0
LINE
8
BLACK
6
CONTINUOUS
10
141.7487250000000074
20
-114.6846489999999932
11
141.8050000000000068
21
-114.695841999999999
0
LINE
8
BLACK
6
CONTINUOUS
10
141.8050000000000068
20
-114.695841999999999
11
141.8050000000000068
21
-114.1603139999999996
0
LINE
8
BLACK
6
CONTINUOUS
10
141.8050000000000068
20
-114.1603139999999996
11
141.7201809999999966
21
-114.1113439999999883
0
LINE
8
BLACK
6
CONTINUOUS
10
141.7201809999999966
20
-114.1113439999999883
11
141.6186559999999872
21
-114.0098189999999931
0
LINE
8
BLACK
6
CONTINUOUS
10
141.6186559999999872
20
-114.0098189999999931
11
141.5468659999999943
21
-113.885475999999997
0
LINE
8
BLACK
6
CONTINUOUS
10
141.5468659999999943
20
-113.885475999999997
11
141.5097049999999967
21
-113.7467889999999926
0
LINE
8
BLACK
6
CONTINUOUS
10
141.5097049999999967
20
-113.7467889999999926
11
141.5049999999999955
21
-113.6749999999999972
0
LINE
8
BLACK
6
CONTINUOUS
10
141.5049999999999955
20
-113.6749999999999972
11
141.5049999999999955
21
-113.625
0
LINE
8
BLACK
6
CONTINUOUS
10
141.5049999999999955
20
-113.625
11
141.0049999999999955
21
-113.625
0
LINE
8
BLACK
6
CONTINUOUS
10
142.3050000000000068
20
-112.5896849999999887
11
142.3898189999999886
21
-112.6386559999999974
0
LINE
8
BLACK
6
CONTINUOUS
10
142.3898189999999886
20
-112.6386559999999974
11
142.491343999999998
21
-112.7401809999999927
0
LINE
8
BLACK
6
CONTINUOUS
10
142.491343999999998
20
-112.7401809999999927
11
142.5631339999999909
21
-112.8645239999999887
0
LINE
8
BLACK
6
CONTINUOUS
10
142.5631339999999909
20
-112.8645239999999887
11
142.6002949999999885
21
-113.0032109999999932
0
LINE
8
BLACK
6
CONTINUOUS
10
142.6002949999999885
20
-113.0032109999999932
11
142.6049999999999898
21
-113.0749999999999886
0
LINE
8
BLACK
6
CONTINUOUS
10
142.6049999999999898
20
-113.0749999999999886
11
142.6049999999999898
21
-113.125
0
LINE
8
BLACK
6
CONTINUOUS
10
142.6049999999999898
20
-113.125
11
143.1049999999999898
21
-113.125
0
LINE
8
BLACK
6
CONTINUOUS
10
143.1049999999999898
20
-113.125
11
143.1049999999999898
21
-112.9715829999999954
0
LINE
8
BLACK
6
CONTINUOUS
10
143.1049999999999898
20
-112.9715829999999954
11
143.1049989999999923
21
-112.9715789999999913
0
LINE
8
BLACK
6
CONTINUOUS
10
143.1049989999999923
20
-112.9715789999999913
11
143.0646509999999978
21
-112.7687329999999974
0
LINE
8
BLACK
6
CONTINUOUS
10
143.0646509999999978
20
-112.7687329999999974
11
143.0646490000000028
21
-112.7687249999999892
0
LINE
8
BLACK
6
CONTINUOUS
10
143.0646490000000028
20
-112.7687249999999892
11
142.9854990000000043
21
-112.5776409999999998
0
LINE
8
BLACK
6
CONTINUOUS
10
142.9854990000000043
20
-112.5776409999999998
11
142.9854939999999885
21
-112.5776309999999967
0
LINE
8
BLACK
6
CONTINUOUS
10
142.9854939999999885
20
-112.5776309999999967
11
142.8705889999999954
21
-112.4056640000000016
0
LINE
8
BLACK
6
CONTINUOUS
10
142.8705889999999954
20
-112.4056640000000016
11
142.870586000000003
21
-112.4056599999999975
0
LINE
8
BLACK
6
CONTINUOUS
10
142.870586000000003
20
-112.4056599999999975
11
142.7243389999999863
21
-112.259412999999995
0
LINE
8
BLACK
6
CONTINUOUS
10
142.7243389999999863
20
-112.259412999999995
11
142.7243349999999964
21
-112.2594099999999884
0
LINE
8
BLACK
6
CONTINUOUS
10
142.7243349999999964
20
-112.2594099999999884
11
142.5523680000000013
21
-112.1445049999999952
0
LINE
8
BLACK
6
CONTINUOUS
10
142.5523680000000013
20
-112.1445049999999952
11
142.5523579999999981
21
-112.1444999999999936
0
LINE
8
BLACK
6
CONTINUOUS
10
142.5523579999999981
20
-112.1444999999999936
11
142.4088449999999852
21
-112.085054999999997
0
LINE
8
BLACK
6
CONTINUOUS
10
142.4088449999999852
20
-112.085054999999997
11
142.3612719999999854
21
-112.0653489999999977
0
LINE
8
BLACK
6
CONTINUOUS
10
142.3612719999999854
20
-112.0653489999999977
11
142.361266999999998
21
-112.0653469999999885
0
LINE
8
BLACK
6
CONTINUOUS
10
142.361266999999998
20
-112.0653469999999885
11
142.3050000000000068
21
-112.0541549999999944
0
LINE
8
BLACK
6
CONTINUOUS
10
142.3050000000000068
20
-112.0541549999999944
11
142.3050000000000068
21
-112.5896849999999887
0
LINE
8
BLACK
6
CONTINUOUS
10
134.424650999999983
20
-112.7687329999999974
11
134.4246489999999881
21
-112.7687249999999892
0
LINE
8
BLACK
6
CONTINUOUS
10
134.4246489999999881
20
-112.7687249999999892
11
134.3454989999999896
21
-112.5776409999999998
0
LINE
8
BLACK
6
CONTINUOUS
10
134.3454989999999896
20
-112.5776409999999998
11
134.3454940000000022
21
-112.5776309999999967
0
LINE
8
BLACK
6
CONTINUOUS
10
134.3454940000000022
20
-112.5776309999999967
11
134.2305889999999806
21
-112.4056640000000016
0
LINE
8
BLACK
6
CONTINUOUS
10
134.2305889999999806
20
-112.4056640000000016
11
134.2305859999999882
21
-112.4056599999999975
0
LINE
8
BLACK
6
CONTINUOUS
10
134.2305859999999882
20
-112.4056599999999975
11
134.0843389999999999
21
-112.259412999999995
0
LINE
8
BLACK
6
CONTINUOUS
10
134.0843389999999999
20
-112.259412999999995
11
134.0843349999999816
21
-112.2594099999999884
0
LINE
8
BLACK
6
CONTINUOUS
10
134.0843349999999816
20
-112.2594099999999884
11
133.9123679999999865
21
-112.1445049999999952
0
LINE
8
BLACK
6
CONTINUOUS
10
133.9123679999999865
20
-112.1445049999999952
11
133.9123579999999833
21
-112.1444999999999936
0
LINE
8
BLACK
6
CONTINUOUS
10
133.9123579999999833
20
-112.1444999999999936
11
133.721271999999999
21
-112.0653489999999977
0
LINE
8
BLACK
6
CONTINUOUS
10
133.721271999999999
20
-112.0653489999999977
11
133.7212669999999832
21
-112.0653469999999885
0
LINE
8
BLACK
6
CONTINUOUS
10
133.7212669999999832
20
-112.0653469999999885
11
133.664999999999992
21
-112.0541549999999944
0
LINE
8
BLACK
6
CONTINUOUS
10
133.664999999999992
20
-112.0541549999999944
11
133.664999999999992
21
-112.5896849999999887
0
LINE
8
BLACK
6
CONTINUOUS
10
133.664999999999992
20
-112.5896849999999887
11
133.7498190000000022
21
-112.6386559999999974
0
LINE
8
BLACK
6
CONTINUOUS
10
133.7498190000000022
20
-112.6386559999999974
11
133.8513439999999832
21
-112.7401809999999927
0
LINE
8
BLACK
6
CONTINUOUS
10
133.8513439999999832
20
-112.7401809999999927
11
133.9231340000000046
21
-112.8645239999999887
0
LINE
8
BLACK
6
CONTINUOUS
10
133.9231340000000046
20
-112.8645239999999887
11
133.9602950000000021
21
-113.0032109999999932
0
LINE
8
BLACK
6
CONTINUOUS
10
133.9602950000000021
20
-113.0032109999999932
11
133.9650000000000034
21
-113.0749999999999886
0
LINE
8
BLACK
6
CONTINUOUS
10
133.9650000000000034
20
-113.0749999999999886
11
133.9650000000000034
21
-113.125
0
LINE
8
BLACK
6
CONTINUOUS
10
133.9650000000000034
20
-113.125
11
134.4650000000000034
21
-113.125
0
LINE
8
BLACK
6
CONTINUOUS
10
134.4650000000000034
20
-113.125
11
134.4650000000000034
21
-112.9715829999999954
0
LINE
8
BLACK
6
CONTINUOUS
10
134.4650000000000034
20
-112.9715829999999954
11
134.4649990000000059
21
-112.9715789999999913
0
LINE
8
BLACK
6
CONTINUOUS
10
134.4649990000000059
20
-112.9715789999999913
11
134.424650999999983
21
-112.7687329999999974
0
LINE
8
BLACK
6
CONTINUOUS
10
125.7564429999999902
20
-111.0456319999999977
11
125.3999089999999939
21
-111.1165499999999895
0
LINE
8
BLACK
6
CONTINUOUS
10
125.3999089999999939
20
-111.1165499999999895
11
125.3998979999999932
21
-111.1165529999999961
0
LINE
8
BLACK
6
CONTINUOUS
10
125.3998979999999932
20
-111.1165529999999961
11
125.0520019999999874
21
-111.2220859999999902
0
LINE
8
BLACK
6
CONTINUOUS
10
125.0520019999999874
20
-111.2220859999999902
11
124.7161349999999942
21
-111.3612069999999932
0
LINE
8
BLACK
6
CONTINUOUS
10
124.7161349999999942
20
-111.3612069999999932
11
124.7161299999999926
21
-111.3612089999999881
0
LINE
8
BLACK
6
CONTINUOUS
10
124.7161299999999926
20
-111.3612089999999881
11
124.3955369999999903
21
-111.5325699999999927
0
LINE
8
BLACK
6
CONTINUOUS
10
124.3955369999999903
20
-111.5325699999999927
11
124.3955189999999931
21
-111.5325809999999933
0
LINE
8
BLACK
6
CONTINUOUS
10
124.3955189999999931
20
-111.5325809999999933
11
124.0932579999999916
21
-111.7345449999999971
0
LINE
8
BLACK
6
CONTINUOUS
10
124.0932579999999916
20
-111.7345449999999971
11
124.0932539999999875
21
-111.7345479999999895
0
LINE
8
BLACK
6
CONTINUOUS
10
124.0932539999999875
20
-111.7345479999999895
11
123.8652329999999893
21
-111.9216789999999975
0
LINE
8
BLACK
6
CONTINUOUS
10
123.8652329999999893
20
-111.9216789999999975
11
123.8652329999999893
21
-111.9216799999999949
0
LINE
8
BLACK
6
CONTINUOUS
10
123.8652329999999893
20
-111.9216799999999949
11
124.2232169999999911
21
-112.2796639999999968
0
LINE
8
BLACK
6
CONTINUOUS
10
124.2232169999999911
20
-112.2796639999999968
11
124.4482519999999965
21
-112.1002049999999883
0
LINE
8
BLACK
6
CONTINUOUS
10
124.4482519999999965
20
-112.1002049999999883
11
124.7520999999999987
21
-111.909284999999997
0
LINE
8
BLACK
6
CONTINUOUS
10
124.7520999999999987
20
-111.909284999999997
11
125.0754129999999975
21
-111.7535850000000011
0
LINE
8
BLACK
6
CONTINUOUS
10
125.0754129999999975
20
-111.7535850000000011
11
125.414125999999996
21
-111.6350649999999973
0
LINE
8
BLACK
6
CONTINUOUS
10
125.414125999999996
20
-111.6350649999999973
11
125.7639799999999894
21
-111.5552129999999948
0
LINE
8
BLACK
6
CONTINUOUS
10
125.7639799999999894
20
-111.5552129999999948
11
126.1205749999999881
21
-111.515034
0
LINE
8
BLACK
6
CONTINUOUS
10
126.1205749999999881
20
-111.515034
11
126.479424999999992
21
-111.515034
0
LINE
8
BLACK
6
CONTINUOUS
10
126.479424999999992
20
-111.515034
11
126.8360199999999907
21
-111.5552129999999948
0
LINE
8
BLACK
6
CONTINUOUS
10
126.8360199999999907
20
-111.5552129999999948
11
127.1858739999999983
21
-111.6350649999999973
0
LINE
8
BLACK
6
CONTINUOUS
10
127.1858739999999983
20
-111.6350649999999973
11
127.5245869999999968
21
-111.7535850000000011
0
LINE
8
BLACK
6
CONTINUOUS
10
127.5245869999999968
20
-111.7535850000000011
11
127.8478999999999957
21
-111.909284999999997
0
LINE
8
BLACK
6
CONTINUOUS
10
127.8478999999999957
20
-111.909284999999997
11
128.1517479999999978
21
-112.1002049999999883
0
LINE
8
BLACK
6
CONTINUOUS
10
128.1517479999999978
20
-112.1002049999999883
11
128.376780999999994
21
-112.2796629999999993
0
LINE
8
BLACK
6
CONTINUOUS
10
128.376780999999994
20
-112.2796629999999993
11
128.7347660000000076
21
-111.9216789999999975
0
LINE
8
BLACK
6
CONTINUOUS
10
128.7347660000000076
20
-111.9216789999999975
11
128.7347649999999817
21
-111.921678
0
LINE
8
BLACK
6
CONTINUOUS
10
128.7347649999999817
20
-111.921678
11
128.5067499999999825
21
-111.7345509999999962
0
LINE
8
BLACK
6
CONTINUOUS
10
128.5067499999999825
20
-111.7345509999999962
11
128.2044799999999896
21
-111.5325809999999933
0
LINE
8
BLACK
6
CONTINUOUS
10
128.2044799999999896
20
-111.5325809999999933
11
128.2044620000000066
21
-111.5325699999999927
0
LINE
8
BLACK
6
CONTINUOUS
10
128.2044620000000066
20
-111.5325699999999927
11
127.88386899999999
21
-111.3612089999999881
0
LINE
8
BLACK
6
CONTINUOUS
10
127.88386899999999
20
-111.3612089999999881
11
127.8838639999999884
21
-111.3612069999999932
0
LINE
8
BLACK
6
CONTINUOUS
10
127.8838639999999884
20
-111.3612069999999932
11
127.5479969999999952
21
-111.2220859999999902
0
LINE
8
BLACK
6
CONTINUOUS
10
127.5479969999999952
20
-111.2220859999999902
11
127.2001009999999894
21
-111.1165529999999961
0
LINE
8
BLACK
6
CONTINUOUS
10
127.2001009999999894
20
-111.1165529999999961
11
127.2000899999999888
21
-111.1165499999999895
0
LINE
8
BLACK
6
CONTINUOUS
10
127.2000899999999888
20
-111.1165499999999895
11
126.8435559999999924
21
-111.0456319999999977
0
LINE
8
BLACK
6
CONTINUOUS
10
126.8435559999999924
20
-111.0456319999999977
11
126.4817659999999933
21
-111.0099999999999909
0
LINE
8
BLACK
6
CONTINUOUS
10
126.4817659999999933
20
-111.0099999999999909
11
126.1182340000000011
21
-111.0099999999999909
0
LINE
8
BLACK
6
CONTINUOUS
10
126.1182340000000011
20
-111.0099999999999909
11
125.7564429999999902
21
-111.0456319999999977
0
LINE
8
BLACK
6
CONTINUOUS
10
148.2564429999999902
20
-111.0456319999999977
11
147.8999089999999796
21
-111.1165499999999895
0
LINE
8
BLACK
6
CONTINUOUS
10
147.8999089999999796
20
-111.1165499999999895
11
147.8998980000000074
21
-111.1165529999999961
0
LINE
8
BLACK
6
CONTINUOUS
10
147.8998980000000074
20
-111.1165529999999961
11
147.5520019999999874
21
-111.2220859999999902
0
LINE
8
BLACK
6
CONTINUOUS
10
147.5520019999999874
20
-111.2220859999999902
11
147.21613499999998
21
-111.3612069999999932
0
LINE
8
BLACK
6
CONTINUOUS
10
147.21613499999998
20
-111.3612069999999932
11
147.2161299999999926
21
-111.3612089999999881
0
LINE
8
BLACK
6
CONTINUOUS
10
147.2161299999999926
20
-111.3612089999999881
11
146.8955369999999903
21
-111.5325699999999927
0
LINE
8
BLACK
6
CONTINUOUS
10
146.8955369999999903
20
-111.5325699999999927
11
146.8955190000000073
21
-111.5325809999999933
0
LINE
8
BLACK
6
CONTINUOUS
10
146.8955190000000073
20
-111.5325809999999933
11
146.5932579999999916
21
-111.7345449999999971
0
LINE
8
BLACK
6
CONTINUOUS
10
146.5932579999999916
20
-111.7345449999999971
11
146.5932540000000017
21
-111.7345479999999895
0
LINE
8
BLACK
6
CONTINUOUS
10
146.5932540000000017
20
-111.7345479999999895
11
146.3652329999999893
21
-111.9216789999999975
0
LINE
8
BLACK
6
CONTINUOUS
10
146.3652329999999893
20
-111.9216789999999975
11
146.3652329999999893
21
-111.9216799999999949
0
LINE
8
BLACK
6
CONTINUOUS
10
146.3652329999999893
20
-111.9216799999999949
11
146.7232170000000053
21
-112.2796639999999968
0
LINE
8
BLACK
6
CONTINUOUS
10
146.7232170000000053
20
-112.2796639999999968
11
146.9482519999999965
21
-112.1002049999999883
0
LINE
8
BLACK
6
CONTINUOUS
10
146.9482519999999965
20
-112.1002049999999883
11
147.2520999999999844
21
-111.909284999999997
0
LINE
8
BLACK
6
CONTINUOUS
10
147.2520999999999844
20
-111.909284999999997
11
147.5754129999999975
21
-111.7535850000000011
0
LINE
8
BLACK
6
CONTINUOUS
10
147.5754129999999975
20
-111.7535850000000011
11
147.9141259999999818
21
-111.6350649999999973
0
LINE
8
BLACK
6
CONTINUOUS
10
147.9141259999999818
20
-111.6350649999999973
11
148.2639800000000037
21
-111.5552129999999948
0
LINE
8
BLACK
6
CONTINUOUS
10
148.2639800000000037
20
-111.5552129999999948
11
148.6205750000000023
21
-111.515034
0
LINE
8
BLACK
6
CONTINUOUS
10
148.6205750000000023
20
-111.515034
11
148.979424999999992
21
-111.515034
0
LINE
8
BLACK
6
CONTINUOUS
10
148.979424999999992
20
-111.515034
11
149.3360199999999907
21
-111.5552129999999948
0
LINE
8
BLACK
6
CONTINUOUS
10
149.3360199999999907
20
-111.5552129999999948
11
149.6858739999999841
21
-111.6350649999999973
0
LINE
8
BLACK
6
CONTINUOUS
10
149.6858739999999841
20
-111.6350649999999973
11
150.0245869999999968
21
-111.7535850000000011
0
LINE
8
BLACK
6
CONTINUOUS
10
150.0245869999999968
20
-111.7535850000000011
11
150.3478999999999814
21
-111.909284999999997
0
LINE
8
BLACK
6
CONTINUOUS
10
150.3478999999999814
20
-111.909284999999997
11
150.6517479999999978
21
-112.1002049999999883
0
LINE
8
BLACK
6
CONTINUOUS
10
150.6517479999999978
20
-112.1002049999999883
11
150.876780999999994
21
-112.2796629999999993
0
LINE
8
BLACK
6
CONTINUOUS
10
150.876780999999994
20
-112.2796629999999993
11
151.2347659999999792
21
-111.9216789999999975
0
LINE
8
BLACK
6
CONTINUOUS
10
151.2347659999999792
20
-111.9216789999999975
11
151.2347649999999817
21
-111.921678
0
LINE
8
BLACK
6
CONTINUOUS
10
151.2347649999999817
20
-111.921678
11
151.0067499999999825
21
-111.7345509999999962
0
LINE
8
BLACK
6
CONTINUOUS
10
151.0067499999999825
20
-111.7345509999999962
11
150.7044799999999896
21
-111.5325809999999933
0
LINE
8
BLACK
6
CONTINUOUS
10
150.7044799999999896
20
-111.5325809999999933
11
150.7044620000000066
21
-111.5325699999999927
0
LINE
8
BLACK
6
CONTINUOUS
10
150.7044620000000066
20
-111.5325699999999927
11
150.3838690000000042
21
-111.3612089999999881
0
LINE
8
BLACK
6
CONTINUOUS
10
150.3838690000000042
20
-111.3612089999999881
11
150.3838639999999884
21
-111.3612069999999932
0
LINE
8
BLACK
6
CONTINUOUS
10
150.3838639999999884
20
-111.3612069999999932
11
150.047996999999981
21
-111.2220859999999902
0
LINE
8
BLACK
6
CONTINUOUS
10
150.047996999999981
20
-111.2220859999999902
11
149.7001009999999894
21
-111.1165529999999961
0
LINE
8
BLACK
6
CONTINUOUS
10
149.7001009999999894
20
-111.1165529999999961
11
149.7000899999999888
21
-111.1165499999999895
0
LINE
8
BLACK
6
CONTINUOUS
10
149.7000899999999888
20
-111.1165499999999895
11
149.3435560000000066
21
-111.0456319999999977
0
LINE
8
BLACK
6
CONTINUOUS
10
149.3435560000000066
20
-111.0456319999999977
11
148.9817659999999933
21
-111.0099999999999909
0
LINE
8
BLACK
6
CONTINUOUS
10
148.9817659999999933
20
-111.0099999999999909
11
148.6182340000000011
21
-111.0099999999999909
0
LINE
8
BLACK
6
CONTINUOUS
10
148.6182340000000011
20
-111.0099999999999909
11
148.2564429999999902
21
-111.0456319999999977
0
LINE
8
BLACK
6
CONTINUOUS
10
123.6919949999999915
20
-107.5902519999999924
11
123.6559469999999976
21
-107.6051839999999942
0
LINE
8
BLACK
6
CONTINUOUS
10
123.6559469999999976
20
-107.6051839999999942
11
123.6283569999999941
21
-107.6327739999999977
0
LINE
8
BLACK
6
CONTINUOUS
10
123.6283569999999941
20
-107.6327739999999977
11
123.6134249999999923
21
-107.6688219999999916
0
LINE
8
BLACK
6
CONTINUOUS
10
123.6134249999999923
20
-107.6688219999999916
11
123.6134249999999923
21
-107.7078399999999903
0
LINE
8
BLACK
6
CONTINUOUS
10
123.6134249999999923
20
-107.7078399999999903
11
123.6283569999999941
21
-107.7438879999999983
0
LINE
8
BLACK
6
CONTINUOUS
10
123.6283569999999941
20
-107.7438879999999983
11
123.6559469999999976
21
-107.7714780000000019
0
LINE
8
BLACK
6
CONTINUOUS
10
123.6559469999999976
20
-107.7714780000000019
11
123.6919949999999915
21
-107.7864099999999894
0
LINE
8
BLACK
6
CONTINUOUS
10
123.6919949999999915
20
-107.7864099999999894
11
123.7115039999999908
21
-107.7883309999999994
0
LINE
8
BLACK
6
CONTINUOUS
10
123.7115039999999908
20
-107.7883309999999994
11
123.7557959999999895
21
-107.7883309999999994
0
LINE
8
BLACK
6
CONTINUOUS
10
123.7557959999999895
20
-107.7883309999999994
11
123.736030999999997
21
-107.8080959999999919
0
LINE
8
BLACK
6
CONTINUOUS
10
123.736030999999997
20
-107.8080959999999919
11
123.729738999999995
21
-107.8157619999999923
0
LINE
8
BLACK
6
CONTINUOUS
10
123.729738999999995
20
-107.8157619999999923
11
123.7277419999999921
21
-107.8174949999999939
0
LINE
8
BLACK
6
CONTINUOUS
10
123.7277419999999921
20
-107.8174949999999939
11
123.72584599999999
21
-107.8205059999999946
0
LINE
8
BLACK
6
CONTINUOUS
10
123.72584599999999
20
-107.8205059999999946
11
123.7235949999999889
21
-107.8232500000000016
0
LINE
8
BLACK
6
CONTINUOUS
10
123.7235949999999889
20
-107.8232500000000016
11
123.7225849999999951
21
-107.8256859999999904
0
LINE
8
BLACK
6
CONTINUOUS
10
123.7225849999999951
20
-107.8256859999999904
11
123.717298999999997
21
-107.8340850000000017
0
LINE
8
BLACK
6
CONTINUOUS
10
123.717298999999997
20
-107.8340850000000017
11
123.622060999999988
21
-108.0245619999999889
0
LINE
8
BLACK
6
CONTINUOUS
10
123.622060999999988
20
-108.0245619999999889
11
123.6150549999999981
21
-108.0428699999999935
0
LINE
8
BLACK
6
CONTINUOUS
10
123.6150549999999981
20
-108.0428699999999935
11
123.6147999999999882
21
-108.0464529999999996
0
LINE
8
BLACK
6
CONTINUOUS
10
123.6147999999999882
20
-108.0464529999999996
11
123.6134249999999923
21
-108.0497739999999993
0
LINE
8
BLACK
6
CONTINUOUS
10
123.6134249999999923
20
-108.0497739999999993
11
123.6115039999999965
21
-108.0692829999999987
0
LINE
8
BLACK
6
CONTINUOUS
10
123.6115039999999965
20
-108.0692829999999987
11
123.6115039999999965
21
-108.25976
0
LINE
8
BLACK
6
CONTINUOUS
10
123.6115039999999965
20
-108.25976
11
123.6134249999999923
21
-108.2792689999999993
0
LINE
8
BLACK
6
CONTINUOUS
10
123.6134249999999923
20
-108.2792689999999993
11
123.6283569999999941
21
-108.3153169999999932
0
LINE
8
BLACK
6
CONTINUOUS
10
123.6283569999999941
20
-108.3153169999999932
11
123.6559469999999976
21
-108.3429069999999967
0
LINE
8
BLACK
6
CONTINUOUS
10
123.6559469999999976
20
-108.3429069999999967
11
123.6919949999999915
21
-108.3578389999999985
0
LINE
8
BLACK
6
CONTINUOUS
10
123.6919949999999915
20
-108.3578389999999985
11
123.7310129999999901
21
-108.3578389999999985
0
LINE
8
BLACK
6
CONTINUOUS
10
123.7310129999999901
20
-108.3578389999999985
11
123.7670609999999982
21
-108.3429069999999967
0
LINE
8
BLACK
6
CONTINUOUS
10
123.7670609999999982
20
-108.3429069999999967
11
123.7946509999999876
21
-108.3153169999999932
0
LINE
8
BLACK
6
CONTINUOUS
10
123.7946509999999876
20
-108.3153169999999932
11
123.8095829999999893
21
-108.2792689999999993
0
LINE
8
BLACK
6
CONTINUOUS
10
123.8095829999999893
20
-108.2792689999999993
11
123.8115039999999993
21
-108.25976
0
LINE
8
BLACK
6
CONTINUOUS
10
123.8115039999999993
20
-108.25976
11
123.8115039999999993
21
-108.092889999999997
0
LINE
8
BLACK
6
CONTINUOUS
10
123.8115039999999993
20
-108.092889999999997
11
123.8889269999999954
21
-107.9380439999999908
0
LINE
8
BLACK
6
CONTINUOUS
10
123.8889269999999954
20
-107.9380439999999908
11
123.9612159999999932
21
-107.8657539999999955
0
LINE
8
BLACK
6
CONTINUOUS
10
123.9612159999999932
20
-107.8657539999999955
11
124.1160649999999919
21
-107.7883309999999994
0
LINE
8
BLACK
6
CONTINUOUS
10
124.1160649999999919
20
-107.7883309999999994
11
125.0448379999999986
21
-107.7883309999999994
0
LINE
8
BLACK
6
CONTINUOUS
10
125.0448379999999986
20
-107.7883309999999994
11
125.0643469999999979
21
-107.7864099999999894
0
LINE
8
BLACK
6
CONTINUOUS
10
125.0643469999999979
20
-107.7864099999999894
11
125.1003949999999918
21
-107.7714780000000019
0
LINE
8
BLACK
6
CONTINUOUS
10
125.1003949999999918
20
-107.7714780000000019
11
125.1279849999999954
21
-107.7438879999999983
0
LINE
8
BLACK
6
CONTINUOUS
10
125.1279849999999954
20
-107.7438879999999983
11
125.1429169999999971
21
-107.7078399999999903
0
LINE
8
BLACK
6
CONTINUOUS
10
125.1429169999999971
20
-107.7078399999999903
11
125.1429169999999971
21
-107.6688219999999916
0
LINE
8
BLACK
6
CONTINUOUS
10
125.1429169999999971
20
-107.6688219999999916
11
125.1279849999999954
21
-107.6327739999999977
0
LINE
8
BLACK
6
CONTINUOUS
10
125.1279849999999954
20
-107.6327739999999977
11
125.1003949999999918
21
-107.6051839999999942
0
LINE
8
BLACK
6
CONTINUOUS
10
125.1003949999999918
20
-107.6051839999999942
11
125.0643469999999979
21
-107.5902519999999924
0
LINE
8
BLACK
6
CONTINUOUS
10
125.0643469999999979
20
-107.5902519999999924
11
125.0448379999999986
21
-107.5883309999999966
0
LINE
8
BLACK
6
CONTINUOUS
10
125.0448379999999986
20
-107.5883309999999966
11
123.7115039999999908
21
-107.5883309999999966
0
LINE
8
BLACK
6
CONTINUOUS
10
123.7115039999999908
20
-107.5883309999999966
11
123.6919949999999915
21
-107.5902519999999924
0
LINE
8
BLACK
6
CONTINUOUS
10
130.9687150000000031
20
-104.738008999999991
11
130.9577620000000024
21
-104.739452
0
LINE
8
BLACK
6
CONTINUOUS
10
130.9577620000000024
20
-104.739452
11
130.864075999999983
21
-104.7645539999999897
0
LINE
8
BLACK
6
CONTINUOUS
10
130.864075999999983
20
-104.7645539999999897
11
130.7361119999999914
21
-104.7988419999999934
0
LINE
8
BLACK
6
CONTINUOUS
10
130.7361119999999914
20
-104.7988419999999934
11
130.524123000000003
21
-104.8866499999999888
0
LINE
8
BLACK
6
CONTINUOUS
10
130.524123000000003
20
-104.8866499999999888
11
130.5241089999999815
21
-104.8866569999999996
0
LINE
8
BLACK
6
CONTINUOUS
10
130.5241089999999815
20
-104.8866569999999996
11
130.3253819999999905
21
-105.0013919999999956
0
LINE
8
BLACK
6
CONTINUOUS
10
130.3253819999999905
20
-105.0013919999999956
11
130.143338
21
-105.1410809999999998
0
LINE
8
BLACK
6
CONTINUOUS
10
130.143338
20
-105.1410809999999998
11
129.981080999999989
21
-105.3033379999999966
0
LINE
8
BLACK
6
CONTINUOUS
10
129.981080999999989
20
-105.3033379999999966
11
129.8413919999999848
21
-105.4853820000000013
0
LINE
8
BLACK
6
CONTINUOUS
10
129.8413919999999848
20
-105.4853820000000013
11
129.7266569999999888
21
-105.6841089999999923
0
LINE
8
BLACK
6
CONTINUOUS
10
129.7266569999999888
20
-105.6841089999999923
11
129.7266500000000065
21
-105.6841229999999996
0
LINE
8
BLACK
6
CONTINUOUS
10
129.7266500000000065
20
-105.6841229999999996
11
129.6388419999999826
21
-105.8961120000000022
0
LINE
8
BLACK
6
CONTINUOUS
10
129.6388419999999826
20
-105.8961120000000022
11
129.5794530000000009
21
-106.1177589999999924
0
LINE
8
BLACK
6
CONTINUOUS
10
129.5794530000000009
20
-106.1177589999999924
11
129.5794510000000059
21
-106.117769999999993
0
LINE
8
BLACK
6
CONTINUOUS
10
129.5794510000000059
20
-106.117769999999993
11
129.5494999999999948
21
-106.3452580000000012
0
LINE
8
BLACK
6
CONTINUOUS
10
129.5494999999999948
20
-106.3452580000000012
11
129.5494999999999948
21
-106.5747409999999888
0
LINE
8
BLACK
6
CONTINUOUS
10
129.5494999999999948
20
-106.5747409999999888
11
129.5744459999999947
21
-106.764214999999993
0
LINE
8
BLACK
6
CONTINUOUS
10
129.5744459999999947
20
-106.764214999999993
11
129.5794520000000034
21
-106.8022379999999885
0
LINE
8
BLACK
6
CONTINUOUS
10
129.5794520000000034
20
-106.8022379999999885
11
129.5794530000000009
21
-106.8022399999999976
0
LINE
8
BLACK
6
CONTINUOUS
10
129.5794530000000009
20
-106.8022399999999976
11
129.6388419999999826
21
-107.023887000000002
0
LINE
8
BLACK
6
CONTINUOUS
10
129.6388419999999826
20
-107.023887000000002
11
129.7266500000000065
21
-107.2358759999999904
0
LINE
8
BLACK
6
CONTINUOUS
10
129.7266500000000065
20
-107.2358759999999904
11
129.7266569999999888
21
-107.2358899999999977
0
LINE
8
BLACK
6
CONTINUOUS
10
129.7266569999999888
20
-107.2358899999999977
11
129.8413919999999848
21
-107.4346169999999887
0
LINE
8
BLACK
6
CONTINUOUS
10
129.8413919999999848
20
-107.4346169999999887
11
129.981080999999989
21
-107.6166609999999935
0
LINE
8
BLACK
6
CONTINUOUS
10
129.981080999999989
20
-107.6166609999999935
11
129.9810889999999972
21
-107.6166699999999992
0
LINE
8
BLACK
6
CONTINUOUS
10
129.9810889999999972
20
-107.6166699999999992
11
130.1433299999999917
21
-107.7789109999999937
0
LINE
8
BLACK
6
CONTINUOUS
10
130.1433299999999917
20
-107.7789109999999937
11
130.143338
21
-107.7789179999999902
0
LINE
8
BLACK
6
CONTINUOUS
10
130.143338
20
-107.7789179999999902
11
130.3253819999999905
21
-107.9186069999999944
0
LINE
8
BLACK
6
CONTINUOUS
10
130.3253819999999905
20
-107.9186069999999944
11
130.3253849999999829
21
-107.9186079999999919
0
LINE
8
BLACK
6
CONTINUOUS
10
130.3253849999999829
20
-107.9186079999999919
11
130.3253880000000038
21
-107.9186109999999985
0
LINE
8
BLACK
6
CONTINUOUS
10
130.3253880000000038
20
-107.9186109999999985
11
130.5241120000000024
21
-108.0333439999999996
0
LINE
8
BLACK
6
CONTINUOUS
10
130.5241120000000024
20
-108.0333439999999996
11
130.5241169999999897
21
-108.0333459999999945
0
LINE
8
BLACK
6
CONTINUOUS
10
130.5241169999999897
20
-108.0333459999999945
11
130.524123000000003
21
-108.0333490000000012
0
LINE
8
BLACK
6
CONTINUOUS
10
130.524123000000003
20
-108.0333490000000012
11
130.6154799999999909
21
-108.0711900000000014
0
LINE
8
BLACK
6
CONTINUOUS
10
130.6154799999999909
20
-108.0711900000000014
11
130.7361129999999889
21
-108.1211579999999941
0
LINE
8
BLACK
6
CONTINUOUS
10
130.7361129999999889
20
-108.1211579999999941
11
130.9577620000000024
21
-108.1805480000000017
0
LINE
8
BLACK
6
CONTINUOUS
10
130.9577620000000024
20
-108.1805480000000017
11
131.1852659999999844
21
-108.2104999999999961
0
LINE
8
BLACK
6
CONTINUOUS
10
131.1852659999999844
20
-108.2104999999999961
11
131.1852729999999951
21
-108.2104999999999961
0
LINE
8
BLACK
6
CONTINUOUS
10
131.1852729999999951
20
-108.2104999999999961
11
131.4147269999999992
21
-108.2104999999999961
0
LINE
8
BLACK
6
CONTINUOUS
10
131.4147269999999992
20
-108.2104999999999961
11
131.4147339999999815
21
-108.2104999999999961
0
LINE
8
BLACK
6
CONTINUOUS
10
131.4147339999999815
20
-108.2104999999999961
11
131.6422379999999919
21
-108.1805480000000017
0
LINE
8
BLACK
6
CONTINUOUS
10
131.6422379999999919
20
-108.1805480000000017
11
131.8638870000000054
21
-108.1211579999999941
0
LINE
8
BLACK
6
CONTINUOUS
10
131.8638870000000054
20
-108.1211579999999941
11
132.075887999999992
21
-108.0333439999999996
0
LINE
8
BLACK
6
CONTINUOUS
10
132.075887999999992
20
-108.0333439999999996
11
132.2746119999999905
21
-107.9186109999999985
0
LINE
8
BLACK
6
CONTINUOUS
10
132.2746119999999905
20
-107.9186109999999985
11
132.4566609999999969
21
-107.7789190000000019
0
LINE
8
BLACK
6
CONTINUOUS
10
132.4566609999999969
20
-107.7789190000000019
11
132.4566649999999868
21
-107.7789140000000003
0
LINE
8
BLACK
6
CONTINUOUS
10
132.4566649999999868
20
-107.7789140000000003
11
132.4566700000000026
21
-107.7789109999999937
0
LINE
8
BLACK
6
CONTINUOUS
10
132.4566700000000026
20
-107.7789109999999937
11
132.6189109999999971
21
-107.6166699999999992
0
LINE
8
BLACK
6
CONTINUOUS
10
132.6189109999999971
20
-107.6166699999999992
11
132.6189139999999895
21
-107.6166649999999976
0
LINE
8
BLACK
6
CONTINUOUS
10
132.6189139999999895
20
-107.6166649999999976
11
132.6189190000000053
21
-107.6166609999999935
0
LINE
8
BLACK
6
CONTINUOUS
10
132.6189190000000053
20
-107.6166609999999935
11
132.7586110000000019
21
-107.4346120000000013
0
LINE
8
BLACK
6
CONTINUOUS
10
132.7586110000000019
20
-107.4346120000000013
11
132.873344000000003
21
-107.2358879999999886
0
LINE
8
BLACK
6
CONTINUOUS
10
132.873344000000003
20
-107.2358879999999886
11
132.9611579999999833
21
-107.023887000000002
0
LINE
8
BLACK
6
CONTINUOUS
10
132.9611579999999833
20
-107.023887000000002
11
133.0205479999999909
21
-106.8022379999999885
0
LINE
8
BLACK
6
CONTINUOUS
10
133.0205479999999909
20
-106.8022379999999885
11
133.0504999999999995
21
-106.5747339999999923
0
LINE
8
BLACK
6
CONTINUOUS
10
133.0504999999999995
20
-106.5747339999999923
11
133.0504999999999995
21
-106.3452659999999952
0
LINE
8
BLACK
6
CONTINUOUS
10
133.0504999999999995
20
-106.3452659999999952
11
133.0504990000000021
21
-106.3452580000000012
0
LINE
8
BLACK
6
CONTINUOUS
10
133.0504990000000021
20
-106.3452580000000012
11
133.0205479999999909
21
-106.117761999999999
0
LINE
8
BLACK
6
CONTINUOUS
10
133.0205479999999909
20
-106.117761999999999
11
132.9611579999999833
21
-105.8961129999999997
0
LINE
8
BLACK
6
CONTINUOUS
10
132.9611579999999833
20
-105.8961129999999997
11
132.873344000000003
21
-105.6841119999999989
0
LINE
8
BLACK
6
CONTINUOUS
10
132.873344000000003
20
-105.6841119999999989
11
132.7586110000000019
21
-105.4853880000000004
0
LINE
8
BLACK
6
CONTINUOUS
10
132.7586110000000019
20
-105.4853880000000004
11
132.7586079999999811
21
-105.4853849999999937
0
LINE
8
BLACK
6
CONTINUOUS
10
132.7586079999999811
20
-105.4853849999999937
11
132.7586069999999836
21
-105.4853820000000013
0
LINE
8
BLACK
6
CONTINUOUS
10
132.7586069999999836
20
-105.4853820000000013
11
132.6189180000000079
21
-105.3033379999999966
0
LINE
8
BLACK
6
CONTINUOUS
10
132.6189180000000079
20
-105.3033379999999966
11
132.6189109999999971
21
-105.3033299999999883
0
LINE
8
BLACK
6
CONTINUOUS
10
132.6189109999999971
20
-105.3033299999999883
11
132.4566700000000026
21
-105.1410889999999938
0
LINE
8
BLACK
6
CONTINUOUS
10
132.4566700000000026
20
-105.1410889999999938
11
132.4566609999999969
21
-105.1410809999999998
0
LINE
8
BLACK
6
CONTINUOUS
10
132.4566609999999969
20
-105.1410809999999998
11
132.2746170000000063
21
-105.0013919999999956
0
LINE
8
BLACK
6
CONTINUOUS
10
132.2746170000000063
20
-105.0013919999999956
11
132.0758899999999869
21
-104.8866569999999996
0
LINE
8
BLACK
6
CONTINUOUS
10
132.0758899999999869
20
-104.8866569999999996
11
132.0758759999999938
21
-104.8866499999999888
0
LINE
8
BLACK
6
CONTINUOUS
10
132.0758759999999938
20
-104.8866499999999888
11
131.8638870000000054
21
-104.7988419999999934
0
LINE
8
BLACK
6
CONTINUOUS
10
131.8638870000000054
20
-104.7988419999999934
11
131.6422379999999919
21
-104.739452
0
LINE
8
BLACK
6
CONTINUOUS
10
131.6422379999999919
20
-104.739452
11
131.6042149999999822
21
-104.7344459999999913
0
LINE
8
BLACK
6
CONTINUOUS
10
131.6042149999999822
20
-104.7344459999999913
11
131.4147409999999923
21
-104.7094999999999914
0
LINE
8
BLACK
6
CONTINUOUS
10
131.4147409999999923
20
-104.7094999999999914
11
131.4147339999999815
21
-104.7094999999999914
0
LINE
8
BLACK
6
CONTINUOUS
10
131.4147339999999815
20
-104.7094999999999914
11
131.1852659999999844
21
-104.7094999999999914
0
LINE
8
BLACK
6
CONTINUOUS
10
131.1852659999999844
20
-104.7094999999999914
11
131.1852580000000046
21
-104.7094999999999914
0
LINE
8
BLACK
6
CONTINUOUS
10
131.1852580000000046
20
-104.7094999999999914
11
130.9687150000000031
21
-104.738008999999991
0
LINE
8
BLACK
6
CONTINUOUS
10
134.0494999999999948
20
-106.5747409999999888
11
134.0744459999999947
21
-106.764214999999993
0
LINE
8
BLACK
6
CONTINUOUS
10
134.0744459999999947
20
-106.764214999999993
11
134.0794520000000034
21
-106.8022379999999885
0
LINE
8
BLACK
6
CONTINUOUS
10
134.0794520000000034
20
-106.8022379999999885
11
134.0794530000000009
21
-106.8022399999999976
0
LINE
8
BLACK
6
CONTINUOUS
10
134.0794530000000009
20
-106.8022399999999976
11
134.1388419999999826
21
-107.023887000000002
0
LINE
8
BLACK
6
CONTINUOUS
10
134.1388419999999826
20
-107.023887000000002
11
134.2266500000000065
21
-107.2358759999999904
0
LINE
8
BLACK
6
CONTINUOUS
10
134.2266500000000065
20
-107.2358759999999904
11
134.2266569999999888
21
-107.2358899999999977
0
LINE
8
BLACK
6
CONTINUOUS
10
134.2266569999999888
20
-107.2358899999999977
11
134.3413919999999848
21
-107.4346169999999887
0
LINE
8
BLACK
6
CONTINUOUS
10
134.3413919999999848
20
-107.4346169999999887
11
134.481080999999989
21
-107.6166609999999935
0
LINE
8
BLACK
6
CONTINUOUS
10
134.481080999999989
20
-107.6166609999999935
11
134.4810889999999972
21
-107.6166699999999992
0
LINE
8
BLACK
6
CONTINUOUS
10
134.4810889999999972
20
-107.6166699999999992
11
134.6433299999999917
21
-107.7789109999999937
0
LINE
8
BLACK
6
CONTINUOUS
10
134.6433299999999917
20
-107.7789109999999937
11
134.643338
21
-107.7789179999999902
0
LINE
8
BLACK
6
CONTINUOUS
10
134.643338
20
-107.7789179999999902
11
134.8253819999999905
21
-107.9186069999999944
0
LINE
8
BLACK
6
CONTINUOUS
10
134.8253819999999905
20
-107.9186069999999944
11
134.8253849999999829
21
-107.9186079999999919
0
LINE
8
BLACK
6
CONTINUOUS
10
134.8253849999999829
20
-107.9186079999999919
11
134.8253880000000038
21
-107.9186109999999985
0
LINE
8
BLACK
6
CONTINUOUS
10
134.8253880000000038
20
-107.9186109999999985
11
135.0241120000000024
21
-108.0333439999999996
0
LINE
8
BLACK
6
CONTINUOUS
10
135.0241120000000024
20
-108.0333439999999996
11
135.0241169999999897
21
-108.0333459999999945
0
LINE
8
BLACK
6
CONTINUOUS
10
135.0241169999999897
20
-108.0333459999999945
11
135.024123000000003
21
-108.0333490000000012
0
LINE
8
BLACK
6
CONTINUOUS
10
135.024123000000003
20
-108.0333490000000012
11
135.1154799999999909
21
-108.0711900000000014
0
LINE
8
BLACK
6
CONTINUOUS
10
135.1154799999999909
20
-108.0711900000000014
11
135.2361129999999889
21
-108.1211579999999941
0
LINE
8
BLACK
6
CONTINUOUS
10
135.2361129999999889
20
-108.1211579999999941
11
135.4577620000000024
21
-108.1805480000000017
0
LINE
8
BLACK
6
CONTINUOUS
10
135.4577620000000024
20
-108.1805480000000017
11
135.6852659999999844
21
-108.2104999999999961
0
LINE
8
BLACK
6
CONTINUOUS
10
135.6852659999999844
20
-108.2104999999999961
11
135.6852729999999951
21
-108.2104999999999961
0
LINE
8
BLACK
6
CONTINUOUS
10
135.6852729999999951
20
-108.2104999999999961
11
135.9147269999999992
21
-108.2104999999999961
0
LINE
8
BLACK
6
CONTINUOUS
10
135.9147269999999992
20
-108.2104999999999961
11
135.9147339999999815
21
-108.2104999999999961
0
LINE
8
BLACK
6
CONTINUOUS
10
135.9147339999999815
20
-108.2104999999999961
11
136.1422379999999919
21
-108.1805480000000017
0
LINE
8
BLACK
6
CONTINUOUS
10
136.1422379999999919
20
-108.1805480000000017
11
136.3638870000000054
21
-108.1211579999999941
0
LINE
8
BLACK
6
CONTINUOUS
10
136.3638870000000054
20
-108.1211579999999941
11
136.575887999999992
21
-108.0333439999999996
0
LINE
8
BLACK
6
CONTINUOUS
10
136.575887999999992
20
-108.0333439999999996
11
136.7746119999999905
21
-107.9186109999999985
0
LINE
8
BLACK
6
CONTINUOUS
10
136.7746119999999905
20
-107.9186109999999985
11
136.9566609999999969
21
-107.7789190000000019
0
LINE
8
BLACK
6
CONTINUOUS
10
136.9566609999999969
20
-107.7789190000000019
11
136.9566649999999868
21
-107.7789140000000003
0
LINE
8
BLACK
6
CONTINUOUS
10
136.9566649999999868
20
-107.7789140000000003
11
136.9566700000000026
21
-107.7789109999999937
0
LINE
8
BLACK
6
CONTINUOUS
10
136.9566700000000026
20
-107.7789109999999937
11
137.1189109999999971
21
-107.6166699999999992
0
LINE
8
BLACK
6
CONTINUOUS
10
137.1189109999999971
20
-107.6166699999999992
11
137.1189139999999895
21
-107.6166649999999976
0
LINE
8
BLACK
6
CONTINUOUS
10
137.1189139999999895
20
-107.6166649999999976
11
137.1189190000000053
21
-107.6166609999999935
0
LINE
8
BLACK
6
CONTINUOUS
10
137.1189190000000053
20
-107.6166609999999935
11
137.2586110000000019
21
-107.4346120000000013
0
LINE
8
BLACK
6
CONTINUOUS
10
137.2586110000000019
20
-107.4346120000000013
11
137.373344000000003
21
-107.2358879999999886
0
LINE
8
BLACK
6
CONTINUOUS
10
137.373344000000003
20
-107.2358879999999886
11
137.4611579999999833
21
-107.023887000000002
0
LINE
8
BLACK
6
CONTINUOUS
10
137.4611579999999833
20
-107.023887000000002
11
137.5205479999999909
21
-106.8022379999999885
0
LINE
8
BLACK
6
CONTINUOUS
10
137.5205479999999909
20
-106.8022379999999885
11
137.5504999999999995
21
-106.5747339999999923
0
LINE
8
BLACK
6
CONTINUOUS
10
137.5504999999999995
20
-106.5747339999999923
11
137.5504999999999995
21
-106.3452659999999952
0
LINE
8
BLACK
6
CONTINUOUS
10
137.5504999999999995
20
-106.3452659999999952
11
137.5504990000000021
21
-106.3452580000000012
0
LINE
8
BLACK
6
CONTINUOUS
10
137.5504990000000021
20
-106.3452580000000012
11
137.5205479999999909
21
-106.117761999999999
0
LINE
8
BLACK
6
CONTINUOUS
10
137.5205479999999909
20
-106.117761999999999
11
137.4611579999999833
21
-105.8961129999999997
0
LINE
8
BLACK
6
CONTINUOUS
10
137.4611579999999833
20
-105.8961129999999997
11
137.373344000000003
21
-105.6841119999999989
0
LINE
8
BLACK
6
CONTINUOUS
10
137.373344000000003
20
-105.6841119999999989
11
137.2586110000000019
21
-105.4853880000000004
0
LINE
8
BLACK
6
CONTINUOUS
10
137.2586110000000019
20
-105.4853880000000004
11
137.2586079999999811
21
-105.4853849999999937
0
LINE
8
BLACK
6
CONTINUOUS
10
137.2586079999999811
20
-105.4853849999999937
11
137.2586069999999836
21
-105.4853820000000013
0
LINE
8
BLACK
6
CONTINUOUS
10
137.2586069999999836
20
-105.4853820000000013
11
137.1189180000000079
21
-105.3033379999999966
0
LINE
8
BLACK
6
CONTINUOUS
10
137.1189180000000079
20
-105.3033379999999966
11
137.1189109999999971
21
-105.3033299999999883
0
LINE
8
BLACK
6
CONTINUOUS
10
137.1189109999999971
20
-105.3033299999999883
11
136.9566700000000026
21
-105.1410889999999938
0
LINE
8
BLACK
6
CONTINUOUS
10
136.9566700000000026
20
-105.1410889999999938
11
136.9566609999999969
21
-105.1410809999999998
0
LINE
8
BLACK
6
CONTINUOUS
10
136.9566609999999969
20
-105.1410809999999998
11
136.7746170000000063
21
-105.0013919999999956
0
LINE
8
BLACK
6
CONTINUOUS
10
136.7746170000000063
20
-105.0013919999999956
11
136.5758899999999869
21
-104.8866569999999996
0
LINE
8
BLACK
6
CONTINUOUS
10
136.5758899999999869
20
-104.8866569999999996
11
136.5758759999999938
21
-104.8866499999999888
0
LINE
8
BLACK
6
CONTINUOUS
10
136.5758759999999938
20
-104.8866499999999888
11
136.3638870000000054
21
-104.7988419999999934
0
LINE
8
BLACK
6
CONTINUOUS
10
136.3638870000000054
20
-104.7988419999999934
11
136.1422379999999919
21
-104.739452
0
LINE
8
BLACK
6
CONTINUOUS
10
136.1422379999999919
20
-104.739452
11
136.1042149999999822
21
-104.7344459999999913
0
LINE
8
BLACK
6
CONTINUOUS
10
136.1042149999999822
20
-104.7344459999999913
11
135.9147409999999923
21
-104.7094999999999914
0
LINE
8
BLACK
6
CONTINUOUS
10
135.9147409999999923
20
-104.7094999999999914
11
135.9147339999999815
21
-104.7094999999999914
0
LINE
8
BLACK
6
CONTINUOUS
10
135.9147339999999815
20
-104.7094999999999914
11
135.6852659999999844
21
-104.7094999999999914
0
LINE
8
BLACK
6
CONTINUOUS
10
135.6852659999999844
20
-104.7094999999999914
11
135.6852580000000046
21
-104.7094999999999914
0
LINE
8
BLACK
6
CONTINUOUS
10
135.6852580000000046
20
-104.7094999999999914
11
135.4687150000000031
21
-104.738008999999991
0
LINE
8
BLACK
6
CONTINUOUS
10
135.4687150000000031
20
-104.738008999999991
11
135.4577620000000024
21
-104.739452
0
LINE
8
BLACK
6
CONTINUOUS
10
135.4577620000000024
20
-104.739452
11
135.364075999999983
21
-104.7645539999999897
0
LINE
8
BLACK
6
CONTINUOUS
10
135.364075999999983
20
-104.7645539999999897
11
135.2361119999999914
21
-104.7988419999999934
0
LINE
8
BLACK
6
CONTINUOUS
10
135.2361119999999914
20
-104.7988419999999934
11
135.024123000000003
21
-104.8866499999999888
0
LINE
8
BLACK
6
CONTINUOUS
10
135.024123000000003
20
-104.8866499999999888
11
135.0241089999999815
21
-104.8866569999999996
0
LINE
8
BLACK
6
CONTINUOUS
10
135.0241089999999815
20
-104.8866569999999996
11
134.8253819999999905
21
-105.0013919999999956
0
LINE
8
BLACK
6
CONTINUOUS
10
134.8253819999999905
20
-105.0013919999999956
11
134.643338
21
-105.1410809999999998
0
LINE
8
BLACK
6
CONTINUOUS
10
134.643338
20
-105.1410809999999998
11
134.481080999999989
21
-105.3033379999999966
0
LINE
8
BLACK
6
CONTINUOUS
10
134.481080999999989
20
-105.3033379999999966
11
134.3413919999999848
21
-105.4853820000000013
0
LINE
8
BLACK
6
CONTINUOUS
10
134.3413919999999848
20
-105.4853820000000013
11
134.2266569999999888
21
-105.6841089999999923
0
LINE
8
BLACK
6
CONTINUOUS
10
134.2266569999999888
20
-105.6841089999999923
11
134.2266500000000065
21
-105.6841229999999996
0
LINE
8
BLACK
6
CONTINUOUS
10
134.2266500000000065
20
-105.6841229999999996
11
134.1388419999999826
21
-105.8961120000000022
0
LINE
8
BLACK
6
CONTINUOUS
10
134.1388419999999826
20
-105.8961120000000022
11
134.0794530000000009
21
-106.1177589999999924
0
LINE
8
BLACK
6
CONTINUOUS
10
134.0794530000000009
20
-106.1177589999999924
11
134.0794510000000059
21
-106.117769999999993
0
LINE
8
BLACK
6
CONTINUOUS
10
134.0794510000000059
20
-106.117769999999993
11
134.0494999999999948
21
-106.3452580000000012
0
LINE
8
BLACK
6
CONTINUOUS
10
134.0494999999999948
20
-106.3452580000000012
11
134.0494999999999948
21
-106.5747409999999888
0
LINE
8
BLACK
6
CONTINUOUS
10
138.5494999999999948
20
-106.5747409999999888
11
138.5744459999999947
21
-106.764214999999993
0
LINE
8
BLACK
6
CONTINUOUS
10
138.5744459999999947
20
-106.764214999999993
11
138.5794520000000034
21
-106.8022379999999885
0
LINE
8
BLACK
6
CONTINUOUS
10
138.5794520000000034
20
-106.8022379999999885
11
138.5794530000000009
21
-106.8022399999999976
0
LINE
8
BLACK
6
CONTINUOUS
10
138.5794530000000009
20
-106.8022399999999976
11
138.6388419999999826
21
-107.023887000000002
0
LINE
8
BLACK
6
CONTINUOUS
10
138.6388419999999826
20
-107.023887000000002
11
138.7266500000000065
21
-107.2358759999999904
0
LINE
8
BLACK
6
CONTINUOUS
10
138.7266500000000065
20
-107.2358759999999904
11
138.7266569999999888
21
-107.2358899999999977
0
LINE
8
BLACK
6
CONTINUOUS
10
138.7266569999999888
20
-107.2358899999999977
11
138.8413919999999848
21
-107.4346169999999887
0
LINE
8
BLACK
6
CONTINUOUS
10
138.8413919999999848
20
-107.4346169999999887
11
138.981080999999989
21
-107.6166609999999935
0
LINE
8
BLACK
6
CONTINUOUS
10
138.981080999999989
20
-107.6166609999999935
11
138.9810889999999972
21
-107.6166699999999992
0
LINE
8
BLACK
6
CONTINUOUS
10
138.9810889999999972
20
-107.6166699999999992
11
139.1433299999999917
21
-107.7789109999999937
0
LINE
8
BLACK
6
CONTINUOUS
10
139.1433299999999917
20
-107.7789109999999937
11
139.143338
21
-107.7789179999999902
0
LINE
8
BLACK
6
CONTINUOUS
10
139.143338
20
-107.7789179999999902
11
139.3253819999999905
21
-107.9186069999999944
0
LINE
8
BLACK
6
CONTINUOUS
10
139.3253819999999905
20
-107.9186069999999944
11
139.3253849999999829
21
-107.9186079999999919
0
LINE
8
BLACK
6
CONTINUOUS
10
139.3253849999999829
20
-107.9186079999999919
11
139.3253880000000038
21
-107.9186109999999985
0
LINE
8
BLACK
6
CONTINUOUS
10
139.3253880000000038
20
-107.9186109999999985
11
139.5241120000000024
21
-108.0333439999999996
0
LINE
8
BLACK
6
CONTINUOUS
10
139.5241120000000024
20
-108.0333439999999996
11
139.5241169999999897
21
-108.0333459999999945
0
LINE
8
BLACK
6
CONTINUOUS
10
139.5241169999999897
20
-108.0333459999999945
11
139.524123000000003
21
-108.0333490000000012
0
LINE
8
BLACK
6
CONTINUOUS
10
139.524123000000003
20
-108.0333490000000012
11
139.6154799999999909
21
-108.0711900000000014
0
LINE
8
BLACK
6
CONTINUOUS
10
139.6154799999999909
20
-108.0711900000000014
11
139.7361129999999889
21
-108.1211579999999941
0
LINE
8
BLACK
6
CONTINUOUS
10
139.7361129999999889
20
-108.1211579999999941
11
139.9577620000000024
21
-108.1805480000000017
0
LINE
8
BLACK
6
CONTINUOUS
10
139.9577620000000024
20
-108.1805480000000017
11
140.1852659999999844
21
-108.2104999999999961
0
LINE
8
BLACK
6
CONTINUOUS
10
140.1852659999999844
20
-108.2104999999999961
11
140.1852729999999951
21
-108.2104999999999961
0
LINE
8
BLACK
6
CONTINUOUS
10
140.1852729999999951
20
-108.2104999999999961
11
140.4147269999999992
21
-108.2104999999999961
0
LINE
8
BLACK
6
CONTINUOUS
10
140.4147269999999992
20
-108.2104999999999961
11
140.4147339999999815
21
-108.2104999999999961
0
LINE
8
BLACK
6
CONTINUOUS
10
140.4147339999999815
20
-108.2104999999999961
11
140.6422379999999919
21
-108.1805480000000017
0
LINE
8
BLACK
6
CONTINUOUS
10
140.6422379999999919
20
-108.1805480000000017
11
140.8638870000000054
21
-108.1211579999999941
0
LINE
8
BLACK
6
CONTINUOUS
10
140.8638870000000054
20
-108.1211579999999941
11
141.075887999999992
21
-108.0333439999999996
0
LINE
8
BLACK
6
CONTINUOUS
10
141.075887999999992
20
-108.0333439999999996
11
141.2746119999999905
21
-107.9186109999999985
0
LINE
8
BLACK
6
CONTINUOUS
10
141.2746119999999905
20
-107.9186109999999985
11
141.4566609999999969
21
-107.7789190000000019
0
LINE
8
BLACK
6
CONTINUOUS
10
141.4566609999999969
20
-107.7789190000000019
11
141.4566649999999868
21
-107.7789140000000003
0
LINE
8
BLACK
6
CONTINUOUS
10
141.4566649999999868
20
-107.7789140000000003
11
141.4566700000000026
21
-107.7789109999999937
0
LINE
8
BLACK
6
CONTINUOUS
10
141.4566700000000026
20
-107.7789109999999937
11
141.6189109999999971
21
-107.6166699999999992
0
LINE
8
BLACK
6
CONTINUOUS
10
141.6189109999999971
20
-107.6166699999999992
11
141.6189139999999895
21
-107.6166649999999976
0
LINE
8
BLACK
6
CONTINUOUS
10
141.6189139999999895
20
-107.6166649999999976
11
141.6189190000000053
21
-107.6166609999999935
0
LINE
8
BLACK
6
CONTINUOUS
10
141.6189190000000053
20
-107.6166609999999935
11
141.7586110000000019
21
-107.4346120000000013
0
LINE
8
BLACK
6
CONTINUOUS
10
141.7586110000000019
20
-107.4346120000000013
11
141.873344000000003
21
-107.2358879999999886
0
LINE
8
BLACK
6
CONTINUOUS
10
141.873344000000003
20
-107.2358879999999886
11
141.9611579999999833
21
-107.023887000000002
0
LINE
8
BLACK
6
CONTINUOUS
10
141.9611579999999833
20
-107.023887000000002
11
142.0205479999999909
21
-106.8022379999999885
0
LINE
8
BLACK
6
CONTINUOUS
10
142.0205479999999909
20
-106.8022379999999885
11
142.0504999999999995
21
-106.5747339999999923
0
LINE
8
BLACK
6
CONTINUOUS
10
142.0504999999999995
20
-106.5747339999999923
11
142.0504999999999995
21
-106.3452659999999952
0
LINE
8
BLACK
6
CONTINUOUS
10
142.0504999999999995
20
-106.3452659999999952
11
142.0504990000000021
21
-106.3452580000000012
0
LINE
8
BLACK
6
CONTINUOUS
10
142.0504990000000021
20
-106.3452580000000012
11
142.0205479999999909
21
-106.117761999999999
0
LINE
8
BLACK
6
CONTINUOUS
10
142.0205479999999909
20
-106.117761999999999
11
141.9611579999999833
21
-105.8961129999999997
0
LINE
8
BLACK
6
CONTINUOUS
10
141.9611579999999833
20
-105.8961129999999997
11
141.873344000000003
21
-105.6841119999999989
0
LINE
8
BLACK
6
CONTINUOUS
10
141.873344000000003
20
-105.6841119999999989
11
141.7586110000000019
21
-105.4853880000000004
0
LINE
8
BLACK
6
CONTINUOUS
10
141.7586110000000019
20
-105.4853880000000004
11
141.7586079999999811
21
-105.4853849999999937
0
LINE
8
BLACK
6
CONTINUOUS
10
141.7586079999999811
20
-105.4853849999999937
11
141.7586069999999836
21
-105.4853820000000013
0
LINE
8
BLACK
6
CONTINUOUS
10
141.7586069999999836
20
-105.4853820000000013
11
141.6189179999999794
21
-105.3033379999999966
0
LINE
8
BLACK
6
CONTINUOUS
10
141.6189179999999794
20
-105.3033379999999966
11
141.6189109999999971
21
-105.3033299999999883
0
LINE
8
BLACK
6
CONTINUOUS
10
141.6189109999999971
20
-105.3033299999999883
11
141.4566700000000026
21
-105.1410889999999938
0
LINE
8
BLACK
6
CONTINUOUS
10
141.4566700000000026
20
-105.1410889999999938
11
141.4566609999999969
21
-105.1410809999999998
0
LINE
8
BLACK
6
CONTINUOUS
10
141.4566609999999969
20
-105.1410809999999998
11
141.2746170000000063
21
-105.0013919999999956
0
LINE
8
BLACK
6
CONTINUOUS
10
141.2746170000000063
20
-105.0013919999999956
11
141.0758899999999869
21
-104.8866569999999996
0
LINE
8
BLACK
6
CONTINUOUS
10
141.0758899999999869
20
-104.8866569999999996
11
141.0758759999999938
21
-104.8866499999999888
0
LINE
8
BLACK
6
CONTINUOUS
10
141.0758759999999938
20
-104.8866499999999888
11
140.8638870000000054
21
-104.7988419999999934
0
LINE
8
BLACK
6
CONTINUOUS
10
140.8638870000000054
20
-104.7988419999999934
11
140.6422379999999919
21
-104.739452
0
LINE
8
BLACK
6
CONTINUOUS
10
140.6422379999999919
20
-104.739452
11
140.6042149999999822
21
-104.7344459999999913
0
LINE
8
BLACK
6
CONTINUOUS
10
140.6042149999999822
20
-104.7344459999999913
11
140.4147409999999923
21
-104.7094999999999914
0
LINE
8
BLACK
6
CONTINUOUS
10
140.4147409999999923
20
-104.7094999999999914
11
140.4147339999999815
21
-104.7094999999999914
0
LINE
8
BLACK
6
CONTINUOUS
10
140.4147339999999815
20
-104.7094999999999914
11
140.1852659999999844
21
-104.7094999999999914
0
LINE
8
BLACK
6
CONTINUOUS
10
140.1852659999999844
20
-104.7094999999999914
11
140.1852580000000046
21
-104.7094999999999914
0
LINE
8
BLACK
6
CONTINUOUS
10
140.1852580000000046
20
-104.7094999999999914
11
139.9687150000000031
21
-104.738008999999991
0
LINE
8
BLACK
6
CONTINUOUS
10
139.9687150000000031
20
-104.738008999999991
11
139.9577620000000024
21
-104.739452
0
LINE
8
BLACK
6
CONTINUOUS
10
139.9577620000000024
20
-104.739452
11
139.864075999999983
21
-104.7645539999999897
0
LINE
8
BLACK
6
CONTINUOUS
10
139.864075999999983
20
-104.7645539999999897
11
139.7361119999999914
21
-104.7988419999999934
0
LINE
8
BLACK
6
CONTINUOUS
10
139.7361119999999914
20
-104.7988419999999934
11
139.524123000000003
21
-104.8866499999999888
0
LINE
8
BLACK
6
CONTINUOUS
10
139.524123000000003
20
-104.8866499999999888
11
139.5241089999999815
21
-104.8866569999999996
0
LINE
8
BLACK
6
CONTINUOUS
10
139.5241089999999815
20
-104.8866569999999996
11
139.3253819999999905
21
-105.0013919999999956
0
LINE
8
BLACK
6
CONTINUOUS
10
139.3253819999999905
20
-105.0013919999999956
11
139.143338
21
-105.1410809999999998
0
LINE
8
BLACK
6
CONTINUOUS
10
139.143338
20
-105.1410809999999998
11
138.981080999999989
21
-105.3033379999999966
0
LINE
8
BLACK
6
CONTINUOUS
10
138.981080999999989
20
-105.3033379999999966
11
138.8413919999999848
21
-105.4853820000000013
0
LINE
8
BLACK
6
CONTINUOUS
10
138.8413919999999848
20
-105.4853820000000013
11
138.7266569999999888
21
-105.6841089999999923
0
LINE
8
BLACK
6
CONTINUOUS
10
138.7266569999999888
20
-105.6841089999999923
11
138.7266500000000065
21
-105.6841229999999996
0
LINE
8
BLACK
6
CONTINUOUS
10
138.7266500000000065
20
-105.6841229999999996
11
138.6388419999999826
21
-105.8961120000000022
0
LINE
8
BLACK
6
CONTINUOUS
10
138.6388419999999826
20
-105.8961120000000022
11
138.5794530000000009
21
-106.1177589999999924
0
LINE
8
BLACK
6
CONTINUOUS
10
138.5794530000000009
20
-106.1177589999999924
11
138.5794510000000059
21
-106.117769999999993
0
LINE
8
BLACK
6
CONTINUOUS
10
138.5794510000000059
20
-106.117769999999993
11
138.5494999999999948
21
-106.3452580000000012
0
LINE
8
BLACK
6
CONTINUOUS
10
138.5494999999999948
20
-106.3452580000000012
11
138.5494999999999948
21
-106.5747409999999888
0
LINE
8
BLACK
6
CONTINUOUS
10
142.7994999999999948
20
-106.5747409999999888
11
142.8244459999999947
21
-106.764214999999993
0
LINE
8
BLACK
6
CONTINUOUS
10
142.8244459999999947
20
-106.764214999999993
11
142.8294520000000034
21
-106.8022379999999885
0
LINE
8
BLACK
6
CONTINUOUS
10
142.8294520000000034
20
-106.8022379999999885
11
142.8294530000000009
21
-106.8022399999999976
0
LINE
8
BLACK
6
CONTINUOUS
10
142.8294530000000009
20
-106.8022399999999976
11
142.8888419999999826
21
-107.023887000000002
0
LINE
8
BLACK
6
CONTINUOUS
10
142.8888419999999826
20
-107.023887000000002
11
142.9766500000000065
21
-107.2358759999999904
0
LINE
8
BLACK
6
CONTINUOUS
10
142.9766500000000065
20
-107.2358759999999904
11
142.9766569999999888
21
-107.2358899999999977
0
LINE
8
BLACK
6
CONTINUOUS
10
142.9766569999999888
20
-107.2358899999999977
11
143.0913919999999848
21
-107.4346169999999887
0
LINE
8
BLACK
6
CONTINUOUS
10
143.0913919999999848
20
-107.4346169999999887
11
143.231080999999989
21
-107.6166609999999935
0
LINE
8
BLACK
6
CONTINUOUS
10
143.231080999999989
20
-107.6166609999999935
11
143.2310889999999972
21
-107.6166699999999992
0
LINE
8
BLACK
6
CONTINUOUS
10
143.2310889999999972
20
-107.6166699999999992
11
143.3933299999999917
21
-107.7789109999999937
0
LINE
8
BLACK
6
CONTINUOUS
10
143.3933299999999917
20
-107.7789109999999937
11
143.393338
21
-107.7789179999999902
0
LINE
8
BLACK
6
CONTINUOUS
10
143.393338
20
-107.7789179999999902
11
143.5753819999999905
21
-107.9186069999999944
0
LINE
8
BLACK
6
CONTINUOUS
10
143.5753819999999905
20
-107.9186069999999944
11
143.5753849999999829
21
-107.9186079999999919
0
LINE
8
BLACK
6
CONTINUOUS
10
143.5753849999999829
20
-107.9186079999999919
11
143.5753880000000038
21
-107.9186109999999985
0
LINE
8
BLACK
6
CONTINUOUS
10
143.5753880000000038
20
-107.9186109999999985
11
143.7741120000000024
21
-108.0333439999999996
0
LINE
8
BLACK
6
CONTINUOUS
10
143.7741120000000024
20
-108.0333439999999996
11
143.7741169999999897
21
-108.0333459999999945
0
LINE
8
BLACK
6
CONTINUOUS
10
143.7741169999999897
20
-108.0333459999999945
11
143.774123000000003
21
-108.0333490000000012
0
LINE
8
BLACK
6
CONTINUOUS
10
143.774123000000003
20
-108.0333490000000012
11
143.8654799999999909
21
-108.0711900000000014
0
LINE
8
BLACK
6
CONTINUOUS
10
143.8654799999999909
20
-108.0711900000000014
11
143.9861129999999889
21
-108.1211579999999941
0
LINE
8
BLACK
6
CONTINUOUS
10
143.9861129999999889
20
-108.1211579999999941
11
144.2077620000000024
21
-108.1805480000000017
0
LINE
8
BLACK
6
CONTINUOUS
10
144.2077620000000024
20
-108.1805480000000017
11
144.4352659999999844
21
-108.2104999999999961
0
LINE
8
BLACK
6
CONTINUOUS
10
144.4352659999999844
20
-108.2104999999999961
11
144.4352729999999951
21
-108.2104999999999961
0
LINE
8
BLACK
6
CONTINUOUS
10
144.4352729999999951
20
-108.2104999999999961
11
144.6647269999999992
21
-108.2104999999999961
0
LINE
8
BLACK
6
CONTINUOUS
10
144.6647269999999992
20
-108.2104999999999961
11
144.6647339999999815
21
-108.2104999999999961
0
LINE
8
BLACK
6
CONTINUOUS
10
144.6647339999999815
20
-108.2104999999999961
11
144.8922379999999919
21
-108.1805480000000017
0
LINE
8
BLACK
6
CONTINUOUS
10
144.8922379999999919
20
-108.1805480000000017
11
145.1138870000000054
21
-108.1211579999999941
0
LINE
8
BLACK
6
CONTINUOUS
10
145.1138870000000054
20
-108.1211579999999941
11
145.325887999999992
21
-108.0333439999999996
0
LINE
8
BLACK
6
CONTINUOUS
10
145.325887999999992
20
-108.0333439999999996
11
145.5246119999999905
21
-107.9186109999999985
0
LINE
8
BLACK
6
CONTINUOUS
10
145.5246119999999905
20
-107.9186109999999985
11
145.7066609999999969
21
-107.7789190000000019
0
LINE
8
BLACK
6
CONTINUOUS
10
145.7066609999999969
20
-107.7789190000000019
11
145.7066649999999868
21
-107.7789140000000003
0
LINE
8
BLACK
6
CONTINUOUS
10
145.7066649999999868
20
-107.7789140000000003
11
145.7066700000000026
21
-107.7789109999999937
0
LINE
8
BLACK
6
CONTINUOUS
10
145.7066700000000026
20
-107.7789109999999937
11
145.8689109999999971
21
-107.6166699999999992
0
LINE
8
BLACK
6
CONTINUOUS
10
145.8689109999999971
20
-107.6166699999999992
11
145.8689139999999895
21
-107.6166649999999976
0
LINE
8
BLACK
6
CONTINUOUS
10
145.8689139999999895
20
-107.6166649999999976
11
145.8689190000000053
21
-107.6166609999999935
0
LINE
8
BLACK
6
CONTINUOUS
10
145.8689190000000053
20
-107.6166609999999935
11
146.0086110000000019
21
-107.4346120000000013
0
LINE
8
BLACK
6
CONTINUOUS
10
146.0086110000000019
20
-107.4346120000000013
11
146.123344000000003
21
-107.2358879999999886
0
LINE
8
BLACK
6
CONTINUOUS
10
146.123344000000003
20
-107.2358879999999886
11
146.2111579999999833
21
-107.023887000000002
0
LINE
8
BLACK
6
CONTINUOUS
10
146.2111579999999833
20
-107.023887000000002
11
146.2705479999999909
21
-106.8022379999999885
0
LINE
8
BLACK
6
CONTINUOUS
10
146.2705479999999909
20
-106.8022379999999885
11
146.3004999999999995
21
-106.5747339999999923
0
LINE
8
BLACK
6
CONTINUOUS
10
146.3004999999999995
20
-106.5747339999999923
11
146.3004999999999995
21
-106.3452659999999952
0
LINE
8
BLACK
6
CONTINUOUS
10
146.3004999999999995
20
-106.3452659999999952
11
146.2705479999999909
21
-106.117761999999999
0
LINE
8
BLACK
6
CONTINUOUS
10
146.2705479999999909
20
-106.117761999999999
11
146.2111579999999833
21
-105.8961129999999997
0
LINE
8
BLACK
6
CONTINUOUS
10
146.2111579999999833
20
-105.8961129999999997
11
146.123344000000003
21
-105.6841119999999989
0
LINE
8
BLACK
6
CONTINUOUS
10
146.123344000000003
20
-105.6841119999999989
11
146.0086110000000019
21
-105.4853880000000004
0
LINE
8
BLACK
6
CONTINUOUS
10
146.0086110000000019
20
-105.4853880000000004
11
146.0086079999999811
21
-105.4853849999999937
0
LINE
8
BLACK
6
CONTINUOUS
10
146.0086079999999811
20
-105.4853849999999937
11
146.0086069999999836
21
-105.4853820000000013
0
LINE
8
BLACK
6
CONTINUOUS
10
146.0086069999999836
20
-105.4853820000000013
11
145.8689179999999794
21
-105.3033379999999966
0
LINE
8
BLACK
6
CONTINUOUS
10
145.8689179999999794
20
-105.3033379999999966
11
145.8689109999999971
21
-105.3033299999999883
0
LINE
8
BLACK
6
CONTINUOUS
10
145.8689109999999971
20
-105.3033299999999883
11
145.7066700000000026
21
-105.1410889999999938
0
LINE
8
BLACK
6
CONTINUOUS
10
145.7066700000000026
20
-105.1410889999999938
11
145.7066609999999969
21
-105.1410809999999998
0
LINE
8
BLACK
6
CONTINUOUS
10
145.7066609999999969
20
-105.1410809999999998
11
145.5246170000000063
21
-105.0013919999999956
0
LINE
8
BLACK
6
CONTINUOUS
10
145.5246170000000063
20
-105.0013919999999956
11
145.3258899999999869
21
-104.8866569999999996
0
LINE
8
BLACK
6
CONTINUOUS
10
145.3258899999999869
20
-104.8866569999999996
11
145.3258759999999938
21
-104.8866499999999888
0
LINE
8
BLACK
6
CONTINUOUS
10
145.3258759999999938
20
-104.8866499999999888
11
145.1138870000000054
21
-104.7988419999999934
0
LINE
8
BLACK
6
CONTINUOUS
10
145.1138870000000054
20
-104.7988419999999934
11
144.8922379999999919
21
-104.739452
0
LINE
8
BLACK
6
CONTINUOUS
10
144.8922379999999919
20
-104.739452
11
144.8542149999999822
21
-104.7344459999999913
0
LINE
8
BLACK
6
CONTINUOUS
10
144.8542149999999822
20
-104.7344459999999913
11
144.6647409999999923
21
-104.7094999999999914
0
LINE
8
BLACK
6
CONTINUOUS
10
144.6647409999999923
20
-104.7094999999999914
11
144.6647339999999815
21
-104.7094999999999914
0
LINE
8
BLACK
6
CONTINUOUS
10
144.6647339999999815
20
-104.7094999999999914
11
144.4352659999999844
21
-104.7094999999999914
0
LINE
8
BLACK
6
CONTINUOUS
10
144.4352659999999844
20
-104.7094999999999914
11
144.4352580000000046
21
-104.7094999999999914
0
LINE
8
BLACK
6
CONTINUOUS
10
144.4352580000000046
20
-104.7094999999999914
11
144.2187150000000031
21
-104.738008999999991
0
LINE
8
BLACK
6
CONTINUOUS
10
144.2187150000000031
20
-104.738008999999991
11
144.2077620000000024
21
-104.739452
0
LINE
8
BLACK
6
CONTINUOUS
10
144.2077620000000024
20
-104.739452
11
144.114075999999983
21
-104.7645539999999897
0
LINE
8
BLACK
6
CONTINUOUS
10
144.114075999999983
20
-104.7645539999999897
11
143.9861119999999914
21
-104.7988419999999934
0
LINE
8
BLACK
6
CONTINUOUS
10
143.9861119999999914
20
-104.7988419999999934
11
143.774123000000003
21
-104.8866499999999888
0
LINE
8
BLACK
6
CONTINUOUS
10
143.774123000000003
20
-104.8866499999999888
11
143.7741089999999815
21
-104.8866569999999996
0
LINE
8
BLACK
6
CONTINUOUS
10
143.7741089999999815
20
-104.8866569999999996
11
143.5753819999999905
21
-105.0013919999999956
0
LINE
8
BLACK
6
CONTINUOUS
10
143.5753819999999905
20
-105.0013919999999956
11
143.393338
21
-105.1410809999999998
0
LINE
8
BLACK
6
CONTINUOUS
10
143.393338
20
-105.1410809999999998
11
143.231080999999989
21
-105.3033379999999966
0
LINE
8
BLACK
6
CONTINUOUS
10
143.231080999999989
20
-105.3033379999999966
11
143.0913919999999848
21
-105.4853820000000013
0
LINE
8
BLACK
6
CONTINUOUS
10
143.0913919999999848
20
-105.4853820000000013
11
142.9766569999999888
21
-105.6841089999999923
0
LINE
8
BLACK
6
CONTINUOUS
10
142.9766569999999888
20
-105.6841089999999923
11
142.9766500000000065
21
-105.6841229999999996
0
LINE
8
BLACK
6
CONTINUOUS
10
142.9766500000000065
20
-105.6841229999999996
11
142.8888419999999826
21
-105.8961120000000022
0
LINE
8
BLACK
6
CONTINUOUS
10
142.8888419999999826
20
-105.8961120000000022
11
142.8294530000000009
21
-106.1177589999999924
0
LINE
8
BLACK
6
CONTINUOUS
10
142.8294530000000009
20
-106.1177589999999924
11
142.8294510000000059
21
-106.117769999999993
0
LINE
8
BLACK
6
CONTINUOUS
10
142.8294510000000059
20
-106.117769999999993
11
142.7994999999999948
21
-106.3452580000000012
0
LINE
8
BLACK
6
CONTINUOUS
10
142.7994999999999948
20
-106.3452580000000012
11
142.7994999999999948
21
-106.5747409999999888
0
LINE
8
BLACK
6
CONTINUOUS
10
125.6619809999999973
20
-105.8871690000000001
11
125.6325039999999973
21
-105.9127329999999887
0
LINE
8
BLACK
6
CONTINUOUS
10
125.6325039999999973
20
-105.9127329999999887
11
125.622060999999988
21
-105.9293229999999966
0
LINE
8
BLACK
6
CONTINUOUS
10
125.622060999999988
20
-105.9293229999999966
11
125.5340799999999888
21
-106.1052839999999975
0
LINE
8
BLACK
6
CONTINUOUS
10
125.5340799999999888
20
-106.1052839999999975
11
125.4648299999999921
21
-106.1745339999999942
0
LINE
8
BLACK
6
CONTINUOUS
10
125.4648299999999921
20
-106.1745339999999942
11
125.0428329999999875
21
-106.3433330000000012
0
LINE
8
BLACK
6
CONTINUOUS
10
125.0428329999999875
20
-106.3433330000000012
11
123.7451379999999972
21
-105.8798709999999943
0
LINE
8
BLACK
6
CONTINUOUS
10
123.7451379999999972
20
-105.8798709999999943
11
123.7261189999999971
21
-105.8751180000000005
0
LINE
8
BLACK
6
CONTINUOUS
10
123.7261189999999971
20
-105.8751180000000005
11
123.6871489999999909
21
-105.8770559999999961
0
LINE
8
BLACK
6
CONTINUOUS
10
123.6871489999999909
20
-105.8770559999999961
11
123.6518869999999879
21
-105.8937589999999886
0
LINE
8
BLACK
6
CONTINUOUS
10
123.6518869999999879
20
-105.8937589999999886
11
123.6256999999999948
21
-105.9226850000000013
0
LINE
8
BLACK
6
CONTINUOUS
10
123.6256999999999948
20
-105.9226850000000013
11
123.6125769999999875
21
-105.9594299999999976
0
LINE
8
BLACK
6
CONTINUOUS
10
123.6125769999999875
20
-105.9594299999999976
11
123.6145149999999973
21
-105.9983999999999895
0
LINE
8
BLACK
6
CONTINUOUS
10
123.6145149999999973
20
-105.9983999999999895
11
123.6312179999999898
21
-106.0336619999999925
0
LINE
8
BLACK
6
CONTINUOUS
10
123.6312179999999898
20
-106.0336619999999925
11
123.6601439999999883
21
-106.0598489999999998
0
LINE
8
BLACK
6
CONTINUOUS
10
123.6601439999999883
20
-106.0598489999999998
11
123.6778699999999986
21
-106.0682189999999991
0
LINE
8
BLACK
6
CONTINUOUS
10
123.6778699999999986
20
-106.0682189999999991
11
124.7475169999999878
21
-106.4502339999999947
0
LINE
8
BLACK
6
CONTINUOUS
10
124.7475169999999878
20
-106.4502339999999947
11
123.6778699999999986
21
-106.8322519999999969
0
LINE
8
BLACK
6
CONTINUOUS
10
123.6778699999999986
20
-106.8322519999999969
11
123.6601439999999883
21
-106.8406219999999962
0
LINE
8
BLACK
6
CONTINUOUS
10
123.6601439999999883
20
-106.8406219999999962
11
123.6312179999999898
21
-106.8668089999999893
0
LINE
8
BLACK
6
CONTINUOUS
10
123.6312179999999898
20
-106.8668089999999893
11
123.6145149999999973
21
-106.9020709999999923
0
LINE
8
BLACK
6
CONTINUOUS
10
123.6145149999999973
20
-106.9020709999999923
11
123.6125769999999875
21
-106.9410409999999985
0
LINE
8
BLACK
6
CONTINUOUS
10
123.6125769999999875
20
-106.9410409999999985
11
123.6256999999999948
21
-106.9777859999999947
0
LINE
8
BLACK
6
CONTINUOUS
10
123.6256999999999948
20
-106.9777859999999947
11
123.6518869999999879
21
-107.0067119999999932
0
LINE
8
BLACK
6
CONTINUOUS
10
123.6518869999999879
20
-107.0067119999999932
11
123.6871489999999909
21
-107.023415
0
LINE
8
BLACK
6
CONTINUOUS
10
123.6871489999999909
20
-107.023415
11
123.7261189999999971
21
-107.0253529999999955
0
LINE
8
BLACK
6
CONTINUOUS
10
123.7261189999999971
20
-107.0253529999999955
11
123.7451379999999972
21
-107.0206000000000017
0
LINE
8
BLACK
6
CONTINUOUS
10
123.7451379999999972
20
-107.0206000000000017
11
125.0784719999999908
21
-106.5444090000000017
0
LINE
8
BLACK
6
CONTINUOUS
10
125.0784719999999908
20
-106.5444090000000017
11
125.0801689999999979
21
-106.5436069999999944
0
LINE
8
BLACK
6
CONTINUOUS
10
125.0801689999999979
20
-106.5436069999999944
11
125.0819769999999949
21
-106.5430829999999958
0
LINE
8
BLACK
6
CONTINUOUS
10
125.0819769999999949
20
-106.5430829999999958
11
125.5581669999999974
21
-106.3526069999999919
0
LINE
8
BLACK
6
CONTINUOUS
10
125.5581669999999974
20
-106.3526069999999919
11
125.5755669999999924
21
-106.3435779999999937
0
LINE
8
BLACK
6
CONTINUOUS
10
125.5755669999999924
20
-106.3435779999999937
11
125.5760119999999915
21
-106.3431429999999978
0
LINE
8
BLACK
6
CONTINUOUS
10
125.5760119999999915
20
-106.3431429999999978
11
125.5765849999999944
21
-106.3429059999999993
0
LINE
8
BLACK
6
CONTINUOUS
10
125.5765849999999944
20
-106.3429059999999993
11
125.5917389999999898
21
-106.3304699999999912
0
LINE
8
BLACK
6
CONTINUOUS
10
125.5917389999999898
20
-106.3304699999999912
11
125.6869769999999988
21
-106.2352319999999963
0
LINE
8
BLACK
6
CONTINUOUS
10
125.6869769999999988
20
-106.2352319999999963
11
125.6932679999999891
21
-106.2275649999999985
0
LINE
8
BLACK
6
CONTINUOUS
10
125.6932679999999891
20
-106.2275649999999985
11
125.6952659999999895
21
-106.2258329999999944
0
LINE
8
BLACK
6
CONTINUOUS
10
125.6952659999999895
20
-106.2258329999999944
11
125.6971609999999941
21
-106.2228209999999962
0
LINE
8
BLACK
6
CONTINUOUS
10
125.6971609999999941
20
-106.2228209999999962
11
125.6994129999999927
21
-106.2200780000000009
0
LINE
8
BLACK
6
CONTINUOUS
10
125.6994129999999927
20
-106.2200780000000009
11
125.700421999999989
21
-106.2176399999999887
0
LINE
8
BLACK
6
CONTINUOUS
10
125.700421999999989
20
-106.2176399999999887
11
125.7057089999999988
21
-106.209241999999989
0
LINE
8
BLACK
6
CONTINUOUS
10
125.7057089999999988
20
-106.209241999999989
11
125.8009469999999936
21
-106.0187659999999994
0
LINE
8
BLACK
6
CONTINUOUS
10
125.8009469999999936
20
-106.0187659999999994
11
125.8079529999999977
21
-106.0004579999999947
0
LINE
8
BLACK
6
CONTINUOUS
10
125.8079529999999977
20
-106.0004579999999947
11
125.8107189999999918
21
-105.9615369999999928
0
LINE
8
BLACK
6
CONTINUOUS
10
125.8107189999999918
20
-105.9615369999999928
11
125.7983799999999945
21
-105.9245219999999961
0
LINE
8
BLACK
6
CONTINUOUS
10
125.7983799999999945
20
-105.9245219999999961
11
125.7728159999999917
21
-105.8950449999999961
0
LINE
8
BLACK
6
CONTINUOUS
10
125.7728159999999917
20
-105.8950449999999961
11
125.7379169999999959
21
-105.8775949999999995
0
LINE
8
BLACK
6
CONTINUOUS
10
125.7379169999999959
20
-105.8775949999999995
11
125.6989969999999914
21
-105.8748299999999887
0
LINE
8
BLACK
6
CONTINUOUS
10
125.6989969999999914
20
-105.8748299999999887
11
125.6619809999999973
21
-105.8871690000000001
0
LINE
8
BLACK
6
CONTINUOUS
10
124.378270999999998
20
-104.2549969999999888
11
123.9972190000000012
21
-104.2549969999999888
0
LINE
8
BLACK
6
CONTINUOUS
10
123.9972190000000012
20
-104.2549969999999888
11
123.9777099999999876
21
-104.2569179999999989
0
LINE
8
BLACK
6
CONTINUOUS
10
123.9777099999999876
20
-104.2569179999999989
11
123.974388999999988
21
-104.2582929999999948
0
LINE
8
BLACK
6
CONTINUOUS
10
123.974388999999988
20
-104.2582929999999948
11
123.9708069999999935
21
-104.2585479999999905
0
LINE
8
BLACK
6
CONTINUOUS
10
123.9708069999999935
20
-104.2585479999999905
11
123.9524979999999914
21
-104.2655539999999945
0
LINE
8
BLACK
6
CONTINUOUS
10
123.9524979999999914
20
-104.2655539999999945
11
123.7620209999999901
21
-104.3607919999999893
0
LINE
8
BLACK
6
CONTINUOUS
10
123.7620209999999901
20
-104.3607919999999893
11
123.7587569999999886
21
-104.362844999999993
0
LINE
8
BLACK
6
CONTINUOUS
10
123.7587569999999886
20
-104.362844999999993
11
123.7572189999999921
21
-104.3633589999999884
0
LINE
8
BLACK
6
CONTINUOUS
10
123.7572189999999921
20
-104.3633589999999884
11
123.7553020000000004
21
-104.3650209999999987
0
LINE
8
BLACK
6
CONTINUOUS
10
123.7553020000000004
20
-104.3650209999999987
11
123.7454309999999964
21
-104.3712349999999986
0
LINE
8
BLACK
6
CONTINUOUS
10
123.7454309999999964
20
-104.3712349999999986
11
123.7372170000000011
21
-104.3807049999999919
0
LINE
8
BLACK
6
CONTINUOUS
10
123.7372170000000011
20
-104.3807049999999919
11
123.7277419999999921
21
-104.3889229999999912
0
LINE
8
BLACK
6
CONTINUOUS
10
123.7277419999999921
20
-104.3889229999999912
11
123.7215249999999997
21
-104.3987979999999993
0
LINE
8
BLACK
6
CONTINUOUS
10
123.7215249999999997
20
-104.3987979999999993
11
123.7198659999999961
21
-104.4007119999999986
0
LINE
8
BLACK
6
CONTINUOUS
10
123.7198659999999961
20
-104.4007119999999986
11
123.7193529999999981
21
-104.4022480000000002
0
LINE
8
BLACK
6
CONTINUOUS
10
123.7193529999999981
20
-104.4022480000000002
11
123.717298999999997
21
-104.4055129999999991
0
LINE
8
BLACK
6
CONTINUOUS
10
123.717298999999997
20
-104.4055129999999991
11
123.622060999999988
21
-104.5959900000000005
0
LINE
8
BLACK
6
CONTINUOUS
10
123.622060999999988
20
-104.5959900000000005
11
123.6150549999999981
21
-104.6142979999999909
0
LINE
8
BLACK
6
CONTINUOUS
10
123.6150549999999981
20
-104.6142979999999909
11
123.6147999999999882
21
-104.617880999999997
0
LINE
8
BLACK
6
CONTINUOUS
10
123.6147999999999882
20
-104.617880999999997
11
123.6134249999999923
21
-104.6212019999999967
0
LINE
8
BLACK
6
CONTINUOUS
10
123.6134249999999923
20
-104.6212019999999967
11
123.6115039999999965
21
-104.640710999999996
0
LINE
8
BLACK
6
CONTINUOUS
10
123.6115039999999965
20
-104.640710999999996
11
123.6115039999999965
21
-105.0216640000000012
0
LINE
8
BLACK
6
CONTINUOUS
10
123.6115039999999965
20
-105.0216640000000012
11
123.6134249999999923
21
-105.0411730000000006
0
LINE
8
BLACK
6
CONTINUOUS
10
123.6134249999999923
20
-105.0411730000000006
11
123.6147999999999882
21
-105.0444929999999886
0
LINE
8
BLACK
6
CONTINUOUS
10
123.6147999999999882
20
-105.0444929999999886
11
123.6150549999999981
21
-105.0480769999999922
0
LINE
8
BLACK
6
CONTINUOUS
10
123.6150549999999981
20
-105.0480769999999922
11
123.622060999999988
21
-105.0663849999999968
0
LINE
8
BLACK
6
CONTINUOUS
10
123.622060999999988
20
-105.0663849999999968
11
123.717298999999997
21
-105.2568619999999981
0
LINE
8
BLACK
6
CONTINUOUS
10
123.717298999999997
20
-105.2568619999999981
11
123.7193529999999981
21
-105.2601259999999996
0
LINE
8
BLACK
6
CONTINUOUS
10
123.7193529999999981
20
-105.2601259999999996
11
123.7198659999999961
21
-105.2616629999999986
0
LINE
8
BLACK
6
CONTINUOUS
10
123.7198659999999961
20
-105.2616629999999986
11
123.7215249999999997
21
-105.2635760000000005
0
LINE
8
BLACK
6
CONTINUOUS
10
123.7215249999999997
20
-105.2635760000000005
11
123.7277419999999921
21
-105.2734519999999918
0
LINE
8
BLACK
6
CONTINUOUS
10
123.7277419999999921
20
-105.2734519999999918
11
123.7372170000000011
21
-105.2816689999999937
0
LINE
8
BLACK
6
CONTINUOUS
10
123.7372170000000011
20
-105.2816689999999937
11
123.7454309999999964
21
-105.2911399999999986
0
LINE
8
BLACK
6
CONTINUOUS
10
123.7454309999999964
20
-105.2911399999999986
11
123.7553020000000004
21
-105.2973530000000011
0
LINE
8
BLACK
6
CONTINUOUS
10
123.7553020000000004
20
-105.2973530000000011
11
123.7572189999999921
21
-105.2990159999999946
0
LINE
8
BLACK
6
CONTINUOUS
10
123.7572189999999921
20
-105.2990159999999946
11
123.7587569999999886
21
-105.2995289999999926
0
LINE
8
BLACK
6
CONTINUOUS
10
123.7587569999999886
20
-105.2995289999999926
11
123.7620209999999901
21
-105.3015829999999937
0
LINE
8
BLACK
6
CONTINUOUS
10
123.7620209999999901
20
-105.3015829999999937
11
123.9524979999999914
21
-105.3968209999999885
0
LINE
8
BLACK
6
CONTINUOUS
10
123.9524979999999914
20
-105.3968209999999885
11
123.9708069999999935
21
-105.4038269999999926
0
LINE
8
BLACK
6
CONTINUOUS
10
123.9708069999999935
20
-105.4038269999999926
11
123.974388999999988
21
-105.4040809999999908
0
LINE
8
BLACK
6
CONTINUOUS
10
123.974388999999988
20
-105.4040809999999908
11
123.9777099999999876
21
-105.4054569999999984
0
LINE
8
BLACK
6
CONTINUOUS
10
123.9777099999999876
20
-105.4054569999999984
11
123.9972190000000012
21
-105.4073779999999942
0
LINE
8
BLACK
6
CONTINUOUS
10
123.9972190000000012
20
-105.4073779999999942
11
124.1875900000000001
21
-105.4073779999999942
0
LINE
8
BLACK
6
CONTINUOUS
10
124.1875900000000001
20
-105.4073779999999942
11
124.1876949999999908
21
-105.4073779999999942
0
LINE
8
BLACK
6
CONTINUOUS
10
124.1876949999999908
20
-105.4073779999999942
11
124.2072039999999902
21
-105.4054569999999984
0
LINE
8
BLACK
6
CONTINUOUS
10
124.2072039999999902
20
-105.4054569999999984
11
124.2162560000000013
21
-105.4017070000000018
0
LINE
8
BLACK
6
CONTINUOUS
10
124.2162560000000013
20
-105.4017070000000018
11
124.2258669999999938
21
-105.3998059999999981
0
LINE
8
BLACK
6
CONTINUOUS
10
124.2258669999999938
20
-105.3998059999999981
11
124.2341049999999996
21
-105.3943129999999968
0
LINE
8
BLACK
6
CONTINUOUS
10
124.2341049999999996
20
-105.3943129999999968
11
124.2432519999999982
21
-105.3905249999999967
0
LINE
8
BLACK
6
CONTINUOUS
10
124.2432519999999982
20
-105.3905249999999967
11
124.2501779999999911
21
-105.3835979999999921
0
LINE
8
BLACK
6
CONTINUOUS
10
124.2501779999999911
20
-105.3835979999999921
11
124.2583319999999958
21
-105.3781630000000007
0
LINE
8
BLACK
6
CONTINUOUS
10
124.2583319999999958
20
-105.3781630000000007
11
124.2638419999999968
21
-105.3699340000000007
0
LINE
8
BLACK
6
CONTINUOUS
10
124.2638419999999968
20
-105.3699340000000007
11
124.2708419999999876
21
-105.3629349999999931
0
LINE
8
BLACK
6
CONTINUOUS
10
124.2708419999999876
20
-105.3629349999999931
11
124.2745910000000009
21
-105.3538829999999962
0
LINE
8
BLACK
6
CONTINUOUS
10
124.2745910000000009
20
-105.3538829999999962
11
124.280042999999992
21
-105.3457429999999988
0
LINE
8
BLACK
6
CONTINUOUS
10
124.280042999999992
20
-105.3457429999999988
11
124.2857529999999997
21
-105.326989999999995
0
LINE
8
BLACK
6
CONTINUOUS
10
124.2857529999999997
20
-105.326989999999995
11
124.4601509999999962
21
-104.4549969999999917
0
LINE
8
BLACK
6
CONTINUOUS
10
124.4601509999999962
20
-104.4549969999999917
11
124.7355159999999898
21
-104.4549969999999917
0
LINE
8
BLACK
6
CONTINUOUS
10
124.7355159999999898
20
-104.4549969999999917
11
124.8750639999999947
21
-104.5247699999999895
0
LINE
8
BLACK
6
CONTINUOUS
10
124.8750639999999947
20
-104.5247699999999895
11
124.9448379999999901
21
-104.6643179999999944
0
LINE
8
BLACK
6
CONTINUOUS
10
124.9448379999999901
20
-104.6643179999999944
11
124.9448379999999901
21
-104.9980559999999912
0
LINE
8
BLACK
6
CONTINUOUS
10
124.9448379999999901
20
-104.9980559999999912
11
124.8601570000000009
21
-105.1674189999999953
0
LINE
8
BLACK
6
CONTINUOUS
10
124.8601570000000009
20
-105.1674189999999953
11
124.8531509999999969
21
-105.185727
0
LINE
8
BLACK
6
CONTINUOUS
10
124.8531509999999969
20
-105.185727
11
124.8503849999999886
21
-105.2246469999999903
0
LINE
8
BLACK
6
CONTINUOUS
10
124.8503849999999886
20
-105.2246469999999903
11
124.862724
21
-105.2616629999999986
0
LINE
8
BLACK
6
CONTINUOUS
10
124.862724
20
-105.2616629999999986
11
124.8882879999999886
21
-105.2911399999999986
0
LINE
8
BLACK
6
CONTINUOUS
10
124.8882879999999886
20
-105.2911399999999986
11
124.9231869999999986
21
-105.3085889999999978
0
LINE
8
BLACK
6
CONTINUOUS
10
124.9231869999999986
20
-105.3085889999999978
11
124.9621069999999889
21
-105.3113549999999918
0
LINE
8
BLACK
6
CONTINUOUS
10
124.9621069999999889
20
-105.3113549999999918
11
124.9991229999999973
21
-105.2990159999999946
0
LINE
8
BLACK
6
CONTINUOUS
10
124.9991229999999973
20
-105.2990159999999946
11
125.0285999999999973
21
-105.2734519999999918
0
LINE
8
BLACK
6
CONTINUOUS
10
125.0285999999999973
20
-105.2734519999999918
11
125.0390429999999924
21
-105.2568610000000007
0
LINE
8
BLACK
6
CONTINUOUS
10
125.0390429999999924
20
-105.2568610000000007
11
125.1342810000000014
21
-105.0663849999999968
0
LINE
8
BLACK
6
CONTINUOUS
10
125.1342810000000014
20
-105.0663849999999968
11
125.1412869999999913
21
-105.0480769999999922
0
LINE
8
BLACK
6
CONTINUOUS
10
125.1412869999999913
20
-105.0480769999999922
11
125.1415409999999895
21
-105.0444929999999886
0
LINE
8
BLACK
6
CONTINUOUS
10
125.1415409999999895
20
-105.0444929999999886
11
125.1429169999999971
21
-105.0411730000000006
0
LINE
8
BLACK
6
CONTINUOUS
10
125.1429169999999971
20
-105.0411730000000006
11
125.1448379999999929
21
-105.0216640000000012
0
LINE
8
BLACK
6
CONTINUOUS
10
125.1448379999999929
20
-105.0216640000000012
11
125.1448379999999929
21
-104.640710999999996
0
LINE
8
BLACK
6
CONTINUOUS
10
125.1448379999999929
20
-104.640710999999996
11
125.1429169999999971
21
-104.6212019999999967
0
LINE
8
BLACK
6
CONTINUOUS
10
125.1429169999999971
20
-104.6212019999999967
11
125.1415409999999895
21
-104.617880999999997
0
LINE
8
BLACK
6
CONTINUOUS
10
125.1415409999999895
20
-104.617880999999997
11
125.1412869999999913
21
-104.6142979999999909
0
LINE
8
BLACK
6
CONTINUOUS
10
125.1412869999999913
20
-104.6142979999999909
11
125.1342810000000014
21
-104.5959900000000005
0
LINE
8
BLACK
6
CONTINUOUS
10
125.1342810000000014
20
-104.5959900000000005
11
125.0390429999999924
21
-104.4055139999999966
0
LINE
8
BLACK
6
CONTINUOUS
10
125.0390429999999924
20
-104.4055139999999966
11
125.0369879999999938
21
-104.4022499999999951
0
LINE
8
BLACK
6
CONTINUOUS
10
125.0369879999999938
20
-104.4022499999999951
11
125.0364759999999933
21
-104.4007119999999986
0
LINE
8
BLACK
6
CONTINUOUS
10
125.0364759999999933
20
-104.4007119999999986
11
125.0348139999999972
21
-104.3987959999999902
0
LINE
8
BLACK
6
CONTINUOUS
10
125.0348139999999972
20
-104.3987959999999902
11
125.0285999999999973
21
-104.3889229999999912
0
LINE
8
BLACK
6
CONTINUOUS
10
125.0285999999999973
20
-104.3889229999999912
11
125.0191269999999975
21
-104.380707000000001
0
LINE
8
BLACK
6
CONTINUOUS
10
125.0191269999999975
20
-104.380707000000001
11
125.0109119999999905
21
-104.3712349999999986
0
LINE
8
BLACK
6
CONTINUOUS
10
125.0109119999999905
20
-104.3712349999999986
11
125.0010369999999966
21
-104.3650179999999921
0
LINE
8
BLACK
6
CONTINUOUS
10
125.0010369999999966
20
-104.3650179999999921
11
124.9991229999999973
21
-104.3633589999999884
0
LINE
8
BLACK
6
CONTINUOUS
10
124.9991229999999973
20
-104.3633589999999884
11
124.9975859999999983
21
-104.3628459999999905
0
LINE
8
BLACK
6
CONTINUOUS
10
124.9975859999999983
20
-104.3628459999999905
11
124.9943219999999968
21
-104.3607919999999893
0
LINE
8
BLACK
6
CONTINUOUS
10
124.9943219999999968
20
-104.3607919999999893
11
124.803843999999998
21
-104.2655539999999945
0
LINE
8
BLACK
6
CONTINUOUS
10
124.803843999999998
20
-104.2655539999999945
11
124.7855359999999934
21
-104.2585479999999905
0
LINE
8
BLACK
6
CONTINUOUS
10
124.7855359999999934
20
-104.2585479999999905
11
124.7819519999999898
21
-104.2582929999999948
0
LINE
8
BLACK
6
CONTINUOUS
10
124.7819519999999898
20
-104.2582929999999948
11
124.7786319999999876
21
-104.2569179999999989
0
LINE
8
BLACK
6
CONTINUOUS
10
124.7786319999999876
20
-104.2569179999999989
11
124.7591229999999882
21
-104.2549969999999888
0
LINE
8
BLACK
6
CONTINUOUS
10
124.7591229999999882
20
-104.2549969999999888
11
124.3782810000000012
21
-104.2549969999999888
0
LINE
8
BLACK
6
CONTINUOUS
10
124.3782810000000012
20
-104.2549969999999888
11
124.3782759999999996
21
-104.2549959999999913
0
LINE
8
BLACK
6
CONTINUOUS
10
124.3782759999999996
20
-104.2549959999999913
11
124.378270999999998
21
-104.2549969999999888
0
LINE
8
BLACK
6
CONTINUOUS
10
123.6559469999999976
20
-102.9385169999999903
11
123.6283569999999941
21
-102.9661069999999938
0
LINE
8
BLACK
6
CONTINUOUS
10
123.6283569999999941
20
-102.9661069999999938
11
123.6134249999999923
21
-103.0021550000000019
0
LINE
8
BLACK
6
CONTINUOUS
10
123.6134249999999923
20
-103.0021550000000019
11
123.6115039999999965
21
-103.0216640000000012
0
LINE
8
BLACK
6
CONTINUOUS
10
123.6115039999999965
20
-103.0216640000000012
11
123.6115039999999965
21
-103.2073779999999914
0
LINE
8
BLACK
6
CONTINUOUS
10
123.6115039999999965
20
-103.2073779999999914
11
123.0448379999999986
21
-103.2073779999999914
0
LINE
8
BLACK
6
CONTINUOUS
10
123.0448379999999986
20
-103.2073779999999914
11
123.0253289999999993
21
-103.2092990000000015
0
LINE
8
BLACK
6
CONTINUOUS
10
123.0253289999999993
20
-103.2092990000000015
11
122.9892809999999912
21
-103.224230999999989
0
LINE
8
BLACK
6
CONTINUOUS
10
122.9892809999999912
20
-103.224230999999989
11
122.9616909999999876
21
-103.2518209999999925
0
LINE
8
BLACK
6
CONTINUOUS
10
122.9616909999999876
20
-103.2518209999999925
11
122.9467590000000001
21
-103.2878690000000006
0
LINE
8
BLACK
6
CONTINUOUS
10
122.9467590000000001
20
-103.2878690000000006
11
122.9467590000000001
21
-103.3268869999999993
0
LINE
8
BLACK
6
CONTINUOUS
10
122.9467590000000001
20
-103.3268869999999993
11
122.9616909999999876
21
-103.3629349999999931
0
LINE
8
BLACK
6
CONTINUOUS
10
122.9616909999999876
20
-103.3629349999999931
11
122.9892809999999912
21
-103.3905249999999967
0
LINE
8
BLACK
6
CONTINUOUS
10
122.9892809999999912
20
-103.3905249999999967
11
123.0253289999999993
21
-103.4054569999999984
0
LINE
8
BLACK
6
CONTINUOUS
10
123.0253289999999993
20
-103.4054569999999984
11
123.0448379999999986
21
-103.4073779999999942
0
LINE
8
BLACK
6
CONTINUOUS
10
123.0448379999999986
20
-103.4073779999999942
11
123.6115039999999965
21
-103.4073779999999942
0
LINE
8
BLACK
6
CONTINUOUS
10
123.6115039999999965
20
-103.4073779999999942
11
123.6115039999999965
21
-103.7835679999999883
0
LINE
8
BLACK
6
CONTINUOUS
10
123.6115039999999965
20
-103.7835679999999883
11
123.6134249999999923
21
-103.8030770000000018
0
LINE
8
BLACK
6
CONTINUOUS
10
123.6134249999999923
20
-103.8030770000000018
11
123.6283569999999941
21
-103.8391249999999957
0
LINE
8
BLACK
6
CONTINUOUS
10
123.6283569999999941
20
-103.8391249999999957
11
123.6559469999999976
21
-103.8667149999999992
0
LINE
8
BLACK
6
CONTINUOUS
10
123.6559469999999976
20
-103.8667149999999992
11
123.6919949999999915
21
-103.881647000000001
0
LINE
8
BLACK
6
CONTINUOUS
10
123.6919949999999915
20
-103.881647000000001
11
123.7310129999999901
21
-103.881647000000001
0
LINE
8
BLACK
6
CONTINUOUS
10
123.7310129999999901
20
-103.881647000000001
11
123.7670609999999982
21
-103.8667149999999992
0
LINE
8
BLACK
6
CONTINUOUS
10
123.7670609999999982
20
-103.8667149999999992
11
123.7946509999999876
21
-103.8391249999999957
0
LINE
8
BLACK
6
CONTINUOUS
10
123.7946509999999876
20
-103.8391249999999957
11
123.8095829999999893
21
-103.8030770000000018
0
LINE
8
BLACK
6
CONTINUOUS
10
123.8095829999999893
20
-103.8030770000000018
11
123.8115039999999993
21
-103.7835679999999883
0
LINE
8
BLACK
6
CONTINUOUS
10
123.8115039999999993
20
-103.7835679999999883
11
123.8115039999999993
21
-103.4073779999999942
0
LINE
8
BLACK
6
CONTINUOUS
10
123.8115039999999993
20
-103.4073779999999942
11
124.7355159999999898
21
-103.4073779999999942
0
LINE
8
BLACK
6
CONTINUOUS
10
124.7355159999999898
20
-103.4073779999999942
11
124.8750639999999947
21
-103.4771509999999921
0
LINE
8
BLACK
6
CONTINUOUS
10
124.8750639999999947
20
-103.4771509999999921
11
124.9448379999999901
21
-103.616698999999997
0
LINE
8
BLACK
6
CONTINUOUS
10
124.9448379999999901
20
-103.616698999999997
11
124.9448379999999901
21
-103.7835679999999883
0
LINE
8
BLACK
6
CONTINUOUS
10
124.9448379999999901
20
-103.7835679999999883
11
124.9467590000000001
21
-103.8030770000000018
0
LINE
8
BLACK
6
CONTINUOUS
10
124.9467590000000001
20
-103.8030770000000018
11
124.9616909999999876
21
-103.8391249999999957
0
LINE
8
BLACK
6
CONTINUOUS
10
124.9616909999999876
20
-103.8391249999999957
11
124.9892809999999912
21
-103.8667149999999992
0
LINE
8
BLACK
6
CONTINUOUS
10
124.9892809999999912
20
-103.8667149999999992
11
125.0253289999999993
21
-103.881647000000001
0
LINE
8
BLACK
6
CONTINUOUS
10
125.0253289999999993
20
-103.881647000000001
11
125.0643469999999979
21
-103.881647000000001
0
LINE
8
BLACK
6
CONTINUOUS
10
125.0643469999999979
20
-103.881647000000001
11
125.1003949999999918
21
-103.8667149999999992
0
LINE
8
BLACK
6
CONTINUOUS
10
125.1003949999999918
20
-103.8667149999999992
11
125.1279849999999954
21
-103.8391249999999957
0
LINE
8
BLACK
6
CONTINUOUS
10
125.1279849999999954
20
-103.8391249999999957
11
125.1429169999999971
21
-103.8030770000000018
0
LINE
8
BLACK
6
CONTINUOUS
10
125.1429169999999971
20
-103.8030770000000018
11
125.1448379999999929
21
-103.7835679999999883
0
LINE
8
BLACK
6
CONTINUOUS
10
125.1448379999999929
20
-103.7835679999999883
11
125.1448379999999929
21
-103.5930919999999986
0
LINE
8
BLACK
6
CONTINUOUS
10
125.1448379999999929
20
-103.5930919999999986
11
125.1429169999999971
21
-103.5735829999999993
0
LINE
8
BLACK
6
CONTINUOUS
10
125.1429169999999971
20
-103.5735829999999993
11
125.1415409999999895
21
-103.5702619999999996
0
LINE
8
BLACK
6
CONTINUOUS
10
125.1415409999999895
20
-103.5702619999999996
11
125.1412869999999913
21
-103.5666789999999935
0
LINE
8
BLACK
6
CONTINUOUS
10
125.1412869999999913
20
-103.5666789999999935
11
125.1342810000000014
21
-103.5483709999999888
0
LINE
8
BLACK
6
CONTINUOUS
10
125.1342810000000014
20
-103.5483709999999888
11
125.0390429999999924
21
-103.3578949999999992
0
LINE
8
BLACK
6
CONTINUOUS
10
125.0390429999999924
20
-103.3578949999999992
11
125.0369879999999938
21
-103.3546309999999977
0
LINE
8
BLACK
6
CONTINUOUS
10
125.0369879999999938
20
-103.3546309999999977
11
125.0364759999999933
21
-103.3530930000000012
0
LINE
8
BLACK
6
CONTINUOUS
10
125.0364759999999933
20
-103.3530930000000012
11
125.0348139999999972
21
-103.3511769999999927
0
LINE
8
BLACK
6
CONTINUOUS
10
125.0348139999999972
20
-103.3511769999999927
11
125.0285999999999973
21
-103.3413039999999938
0
LINE
8
BLACK
6
CONTINUOUS
10
125.0285999999999973
20
-103.3413039999999938
11
125.0191269999999975
21
-103.3330879999999894
0
LINE
8
BLACK
6
CONTINUOUS
10
125.0191269999999975
20
-103.3330879999999894
11
125.0109119999999905
21
-103.3236160000000012
0
LINE
8
BLACK
6
CONTINUOUS
10
125.0109119999999905
20
-103.3236160000000012
11
125.0010369999999966
21
-103.3173989999999947
0
LINE
8
BLACK
6
CONTINUOUS
10
125.0010369999999966
20
-103.3173989999999947
11
124.9991229999999973
21
-103.315739999999991
0
LINE
8
BLACK
6
CONTINUOUS
10
124.9991229999999973
20
-103.315739999999991
11
124.9975859999999983
21
-103.315226999999993
0
LINE
8
BLACK
6
CONTINUOUS
10
124.9975859999999983
20
-103.315226999999993
11
124.9943219999999968
21
-103.3131729999999919
0
LINE
8
BLACK
6
CONTINUOUS
10
124.9943219999999968
20
-103.3131729999999919
11
124.803843999999998
21
-103.2179349999999971
0
LINE
8
BLACK
6
CONTINUOUS
10
124.803843999999998
20
-103.2179349999999971
11
124.7855359999999934
21
-103.210928999999993
0
LINE
8
BLACK
6
CONTINUOUS
10
124.7855359999999934
20
-103.210928999999993
11
124.7819519999999898
21
-103.2106739999999974
0
LINE
8
BLACK
6
CONTINUOUS
10
124.7819519999999898
20
-103.2106739999999974
11
124.7786319999999876
21
-103.2092990000000015
0
LINE
8
BLACK
6
CONTINUOUS
10
124.7786319999999876
20
-103.2092990000000015
11
124.7591229999999882
21
-103.2073779999999914
0
LINE
8
BLACK
6
CONTINUOUS
10
124.7591229999999882
20
-103.2073779999999914
11
123.8115039999999993
21
-103.2073779999999914
0
LINE
8
BLACK
6
CONTINUOUS
10
123.8115039999999993
20
-103.2073779999999914
11
123.8115039999999993
21
-103.0216640000000012
0
LINE
8
BLACK
6
CONTINUOUS
10
123.8115039999999993
20
-103.0216640000000012
11
123.8095829999999893
21
-103.0021550000000019
0
LINE
8
BLACK
6
CONTINUOUS
10
123.8095829999999893
20
-103.0021550000000019
11
123.7946509999999876
21
-102.9661069999999938
0
LINE
8
BLACK
6
CONTINUOUS
10
123.7946509999999876
20
-102.9661069999999938
11
123.7670609999999982
21
-102.9385169999999903
0
LINE
8
BLACK
6
CONTINUOUS
10
123.7670609999999982
20
-102.9385169999999903
11
123.7310129999999901
21
-102.9235849999999886
0
LINE
8
BLACK
6
CONTINUOUS
10
123.7310129999999901
20
-102.9235849999999886
11
123.6919949999999915
21
-102.9235849999999886
0
LINE
8
BLACK
6
CONTINUOUS
10
123.6919949999999915
20
-102.9235849999999886
11
123.6559469999999976
21
-102.9385169999999903
0
LINE
8
BLACK
6
CONTINUOUS
10
123.4062809999999928
20
-101.2092990000000015
11
123.4029599999999931
21
-101.2106739999999974
0
LINE
8
BLACK
6
CONTINUOUS
10
123.4029599999999931
20
-101.2106739999999974
11
123.3993770000000012
21
-101.210928999999993
0
LINE
8
BLACK
6
CONTINUOUS
10
123.3993770000000012
20
-101.210928999999993
11
123.3810689999999965
21
-101.2179349999999971
0
LINE
8
BLACK
6
CONTINUOUS
10
123.3810689999999965
20
-101.2179349999999971
11
123.1905929999999927
21
-101.3131729999999919
0
LINE
8
BLACK
6
CONTINUOUS
10
123.1905929999999927
20
-101.3131729999999919
11
123.1821939999999955
21
-101.3184589999999901
0
LINE
8
BLACK
6
CONTINUOUS
10
123.1821939999999955
20
-101.3184589999999901
11
123.1797569999999951
21
-101.319468999999998
0
LINE
8
BLACK
6
CONTINUOUS
10
123.1797569999999951
20
-101.319468999999998
11
123.1770129999999881
21
-101.3217199999999991
0
LINE
8
BLACK
6
CONTINUOUS
10
123.1770129999999881
20
-101.3217199999999991
11
123.1740019999999873
21
-101.3236160000000012
0
LINE
8
BLACK
6
CONTINUOUS
10
123.1740019999999873
20
-101.3236160000000012
11
123.172269
21
-101.3256129999999899
0
LINE
8
BLACK
6
CONTINUOUS
10
123.172269
20
-101.3256129999999899
11
123.1646029999999996
21
-101.3319049999999919
0
LINE
8
BLACK
6
CONTINUOUS
10
123.1646029999999996
20
-101.3319049999999919
11
123.0693649999999906
21
-101.4271430000000009
0
LINE
8
BLACK
6
CONTINUOUS
10
123.0693649999999906
20
-101.4271430000000009
11
123.0630729999999886
21
-101.4348090000000013
0
LINE
8
BLACK
6
CONTINUOUS
10
123.0630729999999886
20
-101.4348090000000013
11
123.0610759999999999
21
-101.4365419999999887
0
LINE
8
BLACK
6
CONTINUOUS
10
123.0610759999999999
20
-101.4365419999999887
11
123.0591799999999978
21
-101.4395529999999894
0
LINE
8
BLACK
6
CONTINUOUS
10
123.0591799999999978
20
-101.4395529999999894
11
123.0569289999999967
21
-101.4422969999999964
0
LINE
8
BLACK
6
CONTINUOUS
10
123.0569289999999967
20
-101.4422969999999964
11
123.0559189999999887
21
-101.4447329999999994
0
LINE
8
BLACK
6
CONTINUOUS
10
123.0559189999999887
20
-101.4447329999999994
11
123.0506329999999906
21
-101.4531319999999965
0
LINE
8
BLACK
6
CONTINUOUS
10
123.0506329999999906
20
-101.4531319999999965
11
122.9553949999999958
21
-101.6436089999999979
0
LINE
8
BLACK
6
CONTINUOUS
10
122.9553949999999958
20
-101.6436089999999979
11
122.9483889999999917
21
-101.6619169999999883
0
LINE
8
BLACK
6
CONTINUOUS
10
122.9483889999999917
20
-101.6619169999999883
11
122.948133999999996
21
-101.6654999999999944
0
LINE
8
BLACK
6
CONTINUOUS
10
122.948133999999996
20
-101.6654999999999944
11
122.9467590000000001
21
-101.6688209999999941
0
LINE
8
BLACK
6
CONTINUOUS
10
122.9467590000000001
20
-101.6688209999999941
11
122.9448379999999901
21
-101.6883299999999934
0
LINE
8
BLACK
6
CONTINUOUS
10
122.9448379999999901
20
-101.6883299999999934
11
122.9448379999999901
21
-102.1645209999999935
0
LINE
8
BLACK
6
CONTINUOUS
10
122.9448379999999901
20
-102.1645209999999935
11
122.9458099999999945
21
-102.1743939999999924
0
LINE
8
BLACK
6
CONTINUOUS
10
122.9458099999999945
20
-102.1743939999999924
11
122.9456229999999977
21
-102.1770279999999929
0
LINE
8
BLACK
6
CONTINUOUS
10
122.9456229999999977
20
-102.1770279999999929
11
122.9464100000000002
21
-102.1804909999999893
0
LINE
8
BLACK
6
CONTINUOUS
10
122.9464100000000002
20
-102.1804909999999893
11
122.9467590000000001
21
-102.1840299999999928
0
LINE
8
BLACK
6
CONTINUOUS
10
122.9467590000000001
20
-102.1840299999999928
11
122.9477699999999913
21
-102.1864719999999949
0
LINE
8
BLACK
6
CONTINUOUS
10
122.9477699999999913
20
-102.1864719999999949
11
122.9499699999999933
21
-102.1961439999999897
0
LINE
8
BLACK
6
CONTINUOUS
10
122.9499699999999933
20
-102.1961439999999897
11
123.0452079999999881
21
-102.4818579999999884
0
LINE
8
BLACK
6
CONTINUOUS
10
123.0452079999999881
20
-102.4818579999999884
11
123.0531989999999922
21
-102.4997579999999999
0
LINE
8
BLACK
6
CONTINUOUS
10
123.0531989999999922
20
-102.4997579999999999
11
123.0787639999999925
21
-102.5292340000000024
0
LINE
8
BLACK
6
CONTINUOUS
10
123.0787639999999925
20
-102.5292340000000024
11
123.1136629999999883
21
-102.5466839999999991
0
LINE
8
BLACK
6
CONTINUOUS
10
123.1136629999999883
20
-102.5466839999999991
11
123.1525829999999928
21
-102.5494499999999931
0
LINE
8
BLACK
6
CONTINUOUS
10
123.1525829999999928
20
-102.5494499999999931
11
123.1895990000000012
21
-102.5371119999999934
0
LINE
8
BLACK
6
CONTINUOUS
10
123.1895990000000012
20
-102.5371119999999934
11
123.2190749999999895
21
-102.5115469999999931
0
LINE
8
BLACK
6
CONTINUOUS
10
123.2190749999999895
20
-102.5115469999999931
11
123.2365250000000003
21
-102.4766479999999973
0
LINE
8
BLACK
6
CONTINUOUS
10
123.2365250000000003
20
-102.4766479999999973
11
123.2392909999999944
21
-102.4377279999999928
0
LINE
8
BLACK
6
CONTINUOUS
10
123.2392909999999944
20
-102.4377279999999928
11
123.2349439999999987
21
-102.418611999999996
0
LINE
8
BLACK
6
CONTINUOUS
10
123.2349439999999987
20
-102.418611999999996
11
123.1448379999999929
21
-102.1482939999999928
0
LINE
8
BLACK
6
CONTINUOUS
10
123.1448379999999929
20
-102.1482939999999928
11
123.1448379999999929
21
-101.7119369999999918
0
LINE
8
BLACK
6
CONTINUOUS
10
123.1448379999999929
20
-101.7119369999999918
11
123.2222609999999889
21
-101.5570909999999998
0
LINE
8
BLACK
6
CONTINUOUS
10
123.2222609999999889
20
-101.5570909999999998
11
123.294550000000001
21
-101.4848009999999903
0
LINE
8
BLACK
6
CONTINUOUS
10
123.294550000000001
20
-101.4848009999999903
11
123.449397999999988
21
-101.4073779999999942
0
LINE
8
BLACK
6
CONTINUOUS
10
123.449397999999988
20
-101.4073779999999942
11
123.5926589999999976
21
-101.4073779999999942
0
LINE
8
BLACK
6
CONTINUOUS
10
123.5926589999999976
20
-101.4073779999999942
11
123.7475049999999896
21
-101.4848009999999903
0
LINE
8
BLACK
6
CONTINUOUS
10
123.7475049999999896
20
-101.4848009999999903
11
123.8197939999999875
21
-101.5570900000000023
0
LINE
8
BLACK
6
CONTINUOUS
10
123.8197939999999875
20
-101.5570900000000023
11
123.902867999999998
21
-101.723236
0
LINE
8
BLACK
6
CONTINUOUS
10
123.902867999999998
20
-101.723236
11
123.9954429999999945
21
-102.0935360000000003
0
LINE
8
BLACK
6
CONTINUOUS
10
123.9954429999999945
20
-102.0935360000000003
11
123.9959559999999925
21
-102.094972999999996
0
LINE
8
BLACK
6
CONTINUOUS
10
123.9959559999999925
20
-102.094972999999996
11
123.9960079999999891
21
-102.0956959999999896
0
LINE
8
BLACK
6
CONTINUOUS
10
123.9960079999999891
20
-102.0956959999999896
11
123.9991160000000008
21
-102.1038199999999989
0
LINE
8
BLACK
6
CONTINUOUS
10
123.9991160000000008
20
-102.1038199999999989
11
124.0020379999999989
21
-102.1119970000000023
0
LINE
8
BLACK
6
CONTINUOUS
10
124.0020379999999989
20
-102.1119970000000023
11
124.0024679999999933
21
-102.1125770000000017
0
LINE
8
BLACK
6
CONTINUOUS
10
124.0024679999999933
20
-102.1125770000000017
11
124.0030139999999932
21
-102.1140039999999942
0
LINE
8
BLACK
6
CONTINUOUS
10
124.0030139999999932
20
-102.1140039999999942
11
124.098251999999988
21
-102.3044809999999956
0
LINE
8
BLACK
6
CONTINUOUS
10
124.098251999999988
20
-102.3044809999999956
11
124.1035380000000004
21
-102.3128789999999952
0
LINE
8
BLACK
6
CONTINUOUS
10
124.1035380000000004
20
-102.3128789999999952
11
124.1045479999999941
21
-102.3153159999999957
0
LINE
8
BLACK
6
CONTINUOUS
10
124.1045479999999941
20
-102.3153159999999957
11
124.1067989999999952
21
-102.318058999999991
0
LINE
8
BLACK
6
CONTINUOUS
10
124.1067989999999952
20
-102.318058999999991
11
124.1086949999999973
21
-102.3210709999999892
0
LINE
8
BLACK
6
CONTINUOUS
10
124.1086949999999973
20
-102.3210709999999892
11
124.1106920000000002
21
-102.3228029999999933
0
LINE
8
BLACK
6
CONTINUOUS
10
124.1106920000000002
20
-102.3228029999999933
11
124.116983999999988
21
-102.3304699999999912
0
LINE
8
BLACK
6
CONTINUOUS
10
124.116983999999988
20
-102.3304699999999912
11
124.212221999999997
21
-102.4257080000000002
0
LINE
8
BLACK
6
CONTINUOUS
10
124.212221999999997
20
-102.4257080000000002
11
124.2198879999999974
21
-102.4319989999999905
0
LINE
8
BLACK
6
CONTINUOUS
10
124.2198879999999974
20
-102.4319989999999905
11
124.221620999999999
21
-102.4339969999999909
0
LINE
8
BLACK
6
CONTINUOUS
10
124.221620999999999
20
-102.4339969999999909
11
124.2246319999999997
21
-102.4358919999999955
0
LINE
8
BLACK
6
CONTINUOUS
10
124.2246319999999997
20
-102.4358919999999955
11
124.2273759999999925
21
-102.4381439999999941
0
LINE
8
BLACK
6
CONTINUOUS
10
124.2273759999999925
20
-102.4381439999999941
11
124.2298129999999929
21
-102.4391529999999904
0
LINE
8
BLACK
6
CONTINUOUS
10
124.2298129999999929
20
-102.4391529999999904
11
124.2382119999999901
21
-102.4444400000000002
0
LINE
8
BLACK
6
CONTINUOUS
10
124.2382119999999901
20
-102.4444400000000002
11
124.428687999999994
21
-102.539677999999995
0
LINE
8
BLACK
6
CONTINUOUS
10
124.428687999999994
20
-102.539677999999995
11
124.4469959999999986
21
-102.5466839999999991
0
LINE
8
BLACK
6
CONTINUOUS
10
124.4469959999999986
20
-102.5466839999999991
11
124.4505789999999905
21
-102.5469379999999973
0
LINE
8
BLACK
6
CONTINUOUS
10
124.4505789999999905
20
-102.5469379999999973
11
124.4538999999999902
21
-102.5483139999999906
0
LINE
8
BLACK
6
CONTINUOUS
10
124.4538999999999902
20
-102.5483139999999906
11
124.4734089999999895
21
-102.5502350000000007
0
LINE
8
BLACK
6
CONTINUOUS
10
124.4734089999999895
20
-102.5502350000000007
11
124.6638849999999934
21
-102.5502350000000007
0
LINE
8
BLACK
6
CONTINUOUS
10
124.6638849999999934
20
-102.5502350000000007
11
124.6833939999999927
21
-102.5483139999999906
0
LINE
8
BLACK
6
CONTINUOUS
10
124.6833939999999927
20
-102.5483139999999906
11
124.6867139999999949
21
-102.5469379999999973
0
LINE
8
BLACK
6
CONTINUOUS
10
124.6867139999999949
20
-102.5469379999999973
11
124.6902979999999985
21
-102.5466839999999991
0
LINE
8
BLACK
6
CONTINUOUS
10
124.6902979999999985
20
-102.5466839999999991
11
124.708605999999989
21
-102.539677999999995
0
LINE
8
BLACK
6
CONTINUOUS
10
124.708605999999989
20
-102.539677999999995
11
124.8990829999999903
21
-102.4444400000000002
0
LINE
8
BLACK
6
CONTINUOUS
10
124.8990829999999903
20
-102.4444400000000002
11
124.9074770000000001
21
-102.4391549999999995
0
LINE
8
BLACK
6
CONTINUOUS
10
124.9074770000000001
20
-102.4391549999999995
11
124.9099179999999905
21
-102.4381449999999916
0
LINE
8
BLACK
6
CONTINUOUS
10
124.9099179999999905
20
-102.4381449999999916
11
124.9126639999999924
21
-102.4358900000000006
0
LINE
8
BLACK
6
CONTINUOUS
10
124.9126639999999924
20
-102.4358900000000006
11
124.9156729999999982
21
-102.4339969999999909
0
LINE
8
BLACK
6
CONTINUOUS
10
124.9156729999999982
20
-102.4339969999999909
11
124.9174039999999906
21
-102.4320000000000022
0
LINE
8
BLACK
6
CONTINUOUS
10
124.9174039999999906
20
-102.4320000000000022
11
124.9250709999999884
21
-102.4257080000000002
0
LINE
8
BLACK
6
CONTINUOUS
10
124.9250709999999884
20
-102.4257080000000002
11
125.0203109999999924
21
-102.3304699999999912
0
LINE
8
BLACK
6
CONTINUOUS
10
125.0203109999999924
20
-102.3304699999999912
11
125.0266039999999919
21
-102.3228009999999983
0
LINE
8
BLACK
6
CONTINUOUS
10
125.0266039999999919
20
-102.3228009999999983
11
125.0285999999999973
21
-102.3210709999999892
0
LINE
8
BLACK
6
CONTINUOUS
10
125.0285999999999973
20
-102.3210709999999892
11
125.0304929999999928
21
-102.3180629999999951
0
LINE
8
BLACK
6
CONTINUOUS
10
125.0304929999999928
20
-102.3180629999999951
11
125.0327470000000005
21
-102.3153169999999932
0
LINE
8
BLACK
6
CONTINUOUS
10
125.0327470000000005
20
-102.3153169999999932
11
125.0337569999999943
21
-102.3128759999999886
0
LINE
8
BLACK
6
CONTINUOUS
10
125.0337569999999943
20
-102.3128759999999886
11
125.0390429999999924
21
-102.3044799999999981
0
LINE
8
BLACK
6
CONTINUOUS
10
125.0390429999999924
20
-102.3044799999999981
11
125.1342810000000014
21
-102.1140039999999942
0
LINE
8
BLACK
6
CONTINUOUS
10
125.1342810000000014
20
-102.1140039999999942
11
125.1412869999999913
21
-102.0956959999999896
0
LINE
8
BLACK
6
CONTINUOUS
10
125.1412869999999913
20
-102.0956959999999896
11
125.1415409999999895
21
-102.0921120000000002
0
LINE
8
BLACK
6
CONTINUOUS
10
125.1415409999999895
20
-102.0921120000000002
11
125.1429169999999971
21
-102.088791999999998
0
LINE
8
BLACK
6
CONTINUOUS
10
125.1429169999999971
20
-102.088791999999998
11
125.1448379999999929
21
-102.0692829999999987
0
LINE
8
BLACK
6
CONTINUOUS
10
125.1448379999999929
20
-102.0692829999999987
11
125.1448379999999929
21
-101.5930919999999986
0
LINE
8
BLACK
6
CONTINUOUS
10
125.1448379999999929
20
-101.5930919999999986
11
125.143864999999991
21
-101.5832180000000022
0
LINE
8
BLACK
6
CONTINUOUS
10
125.143864999999991
20
-101.5832180000000022
11
125.1440529999999995
21
-101.5805849999999992
0
LINE
8
BLACK
6
CONTINUOUS
10
125.1440529999999995
20
-101.5805849999999992
11
125.1432649999999995
21
-101.5771209999999911
0
LINE
8
BLACK
6
CONTINUOUS
10
125.1432649999999995
20
-101.5771209999999911
11
125.1429169999999971
21
-101.5735829999999993
0
LINE
8
BLACK
6
CONTINUOUS
10
125.1429169999999971
20
-101.5735829999999993
11
125.1419049999999942
21
-101.5711399999999998
0
LINE
8
BLACK
6
CONTINUOUS
10
125.1419049999999942
20
-101.5711399999999998
11
125.1397059999999897
21
-101.5614690000000024
0
LINE
8
BLACK
6
CONTINUOUS
10
125.1397059999999897
20
-101.5614690000000024
11
125.0444679999999948
21
-101.2757549999999895
0
LINE
8
BLACK
6
CONTINUOUS
10
125.0444679999999948
20
-101.2757549999999895
11
125.0364769999999908
21
-101.2578549999999922
0
LINE
8
BLACK
6
CONTINUOUS
10
125.0364769999999908
20
-101.2578549999999922
11
125.0109119999999905
21
-101.2283789999999897
0
LINE
8
BLACK
6
CONTINUOUS
10
125.0109119999999905
20
-101.2283789999999897
11
124.9760129999999947
21
-101.210928999999993
0
LINE
8
BLACK
6
CONTINUOUS
10
124.9760129999999947
20
-101.210928999999993
11
124.9370929999999902
21
-101.208162999999999
0
LINE
8
BLACK
6
CONTINUOUS
10
124.9370929999999902
20
-101.208162999999999
11
124.900076999999996
21
-101.2205009999999987
0
LINE
8
BLACK
6
CONTINUOUS
10
124.900076999999996
20
-101.2205009999999987
11
124.8706009999999935
21
-101.246065999999999
0
LINE
8
BLACK
6
CONTINUOUS
10
124.8706009999999935
20
-101.246065999999999
11
124.8531509999999969
21
-101.2809649999999948
0
LINE
8
BLACK
6
CONTINUOUS
10
124.8531509999999969
20
-101.2809649999999948
11
124.8503849999999886
21
-101.3198849999999993
0
LINE
8
BLACK
6
CONTINUOUS
10
124.8503849999999886
20
-101.3198849999999993
11
124.8547319999999985
21
-101.3390009999999961
0
LINE
8
BLACK
6
CONTINUOUS
10
124.8547319999999985
20
-101.3390009999999961
11
124.9448379999999901
21
-101.6093189999999993
0
LINE
8
BLACK
6
CONTINUOUS
10
124.9448379999999901
20
-101.6093189999999993
11
124.9448379999999901
21
-102.0456749999999886
0
LINE
8
BLACK
6
CONTINUOUS
10
124.9448379999999901
20
-102.0456749999999886
11
124.8674139999999966
21
-102.2005229999999898
0
LINE
8
BLACK
6
CONTINUOUS
10
124.8674139999999966
20
-102.2005229999999898
11
124.7951259999999962
21
-102.2728099999999927
0
LINE
8
BLACK
6
CONTINUOUS
10
124.7951259999999962
20
-102.2728099999999927
11
124.640277999999995
21
-102.3502349999999979
0
LINE
8
BLACK
6
CONTINUOUS
10
124.640277999999995
20
-102.3502349999999979
11
124.4970169999999996
21
-102.3502349999999979
0
LINE
8
BLACK
6
CONTINUOUS
10
124.4970169999999996
20
-102.3502349999999979
11
124.3421689999999984
21
-102.2728109999999901
0
LINE
8
BLACK
6
CONTINUOUS
10
124.3421689999999984
20
-102.2728109999999901
11
124.2698800000000006
21
-102.2005219999999923
0
LINE
8
BLACK
6
CONTINUOUS
10
124.2698800000000006
20
-102.2005219999999923
11
124.1868079999999992
21
-102.0343790000000013
0
LINE
8
BLACK
6
CONTINUOUS
10
124.1868079999999992
20
-102.0343790000000013
11
124.0942329999999885
21
-101.6640759999999943
0
LINE
8
BLACK
6
CONTINUOUS
10
124.0942329999999885
20
-101.6640759999999943
11
124.093718999999993
21
-101.6626369999999895
0
LINE
8
BLACK
6
CONTINUOUS
10
124.093718999999993
20
-101.6626369999999895
11
124.0936679999999939
21
-101.6619169999999883
0
LINE
8
BLACK
6
CONTINUOUS
10
124.0936679999999939
20
-101.6619169999999883
11
124.090564999999998
21
-101.6538089999999954
0
LINE
8
BLACK
6
CONTINUOUS
10
124.090564999999998
20
-101.6538089999999954
11
124.0876379999999983
21
-101.6456159999999898
0
LINE
8
BLACK
6
CONTINUOUS
10
124.0876379999999983
20
-101.6456159999999898
11
124.0872059999999948
21
-101.645032999999998
0
LINE
8
BLACK
6
CONTINUOUS
10
124.0872059999999948
20
-101.645032999999998
11
124.0866609999999923
21
-101.6436080000000004
0
LINE
8
BLACK
6
CONTINUOUS
10
124.0866609999999923
20
-101.6436080000000004
11
123.9914229999999975
21
-101.4531319999999965
0
LINE
8
BLACK
6
CONTINUOUS
10
123.9914229999999975
20
-101.4531319999999965
11
123.9861359999999877
21
-101.4447329999999994
0
LINE
8
BLACK
6
CONTINUOUS
10
123.9861359999999877
20
-101.4447329999999994
11
123.9851269999999914
21
-101.4422969999999964
0
LINE
8
BLACK
6
CONTINUOUS
10
123.9851269999999914
20
-101.4422969999999964
11
123.9828749999999928
21
-101.4395529999999894
0
LINE
8
BLACK
6
CONTINUOUS
10
123.9828749999999928
20
-101.4395529999999894
11
123.9809799999999882
21
-101.4365419999999887
0
LINE
8
BLACK
6
CONTINUOUS
10
123.9809799999999882
20
-101.4365419999999887
11
123.9789819999999878
21
-101.4348090000000013
0
LINE
8
BLACK
6
CONTINUOUS
10
123.9789819999999878
20
-101.4348090000000013
11
123.9726909999999975
21
-101.4271430000000009
0
LINE
8
BLACK
6
CONTINUOUS
10
123.9726909999999975
20
-101.4271430000000009
11
123.8774529999999885
21
-101.3319049999999919
0
LINE
8
BLACK
6
CONTINUOUS
10
123.8774529999999885
20
-101.3319049999999919
11
123.8697859999999906
21
-101.3256129999999899
0
LINE
8
BLACK
6
CONTINUOUS
10
123.8697859999999906
20
-101.3256129999999899
11
123.8680540000000008
21
-101.3236160000000012
0
LINE
8
BLACK
6
CONTINUOUS
10
123.8680540000000008
20
-101.3236160000000012
11
123.8650419999999883
21
-101.3217199999999991
0
LINE
8
BLACK
6
CONTINUOUS
10
123.8650419999999883
20
-101.3217199999999991
11
123.862298999999993
21
-101.319468999999998
0
LINE
8
BLACK
6
CONTINUOUS
10
123.862298999999993
20
-101.319468999999998
11
123.8598619999999926
21
-101.3184589999999901
0
LINE
8
BLACK
6
CONTINUOUS
10
123.8598619999999926
20
-101.3184589999999901
11
123.8514639999999929
21
-101.3131729999999919
0
LINE
8
BLACK
6
CONTINUOUS
10
123.8514639999999929
20
-101.3131729999999919
11
123.6609869999999916
21
-101.2179349999999971
0
LINE
8
BLACK
6
CONTINUOUS
10
123.6609869999999916
20
-101.2179349999999971
11
123.6426790000000011
21
-101.210928999999993
0
LINE
8
BLACK
6
CONTINUOUS
10
123.6426790000000011
20
-101.210928999999993
11
123.6390949999999975
21
-101.2106739999999974
0
LINE
8
BLACK
6
CONTINUOUS
10
123.6390949999999975
20
-101.2106739999999974
11
123.6357749999999953
21
-101.2092990000000015
0
LINE
8
BLACK
6
CONTINUOUS
10
123.6357749999999953
20
-101.2092990000000015
11
123.616265999999996
21
-101.2073779999999914
0
LINE
8
BLACK
6
CONTINUOUS
10
123.616265999999996
20
-101.2073779999999914
11
123.4257899999999921
21
-101.2073779999999914
0
LINE
8
BLACK
6
CONTINUOUS
10
123.4257899999999921
20
-101.2073779999999914
11
123.4062809999999928
21
-101.2092990000000015
0
LINE
8
BLACK
6
CONTINUOUS
10
123.0253289999999993
20
-98.1616789999999924
11
122.9892809999999912
21
-98.1766109999999941
0
LINE
8
BLACK
6
CONTINUOUS
10
122.9892809999999912
20
-98.1766109999999941
11
122.9616909999999876
21
-98.2042009999999976
0
LINE
8
BLACK
6
CONTINUOUS
10
122.9616909999999876
20
-98.2042009999999976
11
122.9467590000000001
21
-98.2402489999999915
0
LINE
8
BLACK
6
CONTINUOUS
10
122.9467590000000001
20
-98.2402489999999915
11
122.9467590000000001
21
-98.2792669999999902
0
LINE
8
BLACK
6
CONTINUOUS
10
122.9467590000000001
20
-98.2792669999999902
11
122.9616909999999876
21
-98.3153149999999982
0
LINE
8
BLACK
6
CONTINUOUS
10
122.9616909999999876
20
-98.3153149999999982
11
122.9892809999999912
21
-98.3429050000000018
0
LINE
8
BLACK
6
CONTINUOUS
10
122.9892809999999912
20
-98.3429050000000018
11
123.0253289999999993
21
-98.3578369999999893
0
LINE
8
BLACK
6
CONTINUOUS
10
123.0253289999999993
20
-98.3578369999999893
11
123.0448379999999986
21
-98.3597579999999994
0
LINE
8
BLACK
6
CONTINUOUS
10
123.0448379999999986
20
-98.3597579999999994
11
124.9448379999999901
21
-98.3597579999999994
0
LINE
8
BLACK
6
CONTINUOUS
10
124.9448379999999901
20
-98.3597579999999994
11
124.9448379999999901
21
-99.2121389999999934
0
LINE
8
BLACK
6
CONTINUOUS
10
124.9448379999999901
20
-99.2121389999999934
11
124.9467590000000001
21
-99.2316479999999927
0
LINE
8
BLACK
6
CONTINUOUS
10
124.9467590000000001
20
-99.2316479999999927
11
124.9616909999999876
21
-99.2676960000000008
0
LINE
8
BLACK
6
CONTINUOUS
10
124.9616909999999876
20
-99.2676960000000008
11
124.9892809999999912
21
-99.2952859999999902
0
LINE
8
BLACK
6
CONTINUOUS
10
124.9892809999999912
20
-99.2952859999999902
11
125.0253289999999993
21
-99.3102179999999919
0
LINE
8
BLACK
6
CONTINUOUS
10
125.0253289999999993
20
-99.3102179999999919
11
125.0643469999999979
21
-99.3102179999999919
0
LINE
8
BLACK
6
CONTINUOUS
10
125.0643469999999979
20
-99.3102179999999919
11
125.1003949999999918
21
-99.2952859999999902
0
LINE
8
BLACK
6
CONTINUOUS
10
125.1003949999999918
20
-99.2952859999999902
11
125.1279849999999954
21
-99.2676960000000008
0
LINE
8
BLACK
6
CONTINUOUS
10
125.1279849999999954
20
-99.2676960000000008
11
125.1429169999999971
21
-99.2316479999999927
0
LINE
8
BLACK
6
CONTINUOUS
10
125.1429169999999971
20
-99.2316479999999927
11
125.1448379999999929
21
-99.2121389999999934
0
LINE
8
BLACK
6
CONTINUOUS
10
125.1448379999999929
20
-99.2121389999999934
11
125.1448379999999929
21
-98.2597579999999908
0
LINE
8
BLACK
6
CONTINUOUS
10
125.1448379999999929
20
-98.2597579999999908
11
125.1429169999999971
21
-98.2402489999999915
0
LINE
8
BLACK
6
CONTINUOUS
10
125.1429169999999971
20
-98.2402489999999915
11
125.1279849999999954
21
-98.2042009999999976
0
LINE
8
BLACK
6
CONTINUOUS
10
125.1279849999999954
20
-98.2042009999999976
11
125.1003949999999918
21
-98.1766109999999941
0
LINE
8
BLACK
6
CONTINUOUS
10
125.1003949999999918
20
-98.1766109999999941
11
125.0643469999999979
21
-98.1616789999999924
0
LINE
8
BLACK
6
CONTINUOUS
10
125.0643469999999979
20
-98.1616789999999924
11
125.0448379999999986
21
-98.1597579999999965
0
LINE
8
BLACK
6
CONTINUOUS
10
125.0448379999999986
20
-98.1597579999999965
11
123.0448379999999986
21
-98.1597579999999965
0
LINE
8
BLACK
6
CONTINUOUS
10
123.0448379999999986
20
-98.1597579999999965
11
123.0253289999999993
21
-98.1616789999999924
0
LINE
8
BLACK
6
CONTINUOUS
10
130.9687150000000031
20
-94.5780089999999944
11
130.9577620000000024
21
-94.5794519999999892
0
LINE
8
BLACK
6
CONTINUOUS
10
130.9577620000000024
20
-94.5794519999999892
11
130.864075999999983
21
-94.6045539999999932
0
LINE
8
BLACK
6
CONTINUOUS
10
130.864075999999983
20
-94.6045539999999932
11
130.7361119999999914
21
-94.6388419999999968
0
LINE
8
BLACK
6
CONTINUOUS
10
130.7361119999999914
20
-94.6388419999999968
11
130.524123000000003
21
-94.7266499999999922
0
LINE
8
BLACK
6
CONTINUOUS
10
130.524123000000003
20
-94.7266499999999922
11
130.5241089999999815
21
-94.7266569999999888
0
LINE
8
BLACK
6
CONTINUOUS
10
130.5241089999999815
20
-94.7266569999999888
11
130.3253819999999905
21
-94.841391999999999
0
LINE
8
BLACK
6
CONTINUOUS
10
130.3253819999999905
20
-94.841391999999999
11
130.143338
21
-94.981080999999989
0
LINE
8
BLACK
6
CONTINUOUS
10
130.143338
20
-94.981080999999989
11
129.981080999999989
21
-95.143338
0
LINE
8
BLACK
6
CONTINUOUS
10
129.981080999999989
20
-95.143338
11
129.8413919999999848
21
-95.3253819999999905
0
LINE
8
BLACK
6
CONTINUOUS
10
129.8413919999999848
20
-95.3253819999999905
11
129.7266569999999888
21
-95.5241089999999957
0
LINE
8
BLACK
6
CONTINUOUS
10
129.7266569999999888
20
-95.5241089999999957
11
129.7266500000000065
21
-95.5241229999999888
0
LINE
8
BLACK
6
CONTINUOUS
10
129.7266500000000065
20
-95.5241229999999888
11
129.6388419999999826
21
-95.7361119999999914
0
LINE
8
BLACK
6
CONTINUOUS
10
129.6388419999999826
20
-95.7361119999999914
11
129.5794530000000009
21
-95.9577589999999958
0
LINE
8
BLACK
6
CONTINUOUS
10
129.5794530000000009
20
-95.9577589999999958
11
129.5794510000000059
21
-95.9577699999999965
0
LINE
8
BLACK
6
CONTINUOUS
10
129.5794510000000059
20
-95.9577699999999965
11
129.5494999999999948
21
-96.1852579999999904
0
LINE
8
BLACK
6
CONTINUOUS
10
129.5494999999999948
20
-96.1852579999999904
11
129.5494999999999948
21
-96.4147409999999923
0
LINE
8
BLACK
6
CONTINUOUS
10
129.5494999999999948
20
-96.4147409999999923
11
129.5744459999999947
21
-96.6042149999999964
0
LINE
8
BLACK
6
CONTINUOUS
10
129.5744459999999947
20
-96.6042149999999964
11
129.5794520000000034
21
-96.6422379999999919
0
LINE
8
BLACK
6
CONTINUOUS
10
129.5794520000000034
20
-96.6422379999999919
11
129.5794530000000009
21
-96.642240000000001
0
LINE
8
BLACK
6
CONTINUOUS
10
129.5794530000000009
20
-96.642240000000001
11
129.6388419999999826
21
-96.8638869999999912
0
LINE
8
BLACK
6
CONTINUOUS
10
129.6388419999999826
20
-96.8638869999999912
11
129.7266500000000065
21
-97.0758759999999938
0
LINE
8
BLACK
6
CONTINUOUS
10
129.7266500000000065
20
-97.0758759999999938
11
129.7266569999999888
21
-97.0758900000000011
0
LINE
8
BLACK
6
CONTINUOUS
10
129.7266569999999888
20
-97.0758900000000011
11
129.8413919999999848
21
-97.2746169999999921
0
LINE
8
BLACK
6
CONTINUOUS
10
129.8413919999999848
20
-97.2746169999999921
11
129.981080999999989
21
-97.4566609999999969
0
LINE
8
BLACK
6
CONTINUOUS
10
129.981080999999989
20
-97.4566609999999969
11
129.9810889999999972
21
-97.4566700000000026
0
LINE
8
BLACK
6
CONTINUOUS
10
129.9810889999999972
20
-97.4566700000000026
11
130.1433299999999917
21
-97.6189109999999971
0
LINE
8
BLACK
6
CONTINUOUS
10
130.1433299999999917
20
-97.6189109999999971
11
130.143338
21
-97.6189179999999936
0
LINE
8
BLACK
6
CONTINUOUS
10
130.143338
20
-97.6189179999999936
11
130.3253819999999905
21
-97.7586069999999978
0
LINE
8
BLACK
6
CONTINUOUS
10
130.3253819999999905
20
-97.7586069999999978
11
130.3253849999999829
21
-97.7586079999999953
0
LINE
8
BLACK
6
CONTINUOUS
10
130.3253849999999829
20
-97.7586079999999953
11
130.3253880000000038
21
-97.7586110000000019
0
LINE
8
BLACK
6
CONTINUOUS
10
130.3253880000000038
20
-97.7586110000000019
11
130.5241120000000024
21
-97.8733439999999888
0
LINE
8
BLACK
6
CONTINUOUS
10
130.5241120000000024
20
-97.8733439999999888
11
130.5241169999999897
21
-97.873345999999998
0
LINE
8
BLACK
6
CONTINUOUS
10
130.5241169999999897
20
-97.873345999999998
11
130.524123000000003
21
-97.8733489999999904
0
LINE
8
BLACK
6
CONTINUOUS
10
130.524123000000003
20
-97.8733489999999904
11
130.6154799999999909
21
-97.9111899999999906
0
LINE
8
BLACK
6
CONTINUOUS
10
130.6154799999999909
20
-97.9111899999999906
11
130.7361129999999889
21
-97.9611579999999975
0
LINE
8
BLACK
6
CONTINUOUS
10
130.7361129999999889
20
-97.9611579999999975
11
130.9577620000000024
21
-98.0205479999999909
0
LINE
8
BLACK
6
CONTINUOUS
10
130.9577620000000024
20
-98.0205479999999909
11
131.1852659999999844
21
-98.0504999999999995
0
LINE
8
BLACK
6
CONTINUOUS
10
131.1852659999999844
20
-98.0504999999999995
11
131.1852729999999951
21
-98.0504999999999995
0
LINE
8
BLACK
6
CONTINUOUS
10
131.1852729999999951
20
-98.0504999999999995
11
131.4147269999999992
21
-98.0504999999999995
0
LINE
8
BLACK
6
CONTINUOUS
10
131.4147269999999992
20
-98.0504999999999995
11
131.4147339999999815
21
-98.0504999999999995
0
LINE
8
BLACK
6
CONTINUOUS
10
131.4147339999999815
20
-98.0504999999999995
11
131.6422379999999919
21
-98.0205479999999909
0
LINE
8
BLACK
6
CONTINUOUS
10
131.6422379999999919
20
-98.0205479999999909
11
131.8638870000000054
21
-97.9611579999999975
0
LINE
8
BLACK
6
CONTINUOUS
10
131.8638870000000054
20
-97.9611579999999975
11
132.075887999999992
21
-97.8733439999999888
0
LINE
8
BLACK
6
CONTINUOUS
10
132.075887999999992
20
-97.8733439999999888
11
132.2746119999999905
21
-97.7586110000000019
0
LINE
8
BLACK
6
CONTINUOUS
10
132.2746119999999905
20
-97.7586110000000019
11
132.4566609999999969
21
-97.6189189999999911
0
LINE
8
BLACK
6
CONTINUOUS
10
132.4566609999999969
20
-97.6189189999999911
11
132.4566649999999868
21
-97.6189139999999895
0
LINE
8
BLACK
6
CONTINUOUS
10
132.4566649999999868
20
-97.6189139999999895
11
132.4566700000000026
21
-97.6189109999999971
0
LINE
8
BLACK
6
CONTINUOUS
10
132.4566700000000026
20
-97.6189109999999971
11
132.6189109999999971
21
-97.4566700000000026
0
LINE
8
BLACK
6
CONTINUOUS
10
132.6189109999999971
20
-97.4566700000000026
11
132.6189139999999895
21
-97.456665000000001
0
LINE
8
BLACK
6
CONTINUOUS
10
132.6189139999999895
20
-97.456665000000001
11
132.6189190000000053
21
-97.4566609999999969
0
LINE
8
BLACK
6
CONTINUOUS
10
132.6189190000000053
20
-97.4566609999999969
11
132.7586110000000019
21
-97.2746119999999905
0
LINE
8
BLACK
6
CONTINUOUS
10
132.7586110000000019
20
-97.2746119999999905
11
132.873344000000003
21
-97.075887999999992
0
LINE
8
BLACK
6
CONTINUOUS
10
132.873344000000003
20
-97.075887999999992
11
132.9611579999999833
21
-96.8638869999999912
0
LINE
8
BLACK
6
CONTINUOUS
10
132.9611579999999833
20
-96.8638869999999912
11
133.0205479999999909
21
-96.6422379999999919
0
LINE
8
BLACK
6
CONTINUOUS
10
133.0205479999999909
20
-96.6422379999999919
11
133.0504999999999995
21
-96.4147339999999957
0
LINE
8
BLACK
6
CONTINUOUS
10
133.0504999999999995
20
-96.4147339999999957
11
133.0504999999999995
21
-96.1852659999999986
0
LINE
8
BLACK
6
CONTINUOUS
10
133.0504999999999995
20
-96.1852659999999986
11
133.0504990000000021
21
-96.1852579999999904
0
LINE
8
BLACK
6
CONTINUOUS
10
133.0504990000000021
20
-96.1852579999999904
11
133.0205479999999909
21
-95.9577620000000024
0
LINE
8
BLACK
6
CONTINUOUS
10
133.0205479999999909
20
-95.9577620000000024
11
132.9611579999999833
21
-95.7361129999999889
0
LINE
8
BLACK
6
CONTINUOUS
10
132.9611579999999833
20
-95.7361129999999889
11
132.9073309999999992
21
-95.6061629999999951
0
LINE
8
BLACK
6
CONTINUOUS
10
132.9073309999999992
20
-95.6061629999999951
11
132.8733489999999904
21
-95.5241229999999888
0
LINE
8
BLACK
6
CONTINUOUS
10
132.8733489999999904
20
-95.5241229999999888
11
132.873345999999998
21
-95.5241169999999897
0
LINE
8
BLACK
6
CONTINUOUS
10
132.873345999999998
20
-95.5241169999999897
11
132.873344000000003
21
-95.5241120000000024
0
LINE
8
BLACK
6
CONTINUOUS
10
132.873344000000003
20
-95.5241120000000024
11
132.7586110000000019
21
-95.3253879999999896
0
LINE
8
BLACK
6
CONTINUOUS
10
132.7586110000000019
20
-95.3253879999999896
11
132.7586079999999811
21
-95.3253849999999971
0
LINE
8
BLACK
6
CONTINUOUS
10
132.7586079999999811
20
-95.3253849999999971
11
132.7586069999999836
21
-95.3253819999999905
0
LINE
8
BLACK
6
CONTINUOUS
10
132.7586069999999836
20
-95.3253819999999905
11
132.657763999999986
21
-95.1939619999999991
0
LINE
8
BLACK
6
CONTINUOUS
10
132.657763999999986
20
-95.1939619999999991
11
132.6189190000000053
21
-95.1433389999999974
0
LINE
8
BLACK
6
CONTINUOUS
10
132.6189190000000053
20
-95.1433389999999974
11
132.6189180000000079
21
-95.143338
0
LINE
8
BLACK
6
CONTINUOUS
10
132.6189180000000079
20
-95.143338
11
132.6189109999999971
21
-95.1433299999999917
0
LINE
8
BLACK
6
CONTINUOUS
10
132.6189109999999971
20
-95.1433299999999917
11
132.4566700000000026
21
-94.9810889999999972
0
LINE
8
BLACK
6
CONTINUOUS
10
132.4566700000000026
20
-94.9810889999999972
11
132.4566609999999969
21
-94.981080999999989
0
LINE
8
BLACK
6
CONTINUOUS
10
132.4566609999999969
20
-94.981080999999989
11
132.2746170000000063
21
-94.841391999999999
0
LINE
8
BLACK
6
CONTINUOUS
10
132.2746170000000063
20
-94.841391999999999
11
132.0758899999999869
21
-94.7266569999999888
0
LINE
8
BLACK
6
CONTINUOUS
10
132.0758899999999869
20
-94.7266569999999888
11
132.0758759999999938
21
-94.7266499999999922
0
LINE
8
BLACK
6
CONTINUOUS
10
132.0758759999999938
20
-94.7266499999999922
11
131.8638870000000054
21
-94.6388419999999968
0
LINE
8
BLACK
6
CONTINUOUS
10
131.8638870000000054
20
-94.6388419999999968
11
131.6422379999999919
21
-94.5794519999999892
0
LINE
8
BLACK
6
CONTINUOUS
10
131.6422379999999919
20
-94.5794519999999892
11
131.6042149999999822
21
-94.5744459999999947
0
LINE
8
BLACK
6
CONTINUOUS
10
131.6042149999999822
20
-94.5744459999999947
11
131.4147409999999923
21
-94.5494999999999948
0
LINE
8
BLACK
6
CONTINUOUS
10
131.4147409999999923
20
-94.5494999999999948
11
131.4147339999999815
21
-94.5494999999999948
0
LINE
8
BLACK
6
CONTINUOUS
10
131.4147339999999815
20
-94.5494999999999948
11
131.1852659999999844
21
-94.5494999999999948
0
LINE
8
BLACK
6
CONTINUOUS
10
131.1852659999999844
20
-94.5494999999999948
11
131.1852580000000046
21
-94.5494999999999948
0
LINE
8
BLACK
6
CONTINUOUS
10
131.1852580000000046
20
-94.5494999999999948
11
130.9687150000000031
21
-94.5780089999999944
0
LINE
8
BLACK
6
CONTINUOUS
10
122.9892809999999912
20
-96.3670869999999979
11
122.9616909999999876
21
-96.3946770000000015
0
LINE
8
BLACK
6
CONTINUOUS
10
122.9616909999999876
20
-96.3946770000000015
11
122.9467590000000001
21
-96.4307249999999954
0
LINE
8
BLACK
6
CONTINUOUS
10
122.9467590000000001
20
-96.4307249999999954
11
122.9448379999999901
21
-96.4502339999999947
0
LINE
8
BLACK
6
CONTINUOUS
10
122.9448379999999901
20
-96.4502339999999947
11
122.9448379999999901
21
-97.5930910000000011
0
LINE
8
BLACK
6
CONTINUOUS
10
122.9448379999999901
20
-97.5930910000000011
11
122.9467590000000001
21
-97.6126000000000005
0
LINE
8
BLACK
6
CONTINUOUS
10
122.9467590000000001
20
-97.6126000000000005
11
122.9616909999999876
21
-97.6486479999999943
0
LINE
8
BLACK
6
CONTINUOUS
10
122.9616909999999876
20
-97.6486479999999943
11
122.9892809999999912
21
-97.6762379999999979
0
LINE
8
BLACK
6
CONTINUOUS
10
122.9892809999999912
20
-97.6762379999999979
11
123.0253289999999993
21
-97.6911699999999996
0
LINE
8
BLACK
6
CONTINUOUS
10
123.0253289999999993
20
-97.6911699999999996
11
123.0643469999999979
21
-97.6911699999999996
0
LINE
8
BLACK
6
CONTINUOUS
10
123.0643469999999979
20
-97.6911699999999996
11
123.1003949999999918
21
-97.6762379999999979
0
LINE
8
BLACK
6
CONTINUOUS
10
123.1003949999999918
20
-97.6762379999999979
11
123.1279849999999954
21
-97.6486479999999943
0
LINE
8
BLACK
6
CONTINUOUS
10
123.1279849999999954
20
-97.6486479999999943
11
123.1429169999999971
21
-97.6126000000000005
0
LINE
8
BLACK
6
CONTINUOUS
10
123.1429169999999971
20
-97.6126000000000005
11
123.1448379999999929
21
-97.5930910000000011
0
LINE
8
BLACK
6
CONTINUOUS
10
123.1448379999999929
20
-97.5930910000000011
11
123.1448379999999929
21
-97.1216620000000006
0
LINE
8
BLACK
6
CONTINUOUS
10
123.1448379999999929
20
-97.1216620000000006
11
125.0448379999999986
21
-97.1216620000000006
0
LINE
8
BLACK
6
CONTINUOUS
10
125.0448379999999986
20
-97.1216620000000006
11
125.0643469999999979
21
-97.1197409999999905
0
LINE
8
BLACK
6
CONTINUOUS
10
125.0643469999999979
20
-97.1197409999999905
11
125.1003949999999918
21
-97.1048089999999888
0
LINE
8
BLACK
6
CONTINUOUS
10
125.1003949999999918
20
-97.1048089999999888
11
125.1279849999999954
21
-97.0772189999999995
0
LINE
8
BLACK
6
CONTINUOUS
10
125.1279849999999954
20
-97.0772189999999995
11
125.1429169999999971
21
-97.0411709999999914
0
LINE
8
BLACK
6
CONTINUOUS
10
125.1429169999999971
20
-97.0411709999999914
11
125.1429169999999971
21
-97.0021529999999927
0
LINE
8
BLACK
6
CONTINUOUS
10
125.1429169999999971
20
-97.0021529999999927
11
125.1279849999999954
21
-96.9661049999999989
0
LINE
8
BLACK
6
CONTINUOUS
10
125.1279849999999954
20
-96.9661049999999989
11
125.1003949999999918
21
-96.9385149999999953
0
LINE
8
BLACK
6
CONTINUOUS
10
125.1003949999999918
20
-96.9385149999999953
11
125.0643469999999979
21
-96.9235829999999936
0
LINE
8
BLACK
6
CONTINUOUS
10
125.0643469999999979
20
-96.9235829999999936
11
125.0448379999999986
21
-96.9216619999999978
0
LINE
8
BLACK
6
CONTINUOUS
10
125.0448379999999986
20
-96.9216619999999978
11
123.1448379999999929
21
-96.9216619999999978
0
LINE
8
BLACK
6
CONTINUOUS
10
123.1448379999999929
20
-96.9216619999999978
11
123.1448379999999929
21
-96.4502339999999947
0
LINE
8
BLACK
6
CONTINUOUS
10
123.1448379999999929
20
-96.4502339999999947
11
123.1429169999999971
21
-96.4307249999999954
0
LINE
8
BLACK
6
CONTINUOUS
10
123.1429169999999971
20
-96.4307249999999954
11
123.1279849999999954
21
-96.3946770000000015
0
LINE
8
BLACK
6
CONTINUOUS
10
123.1279849999999954
20
-96.3946770000000015
11
123.1003949999999918
21
-96.3670869999999979
0
LINE
8
BLACK
6
CONTINUOUS
10
123.1003949999999918
20
-96.3670869999999979
11
123.0643469999999979
21
-96.3521549999999962
0
LINE
8
BLACK
6
CONTINUOUS
10
123.0643469999999979
20
-96.3521549999999962
11
123.0253289999999993
21
-96.3521549999999962
0
LINE
8
BLACK
6
CONTINUOUS
10
123.0253289999999993
20
-96.3521549999999962
11
122.9892809999999912
21
-96.3670869999999979
0
LINE
8
BLACK
6
CONTINUOUS
10
134.0494999999999948
20
-96.4147409999999923
11
134.0744459999999947
21
-96.6042149999999964
0
LINE
8
BLACK
6
CONTINUOUS
10
134.0744459999999947
20
-96.6042149999999964
11
134.0794520000000034
21
-96.6422379999999919
0
LINE
8
BLACK
6
CONTINUOUS
10
134.0794520000000034
20
-96.6422379999999919
11
134.0794530000000009
21
-96.642240000000001
0
LINE
8
BLACK
6
CONTINUOUS
10
134.0794530000000009
20
-96.642240000000001
11
134.1388419999999826
21
-96.8638869999999912
0
LINE
8
BLACK
6
CONTINUOUS
10
134.1388419999999826
20
-96.8638869999999912
11
134.2266500000000065
21
-97.0758759999999938
0
LINE
8
BLACK
6
CONTINUOUS
10
134.2266500000000065
20
-97.0758759999999938
11
134.2266569999999888
21
-97.0758900000000011
0
LINE
8
BLACK
6
CONTINUOUS
10
134.2266569999999888
20
-97.0758900000000011
11
134.3413919999999848
21
-97.2746169999999921
0
LINE
8
BLACK
6
CONTINUOUS
10
134.3413919999999848
20
-97.2746169999999921
11
134.481080999999989
21
-97.4566609999999969
0
LINE
8
BLACK
6
CONTINUOUS
10
134.481080999999989
20
-97.4566609999999969
11
134.4810889999999972
21
-97.4566700000000026
0
LINE
8
BLACK
6
CONTINUOUS
10
134.4810889999999972
20
-97.4566700000000026
11
134.6433299999999917
21
-97.6189109999999971
0
LINE
8
BLACK
6
CONTINUOUS
10
134.6433299999999917
20
-97.6189109999999971
11
134.643338
21
-97.6189179999999936
0
LINE
8
BLACK
6
CONTINUOUS
10
134.643338
20
-97.6189179999999936
11
134.8253819999999905
21
-97.7586069999999978
0
LINE
8
BLACK
6
CONTINUOUS
10
134.8253819999999905
20
-97.7586069999999978
11
134.8253849999999829
21
-97.7586079999999953
0
LINE
8
BLACK
6
CONTINUOUS
10
134.8253849999999829
20
-97.7586079999999953
11
134.8253880000000038
21
-97.7586110000000019
0
LINE
8
BLACK
6
CONTINUOUS
10
134.8253880000000038
20
-97.7586110000000019
11
135.0241120000000024
21
-97.8733439999999888
0
LINE
8
BLACK
6
CONTINUOUS
10
135.0241120000000024
20
-97.8733439999999888
11
135.0241169999999897
21
-97.873345999999998
0
LINE
8
BLACK
6
CONTINUOUS
10
135.0241169999999897
20
-97.873345999999998
11
135.024123000000003
21
-97.8733489999999904
0
LINE
8
BLACK
6
CONTINUOUS
10
135.024123000000003
20
-97.8733489999999904
11
135.1154799999999909
21
-97.9111899999999906
0
LINE
8
BLACK
6
CONTINUOUS
10
135.1154799999999909
20
-97.9111899999999906
11
135.2361129999999889
21
-97.9611579999999975
0
LINE
8
BLACK
6
CONTINUOUS
10
135.2361129999999889
20
-97.9611579999999975
11
135.4577620000000024
21
-98.0205479999999909
0
LINE
8
BLACK
6
CONTINUOUS
10
135.4577620000000024
20
-98.0205479999999909
11
135.6852659999999844
21
-98.0504999999999995
0
LINE
8
BLACK
6
CONTINUOUS
10
135.6852659999999844
20
-98.0504999999999995
11
135.6852729999999951
21
-98.0504999999999995
0
LINE
8
BLACK
6
CONTINUOUS
10
135.6852729999999951
20
-98.0504999999999995
11
135.9147269999999992
21
-98.0504999999999995
0
LINE
8
BLACK
6
CONTINUOUS
10
135.9147269999999992
20
-98.0504999999999995
11
135.9147339999999815
21
-98.0504999999999995
0
LINE
8
BLACK
6
CONTINUOUS
10
135.9147339999999815
20
-98.0504999999999995
11
136.1422379999999919
21
-98.0205479999999909
0
LINE
8
BLACK
6
CONTINUOUS
10
136.1422379999999919
20
-98.0205479999999909
11
136.3638870000000054
21
-97.9611579999999975
0
LINE
8
BLACK
6
CONTINUOUS
10
136.3638870000000054
20
-97.9611579999999975
11
136.575887999999992
21
-97.8733439999999888
0
LINE
8
BLACK
6
CONTINUOUS
10
136.575887999999992
20
-97.8733439999999888
11
136.7746119999999905
21
-97.7586110000000019
0
LINE
8
BLACK
6
CONTINUOUS
10
136.7746119999999905
20
-97.7586110000000019
11
136.9566609999999969
21
-97.6189189999999911
0
LINE
8
BLACK
6
CONTINUOUS
10
136.9566609999999969
20
-97.6189189999999911
11
136.9566649999999868
21
-97.6189139999999895
0
LINE
8
BLACK
6
CONTINUOUS
10
136.9566649999999868
20
-97.6189139999999895
11
136.9566700000000026
21
-97.6189109999999971
0
LINE
8
BLACK
6
CONTINUOUS
10
136.9566700000000026
20
-97.6189109999999971
11
137.1189109999999971
21
-97.4566700000000026
0
LINE
8
BLACK
6
CONTINUOUS
10
137.1189109999999971
20
-97.4566700000000026
11
137.1189139999999895
21
-97.456665000000001
0
LINE
8
BLACK
6
CONTINUOUS
10
137.1189139999999895
20
-97.456665000000001
11
137.1189190000000053
21
-97.4566609999999969
0
LINE
8
BLACK
6
CONTINUOUS
10
137.1189190000000053
20
-97.4566609999999969
11
137.2586110000000019
21
-97.2746119999999905
0
LINE
8
BLACK
6
CONTINUOUS
10
137.2586110000000019
20
-97.2746119999999905
11
137.373344000000003
21
-97.075887999999992
0
LINE
8
BLACK
6
CONTINUOUS
10
137.373344000000003
20
-97.075887999999992
11
137.4611579999999833
21
-96.8638869999999912
0
LINE
8
BLACK
6
CONTINUOUS
10
137.4611579999999833
20
-96.8638869999999912
11
137.5205479999999909
21
-96.6422379999999919
0
LINE
8
BLACK
6
CONTINUOUS
10
137.5205479999999909
20
-96.6422379999999919
11
137.5504999999999995
21
-96.4147339999999957
0
LINE
8
BLACK
6
CONTINUOUS
10
137.5504999999999995
20
-96.4147339999999957
11
137.5504999999999995
21
-96.1852659999999986
0
LINE
8
BLACK
6
CONTINUOUS
10
137.5504999999999995
20
-96.1852659999999986
11
137.5205479999999909
21
-95.9577620000000024
0
LINE
8
BLACK
6
CONTINUOUS
10
137.5205479999999909
20
-95.9577620000000024
11
137.4611579999999833
21
-95.7361129999999889
0
LINE
8
BLACK
6
CONTINUOUS
10
137.4611579999999833
20
-95.7361129999999889
11
137.4073309999999992
21
-95.6061629999999951
0
LINE
8
BLACK
6
CONTINUOUS
10
137.4073309999999992
20
-95.6061629999999951
11
137.3733489999999904
21
-95.5241229999999888
0
LINE
8
BLACK
6
CONTINUOUS
10
137.3733489999999904
20
-95.5241229999999888
11
137.373345999999998
21
-95.5241169999999897
0
LINE
8
BLACK
6
CONTINUOUS
10
137.373345999999998
20
-95.5241169999999897
11
137.373344000000003
21
-95.5241120000000024
0
LINE
8
BLACK
6
CONTINUOUS
10
137.373344000000003
20
-95.5241120000000024
11
137.2586110000000019
21
-95.3253879999999896
0
LINE
8
BLACK
6
CONTINUOUS
10
137.2586110000000019
20
-95.3253879999999896
11
137.2586079999999811
21
-95.3253849999999971
0
LINE
8
BLACK
6
CONTINUOUS
10
137.2586079999999811
20
-95.3253849999999971
11
137.2586069999999836
21
-95.3253819999999905
0
LINE
8
BLACK
6
CONTINUOUS
10
137.2586069999999836
20
-95.3253819999999905
11
137.157763999999986
21
-95.1939619999999991
0
LINE
8
BLACK
6
CONTINUOUS
10
137.157763999999986
20
-95.1939619999999991
11
137.1189190000000053
21
-95.1433389999999974
0
LINE
8
BLACK
6
CONTINUOUS
10
137.1189190000000053
20
-95.1433389999999974
11
137.1189180000000079
21
-95.143338
0
LINE
8
BLACK
6
CONTINUOUS
10
137.1189180000000079
20
-95.143338
11
137.1189109999999971
21
-95.1433299999999917
0
LINE
8
BLACK
6
CONTINUOUS
10
137.1189109999999971
20
-95.1433299999999917
11
136.9566700000000026
21
-94.9810889999999972
0
LINE
8
BLACK
6
CONTINUOUS
10
136.9566700000000026
20
-94.9810889999999972
11
136.9566609999999969
21
-94.981080999999989
0
LINE
8
BLACK
6
CONTINUOUS
10
136.9566609999999969
20
-94.981080999999989
11
136.7746170000000063
21
-94.841391999999999
0
LINE
8
BLACK
6
CONTINUOUS
10
136.7746170000000063
20
-94.841391999999999
11
136.5758899999999869
21
-94.7266569999999888
0
LINE
8
BLACK
6
CONTINUOUS
10
136.5758899999999869
20
-94.7266569999999888
11
136.5758759999999938
21
-94.7266499999999922
0
LINE
8
BLACK
6
CONTINUOUS
10
136.5758759999999938
20
-94.7266499999999922
11
136.3638870000000054
21
-94.6388419999999968
0
LINE
8
BLACK
6
CONTINUOUS
10
136.3638870000000054
20
-94.6388419999999968
11
136.1422379999999919
21
-94.5794519999999892
0
LINE
8
BLACK
6
CONTINUOUS
10
136.1422379999999919
20
-94.5794519999999892
11
136.1042149999999822
21
-94.5744459999999947
0
LINE
8
BLACK
6
CONTINUOUS
10
136.1042149999999822
20
-94.5744459999999947
11
135.9147409999999923
21
-94.5494999999999948
0
LINE
8
BLACK
6
CONTINUOUS
10
135.9147409999999923
20
-94.5494999999999948
11
135.9147339999999815
21
-94.5494999999999948
0
LINE
8
BLACK
6
CONTINUOUS
10
135.9147339999999815
20
-94.5494999999999948
11
135.6852659999999844
21
-94.5494999999999948
0
LINE
8
BLACK
6
CONTINUOUS
10
135.6852659999999844
20
-94.5494999999999948
11
135.6852580000000046
21
-94.5494999999999948
0
LINE
8
BLACK
6
CONTINUOUS
10
135.6852580000000046
20
-94.5494999999999948
11
135.4687150000000031
21
-94.5780089999999944
0
LINE
8
BLACK
6
CONTINUOUS
10
135.4687150000000031
20
-94.5780089999999944
11
135.4577620000000024
21
-94.5794519999999892
0
LINE
8
BLACK
6
CONTINUOUS
10
135.4577620000000024
20
-94.5794519999999892
11
135.364075999999983
21
-94.6045539999999932
0
LINE
8
BLACK
6
CONTINUOUS
10
135.364075999999983
20
-94.6045539999999932
11
135.2361119999999914
21
-94.6388419999999968
0
LINE
8
BLACK
6
CONTINUOUS
10
135.2361119999999914
20
-94.6388419999999968
11
135.024123000000003
21
-94.7266499999999922
0
LINE
8
BLACK
6
CONTINUOUS
10
135.024123000000003
20
-94.7266499999999922
11
135.0241089999999815
21
-94.7266569999999888
0
LINE
8
BLACK
6
CONTINUOUS
10
135.0241089999999815
20
-94.7266569999999888
11
134.8253819999999905
21
-94.841391999999999
0
LINE
8
BLACK
6
CONTINUOUS
10
134.8253819999999905
20
-94.841391999999999
11
134.643338
21
-94.981080999999989
0
LINE
8
BLACK
6
CONTINUOUS
10
134.643338
20
-94.981080999999989
11
134.481080999999989
21
-95.143338
0
LINE
8
BLACK
6
CONTINUOUS
10
134.481080999999989
20
-95.143338
11
134.3413919999999848
21
-95.3253819999999905
0
LINE
8
BLACK
6
CONTINUOUS
10
134.3413919999999848
20
-95.3253819999999905
11
134.2266569999999888
21
-95.5241089999999957
0
LINE
8
BLACK
6
CONTINUOUS
10
134.2266569999999888
20
-95.5241089999999957
11
134.2266500000000065
21
-95.5241229999999888
0
LINE
8
BLACK
6
CONTINUOUS
10
134.2266500000000065
20
-95.5241229999999888
11
134.1388419999999826
21
-95.7361119999999914
0
LINE
8
BLACK
6
CONTINUOUS
10
134.1388419999999826
20
-95.7361119999999914
11
134.0794530000000009
21
-95.9577589999999958
0
LINE
8
BLACK
6
CONTINUOUS
10
134.0794530000000009
20
-95.9577589999999958
11
134.0794510000000059
21
-95.9577699999999965
0
LINE
8
BLACK
6
CONTINUOUS
10
134.0794510000000059
20
-95.9577699999999965
11
134.0494999999999948
21
-96.1852579999999904
0
LINE
8
BLACK
6
CONTINUOUS
10
134.0494999999999948
20
-96.1852579999999904
11
134.0494999999999948
21
-96.4147409999999923
0
LINE
8
BLACK
6
CONTINUOUS
10
137.3357849999999871
20
-94.4831609999999955
11
137.3678069999999991
21
-94.6853440000000006
0
LINE
8
BLACK
6
CONTINUOUS
10
137.3678069999999991
20
-94.6853440000000006
11
137.4310659999999871
21
-94.8800329999999974
0
LINE
8
BLACK
6
CONTINUOUS
10
137.4310659999999871
20
-94.8800329999999974
11
137.5240000000000009
21
-95.0624229999999955
0
LINE
8
BLACK
6
CONTINUOUS
10
137.5240000000000009
20
-95.0624229999999955
11
137.6443129999999826
21
-95.2280229999999932
0
LINE
8
BLACK
6
CONTINUOUS
10
137.6443129999999826
20
-95.2280229999999932
11
137.789071000000007
21
-95.3727809999999891
0
LINE
8
BLACK
6
CONTINUOUS
10
137.789071000000007
20
-95.3727809999999891
11
137.9440339999999878
21
-95.4853659999999991
0
LINE
8
BLACK
6
CONTINUOUS
10
137.9440339999999878
20
-95.4853659999999991
11
137.9546749999999804
21
-95.4930969999999917
0
LINE
8
BLACK
6
CONTINUOUS
10
137.9546749999999804
20
-95.4930969999999917
11
138.0708919999999864
21
-95.5523129999999981
0
LINE
8
BLACK
6
CONTINUOUS
10
138.0708919999999864
20
-95.5523129999999981
11
138.1370609999999886
21
-95.5860279999999989
0
LINE
8
BLACK
6
CONTINUOUS
10
138.1370609999999886
20
-95.5860279999999989
11
138.1370629999999835
21
-95.5860279999999989
0
LINE
8
BLACK
6
CONTINUOUS
10
138.1370629999999835
20
-95.5860279999999989
11
138.1370660000000044
21
-95.5860299999999938
0
LINE
8
BLACK
6
CONTINUOUS
10
138.1370660000000044
20
-95.5860299999999938
11
138.241422
21
-95.6199369999999931
0
LINE
8
BLACK
6
CONTINUOUS
10
138.241422
20
-95.6199369999999931
11
138.3317499999999995
21
-95.6492870000000011
0
LINE
8
BLACK
6
CONTINUOUS
10
138.3317499999999995
20
-95.6492870000000011
11
138.4249920000000031
21
-95.6640549999999905
0
LINE
8
BLACK
6
CONTINUOUS
10
138.4249920000000031
20
-95.6640549999999905
11
138.5126379999999813
21
-95.677937
0
LINE
8
BLACK
6
CONTINUOUS
10
138.5126379999999813
20
-95.677937
11
138.5757729999999981
21
-95.7078659999999957
0
LINE
8
BLACK
6
CONTINUOUS
10
138.5757729999999981
20
-95.7078659999999957
11
138.6127040000000079
21
-95.7671780000000012
0
LINE
8
BLACK
6
CONTINUOUS
10
138.6127040000000079
20
-95.7671780000000012
11
138.6130139999999926
21
-95.8325009999999935
0
LINE
8
BLACK
6
CONTINUOUS
10
138.6130139999999926
20
-95.8325009999999935
11
138.5794530000000009
21
-95.9577589999999958
0
LINE
8
BLACK
6
CONTINUOUS
10
138.5794530000000009
20
-95.9577589999999958
11
138.5794510000000059
21
-95.9577699999999965
0
LINE
8
BLACK
6
CONTINUOUS
10
138.5794510000000059
20
-95.9577699999999965
11
138.5494999999999948
21
-96.1852579999999904
0
LINE
8
BLACK
6
CONTINUOUS
10
138.5494999999999948
20
-96.1852579999999904
11
138.5494999999999948
21
-96.4147409999999923
0
LINE
8
BLACK
6
CONTINUOUS
10
138.5494999999999948
20
-96.4147409999999923
11
138.5744459999999947
21
-96.6042149999999964
0
LINE
8
BLACK
6
CONTINUOUS
10
138.5744459999999947
20
-96.6042149999999964
11
138.5794520000000034
21
-96.6422379999999919
0
LINE
8
BLACK
6
CONTINUOUS
10
138.5794520000000034
20
-96.6422379999999919
11
138.5794530000000009
21
-96.642240000000001
0
LINE
8
BLACK
6
CONTINUOUS
10
138.5794530000000009
20
-96.642240000000001
11
138.6388419999999826
21
-96.8638869999999912
0
LINE
8
BLACK
6
CONTINUOUS
10
138.6388419999999826
20
-96.8638869999999912
11
138.7266500000000065
21
-97.0758759999999938
0
LINE
8
BLACK
6
CONTINUOUS
10
138.7266500000000065
20
-97.0758759999999938
11
138.7266569999999888
21
-97.0758900000000011
0
LINE
8
BLACK
6
CONTINUOUS
10
138.7266569999999888
20
-97.0758900000000011
11
138.8413919999999848
21
-97.2746169999999921
0
LINE
8
BLACK
6
CONTINUOUS
10
138.8413919999999848
20
-97.2746169999999921
11
138.981080999999989
21
-97.4566609999999969
0
LINE
8
BLACK
6
CONTINUOUS
10
138.981080999999989
20
-97.4566609999999969
11
138.9810889999999972
21
-97.4566700000000026
0
LINE
8
BLACK
6
CONTINUOUS
10
138.9810889999999972
20
-97.4566700000000026
11
139.1433299999999917
21
-97.6189109999999971
0
LINE
8
BLACK
6
CONTINUOUS
10
139.1433299999999917
20
-97.6189109999999971
11
139.143338
21
-97.6189179999999936
0
LINE
8
BLACK
6
CONTINUOUS
10
139.143338
20
-97.6189179999999936
11
139.3253819999999905
21
-97.7586069999999978
0
LINE
8
BLACK
6
CONTINUOUS
10
139.3253819999999905
20
-97.7586069999999978
11
139.3253849999999829
21
-97.7586079999999953
0
LINE
8
BLACK
6
CONTINUOUS
10
139.3253849999999829
20
-97.7586079999999953
11
139.3253880000000038
21
-97.7586110000000019
0
LINE
8
BLACK
6
CONTINUOUS
10
139.3253880000000038
20
-97.7586110000000019
11
139.5241120000000024
21
-97.8733439999999888
0
LINE
8
BLACK
6
CONTINUOUS
10
139.5241120000000024
20
-97.8733439999999888
11
139.5241169999999897
21
-97.873345999999998
0
LINE
8
BLACK
6
CONTINUOUS
10
139.5241169999999897
20
-97.873345999999998
11
139.524123000000003
21
-97.8733489999999904
0
LINE
8
BLACK
6
CONTINUOUS
10
139.524123000000003
20
-97.8733489999999904
11
139.6154799999999909
21
-97.9111899999999906
0
LINE
8
BLACK
6
CONTINUOUS
10
139.6154799999999909
20
-97.9111899999999906
11
139.7361129999999889
21
-97.9611579999999975
0
LINE
8
BLACK
6
CONTINUOUS
10
139.7361129999999889
20
-97.9611579999999975
11
139.9577620000000024
21
-98.0205479999999909
0
LINE
8
BLACK
6
CONTINUOUS
10
139.9577620000000024
20
-98.0205479999999909
11
140.1852659999999844
21
-98.0504999999999995
0
LINE
8
BLACK
6
CONTINUOUS
10
140.1852659999999844
20
-98.0504999999999995
11
140.1852729999999951
21
-98.0504999999999995
0
LINE
8
BLACK
6
CONTINUOUS
10
140.1852729999999951
20
-98.0504999999999995
11
140.4147269999999992
21
-98.0504999999999995
0
LINE
8
BLACK
6
CONTINUOUS
10
140.4147269999999992
20
-98.0504999999999995
11
140.4147339999999815
21
-98.0504999999999995
0
LINE
8
BLACK
6
CONTINUOUS
10
140.4147339999999815
20
-98.0504999999999995
11
140.6422379999999919
21
-98.0205479999999909
0
LINE
8
BLACK
6
CONTINUOUS
10
140.6422379999999919
20
-98.0205479999999909
11
140.8638870000000054
21
-97.9611579999999975
0
LINE
8
BLACK
6
CONTINUOUS
10
140.8638870000000054
20
-97.9611579999999975
11
141.075887999999992
21
-97.8733439999999888
0
LINE
8
BLACK
6
CONTINUOUS
10
141.075887999999992
20
-97.8733439999999888
11
141.2746119999999905
21
-97.7586110000000019
0
LINE
8
BLACK
6
CONTINUOUS
10
141.2746119999999905
20
-97.7586110000000019
11
141.4566609999999969
21
-97.6189189999999911
0
LINE
8
BLACK
6
CONTINUOUS
10
141.4566609999999969
20
-97.6189189999999911
11
141.4566649999999868
21
-97.6189139999999895
0
LINE
8
BLACK
6
CONTINUOUS
10
141.4566649999999868
20
-97.6189139999999895
11
141.4566700000000026
21
-97.6189109999999971
0
LINE
8
BLACK
6
CONTINUOUS
10
141.4566700000000026
20
-97.6189109999999971
11
141.6189109999999971
21
-97.4566700000000026
0
LINE
8
BLACK
6
CONTINUOUS
10
141.6189109999999971
20
-97.4566700000000026
11
141.6189139999999895
21
-97.456665000000001
0
LINE
8
BLACK
6
CONTINUOUS
10
141.6189139999999895
20
-97.456665000000001
11
141.6189190000000053
21
-97.4566609999999969
0
LINE
8
BLACK
6
CONTINUOUS
10
141.6189190000000053
20
-97.4566609999999969
11
141.7586110000000019
21
-97.2746119999999905
0
LINE
8
BLACK
6
CONTINUOUS
10
141.7586110000000019
20
-97.2746119999999905
11
141.873344000000003
21
-97.075887999999992
0
LINE
8
BLACK
6
CONTINUOUS
10
141.873344000000003
20
-97.075887999999992
11
141.9611579999999833
21
-96.8638869999999912
0
LINE
8
BLACK
6
CONTINUOUS
10
141.9611579999999833
20
-96.8638869999999912
11
142.0205479999999909
21
-96.6422379999999919
0
LINE
8
BLACK
6
CONTINUOUS
10
142.0205479999999909
20
-96.6422379999999919
11
142.0504999999999995
21
-96.4147339999999957
0
LINE
8
BLACK
6
CONTINUOUS
10
142.0504999999999995
20
-96.4147339999999957
11
142.0504999999999995
21
-96.1852659999999986
0
LINE
8
BLACK
6
CONTINUOUS
10
142.0504999999999995
20
-96.1852659999999986
11
142.0205479999999909
21
-95.9577620000000024
0
LINE
8
BLACK
6
CONTINUOUS
10
142.0205479999999909
20
-95.9577620000000024
11
141.9611579999999833
21
-95.7361129999999889
0
LINE
8
BLACK
6
CONTINUOUS
10
141.9611579999999833
20
-95.7361129999999889
11
141.9073309999999992
21
-95.6061629999999951
0
LINE
8
BLACK
6
CONTINUOUS
10
141.9073309999999992
20
-95.6061629999999951
11
141.8733489999999904
21
-95.5241229999999888
0
LINE
8
BLACK
6
CONTINUOUS
10
141.8733489999999904
20
-95.5241229999999888
11
141.873345999999998
21
-95.5241169999999897
0
LINE
8
BLACK
6
CONTINUOUS
10
141.873345999999998
20
-95.5241169999999897
11
141.873344000000003
21
-95.5241120000000024
0
LINE
8
BLACK
6
CONTINUOUS
10
141.873344000000003
20
-95.5241120000000024
11
141.7586110000000019
21
-95.3253879999999896
0
LINE
8
BLACK
6
CONTINUOUS
10
141.7586110000000019
20
-95.3253879999999896
11
141.7398440000000051
21
-95.3009299999999939
0
LINE
8
BLACK
6
CONTINUOUS
10
141.7398440000000051
20
-95.3009299999999939
11
141.714650000000006
21
-95.235763999999989
0
LINE
8
BLACK
6
CONTINUOUS
10
141.714650000000006
20
-95.235763999999989
11
141.7286869999999794
21
-95.167318999999992
0
LINE
8
BLACK
6
CONTINUOUS
10
141.7286869999999794
20
-95.167318999999992
11
141.7775010000000009
21
-95.117328999999998
0
LINE
8
BLACK
6
CONTINUOUS
10
141.7775010000000009
20
-95.117328999999998
11
141.8382200000000068
21
-95.1014449999999982
0
LINE
8
BLACK
6
CONTINUOUS
10
141.8382200000000068
20
-95.1014449999999982
11
143.0117799999999875
21
-95.1014449999999982
0
LINE
8
BLACK
6
CONTINUOUS
10
143.0117799999999875
20
-95.1014449999999982
11
143.0788189999999815
21
-95.1211299999999937
0
LINE
8
BLACK
6
CONTINUOUS
10
143.0788189999999815
20
-95.1211299999999937
11
143.1245739999999955
21
-95.1739340000000027
0
LINE
8
BLACK
6
CONTINUOUS
10
143.1245739999999955
20
-95.1739340000000027
11
143.1345179999999857
21
-95.2430919999999901
0
LINE
8
BLACK
6
CONTINUOUS
10
143.1345179999999857
20
-95.2430919999999901
11
143.1101559999999893
21
-95.3009299999999939
0
LINE
8
BLACK
6
CONTINUOUS
10
143.1101559999999893
20
-95.3009299999999939
11
143.0983870000000024
21
-95.3162669999999963
0
LINE
8
BLACK
6
CONTINUOUS
10
143.0983870000000024
20
-95.3162669999999963
11
143.0913899999999899
21
-95.3253859999999946
0
LINE
8
BLACK
6
CONTINUOUS
10
143.0913899999999899
20
-95.3253859999999946
11
142.9766569999999888
21
-95.5241089999999957
0
LINE
8
BLACK
6
CONTINUOUS
10
142.9766569999999888
20
-95.5241089999999957
11
142.9766500000000065
21
-95.5241229999999888
0
LINE
8
BLACK
6
CONTINUOUS
10
142.9766500000000065
20
-95.5241229999999888
11
142.8888419999999826
21
-95.7361119999999914
0
LINE
8
BLACK
6
CONTINUOUS
10
142.8888419999999826
20
-95.7361119999999914
11
142.8294530000000009
21
-95.9577589999999958
0
LINE
8
BLACK
6
CONTINUOUS
10
142.8294530000000009
20
-95.9577589999999958
11
142.8294510000000059
21
-95.9577699999999965
0
LINE
8
BLACK
6
CONTINUOUS
10
142.8294510000000059
20
-95.9577699999999965
11
142.7994999999999948
21
-96.1852579999999904
0
LINE
8
BLACK
6
CONTINUOUS
10
142.7994999999999948
20
-96.1852579999999904
11
142.7994999999999948
21
-96.4147409999999923
0
LINE
8
BLACK
6
CONTINUOUS
10
142.7994999999999948
20
-96.4147409999999923
11
142.8244459999999947
21
-96.6042149999999964
0
LINE
8
BLACK
6
CONTINUOUS
10
142.8244459999999947
20
-96.6042149999999964
11
142.8294520000000034
21
-96.6422379999999919
0
LINE
8
BLACK
6
CONTINUOUS
10
142.8294520000000034
20
-96.6422379999999919
11
142.8294530000000009
21
-96.642240000000001
0
LINE
8
BLACK
6
CONTINUOUS
10
142.8294530000000009
20
-96.642240000000001
11
142.8888419999999826
21
-96.8638869999999912
0
LINE
8
BLACK
6
CONTINUOUS
10
142.8888419999999826
20
-96.8638869999999912
11
142.9766500000000065
21
-97.0758759999999938
0
LINE
8
BLACK
6
CONTINUOUS
10
142.9766500000000065
20
-97.0758759999999938
11
142.9766569999999888
21
-97.0758900000000011
0
LINE
8
BLACK
6
CONTINUOUS
10
142.9766569999999888
20
-97.0758900000000011
11
143.0913919999999848
21
-97.2746169999999921
0
LINE
8
BLACK
6
CONTINUOUS
10
143.0913919999999848
20
-97.2746169999999921
11
143.231080999999989
21
-97.4566609999999969
0
LINE
8
BLACK
6
CONTINUOUS
10
143.231080999999989
20
-97.4566609999999969
11
143.2310889999999972
21
-97.4566700000000026
0
LINE
8
BLACK
6
CONTINUOUS
10
143.2310889999999972
20
-97.4566700000000026
11
143.3933299999999917
21
-97.6189109999999971
0
LINE
8
BLACK
6
CONTINUOUS
10
143.3933299999999917
20
-97.6189109999999971
11
143.393338
21
-97.6189179999999936
0
LINE
8
BLACK
6
CONTINUOUS
10
143.393338
20
-97.6189179999999936
11
143.5753819999999905
21
-97.7586069999999978
0
LINE
8
BLACK
6
CONTINUOUS
10
143.5753819999999905
20
-97.7586069999999978
11
143.5753849999999829
21
-97.7586079999999953
0
LINE
8
BLACK
6
CONTINUOUS
10
143.5753849999999829
20
-97.7586079999999953
11
143.5753880000000038
21
-97.7586110000000019
0
LINE
8
BLACK
6
CONTINUOUS
10
143.5753880000000038
20
-97.7586110000000019
11
143.7741120000000024
21
-97.8733439999999888
0
LINE
8
BLACK
6
CONTINUOUS
10
143.7741120000000024
20
-97.8733439999999888
11
143.7741169999999897
21
-97.873345999999998
0
LINE
8
BLACK
6
CONTINUOUS
10
143.7741169999999897
20
-97.873345999999998
11
143.774123000000003
21
-97.8733489999999904
0
LINE
8
BLACK
6
CONTINUOUS
10
143.774123000000003
20
-97.8733489999999904
11
143.8654799999999909
21
-97.9111899999999906
0
LINE
8
BLACK
6
CONTINUOUS
10
143.8654799999999909
20
-97.9111899999999906
11
143.9861129999999889
21
-97.9611579999999975
0
LINE
8
BLACK
6
CONTINUOUS
10
143.9861129999999889
20
-97.9611579999999975
11
144.2077620000000024
21
-98.0205479999999909
0
LINE
8
BLACK
6
CONTINUOUS
10
144.2077620000000024
20
-98.0205479999999909
11
144.4352659999999844
21
-98.0504999999999995
0
LINE
8
BLACK
6
CONTINUOUS
10
144.4352659999999844
20
-98.0504999999999995
11
144.4352729999999951
21
-98.0504999999999995
0
LINE
8
BLACK
6
CONTINUOUS
10
144.4352729999999951
20
-98.0504999999999995
11
144.6647269999999992
21
-98.0504999999999995
0
LINE
8
BLACK
6
CONTINUOUS
10
144.6647269999999992
20
-98.0504999999999995
11
144.6647339999999815
21
-98.0504999999999995
0
LINE
8
BLACK
6
CONTINUOUS
10
144.6647339999999815
20
-98.0504999999999995
11
144.8922379999999919
21
-98.0205479999999909
0
LINE
8
BLACK
6
CONTINUOUS
10
144.8922379999999919
20
-98.0205479999999909
11
145.1138870000000054
21
-97.9611579999999975
0
LINE
8
BLACK
6
CONTINUOUS
10
145.1138870000000054
20
-97.9611579999999975
11
145.325887999999992
21
-97.8733439999999888
0
LINE
8
BLACK
6
CONTINUOUS
10
145.325887999999992
20
-97.8733439999999888
11
145.5246119999999905
21
-97.7586110000000019
0
LINE
8
BLACK
6
CONTINUOUS
10
145.5246119999999905
20
-97.7586110000000019
11
145.7066609999999969
21
-97.6189189999999911
0
LINE
8
BLACK
6
CONTINUOUS
10
145.7066609999999969
20
-97.6189189999999911
11
145.7066649999999868
21
-97.6189139999999895
0
LINE
8
BLACK
6
CONTINUOUS
10
145.7066649999999868
20
-97.6189139999999895
11
145.7066700000000026
21
-97.6189109999999971
0
LINE
8
BLACK
6
CONTINUOUS
10
145.7066700000000026
20
-97.6189109999999971
11
145.8689109999999971
21
-97.4566700000000026
0
LINE
8
BLACK
6
CONTINUOUS
10
145.8689109999999971
20
-97.4566700000000026
11
145.8689139999999895
21
-97.456665000000001
0
LINE
8
BLACK
6
CONTINUOUS
10
145.8689139999999895
20
-97.456665000000001
11
145.8689190000000053
21
-97.4566609999999969
0
LINE
8
BLACK
6
CONTINUOUS
10
145.8689190000000053
20
-97.4566609999999969
11
146.0086110000000019
21
-97.2746119999999905
0
LINE
8
BLACK
6
CONTINUOUS
10
146.0086110000000019
20
-97.2746119999999905
11
146.123344000000003
21
-97.075887999999992
0
LINE
8
BLACK
6
CONTINUOUS
10
146.123344000000003
20
-97.075887999999992
11
146.2111579999999833
21
-96.8638869999999912
0
LINE
8
BLACK
6
CONTINUOUS
10
146.2111579999999833
20
-96.8638869999999912
11
146.2705479999999909
21
-96.6422379999999919
0
LINE
8
BLACK
6
CONTINUOUS
10
146.2705479999999909
20
-96.6422379999999919
11
146.3004999999999995
21
-96.4147339999999957
0
LINE
8
BLACK
6
CONTINUOUS
10
146.3004999999999995
20
-96.4147339999999957
11
146.3004999999999995
21
-96.1852659999999986
0
LINE
8
BLACK
6
CONTINUOUS
10
146.3004999999999995
20
-96.1852659999999986
11
146.2705479999999909
21
-95.9577620000000024
0
LINE
8
BLACK
6
CONTINUOUS
10
146.2705479999999909
20
-95.9577620000000024
11
146.2436069999999972
21
-95.8572149999999965
0
LINE
8
BLACK
6
CONTINUOUS
10
146.2436069999999972
20
-95.8572149999999965
11
146.245270000000005
21
-95.7873680000000007
0
LINE
8
BLACK
6
CONTINUOUS
10
146.245270000000005
20
-95.7873680000000007
11
146.284433000000007
21
-95.7295060000000007
0
LINE
8
BLACK
6
CONTINUOUS
10
146.284433000000007
20
-95.7295060000000007
11
146.3486609999999928
21
-95.7020019999999931
0
LINE
8
BLACK
6
CONTINUOUS
10
146.3486609999999928
20
-95.7020019999999931
11
146.3674369999999954
21
-95.7016229999999979
0
LINE
8
BLACK
6
CONTINUOUS
10
146.3674369999999954
20
-95.7016229999999979
11
146.3674369999999954
21
-95.7014449999999925
0
LINE
8
BLACK
6
CONTINUOUS
10
146.3674369999999954
20
-95.7014449999999925
11
146.5770119999999963
21
-95.7014449999999925
0
LINE
8
BLACK
6
CONTINUOUS
10
146.5770119999999963
20
-95.7014449999999925
11
146.5770129999999938
21
-95.7014449999999925
0
LINE
8
BLACK
6
CONTINUOUS
10
146.5770129999999938
20
-95.7014449999999925
11
146.7791949999999872
21
-95.6694219999999973
0
LINE
8
BLACK
6
CONTINUOUS
10
146.7791949999999872
20
-95.6694219999999973
11
146.9738799999999799
21
-95.6061649999999901
0
LINE
8
BLACK
6
CONTINUOUS
10
146.9738799999999799
20
-95.6061649999999901
11
147.1562710000000038
21
-95.5132320000000021
0
LINE
8
BLACK
6
CONTINUOUS
10
147.1562710000000038
20
-95.5132320000000021
11
147.2492509999999868
21
-95.4456769999999892
0
LINE
8
BLACK
6
CONTINUOUS
10
147.2492509999999868
20
-95.4456769999999892
11
147.3218739999999798
21
-95.3929159999999996
0
LINE
8
BLACK
6
CONTINUOUS
10
147.3218739999999798
20
-95.3929159999999996
11
147.3218760000000032
21
-95.392912999999993
0
LINE
8
BLACK
6
CONTINUOUS
10
147.3218760000000032
20
-95.392912999999993
11
147.3218799999999931
21
-95.392910999999998
0
LINE
8
BLACK
6
CONTINUOUS
10
147.3218799999999931
20
-95.392910999999998
11
147.4666269999999884
21
-95.2481640000000027
0
LINE
8
BLACK
6
CONTINUOUS
10
147.4666269999999884
20
-95.2481640000000027
11
147.4666289999999833
21
-95.2481599999999986
0
LINE
8
BLACK
6
CONTINUOUS
10
147.4666289999999833
20
-95.2481599999999986
11
147.4666320000000042
21
-95.2481579999999894
0
LINE
8
BLACK
6
CONTINUOUS
10
147.4666320000000042
20
-95.2481579999999894
11
147.5427870000000041
21
-95.143338
0
LINE
8
BLACK
6
CONTINUOUS
10
147.5427870000000041
20
-95.143338
11
147.5869480000000067
21
-95.0825549999999993
0
LINE
8
BLACK
6
CONTINUOUS
10
147.5869480000000067
20
-95.0825549999999993
11
147.6798809999999946
21
-94.9001639999999895
0
LINE
8
BLACK
6
CONTINUOUS
10
147.6798809999999946
20
-94.9001639999999895
11
147.7431379999999876
21
-94.7054789999999969
0
LINE
8
BLACK
6
CONTINUOUS
10
147.7431379999999876
20
-94.7054789999999969
11
147.7751609999999971
21
-94.5032969999999892
0
LINE
8
BLACK
6
CONTINUOUS
10
147.7751609999999971
20
-94.5032969999999892
11
147.7751609999999971
21
-94.2985929999999968
0
LINE
8
BLACK
6
CONTINUOUS
10
147.7751609999999971
20
-94.2985929999999968
11
147.7431379999999876
21
-94.0964109999999891
0
LINE
8
BLACK
6
CONTINUOUS
10
147.7431379999999876
20
-94.0964109999999891
11
147.7365949999999941
21
-94.0762749999999954
0
LINE
8
BLACK
6
CONTINUOUS
10
147.7365949999999941
20
-94.0762749999999954
11
147.6798789999999997
21
-93.9017209999999949
0
LINE
8
BLACK
6
CONTINUOUS
10
147.6798789999999997
20
-93.9017209999999949
11
147.6461639999999989
21
-93.8355519999999927
0
LINE
8
BLACK
6
CONTINUOUS
10
147.6461639999999989
20
-93.8355519999999927
11
147.5869480000000067
21
-93.7193350000000009
0
LINE
8
BLACK
6
CONTINUOUS
10
147.5869480000000067
20
-93.7193350000000009
11
147.5360869999999807
21
-93.649329999999992
0
LINE
8
BLACK
6
CONTINUOUS
10
147.5360869999999807
20
-93.649329999999992
11
147.4666320000000042
21
-93.5537309999999991
0
LINE
8
BLACK
6
CONTINUOUS
10
147.4666320000000042
20
-93.5537309999999991
11
147.3218739999999798
21
-93.4089729999999889
0
LINE
8
BLACK
6
CONTINUOUS
10
147.3218739999999798
20
-93.4089729999999889
11
147.1562739999999962
21
-93.288659999999993
0
LINE
8
BLACK
6
CONTINUOUS
10
147.1562739999999962
20
-93.288659999999993
11
147.1562729999999988
21
-93.2886589999999956
0
LINE
8
BLACK
6
CONTINUOUS
10
147.1562729999999988
20
-93.2886589999999956
11
147.1562710000000038
21
-93.2886579999999981
0
LINE
8
BLACK
6
CONTINUOUS
10
147.1562710000000038
20
-93.2886579999999981
11
147.0993139999999926
21
-93.2596360000000004
0
LINE
8
BLACK
6
CONTINUOUS
10
147.0993139999999926
20
-93.2596360000000004
11
146.9738839999999982
21
-93.1957259999999934
0
LINE
8
BLACK
6
CONTINUOUS
10
146.9738839999999982
20
-93.1957259999999934
11
146.7791949999999872
21
-93.1324669999999912
0
LINE
8
BLACK
6
CONTINUOUS
10
146.7791949999999872
20
-93.1324669999999912
11
146.6046560000000056
21
-93.1048229999999961
0
LINE
8
BLACK
6
CONTINUOUS
10
146.6046560000000056
20
-93.1048229999999961
11
146.5770129999999938
21
-93.1004449999999935
0
LINE
8
BLACK
6
CONTINUOUS
10
146.5770129999999938
20
-93.1004449999999935
11
146.3723090000000013
21
-93.1004449999999935
0
LINE
8
BLACK
6
CONTINUOUS
10
146.3723090000000013
20
-93.1004449999999935
11
146.3479899999999816
21
-93.1042959999999908
0
LINE
8
BLACK
6
CONTINUOUS
10
146.3479899999999816
20
-93.1042959999999908
11
146.170125999999982
21
-93.1324669999999912
0
LINE
8
BLACK
6
CONTINUOUS
10
146.170125999999982
20
-93.1324669999999912
11
145.9754369999999994
21
-93.1957259999999934
0
LINE
8
BLACK
6
CONTINUOUS
10
145.9754369999999994
20
-93.1957259999999934
11
145.7930470000000014
21
-93.288659999999993
0
LINE
8
BLACK
6
CONTINUOUS
10
145.7930470000000014
20
-93.288659999999993
11
145.6274469999999894
21
-93.4089729999999889
0
LINE
8
BLACK
6
CONTINUOUS
10
145.6274469999999894
20
-93.4089729999999889
11
145.4826909999999884
21
-93.5537289999999899
0
LINE
8
BLACK
6
CONTINUOUS
10
145.4826909999999884
20
-93.5537289999999899
11
145.4132359999999835
21
-93.6493289999999945
0
LINE
8
BLACK
6
CONTINUOUS
10
145.4132359999999835
20
-93.6493289999999945
11
145.3579059999999856
21
-93.691995999999989
0
LINE
8
BLACK
6
CONTINUOUS
10
145.3579059999999856
20
-93.691995999999989
11
145.3129169999999988
21
-93.700445000000002
0
LINE
8
BLACK
6
CONTINUOUS
10
145.3129169999999988
20
-93.700445000000002
11
139.812657999999999
21
-93.700445000000002
0
LINE
8
BLACK
6
CONTINUOUS
10
139.812657999999999
20
-93.700445000000002
11
139.7456190000000049
21
-93.6807599999999923
0
LINE
8
BLACK
6
CONTINUOUS
10
139.7456190000000049
20
-93.6807599999999923
11
139.7123399999999833
21
-93.6493309999999894
0
LINE
8
BLACK
6
CONTINUOUS
10
139.7123399999999833
20
-93.6493309999999894
11
139.6282510000000059
21
-93.5335910000000013
0
LINE
8
BLACK
6
CONTINUOUS
10
139.6282510000000059
20
-93.5335910000000013
11
139.4835039999999822
21
-93.3888439999999918
0
LINE
8
BLACK
6
CONTINUOUS
10
139.4835039999999822
20
-93.3888439999999918
11
139.4834979999999973
21
-93.3888379999999927
0
LINE
8
BLACK
6
CONTINUOUS
10
139.4834979999999973
20
-93.3888379999999927
11
139.3178979999999854
21
-93.2685249999999968
0
LINE
8
BLACK
6
CONTINUOUS
10
139.3178979999999854
20
-93.2685249999999968
11
139.3178969999999879
21
-93.2685239999999993
0
LINE
8
BLACK
6
CONTINUOUS
10
139.3178969999999879
20
-93.2685239999999993
11
139.3178949999999929
21
-93.2685230000000018
0
LINE
8
BLACK
6
CONTINUOUS
10
139.3178949999999929
20
-93.2685230000000018
11
139.2609379999999817
21
-93.23950099999999
0
LINE
8
BLACK
6
CONTINUOUS
10
139.2609379999999817
20
-93.23950099999999
11
139.1355079999999873
21
-93.1755909999999972
0
LINE
8
BLACK
6
CONTINUOUS
10
139.1355079999999873
20
-93.1755909999999972
11
138.9408190000000047
21
-93.112331999999995
0
LINE
8
BLACK
6
CONTINUOUS
10
138.9408190000000047
20
-93.112331999999995
11
138.7662799999999947
21
-93.0846879999999999
0
LINE
8
BLACK
6
CONTINUOUS
10
138.7662799999999947
20
-93.0846879999999999
11
138.7386369999999829
21
-93.0803099999999972
0
LINE
8
BLACK
6
CONTINUOUS
10
138.7386369999999829
20
-93.0803099999999972
11
138.5339329999999904
21
-93.0803099999999972
0
LINE
8
BLACK
6
CONTINUOUS
10
138.5339329999999904
20
-93.0803099999999972
11
138.5096139999999991
21
-93.0841609999999946
0
LINE
8
BLACK
6
CONTINUOUS
10
138.5096139999999991
20
-93.0841609999999946
11
138.3317499999999995
21
-93.112331999999995
0
LINE
8
BLACK
6
CONTINUOUS
10
138.3317499999999995
20
-93.112331999999995
11
138.1370609999999886
21
-93.1755909999999972
0
LINE
8
BLACK
6
CONTINUOUS
10
138.1370609999999886
20
-93.1755909999999972
11
137.9546709999999905
21
-93.2685249999999968
0
LINE
8
BLACK
6
CONTINUOUS
10
137.9546709999999905
20
-93.2685249999999968
11
137.789071000000007
21
-93.3888379999999927
0
LINE
8
BLACK
6
CONTINUOUS
10
137.789071000000007
20
-93.3888379999999927
11
137.6443129999999826
21
-93.5335960000000028
0
LINE
8
BLACK
6
CONTINUOUS
10
137.6443129999999826
20
-93.5335960000000028
11
137.5240000000000009
21
-93.6991960000000006
0
LINE
8
BLACK
6
CONTINUOUS
10
137.5240000000000009
20
-93.6991960000000006
11
137.4310659999999871
21
-93.8815859999999986
0
LINE
8
BLACK
6
CONTINUOUS
10
137.4310659999999871
20
-93.8815859999999986
11
137.3678069999999991
21
-94.0762749999999954
0
LINE
8
BLACK
6
CONTINUOUS
10
137.3678069999999991
20
-94.0762749999999954
11
137.3357849999999871
21
-94.2784580000000005
0
LINE
8
BLACK
6
CONTINUOUS
10
137.3357849999999871
20
-94.2784580000000005
11
137.3357849999999871
21
-94.4831609999999955
0
LINE
8
BLACK
6
CONTINUOUS
10
123.0253289999999993
20
-94.5426310000000001
11
122.9892809999999912
21
-94.5575630000000018
0
LINE
8
BLACK
6
CONTINUOUS
10
122.9892809999999912
20
-94.5575630000000018
11
122.9616909999999876
21
-94.5851529999999912
0
LINE
8
BLACK
6
CONTINUOUS
10
122.9616909999999876
20
-94.5851529999999912
11
122.9467590000000001
21
-94.6212009999999992
0
LINE
8
BLACK
6
CONTINUOUS
10
122.9467590000000001
20
-94.6212009999999992
11
122.9467590000000001
21
-94.6602189999999979
0
LINE
8
BLACK
6
CONTINUOUS
10
122.9467590000000001
20
-94.6602189999999979
11
122.9616909999999876
21
-94.6962669999999918
0
LINE
8
BLACK
6
CONTINUOUS
10
122.9616909999999876
20
-94.6962669999999918
11
122.9892809999999912
21
-94.7238569999999953
0
LINE
8
BLACK
6
CONTINUOUS
10
122.9892809999999912
20
-94.7238569999999953
11
123.0253289999999993
21
-94.738788999999997
0
LINE
8
BLACK
6
CONTINUOUS
10
123.0253289999999993
20
-94.738788999999997
11
123.0448379999999986
21
-94.7407099999999929
0
LINE
8
BLACK
6
CONTINUOUS
10
123.0448379999999986
20
-94.7407099999999929
11
123.8972189999999927
21
-94.7407099999999929
0
LINE
8
BLACK
6
CONTINUOUS
10
123.8972189999999927
20
-94.7407099999999929
11
123.8972189999999927
21
-95.6835669999999965
0
LINE
8
BLACK
6
CONTINUOUS
10
123.8972189999999927
20
-95.6835669999999965
11
123.0448379999999986
21
-95.6835669999999965
0
LINE
8
BLACK
6
CONTINUOUS
10
123.0448379999999986
20
-95.6835669999999965
11
123.0253289999999993
21
-95.6854879999999923
0
LINE
8
BLACK
6
CONTINUOUS
10
123.0253289999999993
20
-95.6854879999999923
11
122.9892809999999912
21
-95.700419999999994
0
LINE
8
BLACK
6
CONTINUOUS
10
122.9892809999999912
20
-95.700419999999994
11
122.9616909999999876
21
-95.7280099999999976
0
LINE
8
BLACK
6
CONTINUOUS
10
122.9616909999999876
20
-95.7280099999999976
11
122.9467590000000001
21
-95.7640579999999915
0
LINE
8
BLACK
6
CONTINUOUS
10
122.9467590000000001
20
-95.7640579999999915
11
122.9467590000000001
21
-95.8030759999999901
0
LINE
8
BLACK
6
CONTINUOUS
10
122.9467590000000001
20
-95.8030759999999901
11
122.9616909999999876
21
-95.8391239999999982
0
LINE
8
BLACK
6
CONTINUOUS
10
122.9616909999999876
20
-95.8391239999999982
11
122.9892809999999912
21
-95.8667140000000018
0
LINE
8
BLACK
6
CONTINUOUS
10
122.9892809999999912
20
-95.8667140000000018
11
123.0253289999999993
21
-95.8816459999999893
0
LINE
8
BLACK
6
CONTINUOUS
10
123.0253289999999993
20
-95.8816459999999893
11
123.0448379999999986
21
-95.8835669999999993
0
LINE
8
BLACK
6
CONTINUOUS
10
123.0448379999999986
20
-95.8835669999999993
11
125.0448379999999986
21
-95.8835669999999993
0
LINE
8
BLACK
6
CONTINUOUS
10
125.0448379999999986
20
-95.8835669999999993
11
125.0643469999999979
21
-95.8816459999999893
0
LINE
8
BLACK
6
CONTINUOUS
10
125.0643469999999979
20
-95.8816459999999893
11
125.1003949999999918
21
-95.8667140000000018
0
LINE
8
BLACK
6
CONTINUOUS
10
125.1003949999999918
20
-95.8667140000000018
11
125.1279849999999954
21
-95.8391239999999982
0
LINE
8
BLACK
6
CONTINUOUS
10
125.1279849999999954
20
-95.8391239999999982
11
125.1429169999999971
21
-95.8030759999999901
0
LINE
8
BLACK
6
CONTINUOUS
10
125.1429169999999971
20
-95.8030759999999901
11
125.1429169999999971
21
-95.7640579999999915
0
LINE
8
BLACK
6
CONTINUOUS
10
125.1429169999999971
20
-95.7640579999999915
11
125.1279849999999954
21
-95.7280099999999976
0
LINE
8
BLACK
6
CONTINUOUS
10
125.1279849999999954
20
-95.7280099999999976
11
125.1003949999999918
21
-95.700419999999994
0
LINE
8
BLACK
6
CONTINUOUS
10
125.1003949999999918
20
-95.700419999999994
11
125.0643469999999979
21
-95.6854879999999923
0
LINE
8
BLACK
6
CONTINUOUS
10
125.0643469999999979
20
-95.6854879999999923
11
125.0448379999999986
21
-95.6835669999999965
0
LINE
8
BLACK
6
CONTINUOUS
10
125.0448379999999986
20
-95.6835669999999965
11
124.0972189999999955
21
-95.6835669999999965
0
LINE
8
BLACK
6
CONTINUOUS
10
124.0972189999999955
20
-95.6835669999999965
11
124.0972189999999955
21
-94.7407099999999929
0
LINE
8
BLACK
6
CONTINUOUS
10
124.0972189999999955
20
-94.7407099999999929
11
125.0448379999999986
21
-94.7407099999999929
0
LINE
8
BLACK
6
CONTINUOUS
10
125.0448379999999986
20
-94.7407099999999929
11
125.0643469999999979
21
-94.738788999999997
0
LINE
8
BLACK
6
CONTINUOUS
10
125.0643469999999979
20
-94.738788999999997
11
125.1003949999999918
21
-94.7238569999999953
0
LINE
8
BLACK
6
CONTINUOUS
10
125.1003949999999918
20
-94.7238569999999953
11
125.1279849999999954
21
-94.6962669999999918
0
LINE
8
BLACK
6
CONTINUOUS
10
125.1279849999999954
20
-94.6962669999999918
11
125.1429169999999971
21
-94.6602189999999979
0
LINE
8
BLACK
6
CONTINUOUS
10
125.1429169999999971
20
-94.6602189999999979
11
125.1429169999999971
21
-94.6212009999999992
0
LINE
8
BLACK
6
CONTINUOUS
10
125.1429169999999971
20
-94.6212009999999992
11
125.1279849999999954
21
-94.5851529999999912
0
LINE
8
BLACK
6
CONTINUOUS
10
125.1279849999999954
20
-94.5851529999999912
11
125.1003949999999918
21
-94.5575630000000018
0
LINE
8
BLACK
6
CONTINUOUS
10
125.1003949999999918
20
-94.5575630000000018
11
125.0643469999999979
21
-94.5426310000000001
0
LINE
8
BLACK
6
CONTINUOUS
10
125.0643469999999979
20
-94.5426310000000001
11
125.0448379999999986
21
-94.54070999999999
0
LINE
8
BLACK
6
CONTINUOUS
10
125.0448379999999986
20
-94.54070999999999
11
123.0448379999999986
21
-94.54070999999999
0
LINE
8
BLACK
6
CONTINUOUS
10
123.0448379999999986
20
-94.54070999999999
11
123.0253289999999993
21
-94.5426310000000001
0
LINE
8
BLACK
6
CONTINUOUS
10
125.8833369999999974
20
-88.5748559999999969
11
125.8833379999999948
21
-88.5748719999999992
0
LINE
8
BLACK
6
CONTINUOUS
10
125.8833379999999948
20
-88.5748719999999992
11
125.912430999999998
21
-88.7958579999999955
0
LINE
8
BLACK
6
CONTINUOUS
10
125.912430999999998
20
-88.7958579999999955
11
125.9124319999999955
21
-88.7958629999999971
0
LINE
8
BLACK
6
CONTINUOUS
10
125.9124319999999955
20
-88.7958629999999971
11
125.9124329999999929
21
-88.7958689999999962
0
LINE
8
BLACK
6
CONTINUOUS
10
125.9124329999999929
20
-88.7958689999999962
11
125.9124339999999904
21
-88.7958709999999911
0
LINE
8
BLACK
6
CONTINUOUS
10
125.9124339999999904
20
-88.7958709999999911
11
125.9701269999999909
21
-89.011185999999995
0
LINE
8
BLACK
6
CONTINUOUS
10
125.9701269999999909
20
-89.011185999999995
11
125.9701299999999975
21
-89.0111959999999982
0
LINE
8
BLACK
6
CONTINUOUS
10
125.9701299999999975
20
-89.0111959999999982
11
126.0554300000000012
21
-89.2171280000000024
0
LINE
8
BLACK
6
CONTINUOUS
10
126.0554300000000012
20
-89.2171280000000024
11
126.0554319999999962
21
-89.2171319999999923
0
LINE
8
BLACK
6
CONTINUOUS
10
126.0554319999999962
20
-89.2171319999999923
11
126.1668889999999976
21
-89.4101799999999969
0
LINE
8
BLACK
6
CONTINUOUS
10
126.1668889999999976
20
-89.4101799999999969
11
126.1668939999999992
21
-89.4101859999999959
0
LINE
8
BLACK
6
CONTINUOUS
10
126.1668939999999992
20
-89.4101859999999959
11
126.1668949999999967
21
-89.4101879999999909
0
LINE
8
BLACK
6
CONTINUOUS
10
126.1668949999999967
20
-89.4101879999999909
11
126.3025880000000001
21
-89.5870279999999894
0
LINE
8
BLACK
6
CONTINUOUS
10
126.3025880000000001
20
-89.5870279999999894
11
126.3025939999999991
21
-89.5870350000000002
0
LINE
8
BLACK
6
CONTINUOUS
10
126.3025939999999991
20
-89.5870350000000002
11
126.4602069999999969
21
-89.744647999999998
0
LINE
8
BLACK
6
CONTINUOUS
10
126.4602069999999969
20
-89.744647999999998
11
126.4602139999999935
21
-89.744653999999997
0
LINE
8
BLACK
6
CONTINUOUS
10
126.4602139999999935
20
-89.744653999999997
11
126.5312639999999931
21
-89.7991719999999987
0
LINE
8
BLACK
6
CONTINUOUS
10
126.5312639999999931
20
-89.7991719999999987
11
126.6370629999999977
21
-89.880353999999997
0
LINE
8
BLACK
6
CONTINUOUS
10
126.6370629999999977
20
-89.880353999999997
11
126.8301109999999881
21
-89.9918109999999984
0
LINE
8
BLACK
6
CONTINUOUS
10
126.8301109999999881
20
-89.9918109999999984
11
127.0360559999999879
21
-90.0771159999999895
0
LINE
8
BLACK
6
CONTINUOUS
10
127.0360559999999879
20
-90.0771159999999895
11
127.2513739999999984
21
-90.1348100000000017
0
LINE
8
BLACK
6
CONTINUOUS
10
127.2513739999999984
20
-90.1348100000000017
11
127.4723800000000011
21
-90.1639059999999972
0
LINE
8
BLACK
6
CONTINUOUS
10
127.4723800000000011
20
-90.1639059999999972
11
127.4723869999999977
21
-90.1639059999999972
0
LINE
8
BLACK
6
CONTINUOUS
10
127.4723869999999977
20
-90.1639059999999972
11
127.6952869999999933
21
-90.1639059999999972
0
LINE
8
BLACK
6
CONTINUOUS
10
127.6952869999999933
20
-90.1639059999999972
11
127.6952939999999899
21
-90.1639059999999972
0
LINE
8
BLACK
6
CONTINUOUS
10
127.6952939999999899
20
-90.1639059999999972
11
127.9162999999999926
21
-90.1348100000000017
0
LINE
8
BLACK
6
CONTINUOUS
10
127.9162999999999926
20
-90.1348100000000017
11
128.1316180000000031
21
-90.0771159999999895
0
LINE
8
BLACK
6
CONTINUOUS
10
128.1316180000000031
20
-90.0771159999999895
11
128.3375629999999887
21
-89.9918109999999984
0
LINE
8
BLACK
6
CONTINUOUS
10
128.3375629999999887
20
-89.9918109999999984
11
128.5306109999999933
21
-89.880353999999997
0
LINE
8
BLACK
6
CONTINUOUS
10
128.5306109999999933
20
-89.880353999999997
11
128.6854869999999949
21
-89.7615129999999937
0
LINE
8
BLACK
6
CONTINUOUS
10
128.6854869999999949
20
-89.7615129999999937
11
128.7506559999999922
21
-89.7363199999999921
0
LINE
8
BLACK
6
CONTINUOUS
10
128.7506559999999922
20
-89.7363199999999921
11
128.8191009999999892
21
-89.7503579999999914
0
LINE
8
BLACK
6
CONTINUOUS
10
128.8191009999999892
20
-89.7503579999999914
11
128.8690899999999999
21
-89.7991719999999987
0
LINE
8
BLACK
6
CONTINUOUS
10
128.8690899999999999
20
-89.7991719999999987
11
128.8849730000000022
21
-89.8598899999999929
0
LINE
8
BLACK
6
CONTINUOUS
10
128.8849730000000022
20
-89.8598899999999929
11
128.8849730000000022
21
-91.0719709999999907
0
LINE
8
BLACK
6
CONTINUOUS
10
128.8849730000000022
20
-91.0719709999999907
11
128.8652879999999925
21
-91.139009999999999
0
LINE
8
BLACK
6
CONTINUOUS
10
128.8652879999999925
20
-91.139009999999999
11
128.8338579999999922
21
-91.1722889999999921
0
LINE
8
BLACK
6
CONTINUOUS
10
128.8338579999999922
20
-91.1722889999999921
11
128.7386109999999917
21
-91.2414890000000014
0
LINE
8
BLACK
6
CONTINUOUS
10
128.7386109999999917
20
-91.2414890000000014
11
128.7386060000000043
21
-91.2414929999999913
0
LINE
8
BLACK
6
CONTINUOUS
10
128.7386060000000043
20
-91.2414929999999913
11
128.5938519999999983
21
-91.3862469999999973
0
LINE
8
BLACK
6
CONTINUOUS
10
128.5938519999999983
20
-91.3862469999999973
11
128.4735389999999882
21
-91.5518469999999951
0
LINE
8
BLACK
6
CONTINUOUS
10
128.4735389999999882
20
-91.5518469999999951
11
128.3806050000000027
21
-91.7342369999999931
0
LINE
8
BLACK
6
CONTINUOUS
10
128.3806050000000027
20
-91.7342369999999931
11
128.3173459999999864
21
-91.9289259999999899
0
LINE
8
BLACK
6
CONTINUOUS
10
128.3173459999999864
20
-91.9289259999999899
11
128.286674000000005
21
-92.1225869999999958
0
LINE
8
BLACK
6
CONTINUOUS
10
128.286674000000005
20
-92.1225869999999958
11
128.2853240000000028
21
-92.131108999999995
0
LINE
8
BLACK
6
CONTINUOUS
10
128.2853240000000028
20
-92.131108999999995
11
128.2853240000000028
21
-92.3358130000000017
0
LINE
8
BLACK
6
CONTINUOUS
10
128.2853240000000028
20
-92.3358130000000017
11
128.287509
21
-92.3496099999999984
0
LINE
8
BLACK
6
CONTINUOUS
10
128.287509
20
-92.3496099999999984
11
128.3173459999999864
21
-92.5379949999999951
0
LINE
8
BLACK
6
CONTINUOUS
10
128.3173459999999864
20
-92.5379949999999951
11
128.3806050000000027
21
-92.7326839999999919
0
LINE
8
BLACK
6
CONTINUOUS
10
128.3806050000000027
20
-92.7326839999999919
11
128.4735389999999882
21
-92.91507399999999
0
LINE
8
BLACK
6
CONTINUOUS
10
128.4735389999999882
20
-92.91507399999999
11
128.5938519999999983
21
-93.0806740000000019
0
LINE
8
BLACK
6
CONTINUOUS
10
128.5938519999999983
20
-93.0806740000000019
11
128.7386099999999942
21
-93.2254319999999979
0
LINE
8
BLACK
6
CONTINUOUS
10
128.7386099999999942
20
-93.2254319999999979
11
128.8256379999999979
21
-93.288659999999993
0
LINE
8
BLACK
6
CONTINUOUS
10
128.8256379999999979
20
-93.288659999999993
11
128.9042139999999961
21
-93.3457480000000004
0
LINE
8
BLACK
6
CONTINUOUS
10
128.9042139999999961
20
-93.3457480000000004
11
128.9887829999999838
21
-93.3888379999999927
0
LINE
8
BLACK
6
CONTINUOUS
10
128.9887829999999838
20
-93.3888379999999927
11
129.0866000000000042
21
-93.4386789999999934
0
LINE
8
BLACK
6
CONTINUOUS
10
129.0866000000000042
20
-93.4386789999999934
11
129.0866019999999992
21
-93.4386789999999934
0
LINE
8
BLACK
6
CONTINUOUS
10
129.0866019999999992
20
-93.4386789999999934
11
129.0866049999999916
21
-93.4386810000000025
0
LINE
8
BLACK
6
CONTINUOUS
10
129.0866049999999916
20
-93.4386810000000025
11
129.1909609999999873
21
-93.4725880000000018
0
LINE
8
BLACK
6
CONTINUOUS
10
129.1909609999999873
20
-93.4725880000000018
11
129.2812889999999868
21
-93.5019379999999956
0
LINE
8
BLACK
6
CONTINUOUS
10
129.2812889999999868
20
-93.5019379999999956
11
129.382380999999981
21
-93.5179490000000015
0
LINE
8
BLACK
6
CONTINUOUS
10
129.382380999999981
20
-93.5179490000000015
11
129.4834720000000061
21
-93.5339609999999908
0
LINE
8
BLACK
6
CONTINUOUS
10
129.4834720000000061
20
-93.5339609999999908
11
129.4834730000000036
21
-93.5339609999999908
0
LINE
8
BLACK
6
CONTINUOUS
10
129.4834730000000036
20
-93.5339609999999908
11
129.6881750000000011
21
-93.5339609999999908
0
LINE
8
BLACK
6
CONTINUOUS
10
129.6881750000000011
20
-93.5339609999999908
11
129.6881759999999986
21
-93.5339609999999908
0
LINE
8
BLACK
6
CONTINUOUS
10
129.6881759999999986
20
-93.5339609999999908
11
129.890357999999992
21
-93.5019379999999956
0
LINE
8
BLACK
6
CONTINUOUS
10
129.890357999999992
20
-93.5019379999999956
11
130.0850429999999847
21
-93.4386810000000025
0
LINE
8
BLACK
6
CONTINUOUS
10
130.0850429999999847
20
-93.4386810000000025
11
130.2674339999999802
21
-93.3457480000000004
0
LINE
8
BLACK
6
CONTINUOUS
10
130.2674339999999802
20
-93.3457480000000004
11
130.3737260000000049
21
-93.2685230000000018
0
LINE
8
BLACK
6
CONTINUOUS
10
130.3737260000000049
20
-93.2685230000000018
11
130.4330369999999846
21
-93.2254319999999979
0
LINE
8
BLACK
6
CONTINUOUS
10
130.4330369999999846
20
-93.2254319999999979
11
130.4330390000000079
21
-93.2254289999999912
0
LINE
8
BLACK
6
CONTINUOUS
10
130.4330390000000079
20
-93.2254289999999912
11
130.4330429999999978
21
-93.2254269999999963
0
LINE
8
BLACK
6
CONTINUOUS
10
130.4330429999999978
20
-93.2254269999999963
11
130.5777899999999931
21
-93.080680000000001
0
LINE
8
BLACK
6
CONTINUOUS
10
130.5777899999999931
20
-93.080680000000001
11
130.5777919999999881
21
-93.0806759999999969
0
LINE
8
BLACK
6
CONTINUOUS
10
130.5777919999999881
20
-93.0806759999999969
11
130.5777949999999805
21
-93.0806740000000019
0
LINE
8
BLACK
6
CONTINUOUS
10
130.5777949999999805
20
-93.0806740000000019
11
130.6305559999999844
21
-93.0080509999999947
0
LINE
8
BLACK
6
CONTINUOUS
10
130.6305559999999844
20
-93.0080509999999947
11
130.6981109999999831
21
-92.9150709999999975
0
LINE
8
BLACK
6
CONTINUOUS
10
130.6981109999999831
20
-92.9150709999999975
11
130.7910439999999994
21
-92.732680000000002
0
LINE
8
BLACK
6
CONTINUOUS
10
130.7910439999999994
20
-92.732680000000002
11
130.8543009999999924
21
-92.5379949999999951
0
LINE
8
BLACK
6
CONTINUOUS
10
130.8543009999999924
20
-92.5379949999999951
11
130.8863240000000019
21
-92.3358130000000017
0
LINE
8
BLACK
6
CONTINUOUS
10
130.8863240000000019
20
-92.3358130000000017
11
130.8863240000000019
21
-92.131108999999995
0
LINE
8
BLACK
6
CONTINUOUS
10
130.8863240000000019
20
-92.131108999999995
11
130.8543009999999924
21
-91.9289270000000016
0
LINE
8
BLACK
6
CONTINUOUS
10
130.8543009999999924
20
-91.9289270000000016
11
130.7910439999999994
21
-91.7342419999999947
0
LINE
8
BLACK
6
CONTINUOUS
10
130.7910439999999994
20
-91.7342419999999947
11
130.7910420000000045
21
-91.7342390000000023
0
LINE
8
BLACK
6
CONTINUOUS
10
130.7910420000000045
20
-91.7342390000000023
11
130.7910420000000045
21
-91.7342369999999931
0
LINE
8
BLACK
6
CONTINUOUS
10
130.7910420000000045
20
-91.7342369999999931
11
130.7573270000000036
21
-91.668067999999991
0
LINE
8
BLACK
6
CONTINUOUS
10
130.7573270000000036
20
-91.668067999999991
11
130.6981109999999831
21
-91.5518509999999992
0
LINE
8
BLACK
6
CONTINUOUS
10
130.6981109999999831
20
-91.5518509999999992
11
130.6699879999999894
21
-91.5131429999999995
0
LINE
8
BLACK
6
CONTINUOUS
10
130.6699879999999894
20
-91.5131429999999995
11
130.5777949999999805
21
-91.3862469999999973
0
LINE
8
BLACK
6
CONTINUOUS
10
130.5777949999999805
20
-91.3862469999999973
11
130.4330410000000029
21
-91.2414929999999913
0
LINE
8
BLACK
6
CONTINUOUS
10
130.4330410000000029
20
-91.2414929999999913
11
130.4330359999999871
21
-91.2414890000000014
0
LINE
8
BLACK
6
CONTINUOUS
10
130.4330359999999871
20
-91.2414890000000014
11
130.3370879999999943
21
-91.1717790000000008
0
LINE
8
BLACK
6
CONTINUOUS
10
130.3370879999999943
20
-91.1717790000000008
11
130.2944219999999973
21
-91.1164490000000029
0
LINE
8
BLACK
6
CONTINUOUS
10
130.2944219999999973
20
-91.1164490000000029
11
130.2859729999999843
21
-91.0714609999999993
0
LINE
8
BLACK
6
CONTINUOUS
10
130.2859729999999843
20
-91.0714609999999993
11
130.2859729999999843
21
-90.1232770000000016
0
LINE
8
BLACK
6
CONTINUOUS
10
130.2859729999999843
20
-90.1232770000000016
11
130.2859729999999843
21
-88.3574419999999918
0
LINE
8
BLACK
6
CONTINUOUS
10
130.2859729999999843
20
-88.3574419999999918
11
130.2859729999999843
21
-73.4060449999999918
0
LINE
8
BLACK
6
CONTINUOUS
10
130.2859729999999843
20
-73.4060449999999918
11
130.305657999999994
21
-73.3390059999999977
0
LINE
8
BLACK
6
CONTINUOUS
10
130.305657999999994
20
-73.3390059999999977
11
130.3222920000000045
21
-73.3183640000000025
0
LINE
8
BLACK
6
CONTINUOUS
10
130.3222920000000045
20
-73.3183640000000025
11
131.5538369999999873
21
-72.0868189999999913
0
LINE
8
BLACK
6
CONTINUOUS
10
131.5538369999999873
20
-72.0868189999999913
11
131.615160000000003
21
-72.0533339999999924
0
LINE
8
BLACK
6
CONTINUOUS
10
131.615160000000003
20
-72.0533339999999924
11
131.6415179999999907
21
-72.0504999999999995
0
LINE
8
BLACK
6
CONTINUOUS
10
131.6415179999999907
20
-72.0504999999999995
11
133.0146489999999915
21
-72.0504999999999995
0
LINE
8
BLACK
6
CONTINUOUS
10
133.0146489999999915
20
-72.0504999999999995
11
133.0816879999999855
21
-72.0701849999999951
0
LINE
8
BLACK
6
CONTINUOUS
10
133.0816879999999855
20
-72.0701849999999951
11
133.1149639999999863
21
-72.1016109999999912
0
LINE
8
BLACK
6
CONTINUOUS
10
133.1149639999999863
20
-72.1016109999999912
11
133.2317529999999977
21
-72.2623579999999919
0
LINE
8
BLACK
6
CONTINUOUS
10
133.2317529999999977
20
-72.2623579999999919
11
133.231757999999985
21
-72.2623650000000026
0
LINE
8
BLACK
6
CONTINUOUS
10
133.231757999999985
20
-72.2623650000000026
11
133.3876359999999863
21
-72.4182429999999897
0
LINE
8
BLACK
6
CONTINUOUS
10
133.3876359999999863
20
-72.4182429999999897
11
133.3876410000000021
21
-72.4182469999999938
0
LINE
8
BLACK
6
CONTINUOUS
10
133.3876410000000021
20
-72.4182469999999938
11
133.4444079999999815
21
-72.4594900000000024
0
LINE
8
BLACK
6
CONTINUOUS
10
133.4444079999999815
20
-72.4594900000000024
11
133.5659780000000012
21
-72.5478149999999999
0
LINE
8
BLACK
6
CONTINUOUS
10
133.5659780000000012
20
-72.5478149999999999
11
133.694375000000008
21
-72.613236999999998
0
LINE
8
BLACK
6
CONTINUOUS
10
133.694375000000008
20
-72.613236999999998
11
133.762393000000003
21
-72.6478949999999912
0
LINE
8
BLACK
6
CONTINUOUS
10
133.762393000000003
20
-72.6478949999999912
11
133.7623959999999954
21
-72.6478960000000029
0
LINE
8
BLACK
6
CONTINUOUS
10
133.7623959999999954
20
-72.6478960000000029
11
133.8672210000000007
21
-72.6819550000000021
0
LINE
8
BLACK
6
CONTINUOUS
10
133.8672210000000007
20
-72.6819550000000021
11
133.9720489999999984
21
-72.7160149999999987
0
LINE
8
BLACK
6
CONTINUOUS
10
133.9720489999999984
20
-72.7160149999999987
11
134.1897779999999898
21
-72.7505000000000024
0
LINE
8
BLACK
6
CONTINUOUS
10
134.1897779999999898
20
-72.7505000000000024
11
134.1897789999999873
21
-72.7505000000000024
0
LINE
8
BLACK
6
CONTINUOUS
10
134.1897789999999873
20
-72.7505000000000024
11
134.4102210000000071
21
-72.7505000000000024
0
LINE
8
BLACK
6
CONTINUOUS
10
134.4102210000000071
20
-72.7505000000000024
11
134.4102220000000045
21
-72.7505000000000024
0
LINE
8
BLACK
6
CONTINUOUS
10
134.4102220000000045
20
-72.7505000000000024
11
134.6279509999999959
21
-72.7160149999999987
0
LINE
8
BLACK
6
CONTINUOUS
10
134.6279509999999959
20
-72.7160149999999987
11
134.8376059999999939
21
-72.6478949999999912
0
LINE
8
BLACK
6
CONTINUOUS
10
134.8376059999999939
20
-72.6478949999999912
11
135.0340219999999931
21
-72.5478149999999999
0
LINE
8
BLACK
6
CONTINUOUS
10
135.0340219999999931
20
-72.5478149999999999
11
135.2123650000000055
21
-72.4182419999999922
0
LINE
8
BLACK
6
CONTINUOUS
10
135.2123650000000055
20
-72.4182419999999922
11
135.3682419999999809
21
-72.2623650000000026
0
LINE
8
BLACK
6
CONTINUOUS
10
135.3682419999999809
20
-72.2623650000000026
11
135.4978150000000028
21
-72.0840219999999903
0
LINE
8
BLACK
6
CONTINUOUS
10
135.4978150000000028
20
-72.0840219999999903
11
135.5978949999999941
21
-71.887605999999991
0
LINE
8
BLACK
6
CONTINUOUS
10
135.5978949999999941
20
-71.887605999999991
11
135.6660149999999874
21
-71.6779509999999931
0
LINE
8
BLACK
6
CONTINUOUS
10
135.6660149999999874
20
-71.6779509999999931
11
135.7005000000000052
21
-71.4602220000000017
0
LINE
8
BLACK
6
CONTINUOUS
10
135.7005000000000052
20
-71.4602220000000017
11
135.7005000000000052
21
-71.2397780000000012
0
LINE
8
BLACK
6
CONTINUOUS
10
135.7005000000000052
20
-71.2397780000000012
11
135.6660149999999874
21
-71.0220489999999955
0
LINE
8
BLACK
6
CONTINUOUS
10
135.6660149999999874
20
-71.0220489999999955
11
135.5978949999999941
21
-70.8123939999999976
0
LINE
8
BLACK
6
CONTINUOUS
10
135.5978949999999941
20
-70.8123939999999976
11
135.5978949999999941
21
-70.8123930000000001
0
LINE
8
BLACK
6
CONTINUOUS
10
135.5978949999999941
20
-70.8123930000000001
11
135.5555180000000064
21
-70.7292249999999996
0
LINE
8
BLACK
6
CONTINUOUS
10
135.5555180000000064
20
-70.7292249999999996
11
135.4978150000000028
21
-70.6159779999999984
0
LINE
8
BLACK
6
CONTINUOUS
10
135.4978150000000028
20
-70.6159779999999984
11
135.4562659999999994
21
-70.5587900000000019
0
LINE
8
BLACK
6
CONTINUOUS
10
135.4562659999999994
20
-70.5587900000000019
11
135.3682469999999967
21
-70.4376409999999993
0
LINE
8
BLACK
6
CONTINUOUS
10
135.3682469999999967
20
-70.4376409999999993
11
135.3682430000000068
21
-70.4376359999999977
0
LINE
8
BLACK
6
CONTINUOUS
10
135.3682430000000068
20
-70.4376359999999977
11
135.3180710000000033
21
-70.3874639999999943
0
LINE
8
BLACK
6
CONTINUOUS
10
135.3180710000000033
20
-70.3874639999999943
11
135.2845859999999902
21
-70.3261409999999927
0
LINE
8
BLACK
6
CONTINUOUS
10
135.2845859999999902
20
-70.3261409999999927
11
135.2895699999999977
21
-70.2564490000000035
0
LINE
8
BLACK
6
CONTINUOUS
10
135.2895699999999977
20
-70.2564490000000035
11
135.3314419999999814
21
-70.2005159999999933
0
LINE
8
BLACK
6
CONTINUOUS
10
135.3314419999999814
20
-70.2005159999999933
11
135.362419999999986
21
-70.1836009999999959
0
LINE
8
BLACK
6
CONTINUOUS
10
135.362419999999986
20
-70.1836009999999959
11
135.44232599999998
21
-70.1537979999999948
0
LINE
8
BLACK
6
CONTINUOUS
10
135.44232599999998
20
-70.1537979999999948
11
135.44232599999998
21
-70.1537969999999973
0
LINE
8
BLACK
6
CONTINUOUS
10
135.44232599999998
20
-70.1537969999999973
11
135.4423309999999958
21
-70.1537959999999998
0
LINE
8
BLACK
6
CONTINUOUS
10
135.4423309999999958
20
-70.1537959999999998
11
135.5575460000000021
21
-70.067545999999993
0
LINE
8
BLACK
6
CONTINUOUS
10
135.5575460000000021
20
-70.067545999999993
11
135.6437959999999805
21
-69.9523310000000009
0
LINE
8
BLACK
6
CONTINUOUS
10
135.6437959999999805
20
-69.9523310000000009
11
135.694090999999986
21
-69.8174829999999957
0
LINE
8
BLACK
6
CONTINUOUS
10
135.694090999999986
20
-69.8174829999999957
11
135.7005000000000052
21
-69.7578730000000036
0
LINE
8
BLACK
6
CONTINUOUS
10
135.7005000000000052
20
-69.7578730000000036
11
135.7004990000000078
21
-67.862134999999995
0
LINE
8
BLACK
6
CONTINUOUS
10
135.7004990000000078
20
-67.862134999999995
11
135.7004990000000078
21
-67.8621279999999985
0
LINE
8
BLACK
6
CONTINUOUS
10
135.7004990000000078
20
-67.8621279999999985
11
135.694090999999986
21
-67.8025169999999946
0
LINE
8
BLACK
6
CONTINUOUS
10
135.694090999999986
20
-67.8025169999999946
11
135.6437959999999805
21
-67.6676690000000036
0
LINE
8
BLACK
6
CONTINUOUS
10
135.6437959999999805
20
-67.6676690000000036
11
135.643794999999983
21
-67.6676679999999919
0
LINE
8
BLACK
6
CONTINUOUS
10
135.643794999999983
20
-67.6676679999999919
11
135.6437929999999881
21
-67.667664000000002
0
LINE
8
BLACK
6
CONTINUOUS
10
135.6437929999999881
20
-67.667664000000002
11
135.5575469999999996
21
-67.5524549999999948
0
LINE
8
BLACK
6
CONTINUOUS
10
135.5575469999999996
20
-67.5524549999999948
11
135.5575440000000071
21
-67.5524520000000024
0
LINE
8
BLACK
6
CONTINUOUS
10
135.5575440000000071
20
-67.5524520000000024
11
135.4423349999999857
21
-67.4662059999999997
0
LINE
8
BLACK
6
CONTINUOUS
10
135.4423349999999857
20
-67.4662059999999997
11
135.4423280000000034
21
-67.4662019999999956
0
LINE
8
BLACK
6
CONTINUOUS
10
135.4423280000000034
20
-67.4662019999999956
11
135.3074819999999931
21
-67.4159080000000017
0
LINE
8
BLACK
6
CONTINUOUS
10
135.3074819999999931
20
-67.4159080000000017
11
135.3074829999999906
21
-67.4159080000000017
0
LINE
8
BLACK
6
CONTINUOUS
10
135.3074829999999906
20
-67.4159080000000017
11
135.2478830000000016
21
-67.4095009999999917
0
LINE
8
BLACK
6
CONTINUOUS
10
135.2478830000000016
20
-67.4095009999999917
11
135.2478810000000067
21
-67.4094999999999942
0
LINE
8
BLACK
6
CONTINUOUS
10
135.2478810000000067
20
-67.4094999999999942
11
135.2478729999999985
21
-67.4094999999999942
0
LINE
8
BLACK
6
CONTINUOUS
10
135.2478729999999985
20
-67.4094999999999942
11
135.2478639999999928
21
-67.4094999999999942
0
LINE
8
BLACK
6
CONTINUOUS
10
135.2478639999999928
20
-67.4094999999999942
11
133.3521289999999908
21
-67.4094999999999942
0
LINE
8
BLACK
6
CONTINUOUS
10
133.3521289999999908
20
-67.4094999999999942
11
133.352123000000006
21
-67.4095009999999917
0
LINE
8
BLACK
6
CONTINUOUS
10
133.352123000000006
20
-67.4095009999999917
11
133.2925160000000062
21
-67.4159080000000017
0
LINE
8
BLACK
6
CONTINUOUS
10
133.2925160000000062
20
-67.4159080000000017
11
133.1576709999999935
21
-67.4662019999999956
0
LINE
8
BLACK
6
CONTINUOUS
10
133.1576709999999935
20
-67.4662019999999956
11
133.1576639999999827
21
-67.4662059999999997
0
LINE
8
BLACK
6
CONTINUOUS
10
133.1576639999999827
20
-67.4662059999999997
11
133.0424549999999897
21
-67.5524520000000024
0
LINE
8
BLACK
6
CONTINUOUS
10
133.0424549999999897
20
-67.5524520000000024
11
133.0424519999999973
21
-67.5524549999999948
0
LINE
8
BLACK
6
CONTINUOUS
10
133.0424519999999973
20
-67.5524549999999948
11
132.9562059999999803
21
-67.667664000000002
0
LINE
8
BLACK
6
CONTINUOUS
10
132.9562059999999803
20
-67.667664000000002
11
132.9562019999999904
21
-67.6676709999999986
0
LINE
8
BLACK
6
CONTINUOUS
10
132.9562019999999904
20
-67.6676709999999986
11
132.9059079999999824
21
-67.8025169999999946
0
LINE
8
BLACK
6
CONTINUOUS
10
132.9059079999999824
20
-67.8025169999999946
11
132.8995009999999866
21
-67.8621160000000003
0
LINE
8
BLACK
6
CONTINUOUS
10
132.8995009999999866
20
-67.8621160000000003
11
132.8995009999999866
21
-67.8621229999999969
0
LINE
8
BLACK
6
CONTINUOUS
10
132.8995009999999866
20
-67.8621229999999969
11
132.8994999999999891
21
-67.862134999999995
0
LINE
8
BLACK
6
CONTINUOUS
10
132.8994999999999891
20
-67.862134999999995
11
132.8994999999999891
21
-69.7578699999999969
0
LINE
8
BLACK
6
CONTINUOUS
10
132.8994999999999891
20
-69.7578699999999969
11
132.8995009999999866
21
-69.757875999999996
0
LINE
8
BLACK
6
CONTINUOUS
10
132.8995009999999866
20
-69.757875999999996
11
132.9059079999999824
21
-69.8174829999999957
0
LINE
8
BLACK
6
CONTINUOUS
10
132.9059079999999824
20
-69.8174829999999957
11
132.9562019999999904
21
-69.9523279999999943
0
LINE
8
BLACK
6
CONTINUOUS
10
132.9562019999999904
20
-69.9523279999999943
11
132.9562059999999803
21
-69.9523349999999908
0
LINE
8
BLACK
6
CONTINUOUS
10
132.9562059999999803
20
-69.9523349999999908
11
133.0424519999999973
21
-70.0675439999999981
0
LINE
8
BLACK
6
CONTINUOUS
10
133.0424519999999973
20
-70.0675439999999981
11
133.0424549999999897
21
-70.0675469999999905
0
LINE
8
BLACK
6
CONTINUOUS
10
133.0424549999999897
20
-70.0675469999999905
11
133.1576639999999827
21
-70.1537929999999932
0
LINE
8
BLACK
6
CONTINUOUS
10
133.1576639999999827
20
-70.1537929999999932
11
133.1576709999999935
21
-70.1537969999999973
0
LINE
8
BLACK
6
CONTINUOUS
10
133.1576709999999935
20
-70.1537969999999973
11
133.2375799999999799
21
-70.1836009999999959
0
LINE
8
BLACK
6
CONTINUOUS
10
133.2375799999999799
20
-70.1836009999999959
11
133.2935139999999876
21
-70.2254719999999963
0
LINE
8
BLACK
6
CONTINUOUS
10
133.2935139999999876
20
-70.2254719999999963
11
133.3179309999999873
21
-70.2909360000000021
0
LINE
8
BLACK
6
CONTINUOUS
10
133.3179309999999873
20
-70.2909360000000021
11
133.3030799999999942
21
-70.3592089999999928
0
LINE
8
BLACK
6
CONTINUOUS
10
133.3030799999999942
20
-70.3592089999999928
11
133.281928999999991
21
-70.3874629999999968
0
LINE
8
BLACK
6
CONTINUOUS
10
133.281928999999991
20
-70.3874629999999968
11
133.231757999999985
21
-70.4376340000000027
0
LINE
8
BLACK
6
CONTINUOUS
10
133.231757999999985
20
-70.4376340000000027
11
133.1829970000000003
21
-70.5047469999999947
0
LINE
8
BLACK
6
CONTINUOUS
10
133.1829970000000003
20
-70.5047469999999947
11
133.1149649999999838
21
-70.5983859999999908
0
LINE
8
BLACK
6
CONTINUOUS
10
133.1149649999999838
20
-70.5983859999999908
11
133.0596380000000067
21
-70.6410509999999903
0
LINE
8
BLACK
6
CONTINUOUS
10
133.0596380000000067
20
-70.6410509999999903
11
133.0146489999999915
21
-70.6495000000000033
0
LINE
8
BLACK
6
CONTINUOUS
10
133.0146489999999915
20
-70.6495000000000033
11
131.231002999999987
21
-70.6495000000000033
0
LINE
8
BLACK
6
CONTINUOUS
10
131.231002999999987
20
-70.6495000000000033
11
131.1345340000000022
21
-70.6686890000000005
0
LINE
8
BLACK
6
CONTINUOUS
10
131.1345340000000022
20
-70.6686890000000005
11
131.1345320000000072
21
-70.6686890000000005
0
LINE
8
BLACK
6
CONTINUOUS
10
131.1345320000000072
20
-70.6686890000000005
11
131.1225909999999999
21
-70.6710649999999987
0
LINE
8
BLACK
6
CONTINUOUS
10
131.1225909999999999
20
-70.6710649999999987
11
131.0956709999999816
21
-70.6764199999999931
0
LINE
8
BLACK
6
CONTINUOUS
10
131.0956709999999816
20
-70.6764199999999931
11
131.0428660000000036
21
-70.698291999999995
0
LINE
8
BLACK
6
CONTINUOUS
10
131.0428660000000036
20
-70.698291999999995
11
130.9681889999999953
21
-70.7292249999999996
0
LINE
8
BLACK
6
CONTINUOUS
10
130.9681889999999953
20
-70.7292249999999996
11
130.9459400000000073
21
-70.7440919999999949
0
LINE
8
BLACK
6
CONTINUOUS
10
130.9459400000000073
20
-70.7440919999999949
11
130.9357599999999877
21
-70.7508929999999907
0
LINE
8
BLACK
6
CONTINUOUS
10
130.9357599999999877
20
-70.7508929999999907
11
130.9357550000000003
21
-70.7508959999999973
0
LINE
8
BLACK
6
CONTINUOUS
10
130.9357550000000003
20
-70.7508959999999973
11
130.8534559999999942
21
-70.805886000000001
0
LINE
8
BLACK
6
CONTINUOUS
10
130.8534559999999942
20
-70.805886000000001
11
129.1210169999999948
21
-72.5383250000000004
0
LINE
8
BLACK
6
CONTINUOUS
10
129.1210169999999948
20
-72.5383250000000004
11
129.0596940000000075
21
-72.5718099999999993
0
LINE
8
BLACK
6
CONTINUOUS
10
129.0596940000000075
20
-72.5718099999999993
11
128.990002000000004
21
-72.5668259999999918
0
LINE
8
BLACK
6
CONTINUOUS
10
128.990002000000004
20
-72.5668259999999918
11
128.9340689999999938
21
-72.5249539999999939
0
LINE
8
BLACK
6
CONTINUOUS
10
128.9340689999999938
20
-72.5249539999999939
11
128.9096519999999941
21
-72.4594900000000024
0
LINE
8
BLACK
6
CONTINUOUS
10
128.9096519999999941
20
-72.4594900000000024
11
128.9093359999999961
21
-72.4506439999999969
0
LINE
8
BLACK
6
CONTINUOUS
10
128.9093359999999961
20
-72.4506439999999969
11
128.9093359999999961
21
-71.9829139999999938
0
LINE
8
BLACK
6
CONTINUOUS
10
128.9093359999999961
20
-71.9829139999999938
11
128.9093349999999987
21
-71.9829079999999948
0
LINE
8
BLACK
6
CONTINUOUS
10
128.9093349999999987
20
-71.9829079999999948
11
128.9093340000000012
21
-71.9829009999999982
0
LINE
8
BLACK
6
CONTINUOUS
10
128.9093340000000012
20
-71.9829009999999982
11
128.9029280000000028
21
-71.9233019999999925
0
LINE
8
BLACK
6
CONTINUOUS
10
128.9029280000000028
20
-71.9233019999999925
11
128.8896139999999946
21
-71.887605999999991
0
LINE
8
BLACK
6
CONTINUOUS
10
128.8896139999999946
20
-71.887605999999991
11
128.8526339999999948
21
-71.7884559999999965
0
LINE
8
BLACK
6
CONTINUOUS
10
128.8526339999999948
20
-71.7884559999999965
11
128.8526300000000049
21
-71.788449
0
LINE
8
BLACK
6
CONTINUOUS
10
128.8526300000000049
20
-71.788449
11
128.766383999999988
21
-71.6732399999999927
0
LINE
8
BLACK
6
CONTINUOUS
10
128.766383999999988
20
-71.6732399999999927
11
128.7663809999999955
21
-71.6732370000000003
0
LINE
8
BLACK
6
CONTINUOUS
10
128.7663809999999955
20
-71.6732370000000003
11
128.6511720000000025
21
-71.5869909999999976
0
LINE
8
BLACK
6
CONTINUOUS
10
128.6511720000000025
20
-71.5869909999999976
11
128.6511649999999918
21
-71.5869869999999935
0
LINE
8
BLACK
6
CONTINUOUS
10
128.6511649999999918
20
-71.5869869999999935
11
128.5163189999999815
21
-71.5366929999999996
0
LINE
8
BLACK
6
CONTINUOUS
10
128.5163189999999815
20
-71.5366929999999996
11
128.5163200000000074
21
-71.5366929999999996
0
LINE
8
BLACK
6
CONTINUOUS
10
128.5163200000000074
20
-71.5366929999999996
11
128.45671999999999
21
-71.5302860000000038
0
LINE
8
BLACK
6
CONTINUOUS
10
128.45671999999999
20
-71.5302860000000038
11
128.4567179999999951
21
-71.5302849999999921
0
LINE
8
BLACK
6
CONTINUOUS
10
128.4567179999999951
20
-71.5302849999999921
11
128.4567099999999868
21
-71.5302849999999921
0
LINE
8
BLACK
6
CONTINUOUS
10
128.4567099999999868
20
-71.5302849999999921
11
128.4567009999999811
21
-71.5302849999999921
0
LINE
8
BLACK
6
CONTINUOUS
10
128.4567009999999811
20
-71.5302849999999921
11
126.3609659999999906
21
-71.5302849999999921
0
LINE
8
BLACK
6
CONTINUOUS
10
126.3609659999999906
20
-71.5302849999999921
11
126.3609599999999915
21
-71.5302860000000038
0
LINE
8
BLACK
6
CONTINUOUS
10
126.3609599999999915
20
-71.5302860000000038
11
126.3013529999999918
21
-71.5366929999999996
0
LINE
8
BLACK
6
CONTINUOUS
10
126.3013529999999918
20
-71.5366929999999996
11
126.1665079999999932
21
-71.5869869999999935
0
LINE
8
BLACK
6
CONTINUOUS
10
126.1665079999999932
20
-71.5869869999999935
11
126.1665009999999967
21
-71.5869909999999976
0
LINE
8
BLACK
6
CONTINUOUS
10
126.1665009999999967
20
-71.5869909999999976
11
126.0512919999999895
21
-71.6732370000000003
0
LINE
8
BLACK
6
CONTINUOUS
10
126.0512919999999895
20
-71.6732370000000003
11
126.051288999999997
21
-71.6732399999999927
0
LINE
8
BLACK
6
CONTINUOUS
10
126.051288999999997
20
-71.6732399999999927
11
125.9650429999999943
21
-71.788449
0
LINE
8
BLACK
6
CONTINUOUS
10
125.9650429999999943
20
-71.788449
11
125.9650389999999902
21
-71.7884559999999965
0
LINE
8
BLACK
6
CONTINUOUS
10
125.9650389999999902
20
-71.7884559999999965
11
125.9147449999999964
21
-71.9233019999999925
0
LINE
8
BLACK
6
CONTINUOUS
10
125.9147449999999964
20
-71.9233019999999925
11
125.9083380000000005
21
-71.9829009999999982
0
LINE
8
BLACK
6
CONTINUOUS
10
125.9083380000000005
20
-71.9829009999999982
11
125.9083380000000005
21
-71.9829079999999948
0
LINE
8
BLACK
6
CONTINUOUS
10
125.9083380000000005
20
-71.9829079999999948
11
125.9083369999999888
21
-71.9829199999999929
0
LINE
8
BLACK
6
CONTINUOUS
10
125.9083369999999888
20
-71.9829199999999929
11
125.9083369999999888
21
-74.0786549999999977
0
LINE
8
BLACK
6
CONTINUOUS
10
125.9083369999999888
20
-74.0786549999999977
11
125.9083380000000005
21
-74.0786609999999968
0
LINE
8
BLACK
6
CONTINUOUS
10
125.9083380000000005
20
-74.0786609999999968
11
125.9147449999999964
21
-74.1382679999999965
0
LINE
8
BLACK
6
CONTINUOUS
10
125.9147449999999964
20
-74.1382679999999965
11
125.9650389999999902
21
-74.2731129999999951
0
LINE
8
BLACK
6
CONTINUOUS
10
125.9650389999999902
20
-74.2731129999999951
11
125.9650429999999943
21
-74.2731199999999916
0
LINE
8
BLACK
6
CONTINUOUS
10
125.9650429999999943
20
-74.2731199999999916
11
126.051288999999997
21
-74.3883289999999988
0
LINE
8
BLACK
6
CONTINUOUS
10
126.051288999999997
20
-74.3883289999999988
11
126.0512919999999895
21
-74.3883319999999912
0
LINE
8
BLACK
6
CONTINUOUS
10
126.0512919999999895
20
-74.3883319999999912
11
126.1665009999999967
21
-74.4745779999999939
0
LINE
8
BLACK
6
CONTINUOUS
10
126.1665009999999967
20
-74.4745779999999939
11
126.1665039999999891
21
-74.4745800000000031
0
LINE
8
BLACK
6
CONTINUOUS
10
126.1665039999999891
20
-74.4745800000000031
11
126.1665050000000008
21
-74.4745800000000031
0
LINE
8
BLACK
6
CONTINUOUS
10
126.1665050000000008
20
-74.4745800000000031
11
126.1665059999999983
21
-74.4745810000000006
0
LINE
8
BLACK
6
CONTINUOUS
10
126.1665059999999983
20
-74.4745810000000006
11
126.1973029999999909
21
-74.4860669999999914
0
LINE
8
BLACK
6
CONTINUOUS
10
126.1973029999999909
20
-74.4860669999999914
11
126.2532349999999894
21
-74.5279369999999943
0
LINE
8
BLACK
6
CONTINUOUS
10
126.2532349999999894
20
-74.5279369999999943
11
126.2776530000000008
21
-74.5934010000000001
0
LINE
8
BLACK
6
CONTINUOUS
10
126.2776530000000008
20
-74.5934010000000001
11
126.2628019999999935
21
-74.6616739999999908
0
LINE
8
BLACK
6
CONTINUOUS
10
126.2628019999999935
20
-74.6616739999999908
11
126.2542869999999908
21
-74.6751339999999999
0
LINE
8
BLACK
6
CONTINUOUS
10
126.2542869999999908
20
-74.6751339999999999
11
126.1597079999999949
21
-74.8053110000000032
0
LINE
8
BLACK
6
CONTINUOUS
10
126.1597079999999949
20
-74.8053110000000032
11
126.0553369999999944
21
-75.0101499999999959
0
LINE
8
BLACK
6
CONTINUOUS
10
126.0553369999999944
20
-75.0101499999999959
11
125.9842999999999904
21
-75.228779000000003
0
LINE
8
BLACK
6
CONTINUOUS
10
125.9842999999999904
20
-75.228779000000003
11
125.9842999999999904
21
-75.2287819999999954
0
LINE
8
BLACK
6
CONTINUOUS
10
125.9842999999999904
20
-75.2287819999999954
11
125.9483369999999951
21
-75.4558409999999924
0
LINE
8
BLACK
6
CONTINUOUS
10
125.9483369999999951
20
-75.4558409999999924
11
125.9483369999999951
21
-75.6857279999999975
0
LINE
8
BLACK
6
CONTINUOUS
10
125.9483369999999951
20
-75.6857279999999975
11
125.9842999999999904
21
-75.9127869999999945
0
LINE
8
BLACK
6
CONTINUOUS
10
125.9842999999999904
20
-75.9127869999999945
11
125.9842999999999904
21
-75.9127900000000011
0
LINE
8
BLACK
6
CONTINUOUS
10
125.9842999999999904
20
-75.9127900000000011
11
126.0553369999999944
21
-76.131418999999994
0
LINE
8
BLACK
6
CONTINUOUS
10
126.0553369999999944
20
-76.131418999999994
11
126.0603509999999972
21
-76.1412589999999909
0
LINE
8
BLACK
6
CONTINUOUS
10
126.0603509999999972
20
-76.1412589999999909
11
126.1360819999999876
21
-76.2898899999999998
0
LINE
8
BLACK
6
CONTINUOUS
10
126.1360819999999876
20
-76.2898899999999998
11
126.1597079999999949
21
-76.3362570000000034
0
LINE
8
BLACK
6
CONTINUOUS
10
126.1597079999999949
20
-76.3362570000000034
11
126.2948239999999913
21
-76.5222299999999933
0
LINE
8
BLACK
6
CONTINUOUS
10
126.2948239999999913
20
-76.5222299999999933
11
126.2948279999999954
21
-76.5222349999999949
0
LINE
8
BLACK
6
CONTINUOUS
10
126.2948279999999954
20
-76.5222349999999949
11
126.4573859999999996
21
-76.6847929999999991
0
LINE
8
BLACK
6
CONTINUOUS
10
126.4573859999999996
20
-76.6847929999999991
11
126.4573910000000012
21
-76.6847970000000032
0
LINE
8
BLACK
6
CONTINUOUS
10
126.4573910000000012
20
-76.6847970000000032
11
126.5684649999999891
21
-76.7654969999999963
0
LINE
8
BLACK
6
CONTINUOUS
10
126.5684649999999891
20
-76.7654969999999963
11
126.6111310000000003
21
-76.8208269999999942
0
LINE
8
BLACK
6
CONTINUOUS
10
126.6111310000000003
20
-76.8208269999999942
11
126.6171099999999967
21
-76.8904399999999981
0
LINE
8
BLACK
6
CONTINUOUS
10
126.6171099999999967
20
-76.8904399999999981
11
126.5985629999999986
21
-76.9255899999999997
0
LINE
8
BLACK
6
CONTINUOUS
10
126.5985629999999986
20
-76.9255899999999997
11
126.5970039999999983
21
-76.9453999999999922
0
LINE
8
BLACK
6
CONTINUOUS
10
126.5970039999999983
20
-76.9453999999999922
11
126.9606859999999955
21
-77.3090819999999894
0
LINE
8
BLACK
6
CONTINUOUS
10
126.9606859999999955
20
-77.3090819999999894
11
126.9751519999999942
21
-77.2994169999999912
0
LINE
8
BLACK
6
CONTINUOUS
10
126.9751519999999942
20
-77.2994169999999912
11
127.1417749999999955
21
-77.230400000000003
0
LINE
8
BLACK
6
CONTINUOUS
10
127.1417749999999955
20
-77.230400000000003
11
127.3186609999999916
21
-77.1952149999999904
0
LINE
8
BLACK
6
CONTINUOUS
10
127.3186609999999916
20
-77.1952149999999904
11
127.4990129999999908
21
-77.1952149999999904
0
LINE
8
BLACK
6
CONTINUOUS
10
127.4990129999999908
20
-77.1952149999999904
11
127.6758990000000011
21
-77.230400000000003
0
LINE
8
BLACK
6
CONTINUOUS
10
127.6758990000000011
20
-77.230400000000003
11
127.8425219999999882
21
-77.2994169999999912
0
LINE
8
BLACK
6
CONTINUOUS
10
127.8425219999999882
20
-77.2994169999999912
11
127.8569849999999946
21
-77.3090809999999919
0
LINE
8
BLACK
6
CONTINUOUS
10
127.8569849999999946
20
-77.3090809999999919
11
128.2206689999999867
21
-76.9453989999999948
0
LINE
8
BLACK
6
CONTINUOUS
10
128.2206689999999867
20
-76.9453989999999948
11
128.2192420000000084
21
-76.927273999999997
0
LINE
8
BLACK
6
CONTINUOUS
10
128.2192420000000084
20
-76.927273999999997
11
128.2065409999999872
21
-76.9108030000000014
0
LINE
8
BLACK
6
CONTINUOUS
10
128.2065409999999872
20
-76.9108030000000014
11
128.2005619999999908
21
-76.8411899999999974
0
LINE
8
BLACK
6
CONTINUOUS
10
128.2005619999999908
20
-76.8411899999999974
11
128.2331669999999804
21
-76.7793949999999938
0
LINE
8
BLACK
6
CONTINUOUS
10
128.2331669999999804
20
-76.7793949999999938
11
128.2492019999999968
21
-76.765500000000003
0
LINE
8
BLACK
6
CONTINUOUS
10
128.2492019999999968
20
-76.765500000000003
11
128.3602889999999945
21
-76.6847920000000016
0
LINE
8
BLACK
6
CONTINUOUS
10
128.3602889999999945
20
-76.6847920000000016
11
128.5228439999999921
21
-76.5222369999999898
0
LINE
8
BLACK
6
CONTINUOUS
10
128.5228439999999921
20
-76.5222369999999898
11
128.522845999999987
21
-76.5222329999999999
0
LINE
8
BLACK
6
CONTINUOUS
10
128.522845999999987
20
-76.5222329999999999
11
128.5228490000000079
21
-76.5222309999999908
0
LINE
8
BLACK
6
CONTINUOUS
10
128.5228490000000079
20
-76.5222309999999908
11
128.6606549999999913
21
-76.3325559999999967
0
LINE
8
BLACK
6
CONTINUOUS
10
128.6606549999999913
20
-76.3325559999999967
11
128.7159839999999917
21
-76.2898899999999998
0
LINE
8
BLACK
6
CONTINUOUS
10
128.7159839999999917
20
-76.2898899999999998
11
128.7855979999999931
21
-76.2839110000000034
0
LINE
8
BLACK
6
CONTINUOUS
10
128.7855979999999931
20
-76.2839110000000034
11
128.8473929999999825
21
-76.3165159999999929
0
LINE
8
BLACK
6
CONTINUOUS
10
128.8473929999999825
20
-76.3165159999999929
11
128.8817499999999825
21
-76.3773549999999943
0
LINE
8
BLACK
6
CONTINUOUS
10
128.8817499999999825
20
-76.3773549999999943
11
128.8849730000000022
21
-76.4054409999999962
0
LINE
8
BLACK
6
CONTINUOUS
10
128.8849730000000022
20
-76.4054409999999962
11
128.8849730000000022
21
-77.3635479999999944
0
LINE
8
BLACK
6
CONTINUOUS
10
128.8849730000000022
20
-77.3635479999999944
11
128.8652879999999925
21
-77.4305870000000027
0
LINE
8
BLACK
6
CONTINUOUS
10
128.8652879999999925
20
-77.4305870000000027
11
128.8124839999999836
21
-77.4763420000000025
0
LINE
8
BLACK
6
CONTINUOUS
10
128.8124839999999836
20
-77.4763420000000025
11
128.7433259999999962
21
-77.4862859999999927
0
LINE
8
BLACK
6
CONTINUOUS
10
128.7433259999999962
20
-77.4862859999999927
11
128.6797699999999907
21
-77.4572610000000026
0
LINE
8
BLACK
6
CONTINUOUS
10
128.6797699999999907
20
-77.4572610000000026
11
128.6504889999999932
21
-77.4198430000000002
0
LINE
8
BLACK
6
CONTINUOUS
10
128.6504889999999932
20
-77.4198430000000002
11
128.6233330000000024
21
-77.3665469999999971
0
LINE
8
BLACK
6
CONTINUOUS
10
128.6233330000000024
20
-77.3665469999999971
11
128.5742209999999943
21
-77.2989519999999999
0
LINE
8
BLACK
6
CONTINUOUS
10
128.5742209999999943
20
-77.2989519999999999
11
128.5742209999999943
21
-77.2989510000000024
0
LINE
8
BLACK
6
CONTINUOUS
10
128.5742209999999943
20
-77.2989510000000024
11
128.2105379999999855
21
-77.6626329999999996
0
LINE
8
BLACK
6
CONTINUOUS
10
128.2105379999999855
20
-77.6626329999999996
11
128.2202049999999929
21
-77.6770999999999958
0
LINE
8
BLACK
6
CONTINUOUS
10
128.2202049999999929
20
-77.6770999999999958
11
128.2892219999999952
21
-77.8437229999999971
0
LINE
8
BLACK
6
CONTINUOUS
10
128.2892219999999952
20
-77.8437229999999971
11
128.3244070000000079
21
-78.0206089999999932
0
LINE
8
BLACK
6
CONTINUOUS
10
128.3244070000000079
20
-78.0206089999999932
11
128.3244070000000079
21
-78.2009609999999924
0
LINE
8
BLACK
6
CONTINUOUS
10
128.3244070000000079
20
-78.2009609999999924
11
128.2892219999999952
21
-78.3778470000000027
0
LINE
8
BLACK
6
CONTINUOUS
10
128.2892219999999952
20
-78.3778470000000027
11
128.2202049999999929
21
-78.5444699999999898
0
LINE
8
BLACK
6
CONTINUOUS
10
128.2202049999999929
20
-78.5444699999999898
11
128.2105389999999829
21
-78.5589349999999911
0
LINE
8
BLACK
6
CONTINUOUS
10
128.2105389999999829
20
-78.5589349999999911
11
128.5742209999999943
21
-78.9226170000000025
0
LINE
8
BLACK
6
CONTINUOUS
10
128.5742209999999943
20
-78.9226170000000025
11
128.5742209999999943
21
-78.9226159999999908
0
LINE
8
BLACK
6
CONTINUOUS
10
128.5742209999999943
20
-78.9226159999999908
11
128.6233299999999815
21
-78.8550259999999952
0
LINE
8
BLACK
6
CONTINUOUS
10
128.6233299999999815
20
-78.8550259999999952
11
128.6504879999999957
21
-78.8017260000000022
0
LINE
8
BLACK
6
CONTINUOUS
10
128.6504879999999957
20
-78.8017260000000022
11
128.6984620000000064
21
-78.7509299999999968
0
LINE
8
BLACK
6
CONTINUOUS
10
128.6984620000000064
20
-78.7509299999999968
11
128.7662829999999872
21
-78.7341349999999949
0
LINE
8
BLACK
6
CONTINUOUS
10
128.7662829999999872
20
-78.7341349999999949
11
128.8324179999999899
21
-78.7566719999999947
0
LINE
8
BLACK
6
CONTINUOUS
10
128.8324179999999899
20
-78.7566719999999947
11
128.8758699999999919
21
-78.8113869999999963
0
LINE
8
BLACK
6
CONTINUOUS
10
128.8758699999999919
20
-78.8113869999999963
11
128.8849730000000022
21
-78.8580209999999937
0
LINE
8
BLACK
6
CONTINUOUS
10
128.8849730000000022
20
-78.8580209999999937
11
128.8849730000000022
21
-79.2629489999999919
0
LINE
8
BLACK
6
CONTINUOUS
10
128.8849730000000022
20
-79.2629489999999919
11
128.8652879999999925
21
-79.3299880000000002
0
LINE
8
BLACK
6
CONTINUOUS
10
128.8652879999999925
20
-79.3299880000000002
11
128.8124839999999836
21
-79.3757429999999999
0
LINE
8
BLACK
6
CONTINUOUS
10
128.8124839999999836
20
-79.3757429999999999
11
128.7433259999999962
21
-79.3856869999999901
0
LINE
8
BLACK
6
CONTINUOUS
10
128.7433259999999962
20
-79.3856869999999901
11
128.7176409999999862
21
-79.3791319999999985
0
LINE
8
BLACK
6
CONTINUOUS
10
128.7176409999999862
20
-79.3791319999999985
11
128.691316999999998
21
-79.3693140000000028
0
LINE
8
BLACK
6
CONTINUOUS
10
128.691316999999998
20
-79.3693140000000028
11
128.6317200000000014
21
-79.3629069999999928
0
LINE
8
BLACK
6
CONTINUOUS
10
128.6317200000000014
20
-79.3629069999999928
11
128.6317180000000064
21
-79.3629059999999953
0
LINE
8
BLACK
6
CONTINUOUS
10
128.6317180000000064
20
-79.3629059999999953
11
128.6317099999999982
21
-79.3629059999999953
0
LINE
8
BLACK
6
CONTINUOUS
10
128.6317099999999982
20
-79.3629059999999953
11
128.63170199999999
21
-79.3629059999999953
0
LINE
8
BLACK
6
CONTINUOUS
10
128.63170199999999
20
-79.3629059999999953
11
128.3479849999999942
21
-79.3629059999999953
0
LINE
8
BLACK
6
CONTINUOUS
10
128.3479849999999942
20
-79.3629059999999953
11
128.2809460000000001
21
-79.3432209999999998
0
LINE
8
BLACK
6
CONTINUOUS
10
128.2809460000000001
20
-79.3432209999999998
11
128.2369689999999878
21
-79.292468999999997
0
LINE
8
BLACK
6
CONTINUOUS
10
128.2369689999999878
20
-79.292468999999997
11
127.8569869999999895
21
-78.9124869999999987
0
LINE
8
BLACK
6
CONTINUOUS
10
127.8569869999999895
20
-78.9124869999999987
11
127.8425219999999882
21
-78.9221529999999944
0
LINE
8
BLACK
6
CONTINUOUS
10
127.8425219999999882
20
-78.9221529999999944
11
127.6758990000000011
21
-78.9911699999999968
0
LINE
8
BLACK
6
CONTINUOUS
10
127.6758990000000011
20
-78.9911699999999968
11
127.4990129999999908
21
-79.0263549999999952
0
LINE
8
BLACK
6
CONTINUOUS
10
127.4990129999999908
20
-79.0263549999999952
11
127.3186609999999916
21
-79.0263549999999952
0
LINE
8
BLACK
6
CONTINUOUS
10
127.3186609999999916
20
-79.0263549999999952
11
127.1417749999999955
21
-78.9911699999999968
0
LINE
8
BLACK
6
CONTINUOUS
10
127.1417749999999955
20
-78.9911699999999968
11
126.9751519999999942
21
-78.9221529999999944
0
LINE
8
BLACK
6
CONTINUOUS
10
126.9751519999999942
20
-78.9221529999999944
11
126.9606859999999955
21
-78.9124869999999987
0
LINE
8
BLACK
6
CONTINUOUS
10
126.9606859999999955
20
-78.9124869999999987
11
126.582144999999997
21
-79.2910269999999997
0
LINE
8
BLACK
6
CONTINUOUS
10
126.582144999999997
20
-79.2910269999999997
11
126.5794369999999986
21
-79.3039179999999959
0
LINE
8
BLACK
6
CONTINUOUS
10
126.5794369999999986
20
-79.3039179999999959
11
126.5303830000000005
21
-79.3536720000000031
0
LINE
8
BLACK
6
CONTINUOUS
10
126.5303830000000005
20
-79.3536720000000031
11
126.4834419999999966
21
-79.3685529999999915
0
LINE
8
BLACK
6
CONTINUOUS
10
126.4834419999999966
20
-79.3685529999999915
11
126.4763529999999889
21
-79.3693150000000003
0
LINE
8
BLACK
6
CONTINUOUS
10
126.4763529999999889
20
-79.3693150000000003
11
126.3415079999999904
21
-79.4196079999999967
0
LINE
8
BLACK
6
CONTINUOUS
10
126.3415079999999904
20
-79.4196079999999967
11
126.3415009999999938
21
-79.4196120000000008
0
LINE
8
BLACK
6
CONTINUOUS
10
126.3415009999999938
20
-79.4196120000000008
11
126.2262920000000008
21
-79.5058580000000035
0
LINE
8
BLACK
6
CONTINUOUS
10
126.2262920000000008
20
-79.5058580000000035
11
126.2262889999999942
21
-79.5058609999999959
0
LINE
8
BLACK
6
CONTINUOUS
10
126.2262889999999942
20
-79.5058609999999959
11
126.1400429999999915
21
-79.6210700000000031
0
LINE
8
BLACK
6
CONTINUOUS
10
126.1400429999999915
20
-79.6210700000000031
11
126.1400389999999874
21
-79.6210769999999997
0
LINE
8
BLACK
6
CONTINUOUS
10
126.1400389999999874
20
-79.6210769999999997
11
126.0897449999999935
21
-79.7559229999999957
0
LINE
8
BLACK
6
CONTINUOUS
10
126.0897449999999935
20
-79.7559229999999957
11
126.0833379999999977
21
-79.8155220000000014
0
LINE
8
BLACK
6
CONTINUOUS
10
126.0833379999999977
20
-79.8155220000000014
11
126.0833370000000002
21
-79.8155409999999961
0
LINE
8
BLACK
6
CONTINUOUS
10
126.0833370000000002
20
-79.8155409999999961
11
126.0833370000000002
21
-81.9112760000000009
0
LINE
8
BLACK
6
CONTINUOUS
10
126.0833370000000002
20
-81.9112760000000009
11
126.0833379999999977
21
-81.9112819999999999
0
LINE
8
BLACK
6
CONTINUOUS
10
126.0833379999999977
20
-81.9112819999999999
11
126.0897449999999935
21
-81.9708889999999997
0
LINE
8
BLACK
6
CONTINUOUS
10
126.0897449999999935
20
-81.9708889999999997
11
126.1400389999999874
21
-82.1057339999999982
0
LINE
8
BLACK
6
CONTINUOUS
10
126.1400389999999874
20
-82.1057339999999982
11
126.1400429999999915
21
-82.1057409999999948
0
LINE
8
BLACK
6
CONTINUOUS
10
126.1400429999999915
20
-82.1057409999999948
11
126.2262889999999942
21
-82.220950000000002
0
LINE
8
BLACK
6
CONTINUOUS
10
126.2262889999999942
20
-82.220950000000002
11
126.2262920000000008
21
-82.2209529999999944
0
LINE
8
BLACK
6
CONTINUOUS
10
126.2262920000000008
20
-82.2209529999999944
11
126.3415009999999938
21
-82.3071989999999971
0
LINE
8
BLACK
6
CONTINUOUS
10
126.3415009999999938
20
-82.3071989999999971
11
126.3415079999999904
21
-82.3072030000000012
0
LINE
8
BLACK
6
CONTINUOUS
10
126.3415079999999904
20
-82.3072030000000012
11
126.4763540000000006
21
-82.3574969999999951
0
LINE
8
BLACK
6
CONTINUOUS
10
126.4763540000000006
20
-82.3574969999999951
11
126.4763529999999889
21
-82.3574969999999951
0
LINE
8
BLACK
6
CONTINUOUS
10
126.4763529999999889
20
-82.3574969999999951
11
126.483280999999991
21
-82.3582409999999925
0
LINE
8
BLACK
6
CONTINUOUS
10
126.483280999999991
20
-82.3582409999999925
11
126.5359639999999928
21
-82.3639060000000001
0
LINE
8
BLACK
6
CONTINUOUS
10
126.5359639999999928
20
-82.3639060000000001
11
128.6317090000000007
21
-82.3639050000000026
0
LINE
8
BLACK
6
CONTINUOUS
10
128.6317090000000007
20
-82.3639050000000026
11
128.6913199999999904
21
-82.3574969999999951
0
LINE
8
BLACK
6
CONTINUOUS
10
128.6913199999999904
20
-82.3574969999999951
11
128.7176379999999938
21
-82.3476799999999969
0
LINE
8
BLACK
6
CONTINUOUS
10
128.7176379999999938
20
-82.3476799999999969
11
128.7873299999999972
21
-82.3426959999999895
0
LINE
8
BLACK
6
CONTINUOUS
10
128.7873299999999972
20
-82.3426959999999895
11
128.8486529999999846
21
-82.3761799999999909
0
LINE
8
BLACK
6
CONTINUOUS
10
128.8486529999999846
20
-82.3761799999999909
11
128.8821389999999951
21
-82.4375029999999924
0
LINE
8
BLACK
6
CONTINUOUS
10
128.8821389999999951
20
-82.4375029999999924
11
128.8849730000000022
21
-82.4638619999999918
0
LINE
8
BLACK
6
CONTINUOUS
10
128.8849730000000022
20
-82.4638619999999918
11
128.8849730000000022
21
-87.0669209999999936
0
LINE
8
BLACK
6
CONTINUOUS
10
128.8849730000000022
20
-87.0669209999999936
11
128.8652879999999925
21
-87.1339600000000019
0
LINE
8
BLACK
6
CONTINUOUS
10
128.8652879999999925
20
-87.1339600000000019
11
128.8124839999999836
21
-87.1797150000000016
0
LINE
8
BLACK
6
CONTINUOUS
10
128.8124839999999836
20
-87.1797150000000016
11
128.7433259999999962
21
-87.1896589999999918
0
LINE
8
BLACK
6
CONTINUOUS
10
128.7433259999999962
20
-87.1896589999999918
11
128.6854869999999949
21
-87.1652969999999954
0
LINE
8
BLACK
6
CONTINUOUS
10
128.6854869999999949
20
-87.1652969999999954
11
128.530619999999999
21
-87.0464640000000003
0
LINE
8
BLACK
6
CONTINUOUS
10
128.530619999999999
20
-87.0464640000000003
11
128.5306139999999857
21
-87.0464599999999962
0
LINE
8
BLACK
6
CONTINUOUS
10
128.5306139999999857
20
-87.0464599999999962
11
128.5306109999999933
21
-87.0464580000000012
0
LINE
8
BLACK
6
CONTINUOUS
10
128.5306109999999933
20
-87.0464580000000012
11
128.3375629999999887
21
-86.9350009999999997
0
LINE
8
BLACK
6
CONTINUOUS
10
128.3375629999999887
20
-86.9350009999999997
11
128.3375589999999988
21
-86.9349989999999906
0
LINE
8
BLACK
6
CONTINUOUS
10
128.3375589999999988
20
-86.9349989999999906
11
128.1316269999999804
21
-86.8496990000000011
0
LINE
8
BLACK
6
CONTINUOUS
10
128.1316269999999804
20
-86.8496990000000011
11
128.1316199999999981
21
-86.8496969999999919
0
LINE
8
BLACK
6
CONTINUOUS
10
128.1316199999999981
20
-86.8496969999999919
11
128.1316180000000031
21
-86.8496959999999945
0
LINE
8
BLACK
6
CONTINUOUS
10
128.1316180000000031
20
-86.8496959999999945
11
127.9162999999999926
21
-86.7920019999999965
0
LINE
8
BLACK
6
CONTINUOUS
10
127.9162999999999926
20
-86.7920019999999965
11
127.9162939999999935
21
-86.7920009999999991
0
LINE
8
BLACK
6
CONTINUOUS
10
127.9162939999999935
20
-86.7920009999999991
11
127.9162889999999919
21
-86.7920000000000016
0
LINE
8
BLACK
6
CONTINUOUS
10
127.9162889999999919
20
-86.7920000000000016
11
127.6953029999999956
21
-86.7629069999999984
0
LINE
8
BLACK
6
CONTINUOUS
10
127.6953029999999956
20
-86.7629069999999984
11
127.6952999999999889
21
-86.762906000000001
0
LINE
8
BLACK
6
CONTINUOUS
10
127.6952999999999889
20
-86.762906000000001
11
127.6952939999999899
21
-86.762906000000001
0
LINE
8
BLACK
6
CONTINUOUS
10
127.6952939999999899
20
-86.762906000000001
11
127.4723800000000011
21
-86.762906000000001
0
LINE
8
BLACK
6
CONTINUOUS
10
127.4723800000000011
20
-86.762906000000001
11
127.4723739999999879
21
-86.762906000000001
0
LINE
8
BLACK
6
CONTINUOUS
10
127.4723739999999879
20
-86.762906000000001
11
127.472369999999998
21
-86.7629069999999984
0
LINE
8
BLACK
6
CONTINUOUS
10
127.472369999999998
20
-86.7629069999999984
11
127.2513839999999874
21
-86.7920000000000016
0
LINE
8
BLACK
6
CONTINUOUS
10
127.2513839999999874
20
-86.7920000000000016
11
127.2513769999999909
21
-86.7920009999999991
0
LINE
8
BLACK
6
CONTINUOUS
10
127.2513769999999909
20
-86.7920009999999991
11
127.2513739999999984
21
-86.7920019999999965
0
LINE
8
BLACK
6
CONTINUOUS
10
127.2513739999999984
20
-86.7920019999999965
11
127.0360559999999879
21
-86.8496959999999945
0
LINE
8
BLACK
6
CONTINUOUS
10
127.0360559999999879
20
-86.8496959999999945
11
127.0360459999999989
21
-86.8496990000000011
0
LINE
8
BLACK
6
CONTINUOUS
10
127.0360459999999989
20
-86.8496990000000011
11
126.8301139999999947
21
-86.9349989999999906
0
LINE
8
BLACK
6
CONTINUOUS
10
126.8301139999999947
20
-86.9349989999999906
11
126.8301099999999906
21
-86.9350009999999997
0
LINE
8
BLACK
6
CONTINUOUS
10
126.8301099999999906
20
-86.9350009999999997
11
126.6370629999999977
21
-87.0464580000000012
0
LINE
8
BLACK
6
CONTINUOUS
10
126.6370629999999977
20
-87.0464580000000012
11
126.637053999999992
21
-87.0464640000000003
0
LINE
8
BLACK
6
CONTINUOUS
10
126.637053999999992
20
-87.0464640000000003
11
126.4602139999999935
21
-87.1821569999999895
0
LINE
8
BLACK
6
CONTINUOUS
10
126.4602139999999935
20
-87.1821569999999895
11
126.4602069999999969
21
-87.1821630000000027
0
LINE
8
BLACK
6
CONTINUOUS
10
126.4602069999999969
20
-87.1821630000000027
11
126.3025939999999991
21
-87.3397760000000005
0
LINE
8
BLACK
6
CONTINUOUS
10
126.3025939999999991
20
-87.3397760000000005
11
126.3025880000000001
21
-87.3397829999999971
0
LINE
8
BLACK
6
CONTINUOUS
10
126.3025880000000001
20
-87.3397829999999971
11
126.1668949999999967
21
-87.5166229999999956
0
LINE
8
BLACK
6
CONTINUOUS
10
126.1668949999999967
20
-87.5166229999999956
11
126.1668889999999976
21
-87.5166320000000013
0
LINE
8
BLACK
6
CONTINUOUS
10
126.1668889999999976
20
-87.5166320000000013
11
126.0554319999999962
21
-87.7096789999999942
0
LINE
8
BLACK
6
CONTINUOUS
10
126.0554319999999962
20
-87.7096789999999942
11
126.0554300000000012
21
-87.7096829999999983
0
LINE
8
BLACK
6
CONTINUOUS
10
126.0554300000000012
20
-87.7096829999999983
11
125.9701299999999975
21
-87.9156150000000025
0
LINE
8
BLACK
6
CONTINUOUS
10
125.9701299999999975
20
-87.9156150000000025
11
125.9701269999999909
21
-87.9156249999999915
0
LINE
8
BLACK
6
CONTINUOUS
10
125.9701269999999909
20
-87.9156249999999915
11
125.9124339999999904
21
-88.1309399999999954
0
LINE
8
BLACK
6
CONTINUOUS
10
125.9124339999999904
20
-88.1309399999999954
11
125.912430999999998
21
-88.130952999999991
0
LINE
8
BLACK
6
CONTINUOUS
10
125.912430999999998
20
-88.130952999999991
11
125.8833379999999948
21
-88.3519390000000016
0
LINE
8
BLACK
6
CONTINUOUS
10
125.8833379999999948
20
-88.3519390000000016
11
125.8833369999999974
21
-88.3519549999999896
0
LINE
8
BLACK
6
CONTINUOUS
10
125.8833369999999974
20
-88.3519549999999896
11
125.8833369999999974
21
-88.5748559999999969
0
LINE
8
BLACK
6
CONTINUOUS
10
131.7868609999999876
20
-92.2190119999999922
11
131.7868619999999851
21
-92.2190179999999913
0
LINE
8
BLACK
6
CONTINUOUS
10
131.7868619999999851
20
-92.2190179999999913
11
131.7932689999999809
21
-92.278624999999991
0
LINE
8
BLACK
6
CONTINUOUS
10
131.7932689999999809
20
-92.278624999999991
11
131.843562999999989
21
-92.4134699999999896
0
LINE
8
BLACK
6
CONTINUOUS
10
131.843562999999989
20
-92.4134699999999896
11
131.8435670000000073
21
-92.4134770000000003
0
LINE
8
BLACK
6
CONTINUOUS
10
131.8435670000000073
20
-92.4134770000000003
11
131.9298129999999958
21
-92.5286859999999933
0
LINE
8
BLACK
6
CONTINUOUS
10
131.9298129999999958
20
-92.5286859999999933
11
131.9298159999999882
21
-92.528689
0
LINE
8
BLACK
6
CONTINUOUS
10
131.9298159999999882
20
-92.528689
11
132.0450249999999812
21
-92.6149350000000027
0
LINE
8
BLACK
6
CONTINUOUS
10
132.0450249999999812
20
-92.6149350000000027
11
132.045031999999992
21
-92.6149389999999926
0
LINE
8
BLACK
6
CONTINUOUS
10
132.045031999999992
20
-92.6149389999999926
11
132.1798780000000022
21
-92.6652330000000006
0
LINE
8
BLACK
6
CONTINUOUS
10
132.1798780000000022
20
-92.6652330000000006
11
132.1798770000000047
21
-92.6652330000000006
0
LINE
8
BLACK
6
CONTINUOUS
10
132.1798770000000047
20
-92.6652330000000006
11
132.1868049999999926
21
-92.665976999999998
0
LINE
8
BLACK
6
CONTINUOUS
10
132.1868049999999926
20
-92.665976999999998
11
132.2394879999999944
21
-92.6716419999999914
0
LINE
8
BLACK
6
CONTINUOUS
10
132.2394879999999944
20
-92.6716419999999914
11
134.3352329999999881
21
-92.6716409999999939
0
LINE
8
BLACK
6
CONTINUOUS
10
134.3352329999999881
20
-92.6716409999999939
11
134.3948440000000062
21
-92.6652330000000006
0
LINE
8
BLACK
6
CONTINUOUS
10
134.3948440000000062
20
-92.6652330000000006
11
134.529691999999983
21
-92.6149379999999951
0
LINE
8
BLACK
6
CONTINUOUS
10
134.529691999999983
20
-92.6149379999999951
11
134.6449069999999892
21
-92.5286880000000025
0
LINE
8
BLACK
6
CONTINUOUS
10
134.6449069999999892
20
-92.5286880000000025
11
134.7311569999999961
21
-92.4134729999999962
0
LINE
8
BLACK
6
CONTINUOUS
10
134.7311569999999961
20
-92.4134729999999962
11
134.7341140000000053
21
-92.4055449999999894
0
LINE
8
BLACK
6
CONTINUOUS
10
134.7341140000000053
20
-92.4055449999999894
11
134.7759829999999965
21
-92.3496099999999984
0
LINE
8
BLACK
6
CONTINUOUS
10
134.7759829999999965
20
-92.3496099999999984
11
134.8414469999999881
21
-92.3251909999999896
0
LINE
8
BLACK
6
CONTINUOUS
10
134.8414469999999881
20
-92.3251909999999896
11
134.909719999999993
21
-92.3400409999999994
0
LINE
8
BLACK
6
CONTINUOUS
10
134.909719999999993
20
-92.3400409999999994
11
134.9231819999999971
21
-92.3485569999999996
0
LINE
8
BLACK
6
CONTINUOUS
10
134.9231819999999971
20
-92.3485569999999996
11
135.0104529999999841
21
-92.4119620000000026
0
LINE
8
BLACK
6
CONTINUOUS
10
135.0104529999999841
20
-92.4119620000000026
11
135.0218919999999798
21
-92.4202729999999946
0
LINE
8
BLACK
6
CONTINUOUS
10
135.0218919999999798
20
-92.4202729999999946
11
135.2267239999999902
21
-92.5246399999999909
0
LINE
8
BLACK
6
CONTINUOUS
10
135.2267239999999902
20
-92.5246399999999909
11
135.2267259999999851
21
-92.5246410000000026
0
LINE
8
BLACK
6
CONTINUOUS
10
135.2267259999999851
20
-92.5246410000000026
11
135.3604619999999841
21
-92.5680940000000021
0
LINE
8
BLACK
6
CONTINUOUS
10
135.3604619999999841
20
-92.5680940000000021
11
135.4453599999999938
21
-92.5956789999999899
0
LINE
8
BLACK
6
CONTINUOUS
10
135.4453599999999938
20
-92.5956789999999899
11
135.6724169999999958
21
-92.6316419999999994
0
LINE
8
BLACK
6
CONTINUOUS
10
135.6724169999999958
20
-92.6316419999999994
11
135.6724179999999933
21
-92.6316419999999994
0
LINE
8
BLACK
6
CONTINUOUS
10
135.6724179999999933
20
-92.6316419999999994
11
135.9023039999999867
21
-92.6316419999999994
0
LINE
8
BLACK
6
CONTINUOUS
10
135.9023039999999867
20
-92.6316419999999994
11
135.9023049999999841
21
-92.6316419999999994
0
LINE
8
BLACK
6
CONTINUOUS
10
135.9023049999999841
20
-92.6316419999999994
11
136.1293619999999862
21
-92.5956789999999899
0
LINE
8
BLACK
6
CONTINUOUS
10
136.1293619999999862
20
-92.5956789999999899
11
136.1293650000000071
21
-92.5956779999999924
0
LINE
8
BLACK
6
CONTINUOUS
10
136.1293650000000071
20
-92.5956779999999924
11
136.1293660000000045
21
-92.5956779999999924
0
LINE
8
BLACK
6
CONTINUOUS
10
136.1293660000000045
20
-92.5956779999999924
11
136.3479949999999974
21
-92.5246410000000026
0
LINE
8
BLACK
6
CONTINUOUS
10
136.3479949999999974
20
-92.5246410000000026
11
136.3479949999999974
21
-92.5246399999999909
0
LINE
8
BLACK
6
CONTINUOUS
10
136.3479949999999974
20
-92.5246399999999909
11
136.3479979999999898
21
-92.5246399999999909
0
LINE
8
BLACK
6
CONTINUOUS
10
136.3479979999999898
20
-92.5246399999999909
11
136.5528300000000002
21
-92.4202729999999946
0
LINE
8
BLACK
6
CONTINUOUS
10
136.5528300000000002
20
-92.4202729999999946
11
136.7388129999999933
21
-92.2851489999999899
0
LINE
8
BLACK
6
CONTINUOUS
10
136.7388129999999933
20
-92.2851489999999899
11
136.9013679999999908
21
-92.1225939999999923
0
LINE
8
BLACK
6
CONTINUOUS
10
136.9013679999999908
20
-92.1225939999999923
11
137.0364919999999813
21
-91.9366109999999992
0
LINE
8
BLACK
6
CONTINUOUS
10
137.0364919999999813
20
-91.9366109999999992
11
137.1408590000000061
21
-91.7317789999999889
0
LINE
8
BLACK
6
CONTINUOUS
10
137.1408590000000061
20
-91.7317789999999889
11
137.1993209999999976
21
-91.5518509999999992
0
LINE
8
BLACK
6
CONTINUOUS
10
137.1993209999999976
20
-91.5518509999999992
11
137.2118969999999933
21
-91.5131469999999894
0
LINE
8
BLACK
6
CONTINUOUS
10
137.2118969999999933
20
-91.5131469999999894
11
137.2118969999999933
21
-91.5131459999999919
0
LINE
8
BLACK
6
CONTINUOUS
10
137.2118969999999933
20
-91.5131459999999919
11
137.2118979999999908
21
-91.5131429999999995
0
LINE
8
BLACK
6
CONTINUOUS
10
137.2118979999999908
20
-91.5131429999999995
11
137.2478610000000003
21
-91.2860859999999974
0
LINE
8
BLACK
6
CONTINUOUS
10
137.2478610000000003
20
-91.2860859999999974
11
137.2478610000000003
21
-91.0561979999999949
0
LINE
8
BLACK
6
CONTINUOUS
10
137.2478610000000003
20
-91.0561979999999949
11
137.2404420000000016
21
-91.0093569999999943
0
LINE
8
BLACK
6
CONTINUOUS
10
137.2404420000000016
20
-91.0093569999999943
11
137.2118979999999908
21
-90.8291409999999928
0
LINE
8
BLACK
6
CONTINUOUS
10
137.2118979999999908
20
-90.8291409999999928
11
137.2118969999999933
21
-90.8291370000000029
0
LINE
8
BLACK
6
CONTINUOUS
10
137.2118969999999933
20
-90.8291370000000029
11
137.2118969999999933
21
-90.8291359999999912
0
LINE
8
BLACK
6
CONTINUOUS
10
137.2118969999999933
20
-90.8291359999999912
11
137.1408600000000035
21
-90.6105069999999984
0
LINE
8
BLACK
6
CONTINUOUS
10
137.1408600000000035
20
-90.6105069999999984
11
137.116991999999982
21
-90.5636640000000028
0
LINE
8
BLACK
6
CONTINUOUS
10
137.116991999999982
20
-90.5636640000000028
11
137.0364919999999813
21
-90.4056729999999931
0
LINE
8
BLACK
6
CONTINUOUS
10
137.0364919999999813
20
-90.4056729999999931
11
137.0024569999999926
21
-90.3588280000000026
0
LINE
8
BLACK
6
CONTINUOUS
10
137.0024569999999926
20
-90.3588280000000026
11
136.9013730000000066
21
-90.219695999999999
0
LINE
8
BLACK
6
CONTINUOUS
10
136.9013730000000066
20
-90.219695999999999
11
136.9013689999999883
21
-90.2196909999999974
0
LINE
8
BLACK
6
CONTINUOUS
10
136.9013689999999883
20
-90.2196909999999974
11
136.7388109999999983
21
-90.0571329999999932
0
LINE
8
BLACK
6
CONTINUOUS
10
136.7388109999999983
20
-90.0571329999999932
11
136.7388059999999825
21
-90.0571289999999891
0
LINE
8
BLACK
6
CONTINUOUS
10
136.7388059999999825
20
-90.0571289999999891
11
136.5528329999999926
21
-89.9220129999999926
0
LINE
8
BLACK
6
CONTINUOUS
10
136.5528329999999926
20
-89.9220129999999926
11
136.5528319999999951
21
-89.9220119999999952
0
LINE
8
BLACK
6
CONTINUOUS
10
136.5528319999999951
20
-89.9220119999999952
11
136.5528300000000002
21
-89.9220109999999977
0
LINE
8
BLACK
6
CONTINUOUS
10
136.5528300000000002
20
-89.9220109999999977
11
136.4309109999999805
21
-89.8598899999999929
0
LINE
8
BLACK
6
CONTINUOUS
10
136.4309109999999805
20
-89.8598899999999929
11
136.3479949999999974
21
-89.8176419999999922
0
LINE
8
BLACK
6
CONTINUOUS
10
136.3479949999999974
20
-89.8176419999999922
11
136.1293639999999812
21
-89.7466050000000024
0
LINE
8
BLACK
6
CONTINUOUS
10
136.1293639999999812
20
-89.7466050000000024
11
135.9779900000000055
21
-89.7226289999999977
0
LINE
8
BLACK
6
CONTINUOUS
10
135.9779900000000055
20
-89.7226289999999977
11
135.9023049999999841
21
-89.7106419999999929
0
LINE
8
BLACK
6
CONTINUOUS
10
135.9023049999999841
20
-89.7106419999999929
11
135.6724169999999958
21
-89.7106419999999929
0
LINE
8
BLACK
6
CONTINUOUS
10
135.6724169999999958
20
-89.7106419999999929
11
135.5967310000000055
21
-89.7226289999999977
0
LINE
8
BLACK
6
CONTINUOUS
10
135.5967310000000055
20
-89.7226289999999977
11
135.4453579999999988
21
-89.7466050000000024
0
LINE
8
BLACK
6
CONTINUOUS
10
135.4453579999999988
20
-89.7466050000000024
11
135.4453550000000064
21
-89.7466050000000024
0
LINE
8
BLACK
6
CONTINUOUS
10
135.4453550000000064
20
-89.7466050000000024
11
135.2267259999999851
21
-89.8176419999999922
0
LINE
8
BLACK
6
CONTINUOUS
10
135.2267259999999851
20
-89.8176419999999922
11
135.0218919999999798
21
-89.9220100000000002
0
LINE
8
BLACK
6
CONTINUOUS
10
135.0218919999999798
20
-89.9220100000000002
11
134.9231819999999971
21
-89.9937269999999927
0
LINE
8
BLACK
6
CONTINUOUS
10
134.9231819999999971
20
-89.9937269999999927
11
134.8573749999999905
21
-90.0172060000000016
0
LINE
8
BLACK
6
CONTINUOUS
10
134.8573749999999905
20
-90.0172060000000016
11
134.789321000000001
21
-90.0013799999999975
0
LINE
8
BLACK
6
CONTINUOUS
10
134.789321000000001
20
-90.0013799999999975
11
134.7406269999999893
21
-89.951273999999998
0
LINE
8
BLACK
6
CONTINUOUS
10
134.7406269999999893
20
-89.951273999999998
11
134.7341150000000027
21
-89.9367400000000004
0
LINE
8
BLACK
6
CONTINUOUS
10
134.7341150000000027
20
-89.9367400000000004
11
134.731158999999991
21
-89.9288150000000002
0
LINE
8
BLACK
6
CONTINUOUS
10
134.731158999999991
20
-89.9288150000000002
11
134.7311540000000036
21
-89.9288059999999945
0
LINE
8
BLACK
6
CONTINUOUS
10
134.7311540000000036
20
-89.9288059999999945
11
134.6449079999999867
21
-89.8135970000000015
0
LINE
8
BLACK
6
CONTINUOUS
10
134.6449079999999867
20
-89.8135970000000015
11
134.6449049999999943
21
-89.8135939999999948
0
LINE
8
BLACK
6
CONTINUOUS
10
134.6449049999999943
20
-89.8135939999999948
11
134.5296960000000013
21
-89.7273479999999921
0
LINE
8
BLACK
6
CONTINUOUS
10
134.5296960000000013
20
-89.7273479999999921
11
134.5296889999999905
21
-89.7273440000000022
0
LINE
8
BLACK
6
CONTINUOUS
10
134.5296889999999905
20
-89.7273440000000022
11
134.3948429999999803
21
-89.6770499999999942
0
LINE
8
BLACK
6
CONTINUOUS
10
134.3948429999999803
20
-89.6770499999999942
11
134.3948440000000062
21
-89.6770499999999942
0
LINE
8
BLACK
6
CONTINUOUS
10
134.3948440000000062
20
-89.6770499999999942
11
134.3352439999999888
21
-89.6706429999999983
0
LINE
8
BLACK
6
CONTINUOUS
10
134.3352439999999888
20
-89.6706429999999983
11
134.3352419999999938
21
-89.6706420000000008
0
LINE
8
BLACK
6
CONTINUOUS
10
134.3352419999999938
20
-89.6706420000000008
11
134.3352339999999856
21
-89.6706420000000008
0
LINE
8
BLACK
6
CONTINUOUS
10
134.3352339999999856
20
-89.6706420000000008
11
134.3352249999999799
21
-89.6706420000000008
0
LINE
8
BLACK
6
CONTINUOUS
10
134.3352249999999799
20
-89.6706420000000008
11
132.2394899999999893
21
-89.6706420000000008
0
LINE
8
BLACK
6
CONTINUOUS
10
132.2394899999999893
20
-89.6706420000000008
11
132.2394840000000045
21
-89.6706429999999983
0
LINE
8
BLACK
6
CONTINUOUS
10
132.2394840000000045
20
-89.6706429999999983
11
132.1798770000000047
21
-89.6770499999999942
0
LINE
8
BLACK
6
CONTINUOUS
10
132.1798770000000047
20
-89.6770499999999942
11
132.045031999999992
21
-89.7273440000000022
0
LINE
8
BLACK
6
CONTINUOUS
10
132.045031999999992
20
-89.7273440000000022
11
132.0450249999999812
21
-89.7273479999999921
0
LINE
8
BLACK
6
CONTINUOUS
10
132.0450249999999812
20
-89.7273479999999921
11
131.9298159999999882
21
-89.8135939999999948
0
LINE
8
BLACK
6
CONTINUOUS
10
131.9298159999999882
20
-89.8135939999999948
11
131.9298129999999958
21
-89.8135970000000015
0
LINE
8
BLACK
6
CONTINUOUS
10
131.9298129999999958
20
-89.8135970000000015
11
131.8435670000000073
21
-89.9288059999999945
0
LINE
8
BLACK
6
CONTINUOUS
10
131.8435670000000073
20
-89.9288059999999945
11
131.843562999999989
21
-89.928812999999991
0
LINE
8
BLACK
6
CONTINUOUS
10
131.843562999999989
20
-89.928812999999991
11
131.7932689999999809
21
-90.0636590000000012
0
LINE
8
BLACK
6
CONTINUOUS
10
131.7932689999999809
20
-90.0636590000000012
11
131.7868619999999851
21
-90.1232579999999928
0
LINE
8
BLACK
6
CONTINUOUS
10
131.7868619999999851
20
-90.1232579999999928
11
131.7868609999999876
21
-90.1232770000000016
0
LINE
8
BLACK
6
CONTINUOUS
10
131.7868609999999876
20
-90.1232770000000016
11
131.7868609999999876
21
-92.2190119999999922
0
LINE
8
BLACK
6
CONTINUOUS
10
138.8067959999999914
20
-91.2392449999999968
11
138.8142149999999901
21
-91.2860849999999999
0
LINE
8
BLACK
6
CONTINUOUS
10
138.8142149999999901
20
-91.2860849999999999
11
138.8427590000000009
21
-91.4663029999999964
0
LINE
8
BLACK
6
CONTINUOUS
10
138.8427590000000009
20
-91.4663029999999964
11
138.8427590000000009
21
-91.4663059999999888
0
LINE
8
BLACK
6
CONTINUOUS
10
138.8427590000000009
20
-91.4663059999999888
11
138.9137959999999907
21
-91.6849349999999959
0
LINE
8
BLACK
6
CONTINUOUS
10
138.9137959999999907
20
-91.6849349999999959
11
139.0181670000000054
21
-91.889772999999991
0
LINE
8
BLACK
6
CONTINUOUS
10
139.0181670000000054
20
-91.889772999999991
11
139.1532829999999876
21
-92.0757459999999952
0
LINE
8
BLACK
6
CONTINUOUS
10
139.1532829999999876
20
-92.0757459999999952
11
139.1532870000000059
21
-92.0757509999999968
0
LINE
8
BLACK
6
CONTINUOUS
10
139.1532870000000059
20
-92.0757509999999968
11
139.3158449999999959
21
-92.238309000000001
0
LINE
8
BLACK
6
CONTINUOUS
10
139.3158449999999959
20
-92.238309000000001
11
139.3158499999999833
21
-92.2383129999999909
0
LINE
8
BLACK
6
CONTINUOUS
10
139.3158499999999833
20
-92.2383129999999909
11
139.4500469999999837
21
-92.33581199999999
0
LINE
8
BLACK
6
CONTINUOUS
10
139.4500469999999837
20
-92.33581199999999
11
139.5018269999999916
21
-92.373431999999994
0
LINE
8
BLACK
6
CONTINUOUS
10
139.5018269999999916
20
-92.373431999999994
11
139.7066590000000019
21
-92.4777989999999903
0
LINE
8
BLACK
6
CONTINUOUS
10
139.7066590000000019
20
-92.4777989999999903
11
139.7066609999999969
21
-92.477800000000002
0
LINE
8
BLACK
6
CONTINUOUS
10
139.7066609999999969
20
-92.477800000000002
11
139.8919239999999888
21
-92.5379949999999951
0
LINE
8
BLACK
6
CONTINUOUS
10
139.8919239999999888
20
-92.5379949999999951
11
139.9252950000000055
21
-92.5488379999999893
0
LINE
8
BLACK
6
CONTINUOUS
10
139.9252950000000055
20
-92.5488379999999893
11
140.1523520000000076
21
-92.5848009999999988
0
LINE
8
BLACK
6
CONTINUOUS
10
140.1523520000000076
20
-92.5848009999999988
11
140.1523530000000051
21
-92.5848009999999988
0
LINE
8
BLACK
6
CONTINUOUS
10
140.1523530000000051
20
-92.5848009999999988
11
140.3822389999999984
21
-92.5848009999999988
0
LINE
8
BLACK
6
CONTINUOUS
10
140.3822389999999984
20
-92.5848009999999988
11
140.3822399999999959
21
-92.5848009999999988
0
LINE
8
BLACK
6
CONTINUOUS
10
140.3822399999999959
20
-92.5848009999999988
11
140.609296999999998
21
-92.5488379999999893
0
LINE
8
BLACK
6
CONTINUOUS
10
140.609296999999998
20
-92.5488379999999893
11
140.6092999999999904
21
-92.5488369999999918
0
LINE
8
BLACK
6
CONTINUOUS
10
140.6092999999999904
20
-92.5488369999999918
11
140.6093009999999879
21
-92.5488369999999918
0
LINE
8
BLACK
6
CONTINUOUS
10
140.6093009999999879
20
-92.5488369999999918
11
140.8279299999999807
21
-92.477800000000002
0
LINE
8
BLACK
6
CONTINUOUS
10
140.8279299999999807
20
-92.477800000000002
11
140.8279299999999807
21
-92.4777989999999903
0
LINE
8
BLACK
6
CONTINUOUS
10
140.8279299999999807
20
-92.4777989999999903
11
140.8279330000000016
21
-92.4777989999999903
0
LINE
8
BLACK
6
CONTINUOUS
10
140.8279330000000016
20
-92.4777989999999903
11
141.0327649999999835
21
-92.373431999999994
0
LINE
8
BLACK
6
CONTINUOUS
10
141.0327649999999835
20
-92.373431999999994
11
141.1314739999999972
21
-92.3017150000000015
0
LINE
8
BLACK
6
CONTINUOUS
10
141.1314739999999972
20
-92.3017150000000015
11
141.1972789999999804
21
-92.2782349999999951
0
LINE
8
BLACK
6
CONTINUOUS
10
141.1972789999999804
20
-92.2782349999999951
11
141.2653329999999983
21
-92.2940600000000018
0
LINE
8
BLACK
6
CONTINUOUS
10
141.2653329999999983
20
-92.2940600000000018
11
141.3140280000000075
21
-92.3441649999999896
0
LINE
8
BLACK
6
CONTINUOUS
10
141.3140280000000075
20
-92.3441649999999896
11
141.3205409999999915
21
-92.3586990000000014
0
LINE
8
BLACK
6
CONTINUOUS
10
141.3205409999999915
20
-92.3586990000000014
11
141.3234989999999982
21
-92.3666309999999982
0
LINE
8
BLACK
6
CONTINUOUS
10
141.3234989999999982
20
-92.3666309999999982
11
141.3235019999999906
21
-92.3666359999999997
0
LINE
8
BLACK
6
CONTINUOUS
10
141.3235019999999906
20
-92.3666359999999997
11
141.4097480000000076
21
-92.4818449999999928
0
LINE
8
BLACK
6
CONTINUOUS
10
141.4097480000000076
20
-92.4818449999999928
11
141.409751
21
-92.4818479999999994
0
LINE
8
BLACK
6
CONTINUOUS
10
141.409751
20
-92.4818479999999994
11
141.524959999999993
21
-92.5680940000000021
0
LINE
8
BLACK
6
CONTINUOUS
10
141.524959999999993
20
-92.5680940000000021
11
141.5249670000000037
21
-92.568097999999992
0
LINE
8
BLACK
6
CONTINUOUS
10
141.5249670000000037
20
-92.568097999999992
11
141.6598129999999855
21
-92.6183920000000001
0
LINE
8
BLACK
6
CONTINUOUS
10
141.6598129999999855
20
-92.6183920000000001
11
141.6598119999999881
21
-92.6183920000000001
0
LINE
8
BLACK
6
CONTINUOUS
10
141.6598119999999881
20
-92.6183920000000001
11
141.6667400000000043
21
-92.6191359999999975
0
LINE
8
BLACK
6
CONTINUOUS
10
141.6667400000000043
20
-92.6191359999999975
11
141.7194230000000061
21
-92.6248009999999908
0
LINE
8
BLACK
6
CONTINUOUS
10
141.7194230000000061
20
-92.6248009999999908
11
143.8151679999999999
21
-92.6247999999999934
0
LINE
8
BLACK
6
CONTINUOUS
10
143.8151679999999999
20
-92.6247999999999934
11
143.8747789999999895
21
-92.6183920000000001
0
LINE
8
BLACK
6
CONTINUOUS
10
143.8747789999999895
20
-92.6183920000000001
11
144.0096269999999947
21
-92.5680969999999945
0
LINE
8
BLACK
6
CONTINUOUS
10
144.0096269999999947
20
-92.5680969999999945
11
144.124842000000001
21
-92.4818470000000019
0
LINE
8
BLACK
6
CONTINUOUS
10
144.124842000000001
20
-92.4818470000000019
11
144.2110919999999794
21
-92.3666319999999956
0
LINE
8
BLACK
6
CONTINUOUS
10
144.2110919999999794
20
-92.3666319999999956
11
144.2613869999999849
21
-92.2317839999999904
0
LINE
8
BLACK
6
CONTINUOUS
10
144.2613869999999849
20
-92.2317839999999904
11
144.2677960000000041
21
-92.1721739999999983
0
LINE
8
BLACK
6
CONTINUOUS
10
144.2677960000000041
20
-92.1721739999999983
11
144.2677950000000067
21
-90.0764289999999903
0
LINE
8
BLACK
6
CONTINUOUS
10
144.2677950000000067
20
-90.0764289999999903
11
144.2613869999999849
21
-90.0168180000000007
0
LINE
8
BLACK
6
CONTINUOUS
10
144.2613869999999849
20
-90.0168180000000007
11
144.2589509999999962
21
-90.0102880000000027
0
LINE
8
BLACK
6
CONTINUOUS
10
144.2589509999999962
20
-90.0102880000000027
11
144.2110930000000053
21
-89.8819719999999904
0
LINE
8
BLACK
6
CONTINUOUS
10
144.2110930000000053
20
-89.8819719999999904
11
144.211088999999987
21
-89.8819649999999939
0
LINE
8
BLACK
6
CONTINUOUS
10
144.211088999999987
20
-89.8819649999999939
11
144.1248429999999985
21
-89.7667560000000009
0
LINE
8
BLACK
6
CONTINUOUS
10
144.1248429999999985
20
-89.7667560000000009
11
144.1248400000000061
21
-89.7667529999999942
0
LINE
8
BLACK
6
CONTINUOUS
10
144.1248400000000061
20
-89.7667529999999942
11
144.0096309999999846
21
-89.6805069999999915
0
LINE
8
BLACK
6
CONTINUOUS
10
144.0096309999999846
20
-89.6805069999999915
11
144.0096240000000023
21
-89.6805030000000016
0
LINE
8
BLACK
6
CONTINUOUS
10
144.0096240000000023
20
-89.6805030000000016
11
143.8747779999999921
21
-89.6302089999999936
0
LINE
8
BLACK
6
CONTINUOUS
10
143.8747779999999921
20
-89.6302089999999936
11
143.8747789999999895
21
-89.6302089999999936
0
LINE
8
BLACK
6
CONTINUOUS
10
143.8747789999999895
20
-89.6302089999999936
11
143.8151790000000005
21
-89.6238019999999977
0
LINE
8
BLACK
6
CONTINUOUS
10
143.8151790000000005
20
-89.6238019999999977
11
143.8151770000000056
21
-89.6238010000000003
0
LINE
8
BLACK
6
CONTINUOUS
10
143.8151770000000056
20
-89.6238010000000003
11
143.8151689999999974
21
-89.6238010000000003
0
LINE
8
BLACK
6
CONTINUOUS
10
143.8151689999999974
20
-89.6238010000000003
11
143.8151599999999917
21
-89.6238010000000003
0
LINE
8
BLACK
6
CONTINUOUS
10
143.8151599999999917
20
-89.6238010000000003
11
141.7194250000000011
21
-89.6238010000000003
0
LINE
8
BLACK
6
CONTINUOUS
10
141.7194250000000011
20
-89.6238010000000003
11
141.7194189999999878
21
-89.6238019999999977
0
LINE
8
BLACK
6
CONTINUOUS
10
141.7194189999999878
20
-89.6238019999999977
11
141.6598119999999881
21
-89.6302089999999936
0
LINE
8
BLACK
6
CONTINUOUS
10
141.6598119999999881
20
-89.6302089999999936
11
141.5249670000000037
21
-89.6805030000000016
0
LINE
8
BLACK
6
CONTINUOUS
10
141.5249670000000037
20
-89.6805030000000016
11
141.524959999999993
21
-89.6805069999999915
0
LINE
8
BLACK
6
CONTINUOUS
10
141.524959999999993
20
-89.6805069999999915
11
141.409751
21
-89.7667529999999942
0
LINE
8
BLACK
6
CONTINUOUS
10
141.409751
20
-89.7667529999999942
11
141.4097480000000076
21
-89.7667560000000009
0
LINE
8
BLACK
6
CONTINUOUS
10
141.4097480000000076
20
-89.7667560000000009
11
141.3235019999999906
21
-89.8819649999999939
0
LINE
8
BLACK
6
CONTINUOUS
10
141.3235019999999906
20
-89.8819649999999939
11
141.3234970000000033
21
-89.8819730000000021
0
LINE
8
BLACK
6
CONTINUOUS
10
141.3234970000000033
20
-89.8819730000000021
11
141.3205389999999966
21
-89.8899059999999963
0
LINE
8
BLACK
6
CONTINUOUS
10
141.3205389999999966
20
-89.8899059999999963
11
141.2786649999999895
21
-89.9458369999999974
0
LINE
8
BLACK
6
CONTINUOUS
10
141.2786649999999895
20
-89.9458369999999974
11
141.2132000000000005
21
-89.9702509999999904
0
LINE
8
BLACK
6
CONTINUOUS
10
141.2132000000000005
20
-89.9702509999999904
11
141.1449269999999956
21
-89.9553969999999907
0
LINE
8
BLACK
6
CONTINUOUS
10
141.1449269999999956
20
-89.9553969999999907
11
141.1314739999999972
21
-89.9468849999999946
0
LINE
8
BLACK
6
CONTINUOUS
10
141.1314739999999972
20
-89.9468849999999946
11
141.0327680000000043
21
-89.8751719999999921
0
LINE
8
BLACK
6
CONTINUOUS
10
141.0327680000000043
20
-89.8751719999999921
11
141.0327670000000069
21
-89.8751709999999946
0
LINE
8
BLACK
6
CONTINUOUS
10
141.0327670000000069
20
-89.8751709999999946
11
141.0327649999999835
21
-89.8751699999999971
0
LINE
8
BLACK
6
CONTINUOUS
10
141.0327649999999835
20
-89.8751699999999971
11
140.9119149999999934
21
-89.8135939999999948
0
LINE
8
BLACK
6
CONTINUOUS
10
140.9119149999999934
20
-89.8135939999999948
11
140.8279299999999807
21
-89.7708009999999916
0
LINE
8
BLACK
6
CONTINUOUS
10
140.8279299999999807
20
-89.7708009999999916
11
140.6092989999999929
21
-89.6997640000000018
0
LINE
8
BLACK
6
CONTINUOUS
10
140.6092989999999929
20
-89.6997640000000018
11
140.4579249999999888
21
-89.6757879999999972
0
LINE
8
BLACK
6
CONTINUOUS
10
140.4579249999999888
20
-89.6757879999999972
11
140.3822399999999959
21
-89.6638009999999923
0
LINE
8
BLACK
6
CONTINUOUS
10
140.3822399999999959
20
-89.6638009999999923
11
140.1523520000000076
21
-89.6638009999999923
0
LINE
8
BLACK
6
CONTINUOUS
10
140.1523520000000076
20
-89.6638009999999923
11
140.0766659999999888
21
-89.6757879999999972
0
LINE
8
BLACK
6
CONTINUOUS
10
140.0766659999999888
20
-89.6757879999999972
11
139.9252929999999822
21
-89.6997640000000018
0
LINE
8
BLACK
6
CONTINUOUS
10
139.9252929999999822
20
-89.6997640000000018
11
139.9252899999999897
21
-89.6997640000000018
0
LINE
8
BLACK
6
CONTINUOUS
10
139.9252899999999897
20
-89.6997640000000018
11
139.7066609999999969
21
-89.7708009999999916
0
LINE
8
BLACK
6
CONTINUOUS
10
139.7066609999999969
20
-89.7708009999999916
11
139.5018230000000017
21
-89.8751719999999921
0
LINE
8
BLACK
6
CONTINUOUS
10
139.5018230000000017
20
-89.8751719999999921
11
139.3158499999999833
21
-90.0102880000000027
0
LINE
8
BLACK
6
CONTINUOUS
10
139.3158499999999833
20
-90.0102880000000027
11
139.3158449999999959
21
-90.0102919999999926
0
LINE
8
BLACK
6
CONTINUOUS
10
139.3158449999999959
20
-90.0102919999999926
11
139.1532870000000059
21
-90.1728499999999968
0
LINE
8
BLACK
6
CONTINUOUS
10
139.1532870000000059
20
-90.1728499999999968
11
139.1532829999999876
21
-90.1728549999999984
0
LINE
8
BLACK
6
CONTINUOUS
10
139.1532829999999876
20
-90.1728549999999984
11
139.0181670000000054
21
-90.3588280000000026
0
LINE
8
BLACK
6
CONTINUOUS
10
139.0181670000000054
20
-90.3588280000000026
11
138.9137959999999907
21
-90.5636659999999978
0
LINE
8
BLACK
6
CONTINUOUS
10
138.9137959999999907
20
-90.5636659999999978
11
138.8427590000000009
21
-90.7822949999999906
0
LINE
8
BLACK
6
CONTINUOUS
10
138.8427590000000009
20
-90.7822949999999906
11
138.8427590000000009
21
-90.7822979999999973
0
LINE
8
BLACK
6
CONTINUOUS
10
138.8427590000000009
20
-90.7822979999999973
11
138.8427590000000009
21
-90.7822999999999922
0
LINE
8
BLACK
6
CONTINUOUS
10
138.8427590000000009
20
-90.7822999999999922
11
138.8067959999999914
21
-91.0093569999999943
0
LINE
8
BLACK
6
CONTINUOUS
10
138.8067959999999914
20
-91.0093569999999943
11
138.8067959999999914
21
-91.2392449999999968
0
LINE
8
BLACK
6
CONTINUOUS
10
145.0564579999999921
20
-88.5936370000000011
11
145.0934039999999925
21
-88.8269080000000031
0
LINE
8
BLACK
6
CONTINUOUS
10
145.0934039999999925
20
-88.8269080000000031
11
145.1663910000000044
21
-89.0515359999999987
0
LINE
8
BLACK
6
CONTINUOUS
10
145.1663910000000044
20
-89.0515359999999987
11
145.2507650000000012
21
-89.2171280000000024
0
LINE
8
BLACK
6
CONTINUOUS
10
145.2507650000000012
20
-89.2171280000000024
11
145.2736150000000066
21
-89.2619729999999976
0
LINE
8
BLACK
6
CONTINUOUS
10
145.2736150000000066
20
-89.2619729999999976
11
145.4124410000000012
21
-89.4530499999999904
0
LINE
8
BLACK
6
CONTINUOUS
10
145.4124410000000012
20
-89.4530499999999904
11
145.5794479999999851
21
-89.6200570000000027
0
LINE
8
BLACK
6
CONTINUOUS
10
145.5794479999999851
20
-89.6200570000000027
11
145.7705249999999921
21
-89.7588829999999973
0
LINE
8
BLACK
6
CONTINUOUS
10
145.7705249999999921
20
-89.7588829999999973
11
145.8495969999999886
21
-89.7991719999999987
0
LINE
8
BLACK
6
CONTINUOUS
10
145.8495969999999886
20
-89.7991719999999987
11
145.9809609999999793
21
-89.866106000000002
0
LINE
8
BLACK
6
CONTINUOUS
10
145.9809609999999793
20
-89.866106000000002
11
145.9809630000000027
21
-89.866106000000002
0
LINE
8
BLACK
6
CONTINUOUS
10
145.9809630000000027
20
-89.866106000000002
11
145.9809659999999951
21
-89.866107999999997
0
LINE
8
BLACK
6
CONTINUOUS
10
145.9809659999999951
20
-89.866107999999997
11
146.1013700000000028
21
-89.9052289999999914
0
LINE
8
BLACK
6
CONTINUOUS
10
146.1013700000000028
20
-89.9052289999999914
11
146.2055890000000034
21
-89.9390929999999997
0
LINE
8
BLACK
6
CONTINUOUS
10
146.2055890000000034
20
-89.9390929999999997
11
146.4388610000000028
21
-89.9760399999999976
0
LINE
8
BLACK
6
CONTINUOUS
10
146.4388610000000028
20
-89.9760399999999976
11
146.4388659999999902
21
-89.9760399999999976
0
LINE
8
BLACK
6
CONTINUOUS
10
146.4388659999999902
20
-89.9760399999999976
11
146.6750549999999862
21
-89.9760399999999976
0
LINE
8
BLACK
6
CONTINUOUS
10
146.6750549999999862
20
-89.9760399999999976
11
146.9083259999999882
21
-89.9390929999999997
0
LINE
8
BLACK
6
CONTINUOUS
10
146.9083259999999882
20
-89.9390929999999997
11
146.9399640000000034
21
-89.928812999999991
0
LINE
8
BLACK
6
CONTINUOUS
10
146.9399640000000034
20
-89.928812999999991
11
147.1329499999999939
21
-89.866107999999997
0
LINE
8
BLACK
6
CONTINUOUS
10
147.1329499999999939
20
-89.866107999999997
11
147.3433909999999969
21
-89.7588829999999973
0
LINE
8
BLACK
6
CONTINUOUS
10
147.3433909999999969
20
-89.7588829999999973
11
147.5344680000000039
21
-89.6200570000000027
0
LINE
8
BLACK
6
CONTINUOUS
10
147.5344680000000039
20
-89.6200570000000027
11
147.7014749999999879
21
-89.4530499999999904
0
LINE
8
BLACK
6
CONTINUOUS
10
147.7014749999999879
20
-89.4530499999999904
11
147.8403009999999824
21
-89.2619729999999976
0
LINE
8
BLACK
6
CONTINUOUS
10
147.8403009999999824
20
-89.2619729999999976
11
147.9475259999999821
21
-89.0515319999999946
0
LINE
8
BLACK
6
CONTINUOUS
10
147.9475259999999821
20
-89.0515319999999946
11
148.0205109999999991
21
-88.8269080000000031
0
LINE
8
BLACK
6
CONTINUOUS
10
148.0205109999999991
20
-88.8269080000000031
11
148.0254290000000026
21
-88.7958579999999955
0
LINE
8
BLACK
6
CONTINUOUS
10
148.0254290000000026
20
-88.7958579999999955
11
148.0574579999999969
21
-88.5936370000000011
0
LINE
8
BLACK
6
CONTINUOUS
10
148.0574579999999969
20
-88.5936370000000011
11
148.0574579999999969
21
-88.3574419999999918
0
LINE
8
BLACK
6
CONTINUOUS
10
148.0574579999999969
20
-88.3574419999999918
11
148.0205109999999991
21
-88.1241709999999898
0
LINE
8
BLACK
6
CONTINUOUS
10
148.0205109999999991
20
-88.1241709999999898
11
147.9866470000000049
21
-88.0199519999999893
0
LINE
8
BLACK
6
CONTINUOUS
10
147.9866470000000049
20
-88.0199519999999893
11
147.9475259999999821
21
-87.8995479999999958
0
LINE
8
BLACK
6
CONTINUOUS
10
147.9475259999999821
20
-87.8995479999999958
11
147.9475239999999872
21
-87.8995449999999892
0
LINE
8
BLACK
6
CONTINUOUS
10
147.9475239999999872
20
-87.8995449999999892
11
147.9475239999999872
21
-87.8995429999999942
0
LINE
8
BLACK
6
CONTINUOUS
10
147.9475239999999872
20
-87.8995429999999942
11
147.8402999999999849
21
-87.6891059999999953
0
LINE
8
BLACK
6
CONTINUOUS
10
147.8402999999999849
20
-87.6891059999999953
11
147.7014749999999879
21
-87.49803
0
LINE
8
BLACK
6
CONTINUOUS
10
147.7014749999999879
20
-87.49803
11
147.5344680000000039
21
-87.3310230000000018
0
LINE
8
BLACK
6
CONTINUOUS
10
147.5344680000000039
20
-87.3310230000000018
11
147.3433909999999969
21
-87.1921969999999931
0
LINE
8
BLACK
6
CONTINUOUS
10
147.3433909999999969
20
-87.1921969999999931
11
147.3236899999999991
21
-87.1821589999999986
0
LINE
8
BLACK
6
CONTINUOUS
10
147.3236899999999991
20
-87.1821589999999986
11
147.1329539999999838
21
-87.0849729999999909
0
LINE
8
BLACK
6
CONTINUOUS
10
147.1329539999999838
20
-87.0849729999999909
11
146.9083259999999882
21
-87.0119859999999932
0
LINE
8
BLACK
6
CONTINUOUS
10
146.9083259999999882
20
-87.0119859999999932
11
146.6750549999999862
21
-86.9750399999999928
0
LINE
8
BLACK
6
CONTINUOUS
10
146.6750549999999862
20
-86.9750399999999928
11
146.6750499999999988
21
-86.9750399999999928
0
LINE
8
BLACK
6
CONTINUOUS
10
146.6750499999999988
20
-86.9750399999999928
11
146.4388659999999902
21
-86.9750399999999928
0
LINE
8
BLACK
6
CONTINUOUS
10
146.4388659999999902
20
-86.9750399999999928
11
146.4388610000000028
21
-86.9750399999999928
0
LINE
8
BLACK
6
CONTINUOUS
10
146.4388610000000028
20
-86.9750399999999928
11
146.2055890000000034
21
-87.0119859999999932
0
LINE
8
BLACK
6
CONTINUOUS
10
146.2055890000000034
20
-87.0119859999999932
11
145.9809609999999793
21
-87.0849729999999909
0
LINE
8
BLACK
6
CONTINUOUS
10
145.9809609999999793
20
-87.0849729999999909
11
145.7705239999999947
21
-87.1921969999999931
0
LINE
8
BLACK
6
CONTINUOUS
10
145.7705239999999947
20
-87.1921969999999931
11
145.6615079999999978
21
-87.2714019999999948
0
LINE
8
BLACK
6
CONTINUOUS
10
145.6615079999999978
20
-87.2714019999999948
11
145.5794479999999851
21
-87.3310230000000018
0
LINE
8
BLACK
6
CONTINUOUS
10
145.5794479999999851
20
-87.3310230000000018
11
145.5794459999999901
21
-87.3310249999999968
0
LINE
8
BLACK
6
CONTINUOUS
10
145.5794459999999901
20
-87.3310249999999968
11
145.5794449999999927
21
-87.3310249999999968
0
LINE
8
BLACK
6
CONTINUOUS
10
145.5794449999999927
20
-87.3310249999999968
11
145.4124429999999961
21
-87.4980269999999933
0
LINE
8
BLACK
6
CONTINUOUS
10
145.4124429999999961
20
-87.4980269999999933
11
145.4124429999999961
21
-87.4980279999999908
0
LINE
8
BLACK
6
CONTINUOUS
10
145.4124429999999961
20
-87.4980279999999908
11
145.4124410000000012
21
-87.49803
0
LINE
8
BLACK
6
CONTINUOUS
10
145.4124410000000012
20
-87.49803
11
145.3989259999999888
21
-87.5166320000000013
0
LINE
8
BLACK
6
CONTINUOUS
10
145.3989259999999888
20
-87.5166320000000013
11
145.2736150000000066
21
-87.6891059999999953
0
LINE
8
BLACK
6
CONTINUOUS
10
145.2736150000000066
20
-87.6891059999999953
11
145.1663910000000044
21
-87.8995429999999942
0
LINE
8
BLACK
6
CONTINUOUS
10
145.1663910000000044
20
-87.8995429999999942
11
145.0934039999999925
21
-88.1241709999999898
0
LINE
8
BLACK
6
CONTINUOUS
10
145.0934039999999925
20
-88.1241709999999898
11
145.0564579999999921
21
-88.3574419999999918
0
LINE
8
BLACK
6
CONTINUOUS
10
145.0564579999999921
20
-88.3574419999999918
11
145.0564579999999921
21
-88.5936370000000011
0
LINE
8
BLACK
6
CONTINUOUS
10
147.0575719999999933
20
-78.7271509999999921
11
146.8909490000000062
21
-78.7961679999999944
0
LINE
8
BLACK
6
CONTINUOUS
10
146.8909490000000062
20
-78.7961679999999944
11
146.7140629999999817
21
-78.8313529999999929
0
LINE
8
BLACK
6
CONTINUOUS
10
146.7140629999999817
20
-78.8313529999999929
11
146.5337109999999825
21
-78.8313529999999929
0
LINE
8
BLACK
6
CONTINUOUS
10
146.5337109999999825
20
-78.8313529999999929
11
146.3568249999999864
21
-78.7961679999999944
0
LINE
8
BLACK
6
CONTINUOUS
10
146.3568249999999864
20
-78.7961679999999944
11
146.1902019999999993
21
-78.7271509999999921
0
LINE
8
BLACK
6
CONTINUOUS
10
146.1902019999999993
20
-78.7271509999999921
11
146.1757360000000006
21
-78.7174849999999964
0
LINE
8
BLACK
6
CONTINUOUS
10
146.1757360000000006
20
-78.7174849999999964
11
145.8120529999999917
21
-79.0811669999999935
0
LINE
8
BLACK
6
CONTINUOUS
10
145.8120529999999917
20
-79.0811669999999935
11
145.8796439999999848
21
-79.1302749999999975
0
LINE
8
BLACK
6
CONTINUOUS
10
145.8796439999999848
20
-79.1302749999999975
11
146.0787980000000061
21
-79.231749999999991
0
LINE
8
BLACK
6
CONTINUOUS
10
146.0787980000000061
20
-79.231749999999991
11
146.2913629999999898
21
-79.3008159999999975
0
LINE
8
BLACK
6
CONTINUOUS
10
146.2913629999999898
20
-79.3008159999999975
11
146.340295999999995
21
-79.308565999999999
0
LINE
8
BLACK
6
CONTINUOUS
10
146.340295999999995
20
-79.308565999999999
11
146.4034309999999834
21
-79.3384959999999921
0
LINE
8
BLACK
6
CONTINUOUS
10
146.4034309999999834
20
-79.3384959999999921
11
146.4403629999999907
21
-79.3978070000000002
0
LINE
8
BLACK
6
CONTINUOUS
10
146.4403629999999907
20
-79.3978070000000002
11
146.4393649999999809
21
-79.4676690000000008
0
LINE
8
BLACK
6
CONTINUOUS
10
146.4393649999999809
20
-79.4676690000000008
11
146.4007560000000012
21
-79.5259020000000021
0
LINE
8
BLACK
6
CONTINUOUS
10
146.4007560000000012
20
-79.5259020000000021
11
146.3367930000000001
21
-79.5540170000000018
0
LINE
8
BLACK
6
CONTINUOUS
10
146.3367930000000001
20
-79.5540170000000018
11
146.3208989999999972
21
-79.5550399999999911
0
LINE
8
BLACK
6
CONTINUOUS
10
146.3208989999999972
20
-79.5550399999999911
11
145.7090869999999825
21
-79.5550399999999911
0
LINE
8
BLACK
6
CONTINUOUS
10
145.7090869999999825
20
-79.5550399999999911
11
145.7090809999999976
21
-79.5550410000000028
0
LINE
8
BLACK
6
CONTINUOUS
10
145.7090809999999976
20
-79.5550410000000028
11
145.6494739999999979
21
-79.5614479999999986
0
LINE
8
BLACK
6
CONTINUOUS
10
145.6494739999999979
20
-79.5614479999999986
11
145.5146289999999851
21
-79.6117419999999925
0
LINE
8
BLACK
6
CONTINUOUS
10
145.5146289999999851
20
-79.6117419999999925
11
145.5146220000000028
21
-79.6117459999999966
0
LINE
8
BLACK
6
CONTINUOUS
10
145.5146220000000028
20
-79.6117459999999966
11
145.3994129999999814
21
-79.6979919999999993
0
LINE
8
BLACK
6
CONTINUOUS
10
145.3994129999999814
20
-79.6979919999999993
11
145.3994099999999889
21
-79.6979949999999917
0
LINE
8
BLACK
6
CONTINUOUS
10
145.3994099999999889
20
-79.6979949999999917
11
145.3131640000000004
21
-79.8132039999999989
0
LINE
8
BLACK
6
CONTINUOUS
10
145.3131640000000004
20
-79.8132039999999989
11
145.3131599999999821
21
-79.8132109999999955
0
LINE
8
BLACK
6
CONTINUOUS
10
145.3131599999999821
20
-79.8132109999999955
11
145.2628660000000025
21
-79.9480569999999915
0
LINE
8
BLACK
6
CONTINUOUS
10
145.2628660000000025
20
-79.9480569999999915
11
145.2564590000000067
21
-80.0076559999999972
0
LINE
8
BLACK
6
CONTINUOUS
10
145.2564590000000067
20
-80.0076559999999972
11
145.2564590000000067
21
-80.0076629999999938
0
LINE
8
BLACK
6
CONTINUOUS
10
145.2564590000000067
20
-80.0076629999999938
11
145.2564579999999808
21
-80.0076749999999919
0
LINE
8
BLACK
6
CONTINUOUS
10
145.2564579999999808
20
-80.0076749999999919
11
145.2564579999999808
21
-81.703409999999991
0
LINE
8
BLACK
6
CONTINUOUS
10
145.2564579999999808
20
-81.703409999999991
11
145.2564590000000067
21
-81.70341599999999
0
LINE
8
BLACK
6
CONTINUOUS
10
145.2564590000000067
20
-81.70341599999999
11
145.2628660000000025
21
-81.7630229999999898
0
LINE
8
BLACK
6
CONTINUOUS
10
145.2628660000000025
20
-81.7630229999999898
11
145.3131599999999821
21
-81.8978680000000026
0
LINE
8
BLACK
6
CONTINUOUS
10
145.3131599999999821
20
-81.8978680000000026
11
145.3131640000000004
21
-81.8978749999999991
0
LINE
8
BLACK
6
CONTINUOUS
10
145.3131640000000004
20
-81.8978749999999991
11
145.3994099999999889
21
-82.0130839999999921
0
LINE
8
BLACK
6
CONTINUOUS
10
145.3994099999999889
20
-82.0130839999999921
11
145.3994129999999814
21
-82.0130869999999987
0
LINE
8
BLACK
6
CONTINUOUS
10
145.3994129999999814
20
-82.0130869999999987
11
145.5146220000000028
21
-82.0993330000000014
0
LINE
8
BLACK
6
CONTINUOUS
10
145.5146220000000028
20
-82.0993330000000014
11
145.5146289999999851
21
-82.0993369999999913
0
LINE
8
BLACK
6
CONTINUOUS
10
145.5146289999999851
20
-82.0993369999999913
11
145.6494749999999954
21
-82.1496309999999994
0
LINE
8
BLACK
6
CONTINUOUS
10
145.6494749999999954
20
-82.1496309999999994
11
145.6494739999999979
21
-82.1496309999999994
0
LINE
8
BLACK
6
CONTINUOUS
10
145.6494739999999979
20
-82.1496309999999994
11
145.6564019999999857
21
-82.1503749999999968
0
LINE
8
BLACK
6
CONTINUOUS
10
145.6564019999999857
20
-82.1503749999999968
11
145.7090849999999875
21
-82.1560399999999902
0
LINE
8
BLACK
6
CONTINUOUS
10
145.7090849999999875
20
-82.1560399999999902
11
147.404830000000004
21
-82.1560389999999927
0
LINE
8
BLACK
6
CONTINUOUS
10
147.404830000000004
20
-82.1560389999999927
11
147.4644409999999937
21
-82.1496309999999994
0
LINE
8
BLACK
6
CONTINUOUS
10
147.4644409999999937
20
-82.1496309999999994
11
147.5992889999999989
21
-82.0993359999999939
0
LINE
8
BLACK
6
CONTINUOUS
10
147.5992889999999989
20
-82.0993359999999939
11
147.7145040000000051
21
-82.0130860000000013
0
LINE
8
BLACK
6
CONTINUOUS
10
147.7145040000000051
20
-82.0130860000000013
11
147.8007539999999835
21
-81.897870999999995
0
LINE
8
BLACK
6
CONTINUOUS
10
147.8007539999999835
20
-81.897870999999995
11
147.8510489999999891
21
-81.7630229999999898
0
LINE
8
BLACK
6
CONTINUOUS
10
147.8510489999999891
20
-81.7630229999999898
11
147.8574579999999798
21
-81.7034129999999976
0
LINE
8
BLACK
6
CONTINUOUS
10
147.8574579999999798
20
-81.7034129999999976
11
147.8574569999999824
21
-80.0076679999999953
0
LINE
8
BLACK
6
CONTINUOUS
10
147.8574569999999824
20
-80.0076679999999953
11
147.8510489999999891
21
-79.9480569999999915
0
LINE
8
BLACK
6
CONTINUOUS
10
147.8510489999999891
20
-79.9480569999999915
11
147.8007539999999835
21
-79.8132090000000005
0
LINE
8
BLACK
6
CONTINUOUS
10
147.8007539999999835
20
-79.8132090000000005
11
147.8007529999999861
21
-79.813208000000003
0
LINE
8
BLACK
6
CONTINUOUS
10
147.8007529999999861
20
-79.813208000000003
11
147.8007509999999911
21
-79.8132039999999989
0
LINE
8
BLACK
6
CONTINUOUS
10
147.8007509999999911
20
-79.8132039999999989
11
147.7145050000000026
21
-79.6979949999999917
0
LINE
8
BLACK
6
CONTINUOUS
10
147.7145050000000026
20
-79.6979949999999917
11
147.7145019999999818
21
-79.6979919999999993
0
LINE
8
BLACK
6
CONTINUOUS
10
147.7145019999999818
20
-79.6979919999999993
11
147.5992929999999888
21
-79.6117459999999966
0
LINE
8
BLACK
6
CONTINUOUS
10
147.5992929999999888
20
-79.6117459999999966
11
147.5992860000000064
21
-79.6117419999999925
0
LINE
8
BLACK
6
CONTINUOUS
10
147.5992860000000064
20
-79.6117419999999925
11
147.4644399999999962
21
-79.5614479999999986
0
LINE
8
BLACK
6
CONTINUOUS
10
147.4644399999999962
20
-79.5614479999999986
11
147.4644409999999937
21
-79.5614479999999986
0
LINE
8
BLACK
6
CONTINUOUS
10
147.4644409999999937
20
-79.5614479999999986
11
147.4048410000000047
21
-79.5550410000000028
0
LINE
8
BLACK
6
CONTINUOUS
10
147.4048410000000047
20
-79.5550410000000028
11
147.4048389999999813
21
-79.5550399999999911
0
LINE
8
BLACK
6
CONTINUOUS
10
147.4048389999999813
20
-79.5550399999999911
11
147.4048310000000015
21
-79.5550399999999911
0
LINE
8
BLACK
6
CONTINUOUS
10
147.4048310000000015
20
-79.5550399999999911
11
147.4048229999999933
21
-79.5550399999999911
0
LINE
8
BLACK
6
CONTINUOUS
10
147.4048229999999933
20
-79.5550399999999911
11
146.9268759999999929
21
-79.5550399999999911
0
LINE
8
BLACK
6
CONTINUOUS
10
146.9268759999999929
20
-79.5550399999999911
11
146.8598369999999989
21
-79.5353549999999956
0
LINE
8
BLACK
6
CONTINUOUS
10
146.8598369999999989
20
-79.5353549999999956
11
146.8140819999999849
21
-79.4825510000000008
0
LINE
8
BLACK
6
CONTINUOUS
10
146.8140819999999849
20
-79.4825510000000008
11
146.8041379999999947
21
-79.4133929999999992
0
LINE
8
BLACK
6
CONTINUOUS
10
146.8041379999999947
20
-79.4133929999999992
11
146.8331629999999848
21
-79.3498369999999937
0
LINE
8
BLACK
6
CONTINUOUS
10
146.8331629999999848
20
-79.3498369999999937
11
146.8919410000000028
21
-79.3120629999999949
0
LINE
8
BLACK
6
CONTINUOUS
10
146.8919410000000028
20
-79.3120629999999949
11
146.907478999999995
21
-79.3085669999999965
0
LINE
8
BLACK
6
CONTINUOUS
10
146.907478999999995
20
-79.3085669999999965
11
146.956403999999992
21
-79.3008179999999925
0
LINE
8
BLACK
6
CONTINUOUS
10
146.956403999999992
20
-79.3008179999999925
11
147.168974999999989
21
-79.231749999999991
0
LINE
8
BLACK
6
CONTINUOUS
10
147.168974999999989
20
-79.231749999999991
11
147.3681279999999845
21
-79.130275999999995
0
LINE
8
BLACK
6
CONTINUOUS
10
147.3681279999999845
20
-79.130275999999995
11
147.4357179999999801
21
-79.0811669999999935
0
LINE
8
BLACK
6
CONTINUOUS
10
147.4357179999999801
20
-79.0811669999999935
11
147.435719000000006
21
-79.0811669999999935
0
LINE
8
BLACK
6
CONTINUOUS
10
147.435719000000006
20
-79.0811669999999935
11
147.0720369999999946
21
-78.7174849999999964
0
LINE
8
BLACK
6
CONTINUOUS
10
147.0720369999999946
20
-78.7174849999999964
11
147.0575719999999933
21
-78.7271509999999921
0
LINE
8
BLACK
6
CONTINUOUS
10
126.1943419999999918
20
-77.3665459999999996
11
126.0928689999999932
21
-77.5656960000000026
0
LINE
8
BLACK
6
CONTINUOUS
10
126.0928689999999932
20
-77.5656960000000026
11
126.0238019999999892
21
-77.7782660000000021
0
LINE
8
BLACK
6
CONTINUOUS
10
126.0238019999999892
20
-77.7782660000000021
11
125.9888369999999895
21
-77.999022999999994
0
LINE
8
BLACK
6
CONTINUOUS
10
125.9888369999999895
20
-77.999022999999994
11
125.9888369999999895
21
-78.2225459999999941
0
LINE
8
BLACK
6
CONTINUOUS
10
125.9888369999999895
20
-78.2225459999999941
11
126.0238019999999892
21
-78.4433030000000002
0
LINE
8
BLACK
6
CONTINUOUS
10
126.0238019999999892
20
-78.4433030000000002
11
126.0928689999999932
21
-78.6558729999999997
0
LINE
8
BLACK
6
CONTINUOUS
10
126.0928689999999932
20
-78.6558729999999997
11
126.194344000000001
21
-78.8550269999999927
0
LINE
8
BLACK
6
CONTINUOUS
10
126.194344000000001
20
-78.8550269999999927
11
126.2434509999999932
21
-78.9226159999999908
0
LINE
8
BLACK
6
CONTINUOUS
10
126.2434509999999932
20
-78.9226159999999908
11
126.2434509999999932
21
-78.9226170000000025
0
LINE
8
BLACK
6
CONTINUOUS
10
126.2434509999999932
20
-78.9226170000000025
11
126.6071329999999904
21
-78.5589339999999936
0
LINE
8
BLACK
6
CONTINUOUS
10
126.6071329999999904
20
-78.5589339999999936
11
126.5974689999999896
21
-78.5444699999999898
0
LINE
8
BLACK
6
CONTINUOUS
10
126.5974689999999896
20
-78.5444699999999898
11
126.5284519999999873
21
-78.3778470000000027
0
LINE
8
BLACK
6
CONTINUOUS
10
126.5284519999999873
20
-78.3778470000000027
11
126.4932669999999888
21
-78.2009609999999924
0
LINE
8
BLACK
6
CONTINUOUS
10
126.4932669999999888
20
-78.2009609999999924
11
126.4932669999999888
21
-78.0206089999999932
0
LINE
8
BLACK
6
CONTINUOUS
10
126.4932669999999888
20
-78.0206089999999932
11
126.5284519999999873
21
-77.8437229999999971
0
LINE
8
BLACK
6
CONTINUOUS
10
126.5284519999999873
20
-77.8437229999999971
11
126.5974689999999896
21
-77.6770999999999958
0
LINE
8
BLACK
6
CONTINUOUS
10
126.5974689999999896
20
-77.6770999999999958
11
126.6071339999999879
21
-77.6626339999999971
0
LINE
8
BLACK
6
CONTINUOUS
10
126.6071339999999879
20
-77.6626339999999971
11
126.2434519999999907
21
-77.2989519999999999
0
LINE
8
BLACK
6
CONTINUOUS
10
126.2434519999999907
20
-77.2989519999999999
11
126.2434509999999932
21
-77.2989519999999999
0
LINE
8
BLACK
6
CONTINUOUS
10
126.2434509999999932
20
-77.2989519999999999
11
126.1943419999999918
21
-77.3665459999999996
0
LINE
8
BLACK
6
CONTINUOUS
10
145.4093919999999969
20
-77.1715439999999973
11
145.3079189999999983
21
-77.3706940000000003
0
LINE
8
BLACK
6
CONTINUOUS
10
145.3079189999999983
20
-77.3706940000000003
11
145.2388519999999801
21
-77.5832639999999998
0
LINE
8
BLACK
6
CONTINUOUS
10
145.2388519999999801
20
-77.5832639999999998
11
145.2038869999999804
21
-77.8040209999999917
0
LINE
8
BLACK
6
CONTINUOUS
10
145.2038869999999804
20
-77.8040209999999917
11
145.2038869999999804
21
-78.0275439999999918
0
LINE
8
BLACK
6
CONTINUOUS
10
145.2038869999999804
20
-78.0275439999999918
11
145.2388519999999801
21
-78.2483009999999979
0
LINE
8
BLACK
6
CONTINUOUS
10
145.2388519999999801
20
-78.2483009999999979
11
145.3079189999999983
21
-78.4608709999999974
0
LINE
8
BLACK
6
CONTINUOUS
10
145.3079189999999983
20
-78.4608709999999974
11
145.4093939999999918
21
-78.6600249999999903
0
LINE
8
BLACK
6
CONTINUOUS
10
145.4093939999999918
20
-78.6600249999999903
11
145.4585009999999841
21
-78.7276140000000026
0
LINE
8
BLACK
6
CONTINUOUS
10
145.4585009999999841
20
-78.7276140000000026
11
145.4585009999999841
21
-78.7276150000000001
0
LINE
8
BLACK
6
CONTINUOUS
10
145.4585009999999841
20
-78.7276150000000001
11
145.8221829999999954
21
-78.3639319999999913
0
LINE
8
BLACK
6
CONTINUOUS
10
145.8221829999999954
20
-78.3639319999999913
11
145.8125189999999805
21
-78.3494680000000017
0
LINE
8
BLACK
6
CONTINUOUS
10
145.8125189999999805
20
-78.3494680000000017
11
145.7435020000000065
21
-78.1828450000000004
0
LINE
8
BLACK
6
CONTINUOUS
10
145.7435020000000065
20
-78.1828450000000004
11
145.7083169999999939
21
-78.0059589999999901
0
LINE
8
BLACK
6
CONTINUOUS
10
145.7083169999999939
20
-78.0059589999999901
11
145.7083169999999939
21
-77.8256069999999909
0
LINE
8
BLACK
6
CONTINUOUS
10
145.7083169999999939
20
-77.8256069999999909
11
145.7435020000000065
21
-77.6487209999999948
0
LINE
8
BLACK
6
CONTINUOUS
10
145.7435020000000065
20
-77.6487209999999948
11
145.8125189999999805
21
-77.4820979999999935
0
LINE
8
BLACK
6
CONTINUOUS
10
145.8125189999999805
20
-77.4820979999999935
11
145.8221839999999929
21
-77.4676319999999947
0
LINE
8
BLACK
6
CONTINUOUS
10
145.8221839999999929
20
-77.4676319999999947
11
145.4585019999999815
21
-77.1039499999999975
0
LINE
8
BLACK
6
CONTINUOUS
10
145.4585019999999815
20
-77.1039499999999975
11
145.4585009999999841
21
-77.1039499999999975
0
LINE
8
BLACK
6
CONTINUOUS
10
145.4585009999999841
20
-77.1039499999999975
11
145.4093919999999969
21
-77.1715439999999973
0
LINE
8
BLACK
6
CONTINUOUS
10
147.4255880000000047
20
-77.4676309999999972
11
147.4352549999999837
21
-77.4820979999999935
0
LINE
8
BLACK
6
CONTINUOUS
10
147.4352549999999837
20
-77.4820979999999935
11
147.5042719999999861
21
-77.6487209999999948
0
LINE
8
BLACK
6
CONTINUOUS
10
147.5042719999999861
20
-77.6487209999999948
11
147.5394569999999987
21
-77.8256069999999909
0
LINE
8
BLACK
6
CONTINUOUS
10
147.5394569999999987
20
-77.8256069999999909
11
147.5394569999999987
21
-78.0059589999999901
0
LINE
8
BLACK
6
CONTINUOUS
10
147.5394569999999987
20
-78.0059589999999901
11
147.5042719999999861
21
-78.1828450000000004
0
LINE
8
BLACK
6
CONTINUOUS
10
147.5042719999999861
20
-78.1828450000000004
11
147.4352549999999837
21
-78.3494680000000017
0
LINE
8
BLACK
6
CONTINUOUS
10
147.4352549999999837
20
-78.3494680000000017
11
147.4255890000000022
21
-78.3639330000000029
0
LINE
8
BLACK
6
CONTINUOUS
10
147.4255890000000022
20
-78.3639330000000029
11
147.7892709999999852
21
-78.7276150000000001
0
LINE
8
BLACK
6
CONTINUOUS
10
147.7892709999999852
20
-78.7276150000000001
11
147.7892709999999852
21
-78.7276140000000026
0
LINE
8
BLACK
6
CONTINUOUS
10
147.7892709999999852
20
-78.7276140000000026
11
147.8383800000000008
21
-78.6600239999999928
0
LINE
8
BLACK
6
CONTINUOUS
10
147.8383800000000008
20
-78.6600239999999928
11
147.9398539999999969
21
-78.4608709999999974
0
LINE
8
BLACK
6
CONTINUOUS
10
147.9398539999999969
20
-78.4608709999999974
11
148.0089209999999866
21
-78.2483009999999979
0
LINE
8
BLACK
6
CONTINUOUS
10
148.0089209999999866
20
-78.2483009999999979
11
148.0438869999999838
21
-78.0275439999999918
0
LINE
8
BLACK
6
CONTINUOUS
10
148.0438869999999838
20
-78.0275439999999918
11
148.0438869999999838
21
-77.8040209999999917
0
LINE
8
BLACK
6
CONTINUOUS
10
148.0438869999999838
20
-77.8040209999999917
11
148.0089209999999866
21
-77.5832639999999998
0
LINE
8
BLACK
6
CONTINUOUS
10
148.0089209999999866
20
-77.5832639999999998
11
147.9398539999999969
21
-77.3706940000000003
0
LINE
8
BLACK
6
CONTINUOUS
10
147.9398539999999969
20
-77.3706940000000003
11
147.8383790000000033
21
-77.1715399999999931
0
LINE
8
BLACK
6
CONTINUOUS
10
147.8383790000000033
20
-77.1715399999999931
11
147.7892709999999852
21
-77.1039499999999975
0
LINE
8
BLACK
6
CONTINUOUS
10
147.7892709999999852
20
-77.1039499999999975
11
147.7892709999999852
21
-77.1039490000000001
0
LINE
8
BLACK
6
CONTINUOUS
10
147.7892709999999852
20
-77.1039490000000001
11
147.4255880000000047
21
-77.4676309999999972
0
LINE
8
BLACK
6
CONTINUOUS
10
145.1233869999999797
20
-73.8836529999999954
11
145.1233880000000056
21
-73.8836589999999944
0
LINE
8
BLACK
6
CONTINUOUS
10
145.1233880000000056
20
-73.8836589999999944
11
145.1297950000000014
21
-73.9432659999999942
0
LINE
8
BLACK
6
CONTINUOUS
10
145.1297950000000014
20
-73.9432659999999942
11
145.1800889999999811
21
-74.0781109999999927
0
LINE
8
BLACK
6
CONTINUOUS
10
145.1800889999999811
20
-74.0781109999999927
11
145.1800929999999994
21
-74.0781180000000035
0
LINE
8
BLACK
6
CONTINUOUS
10
145.1800929999999994
20
-74.0781180000000035
11
145.2663389999999879
21
-74.1933269999999965
0
LINE
8
BLACK
6
CONTINUOUS
10
145.2663389999999879
20
-74.1933269999999965
11
145.2663419999999803
21
-74.1933300000000031
0
LINE
8
BLACK
6
CONTINUOUS
10
145.2663419999999803
20
-74.1933300000000031
11
145.3815510000000017
21
-74.2795759999999916
0
LINE
8
BLACK
6
CONTINUOUS
10
145.3815510000000017
20
-74.2795759999999916
11
145.3815600000000074
21
-74.2795809999999932
0
LINE
8
BLACK
6
CONTINUOUS
10
145.3815600000000074
20
-74.2795809999999932
11
145.4123500000000035
21
-74.2910650000000032
0
LINE
8
BLACK
6
CONTINUOUS
10
145.4123500000000035
20
-74.2910650000000032
11
145.4682839999999828
21
-74.3329360000000037
0
LINE
8
BLACK
6
CONTINUOUS
10
145.4682839999999828
20
-74.3329360000000037
11
145.49270199999998
21
-74.3983999999999952
0
LINE
8
BLACK
6
CONTINUOUS
10
145.49270199999998
20
-74.3983999999999952
11
145.4778509999999869
21
-74.4666730000000001
0
LINE
8
BLACK
6
CONTINUOUS
10
145.4778509999999869
20
-74.4666730000000001
11
145.4693369999999959
21
-74.4801310000000001
0
LINE
8
BLACK
6
CONTINUOUS
10
145.4693369999999959
20
-74.4801310000000001
11
145.3747539999999958
21
-74.6103149999999999
0
LINE
8
BLACK
6
CONTINUOUS
10
145.3747539999999958
20
-74.6103149999999999
11
145.2703840000000071
21
-74.8151519999999977
0
LINE
8
BLACK
6
CONTINUOUS
10
145.2703840000000071
20
-74.8151519999999977
11
145.1993469999999888
21
-75.0337809999999905
0
LINE
8
BLACK
6
CONTINUOUS
10
145.1993469999999888
20
-75.0337809999999905
11
145.1993469999999888
21
-75.0337839999999971
0
LINE
8
BLACK
6
CONTINUOUS
10
145.1993469999999888
20
-75.0337839999999971
11
145.1633839999999793
21
-75.2608429999999942
0
LINE
8
BLACK
6
CONTINUOUS
10
145.1633839999999793
20
-75.2608429999999942
11
145.1633839999999793
21
-75.4907299999999992
0
LINE
8
BLACK
6
CONTINUOUS
10
145.1633839999999793
20
-75.4907299999999992
11
145.1993469999999888
21
-75.7177889999999962
0
LINE
8
BLACK
6
CONTINUOUS
10
145.1993469999999888
20
-75.7177889999999962
11
145.1993469999999888
21
-75.7177920000000029
0
LINE
8
BLACK
6
CONTINUOUS
10
145.1993469999999888
20
-75.7177920000000029
11
145.2703840000000071
21
-75.9364209999999957
0
LINE
8
BLACK
6
CONTINUOUS
10
145.2703840000000071
20
-75.9364209999999957
11
145.270386000000002
21
-75.9364240000000024
0
LINE
8
BLACK
6
CONTINUOUS
10
145.270386000000002
20
-75.9364240000000024
11
145.3697420000000022
21
-76.1314220000000006
0
LINE
8
BLACK
6
CONTINUOUS
10
145.3697420000000022
20
-76.1314220000000006
11
145.3747549999999933
21
-76.1412589999999909
0
LINE
8
BLACK
6
CONTINUOUS
10
145.3747549999999933
20
-76.1412589999999909
11
145.509871000000004
21
-76.3272319999999951
0
LINE
8
BLACK
6
CONTINUOUS
10
145.509871000000004
20
-76.3272319999999951
11
145.5098749999999939
21
-76.3272369999999967
0
LINE
8
BLACK
6
CONTINUOUS
10
145.5098749999999939
20
-76.3272369999999967
11
145.6724329999999838
21
-76.4897950000000009
0
LINE
8
BLACK
6
CONTINUOUS
10
145.6724329999999838
20
-76.4897950000000009
11
145.6724379999999996
21
-76.4897989999999908
0
LINE
8
BLACK
6
CONTINUOUS
10
145.6724379999999996
20
-76.4897989999999908
11
145.7835110000000043
21
-76.5704980000000006
0
LINE
8
BLACK
6
CONTINUOUS
10
145.7835110000000043
20
-76.5704980000000006
11
145.8261770000000013
21
-76.625827000000001
0
LINE
8
BLACK
6
CONTINUOUS
10
145.8261770000000013
20
-76.625827000000001
11
145.8321559999999977
21
-76.6954410000000024
0
LINE
8
BLACK
6
CONTINUOUS
10
145.8321559999999977
20
-76.6954410000000024
11
145.8136140000000012
21
-76.7305819999999983
0
LINE
8
BLACK
6
CONTINUOUS
10
145.8136140000000012
20
-76.7305819999999983
11
145.8120539999999892
21
-76.7503979999999899
0
LINE
8
BLACK
6
CONTINUOUS
10
145.8120539999999892
20
-76.7503979999999899
11
146.1757360000000006
21
-77.1140800000000013
0
LINE
8
BLACK
6
CONTINUOUS
10
146.1757360000000006
20
-77.1140800000000013
11
146.1902019999999993
21
-77.104415000000003
0
LINE
8
BLACK
6
CONTINUOUS
10
146.1902019999999993
20
-77.104415000000003
11
146.3568249999999864
21
-77.0353980000000007
0
LINE
8
BLACK
6
CONTINUOUS
10
146.3568249999999864
20
-77.0353980000000007
11
146.5337109999999825
21
-77.0002130000000022
0
LINE
8
BLACK
6
CONTINUOUS
10
146.5337109999999825
20
-77.0002130000000022
11
146.7140629999999817
21
-77.0002130000000022
0
LINE
8
BLACK
6
CONTINUOUS
10
146.7140629999999817
20
-77.0002130000000022
11
146.8909490000000062
21
-77.0353980000000007
0
LINE
8
BLACK
6
CONTINUOUS
10
146.8909490000000062
20
-77.0353980000000007
11
147.0575719999999933
21
-77.104415000000003
0
LINE
8
BLACK
6
CONTINUOUS
10
147.0575719999999933
20
-77.104415000000003
11
147.0720349999999996
21
-77.1140789999999896
0
LINE
8
BLACK
6
CONTINUOUS
10
147.0720349999999996
20
-77.1140789999999896
11
147.435719000000006
21
-76.7503969999999924
0
LINE
8
BLACK
6
CONTINUOUS
10
147.435719000000006
20
-76.7503969999999924
11
147.4342919999999992
21
-76.7322729999999922
0
LINE
8
BLACK
6
CONTINUOUS
10
147.4342919999999992
20
-76.7322729999999922
11
147.421592000000004
21
-76.7158039999999914
0
LINE
8
BLACK
6
CONTINUOUS
10
147.421592000000004
20
-76.7158039999999914
11
147.4156119999999817
21
-76.6461899999999901
0
LINE
8
BLACK
6
CONTINUOUS
10
147.4156119999999817
20
-76.6461899999999901
11
147.4482179999999971
21
-76.5843950000000007
0
LINE
8
BLACK
6
CONTINUOUS
10
147.4482179999999971
20
-76.5843950000000007
11
147.464256000000006
21
-76.5704980000000006
0
LINE
8
BLACK
6
CONTINUOUS
10
147.464256000000006
20
-76.5704980000000006
11
147.575335999999993
21
-76.4897940000000034
0
LINE
8
BLACK
6
CONTINUOUS
10
147.575335999999993
20
-76.4897940000000034
11
147.7378909999999905
21
-76.3272389999999916
0
LINE
8
BLACK
6
CONTINUOUS
10
147.7378909999999905
20
-76.3272389999999916
11
147.873014999999981
21
-76.1412559999999985
0
LINE
8
BLACK
6
CONTINUOUS
10
147.873014999999981
20
-76.1412559999999985
11
147.9773820000000057
21
-75.9364240000000024
0
LINE
8
BLACK
6
CONTINUOUS
10
147.9773820000000057
20
-75.9364240000000024
11
148.0484209999999905
21
-75.7177879999999988
0
LINE
8
BLACK
6
CONTINUOUS
10
148.0484209999999905
20
-75.7177879999999988
11
148.084384
21
-75.4907309999999967
0
LINE
8
BLACK
6
CONTINUOUS
10
148.084384
20
-75.4907309999999967
11
148.084384
21
-75.2608429999999942
0
LINE
8
BLACK
6
CONTINUOUS
10
148.084384
20
-75.2608429999999942
11
148.0484209999999905
21
-75.0337859999999921
0
LINE
8
BLACK
6
CONTINUOUS
10
148.0484209999999905
20
-75.0337859999999921
11
148.048419999999993
21
-75.0337820000000022
0
LINE
8
BLACK
6
CONTINUOUS
10
148.048419999999993
20
-75.0337820000000022
11
148.048419999999993
21
-75.0337809999999905
0
LINE
8
BLACK
6
CONTINUOUS
10
148.048419999999993
20
-75.0337809999999905
11
147.9773830000000032
21
-74.8151519999999977
0
LINE
8
BLACK
6
CONTINUOUS
10
147.9773830000000032
20
-74.8151519999999977
11
147.9060399999999902
21
-74.6751339999999999
0
LINE
8
BLACK
6
CONTINUOUS
10
147.9060399999999902
20
-74.6751339999999999
11
147.873014999999981
21
-74.6103179999999924
0
LINE
8
BLACK
6
CONTINUOUS
10
147.873014999999981
20
-74.6103179999999924
11
147.8607240000000047
21
-74.5934010000000001
0
LINE
8
BLACK
6
CONTINUOUS
10
147.8607240000000047
20
-74.5934010000000001
11
147.7784319999999809
21
-74.4801339999999925
0
LINE
8
BLACK
6
CONTINUOUS
10
147.7784319999999809
20
-74.4801339999999925
11
147.754952000000003
21
-74.4143279999999976
0
LINE
8
BLACK
6
CONTINUOUS
10
147.754952000000003
20
-74.4143279999999976
11
147.7707780000000071
21
-74.346273999999994
0
LINE
8
BLACK
6
CONTINUOUS
10
147.7707780000000071
20
-74.346273999999994
11
147.8208840000000066
21
-74.2975789999999989
0
LINE
8
BLACK
6
CONTINUOUS
10
147.8208840000000066
20
-74.2975789999999989
11
147.8354180000000042
21
-74.2910669999999982
0
LINE
8
BLACK
6
CONTINUOUS
10
147.8354180000000042
20
-74.2910669999999982
11
147.8662129999999877
21
-74.2795809999999932
0
LINE
8
BLACK
6
CONTINUOUS
10
147.8662129999999877
20
-74.2795809999999932
11
147.8662129999999877
21
-74.2795799999999957
0
LINE
8
BLACK
6
CONTINUOUS
10
147.8662129999999877
20
-74.2795799999999957
11
147.8662180000000035
21
-74.2795789999999982
0
LINE
8
BLACK
6
CONTINUOUS
10
147.8662180000000035
20
-74.2795789999999982
11
147.9814329999999813
21
-74.1933289999999914
0
LINE
8
BLACK
6
CONTINUOUS
10
147.9814329999999813
20
-74.1933289999999914
11
148.0676829999999882
21
-74.0781139999999994
0
LINE
8
BLACK
6
CONTINUOUS
10
148.0676829999999882
20
-74.0781139999999994
11
148.1179779999999937
21
-73.9432659999999942
0
LINE
8
BLACK
6
CONTINUOUS
10
148.1179779999999937
20
-73.9432659999999942
11
148.1243869999999845
21
-73.883656000000002
0
LINE
8
BLACK
6
CONTINUOUS
10
148.1243869999999845
20
-73.883656000000002
11
148.124385999999987
21
-71.787910999999994
0
LINE
8
BLACK
6
CONTINUOUS
10
148.124385999999987
20
-71.787910999999994
11
148.1179779999999937
21
-71.7282999999999902
0
LINE
8
BLACK
6
CONTINUOUS
10
148.1179779999999937
20
-71.7282999999999902
11
148.0991989999999987
21
-71.6779519999999906
0
LINE
8
BLACK
6
CONTINUOUS
10
148.0991989999999987
20
-71.6779519999999906
11
148.0676839999999856
21
-71.5934539999999942
0
LINE
8
BLACK
6
CONTINUOUS
10
148.0676839999999856
20
-71.5934539999999942
11
148.0676799999999957
21
-71.5934469999999976
0
LINE
8
BLACK
6
CONTINUOUS
10
148.0676799999999957
20
-71.5934469999999976
11
147.9814340000000072
21
-71.4782379999999904
0
LINE
8
BLACK
6
CONTINUOUS
10
147.9814340000000072
20
-71.4782379999999904
11
147.9814309999999864
21
-71.478234999999998
0
LINE
8
BLACK
6
CONTINUOUS
10
147.9814309999999864
20
-71.478234999999998
11
147.8662219999999934
21
-71.3919889999999953
0
LINE
8
BLACK
6
CONTINUOUS
10
147.8662219999999934
20
-71.3919889999999953
11
147.8662149999999826
21
-71.3919849999999911
0
LINE
8
BLACK
6
CONTINUOUS
10
147.8662149999999826
20
-71.3919849999999911
11
147.7313690000000008
21
-71.3416909999999973
0
LINE
8
BLACK
6
CONTINUOUS
10
147.7313690000000008
20
-71.3416909999999973
11
147.7313699999999983
21
-71.3416909999999973
0
LINE
8
BLACK
6
CONTINUOUS
10
147.7313699999999983
20
-71.3416909999999973
11
147.6717699999999809
21
-71.3352840000000015
0
LINE
8
BLACK
6
CONTINUOUS
10
147.6717699999999809
20
-71.3352840000000015
11
147.6717679999999859
21
-71.3352829999999898
0
LINE
8
BLACK
6
CONTINUOUS
10
147.6717679999999859
20
-71.3352829999999898
11
147.6717600000000061
21
-71.3352829999999898
0
LINE
8
BLACK
6
CONTINUOUS
10
147.6717600000000061
20
-71.3352829999999898
11
147.6717510000000004
21
-71.3352829999999898
0
LINE
8
BLACK
6
CONTINUOUS
10
147.6717510000000004
20
-71.3352829999999898
11
145.5760159999999814
21
-71.3352829999999898
0
LINE
8
BLACK
6
CONTINUOUS
10
145.5760159999999814
20
-71.3352829999999898
11
145.5760099999999966
21
-71.3352840000000015
0
LINE
8
BLACK
6
CONTINUOUS
10
145.5760099999999966
20
-71.3352840000000015
11
145.5164029999999968
21
-71.3416909999999973
0
LINE
8
BLACK
6
CONTINUOUS
10
145.5164029999999968
20
-71.3416909999999973
11
145.3815579999999841
21
-71.3919849999999911
0
LINE
8
BLACK
6
CONTINUOUS
10
145.3815579999999841
20
-71.3919849999999911
11
145.3815510000000017
21
-71.3919889999999953
0
LINE
8
BLACK
6
CONTINUOUS
10
145.3815510000000017
20
-71.3919889999999953
11
145.2663419999999803
21
-71.478234999999998
0
LINE
8
BLACK
6
CONTINUOUS
10
145.2663419999999803
20
-71.478234999999998
11
145.2663389999999879
21
-71.4782379999999904
0
LINE
8
BLACK
6
CONTINUOUS
10
145.2663389999999879
20
-71.4782379999999904
11
145.1800929999999994
21
-71.5934469999999976
0
LINE
8
BLACK
6
CONTINUOUS
10
145.1800929999999994
20
-71.5934469999999976
11
145.1800889999999811
21
-71.5934539999999942
0
LINE
8
BLACK
6
CONTINUOUS
10
145.1800889999999811
20
-71.5934539999999942
11
145.1297950000000014
21
-71.7282999999999902
0
LINE
8
BLACK
6
CONTINUOUS
10
145.1297950000000014
20
-71.7282999999999902
11
145.1233880000000056
21
-71.7878989999999959
0
LINE
8
BLACK
6
CONTINUOUS
10
145.1233880000000056
20
-71.7878989999999959
11
145.1233880000000056
21
-71.7879059999999924
0
LINE
8
BLACK
6
CONTINUOUS
10
145.1233880000000056
20
-71.7879059999999924
11
145.1233869999999797
21
-71.7879179999999906
0
LINE
8
BLACK
6
CONTINUOUS
10
145.1233869999999797
20
-71.7879179999999906
11
145.1233869999999797
21
-73.8836529999999954
0
LINE
8
BLACK
6
CONTINUOUS
10
139.5879500000000064
20
-69.7578699999999969
11
139.5879510000000039
21
-69.757875999999996
0
LINE
8
BLACK
6
CONTINUOUS
10
139.5879510000000039
20
-69.757875999999996
11
139.5943579999999997
21
-69.8174829999999957
0
LINE
8
BLACK
6
CONTINUOUS
10
139.5943579999999997
20
-69.8174829999999957
11
139.6446520000000078
21
-69.9523279999999943
0
LINE
8
BLACK
6
CONTINUOUS
10
139.6446520000000078
20
-69.9523279999999943
11
139.6446559999999977
21
-69.9523349999999908
0
LINE
8
BLACK
6
CONTINUOUS
10
139.6446559999999977
20
-69.9523349999999908
11
139.7309019999999862
21
-70.0675439999999981
0
LINE
8
BLACK
6
CONTINUOUS
10
139.7309019999999862
20
-70.0675439999999981
11
139.730905000000007
21
-70.0675469999999905
0
LINE
8
BLACK
6
CONTINUOUS
10
139.730905000000007
20
-70.0675469999999905
11
139.846114
21
-70.1537929999999932
0
LINE
8
BLACK
6
CONTINUOUS
10
139.846114
20
-70.1537929999999932
11
139.8461209999999824
21
-70.1537969999999973
0
LINE
8
BLACK
6
CONTINUOUS
10
139.8461209999999824
20
-70.1537969999999973
11
139.9260299999999972
21
-70.1836009999999959
0
LINE
8
BLACK
6
CONTINUOUS
10
139.9260299999999972
20
-70.1836009999999959
11
139.9819640000000049
21
-70.2254719999999963
0
LINE
8
BLACK
6
CONTINUOUS
10
139.9819640000000049
20
-70.2254719999999963
11
140.0063810000000046
21
-70.2909360000000021
0
LINE
8
BLACK
6
CONTINUOUS
10
140.0063810000000046
20
-70.2909360000000021
11
139.9915299999999831
21
-70.3592089999999928
0
LINE
8
BLACK
6
CONTINUOUS
10
139.9915299999999831
20
-70.3592089999999928
11
139.9703789999999799
21
-70.3874629999999968
0
LINE
8
BLACK
6
CONTINUOUS
10
139.9703789999999799
20
-70.3874629999999968
11
139.9202060000000074
21
-70.4376359999999977
0
LINE
8
BLACK
6
CONTINUOUS
10
139.9202060000000074
20
-70.4376359999999977
11
139.9202019999999891
21
-70.4376409999999993
0
LINE
8
BLACK
6
CONTINUOUS
10
139.9202019999999891
20
-70.4376409999999993
11
139.7906370000000038
21
-70.6159739999999942
0
LINE
8
BLACK
6
CONTINUOUS
10
139.7906370000000038
20
-70.6159739999999942
11
139.6905539999999917
21
-70.8123930000000001
0
LINE
8
BLACK
6
CONTINUOUS
10
139.6905539999999917
20
-70.8123930000000001
11
139.6905529999999942
21
-70.8123959999999926
0
LINE
8
BLACK
6
CONTINUOUS
10
139.6905529999999942
20
-70.8123959999999926
11
139.6224349999999959
21
-71.0220470000000006
0
LINE
8
BLACK
6
CONTINUOUS
10
139.6224349999999959
20
-71.0220470000000006
11
139.6224349999999959
21
-71.0220489999999955
0
LINE
8
BLACK
6
CONTINUOUS
10
139.6224349999999959
20
-71.0220489999999955
11
139.5879500000000064
21
-71.2397780000000012
0
LINE
8
BLACK
6
CONTINUOUS
10
139.5879500000000064
20
-71.2397780000000012
11
139.5879500000000064
21
-71.4602220000000017
0
LINE
8
BLACK
6
CONTINUOUS
10
139.5879500000000064
20
-71.4602220000000017
11
139.5990469999999846
21
-71.5302849999999921
0
LINE
8
BLACK
6
CONTINUOUS
10
139.5990469999999846
20
-71.5302849999999921
11
139.6224349999999959
21
-71.6779519999999906
0
LINE
8
BLACK
6
CONTINUOUS
10
139.6224349999999959
20
-71.6779519999999906
11
139.6905529999999942
21
-71.8876029999999986
0
LINE
8
BLACK
6
CONTINUOUS
10
139.6905529999999942
20
-71.8876029999999986
11
139.6905539999999917
21
-71.887605999999991
0
LINE
8
BLACK
6
CONTINUOUS
10
139.6905539999999917
20
-71.887605999999991
11
139.7906370000000038
21
-72.0840249999999969
0
LINE
8
BLACK
6
CONTINUOUS
10
139.7906370000000038
20
-72.0840249999999969
11
139.9202019999999891
21
-72.2623579999999919
0
LINE
8
BLACK
6
CONTINUOUS
10
139.9202019999999891
20
-72.2623579999999919
11
139.9202060000000074
21
-72.2623629999999935
0
LINE
8
BLACK
6
CONTINUOUS
10
139.9202060000000074
20
-72.2623629999999935
11
140.0760860000000037
21
-72.4182429999999897
0
LINE
8
BLACK
6
CONTINUOUS
10
140.0760860000000037
20
-72.4182429999999897
11
140.076090999999991
21
-72.4182469999999938
0
LINE
8
BLACK
6
CONTINUOUS
10
140.076090999999991
20
-72.4182469999999938
11
140.1328579999999988
21
-72.4594900000000024
0
LINE
8
BLACK
6
CONTINUOUS
10
140.1328579999999988
20
-72.4594900000000024
11
140.2544279999999901
21
-72.5478149999999999
0
LINE
8
BLACK
6
CONTINUOUS
10
140.2544279999999901
20
-72.5478149999999999
11
140.3828249999999969
21
-72.613236999999998
0
LINE
8
BLACK
6
CONTINUOUS
10
140.3828249999999969
20
-72.613236999999998
11
140.4508429999999919
21
-72.6478949999999912
0
LINE
8
BLACK
6
CONTINUOUS
10
140.4508429999999919
20
-72.6478949999999912
11
140.4508459999999843
21
-72.6478960000000029
0
LINE
8
BLACK
6
CONTINUOUS
10
140.4508459999999843
20
-72.6478960000000029
11
140.5556709999999896
21
-72.6819550000000021
0
LINE
8
BLACK
6
CONTINUOUS
10
140.5556709999999896
20
-72.6819550000000021
11
140.6604989999999873
21
-72.7160149999999987
0
LINE
8
BLACK
6
CONTINUOUS
10
140.6604989999999873
20
-72.7160149999999987
11
140.8782280000000071
21
-72.7505000000000024
0
LINE
8
BLACK
6
CONTINUOUS
10
140.8782280000000071
20
-72.7505000000000024
11
140.8782290000000046
21
-72.7505000000000024
0
LINE
8
BLACK
6
CONTINUOUS
10
140.8782290000000046
20
-72.7505000000000024
11
141.098670999999996
21
-72.7505000000000024
0
LINE
8
BLACK
6
CONTINUOUS
10
141.098670999999996
20
-72.7505000000000024
11
141.0986719999999934
21
-72.7505000000000024
0
LINE
8
BLACK
6
CONTINUOUS
10
141.0986719999999934
20
-72.7505000000000024
11
141.3164009999999848
21
-72.7160149999999987
0
LINE
8
BLACK
6
CONTINUOUS
10
141.3164009999999848
20
-72.7160149999999987
11
141.5260559999999828
21
-72.6478949999999912
0
LINE
8
BLACK
6
CONTINUOUS
10
141.5260559999999828
20
-72.6478949999999912
11
141.722471999999982
21
-72.5478149999999999
0
LINE
8
BLACK
6
CONTINUOUS
10
141.722471999999982
20
-72.5478149999999999
11
141.9008149999999944
21
-72.4182419999999922
0
LINE
8
BLACK
6
CONTINUOUS
10
141.9008149999999944
20
-72.4182419999999922
11
142.0566919999999982
21
-72.2623650000000026
0
LINE
8
BLACK
6
CONTINUOUS
10
142.0566919999999982
20
-72.2623650000000026
11
142.1862649999999917
21
-72.0840219999999903
0
LINE
8
BLACK
6
CONTINUOUS
10
142.1862649999999917
20
-72.0840219999999903
11
142.286344999999983
21
-71.887605999999991
0
LINE
8
BLACK
6
CONTINUOUS
10
142.286344999999983
20
-71.887605999999991
11
142.2863470000000063
21
-71.887599999999992
0
LINE
8
BLACK
6
CONTINUOUS
10
142.2863470000000063
20
-71.887599999999992
11
142.3187350000000038
21
-71.7879179999999906
0
LINE
8
BLACK
6
CONTINUOUS
10
142.3187350000000038
20
-71.7879179999999906
11
142.3322670000000016
21
-71.7462719999999905
0
LINE
8
BLACK
6
CONTINUOUS
10
142.3322670000000016
20
-71.7462719999999905
11
142.3322670000000016
21
-71.746270999999993
0
LINE
8
BLACK
6
CONTINUOUS
10
142.3322670000000016
20
-71.746270999999993
11
142.338105999999982
21
-71.7282989999999927
0
LINE
8
BLACK
6
CONTINUOUS
10
142.338105999999982
20
-71.7282989999999927
11
142.3544650000000047
21
-71.6779509999999931
0
LINE
8
BLACK
6
CONTINUOUS
10
142.3544650000000047
20
-71.6779509999999931
11
142.3889499999999941
21
-71.4602220000000017
0
LINE
8
BLACK
6
CONTINUOUS
10
142.3889499999999941
20
-71.4602220000000017
11
142.3889499999999941
21
-71.2397780000000012
0
LINE
8
BLACK
6
CONTINUOUS
10
142.3889499999999941
20
-71.2397780000000012
11
142.3544650000000047
21
-71.0220489999999955
0
LINE
8
BLACK
6
CONTINUOUS
10
142.3544650000000047
20
-71.0220489999999955
11
142.286344999999983
21
-70.8123939999999976
0
LINE
8
BLACK
6
CONTINUOUS
10
142.286344999999983
20
-70.8123939999999976
11
142.286344999999983
21
-70.8123930000000001
0
LINE
8
BLACK
6
CONTINUOUS
10
142.286344999999983
20
-70.8123930000000001
11
142.2439679999999953
21
-70.7292249999999996
0
LINE
8
BLACK
6
CONTINUOUS
10
142.2439679999999953
20
-70.7292249999999996
11
142.1862649999999917
21
-70.6159779999999984
0
LINE
8
BLACK
6
CONTINUOUS
10
142.1862649999999917
20
-70.6159779999999984
11
142.1447159999999883
21
-70.5587900000000019
0
LINE
8
BLACK
6
CONTINUOUS
10
142.1447159999999883
20
-70.5587900000000019
11
142.0566969999999856
21
-70.4376409999999993
0
LINE
8
BLACK
6
CONTINUOUS
10
142.0566969999999856
20
-70.4376409999999993
11
142.0566929999999957
21
-70.4376359999999977
0
LINE
8
BLACK
6
CONTINUOUS
10
142.0566929999999957
20
-70.4376359999999977
11
142.0065209999999922
21
-70.3874639999999943
0
LINE
8
BLACK
6
CONTINUOUS
10
142.0065209999999922
20
-70.3874639999999943
11
141.9730360000000076
21
-70.3261409999999927
0
LINE
8
BLACK
6
CONTINUOUS
10
141.9730360000000076
20
-70.3261409999999927
11
141.9780199999999866
21
-70.2564490000000035
0
LINE
8
BLACK
6
CONTINUOUS
10
141.9780199999999866
20
-70.2564490000000035
11
142.0198919999999987
21
-70.2005159999999933
0
LINE
8
BLACK
6
CONTINUOUS
10
142.0198919999999987
20
-70.2005159999999933
11
142.0508700000000033
21
-70.1836009999999959
0
LINE
8
BLACK
6
CONTINUOUS
10
142.0508700000000033
20
-70.1836009999999959
11
142.1307759999999973
21
-70.1537979999999948
0
LINE
8
BLACK
6
CONTINUOUS
10
142.1307759999999973
20
-70.1537979999999948
11
142.1307759999999973
21
-70.1537969999999973
0
LINE
8
BLACK
6
CONTINUOUS
10
142.1307759999999973
20
-70.1537969999999973
11
142.1307809999999847
21
-70.1537959999999998
0
LINE
8
BLACK
6
CONTINUOUS
10
142.1307809999999847
20
-70.1537959999999998
11
142.245995999999991
21
-70.067545999999993
0
LINE
8
BLACK
6
CONTINUOUS
10
142.245995999999991
20
-70.067545999999993
11
142.3322459999999978
21
-69.9523310000000009
0
LINE
8
BLACK
6
CONTINUOUS
10
142.3322459999999978
20
-69.9523310000000009
11
142.3494629999999859
21
-69.9061710000000005
0
LINE
8
BLACK
6
CONTINUOUS
10
142.3494629999999859
20
-69.9061710000000005
11
142.3494639999999833
21
-69.9061689999999913
0
LINE
8
BLACK
6
CONTINUOUS
10
142.3494639999999833
20
-69.9061689999999913
11
142.3825400000000059
21
-69.8174849999999907
0
LINE
8
BLACK
6
CONTINUOUS
10
142.3825400000000059
20
-69.8174849999999907
11
142.3825410000000034
21
-69.8174829999999957
0
LINE
8
BLACK
6
CONTINUOUS
10
142.3825410000000034
20
-69.8174829999999957
11
142.3825410000000034
21
-69.8174819999999983
0
LINE
8
BLACK
6
CONTINUOUS
10
142.3825410000000034
20
-69.8174819999999983
11
142.3889499999999941
21
-69.7578730000000036
0
LINE
8
BLACK
6
CONTINUOUS
10
142.3889499999999941
20
-69.7578730000000036
11
142.3889489999999967
21
-67.8621279999999985
0
LINE
8
BLACK
6
CONTINUOUS
10
142.3889489999999967
20
-67.8621279999999985
11
142.3825410000000034
21
-67.8025169999999946
0
LINE
8
BLACK
6
CONTINUOUS
10
142.3825410000000034
20
-67.8025169999999946
11
142.3322459999999978
21
-67.6676690000000036
0
LINE
8
BLACK
6
CONTINUOUS
10
142.3322459999999978
20
-67.6676690000000036
11
142.3322450000000003
21
-67.6676679999999919
0
LINE
8
BLACK
6
CONTINUOUS
10
142.3322450000000003
20
-67.6676679999999919
11
142.3322430000000054
21
-67.667664000000002
0
LINE
8
BLACK
6
CONTINUOUS
10
142.3322430000000054
20
-67.667664000000002
11
142.2459969999999885
21
-67.5524549999999948
0
LINE
8
BLACK
6
CONTINUOUS
10
142.2459969999999885
20
-67.5524549999999948
11
142.245993999999996
21
-67.5524520000000024
0
LINE
8
BLACK
6
CONTINUOUS
10
142.245993999999996
20
-67.5524520000000024
11
142.130785000000003
21
-67.4662059999999997
0
LINE
8
BLACK
6
CONTINUOUS
10
142.130785000000003
20
-67.4662059999999997
11
142.1307779999999923
21
-67.4662019999999956
0
LINE
8
BLACK
6
CONTINUOUS
10
142.1307779999999923
20
-67.4662019999999956
11
141.9959319999999821
21
-67.4159080000000017
0
LINE
8
BLACK
6
CONTINUOUS
10
141.9959319999999821
20
-67.4159080000000017
11
141.9959329999999795
21
-67.4159080000000017
0
LINE
8
BLACK
6
CONTINUOUS
10
141.9959329999999795
20
-67.4159080000000017
11
141.9363329999999905
21
-67.4095009999999917
0
LINE
8
BLACK
6
CONTINUOUS
10
141.9363329999999905
20
-67.4095009999999917
11
141.9363309999999956
21
-67.4094999999999942
0
LINE
8
BLACK
6
CONTINUOUS
10
141.9363309999999956
20
-67.4094999999999942
11
141.9363229999999874
21
-67.4094999999999942
0
LINE
8
BLACK
6
CONTINUOUS
10
141.9363229999999874
20
-67.4094999999999942
11
141.9363139999999817
21
-67.4094999999999942
0
LINE
8
BLACK
6
CONTINUOUS
10
141.9363139999999817
20
-67.4094999999999942
11
140.0405789999999797
21
-67.4094999999999942
0
LINE
8
BLACK
6
CONTINUOUS
10
140.0405789999999797
20
-67.4094999999999942
11
140.0405729999999949
21
-67.4095009999999917
0
LINE
8
BLACK
6
CONTINUOUS
10
140.0405729999999949
20
-67.4095009999999917
11
139.9809659999999951
21
-67.4159080000000017
0
LINE
8
BLACK
6
CONTINUOUS
10
139.9809659999999951
20
-67.4159080000000017
11
139.8461209999999824
21
-67.4662019999999956
0
LINE
8
BLACK
6
CONTINUOUS
10
139.8461209999999824
20
-67.4662019999999956
11
139.846114
21
-67.4662059999999997
0
LINE
8
BLACK
6
CONTINUOUS
10
139.846114
20
-67.4662059999999997
11
139.730905000000007
21
-67.5524520000000024
0
LINE
8
BLACK
6
CONTINUOUS
10
139.730905000000007
20
-67.5524520000000024
11
139.7309019999999862
21
-67.5524549999999948
0
LINE
8
BLACK
6
CONTINUOUS
10
139.7309019999999862
20
-67.5524549999999948
11
139.6446559999999977
21
-67.667664000000002
0
LINE
8
BLACK
6
CONTINUOUS
10
139.6446559999999977
20
-67.667664000000002
11
139.6446520000000078
21
-67.6676709999999986
0
LINE
8
BLACK
6
CONTINUOUS
10
139.6446520000000078
20
-67.6676709999999986
11
139.5943579999999997
21
-67.8025169999999946
0
LINE
8
BLACK
6
CONTINUOUS
10
139.5943579999999997
20
-67.8025169999999946
11
139.5879510000000039
21
-67.8621160000000003
0
LINE
8
BLACK
6
CONTINUOUS
10
139.5879510000000039
20
-67.8621160000000003
11
139.5879510000000039
21
-67.8621229999999969
0
LINE
8
BLACK
6
CONTINUOUS
10
139.5879510000000039
20
-67.8621229999999969
11
139.5879500000000064
21
-67.862134999999995
0
LINE
8
BLACK
6
CONTINUOUS
10
139.5879500000000064
20
-67.862134999999995
11
139.5879500000000064
21
-69.7578699999999969
0
LINE
8
BLACK
6
CONTINUOUS
10
123.8652319999999918
20
-69.9983189999999951
11
123.8652329999999893
21
-69.9983199999999925
0
LINE
8
BLACK
6
CONTINUOUS
10
123.8652329999999893
20
-69.9983199999999925
11
124.0932490000000001
21
-70.1854479999999938
0
LINE
8
BLACK
6
CONTINUOUS
10
124.0932490000000001
20
-70.1854479999999938
11
124.3955189999999931
21
-70.3874179999999967
0
LINE
8
BLACK
6
CONTINUOUS
10
124.3955189999999931
20
-70.3874179999999967
11
124.3955369999999903
21
-70.3874289999999974
0
LINE
8
BLACK
6
CONTINUOUS
10
124.3955369999999903
20
-70.3874289999999974
11
124.7161299999999926
21
-70.5587900000000019
0
LINE
8
BLACK
6
CONTINUOUS
10
124.7161299999999926
20
-70.5587900000000019
11
124.7161349999999942
21
-70.5587919999999968
0
LINE
8
BLACK
6
CONTINUOUS
10
124.7161349999999942
20
-70.5587919999999968
11
125.0520019999999874
21
-70.6979129999999998
0
LINE
8
BLACK
6
CONTINUOUS
10
125.0520019999999874
20
-70.6979129999999998
11
125.3998979999999932
21
-70.8034459999999939
0
LINE
8
BLACK
6
CONTINUOUS
10
125.3998979999999932
20
-70.8034459999999939
11
125.3999089999999939
21
-70.8034490000000005
0
LINE
8
BLACK
6
CONTINUOUS
10
125.3999089999999939
20
-70.8034490000000005
11
125.7564429999999902
21
-70.8743669999999923
0
LINE
8
BLACK
6
CONTINUOUS
10
125.7564429999999902
20
-70.8743669999999923
11
126.1182340000000011
21
-70.9099999999999966
0
LINE
8
BLACK
6
CONTINUOUS
10
126.1182340000000011
20
-70.9099999999999966
11
126.4817659999999933
21
-70.9099999999999966
0
LINE
8
BLACK
6
CONTINUOUS
10
126.4817659999999933
20
-70.9099999999999966
11
126.8435559999999924
21
-70.8743669999999923
0
LINE
8
BLACK
6
CONTINUOUS
10
126.8435559999999924
20
-70.8743669999999923
11
127.2000899999999888
21
-70.8034490000000005
0
LINE
8
BLACK
6
CONTINUOUS
10
127.2000899999999888
20
-70.8034490000000005
11
127.2001009999999894
21
-70.8034459999999939
0
LINE
8
BLACK
6
CONTINUOUS
10
127.2001009999999894
20
-70.8034459999999939
11
127.5479969999999952
21
-70.6979129999999998
0
LINE
8
BLACK
6
CONTINUOUS
10
127.5479969999999952
20
-70.6979129999999998
11
127.8838639999999884
21
-70.5587919999999968
0
LINE
8
BLACK
6
CONTINUOUS
10
127.8838639999999884
20
-70.5587919999999968
11
127.88386899999999
21
-70.5587900000000019
0
LINE
8
BLACK
6
CONTINUOUS
10
127.88386899999999
20
-70.5587900000000019
11
128.2044620000000066
21
-70.3874289999999974
0
LINE
8
BLACK
6
CONTINUOUS
10
128.2044620000000066
20
-70.3874289999999974
11
128.2044799999999896
21
-70.3874179999999967
0
LINE
8
BLACK
6
CONTINUOUS
10
128.2044799999999896
20
-70.3874179999999967
11
128.5067359999999894
21
-70.1854569999999995
0
LINE
8
BLACK
6
CONTINUOUS
10
128.5067359999999894
20
-70.1854569999999995
11
128.5067499999999825
21
-70.1854469999999964
0
LINE
8
BLACK
6
CONTINUOUS
10
128.5067499999999825
20
-70.1854469999999964
11
128.7347649999999817
21
-69.9983199999999925
0
LINE
8
BLACK
6
CONTINUOUS
10
128.7347649999999817
20
-69.9983199999999925
11
128.7347660000000076
21
-69.9983189999999951
0
LINE
8
BLACK
6
CONTINUOUS
10
128.7347660000000076
20
-69.9983189999999951
11
128.3767819999999915
21
-69.6403349999999932
0
LINE
8
BLACK
6
CONTINUOUS
10
128.3767819999999915
20
-69.6403349999999932
11
128.1517479999999978
21
-69.8197949999999992
0
LINE
8
BLACK
6
CONTINUOUS
10
128.1517479999999978
20
-69.8197949999999992
11
127.8478999999999957
21
-70.0107149999999905
0
LINE
8
BLACK
6
CONTINUOUS
10
127.8478999999999957
20
-70.0107149999999905
11
127.5245869999999968
21
-70.1664150000000006
0
LINE
8
BLACK
6
CONTINUOUS
10
127.5245869999999968
20
-70.1664150000000006
11
127.1858739999999983
21
-70.2849349999999902
0
LINE
8
BLACK
6
CONTINUOUS
10
127.1858739999999983
20
-70.2849349999999902
11
126.8360199999999907
21
-70.3647869999999926
0
LINE
8
BLACK
6
CONTINUOUS
10
126.8360199999999907
20
-70.3647869999999926
11
126.479424999999992
21
-70.4049660000000017
0
LINE
8
BLACK
6
CONTINUOUS
10
126.479424999999992
20
-70.4049660000000017
11
126.1205749999999881
21
-70.4049660000000017
0
LINE
8
BLACK
6
CONTINUOUS
10
126.1205749999999881
20
-70.4049660000000017
11
125.7639799999999894
21
-70.3647869999999926
0
LINE
8
BLACK
6
CONTINUOUS
10
125.7639799999999894
20
-70.3647869999999926
11
125.414125999999996
21
-70.2849349999999902
0
LINE
8
BLACK
6
CONTINUOUS
10
125.414125999999996
20
-70.2849349999999902
11
125.0754129999999975
21
-70.1664150000000006
0
LINE
8
BLACK
6
CONTINUOUS
10
125.0754129999999975
20
-70.1664150000000006
11
124.7520999999999987
21
-70.0107149999999905
0
LINE
8
BLACK
6
CONTINUOUS
10
124.7520999999999987
20
-70.0107149999999905
11
124.4482519999999965
21
-69.8197949999999992
0
LINE
8
BLACK
6
CONTINUOUS
10
124.4482519999999965
20
-69.8197949999999992
11
124.2232159999999936
21
-69.6403339999999957
0
LINE
8
BLACK
6
CONTINUOUS
10
124.2232159999999936
20
-69.6403339999999957
11
123.8652319999999918
21
-69.9983189999999951
0
LINE
8
BLACK
6
CONTINUOUS
10
146.3652319999999918
20
-69.9983189999999951
11
146.3652329999999893
21
-69.9983199999999925
0
LINE
8
BLACK
6
CONTINUOUS
10
146.3652329999999893
20
-69.9983199999999925
11
146.5932489999999859
21
-70.1854479999999938
0
LINE
8
BLACK
6
CONTINUOUS
10
146.5932489999999859
20
-70.1854479999999938
11
146.8955190000000073
21
-70.3874179999999967
0
LINE
8
BLACK
6
CONTINUOUS
10
146.8955190000000073
20
-70.3874179999999967
11
146.8955369999999903
21
-70.3874289999999974
0
LINE
8
BLACK
6
CONTINUOUS
10
146.8955369999999903
20
-70.3874289999999974
11
147.2161299999999926
21
-70.5587900000000019
0
LINE
8
BLACK
6
CONTINUOUS
10
147.2161299999999926
20
-70.5587900000000019
11
147.21613499999998
21
-70.5587919999999968
0
LINE
8
BLACK
6
CONTINUOUS
10
147.21613499999998
20
-70.5587919999999968
11
147.5520019999999874
21
-70.6979129999999998
0
LINE
8
BLACK
6
CONTINUOUS
10
147.5520019999999874
20
-70.6979129999999998
11
147.8998980000000074
21
-70.8034459999999939
0
LINE
8
BLACK
6
CONTINUOUS
10
147.8998980000000074
20
-70.8034459999999939
11
147.8999089999999796
21
-70.8034490000000005
0
LINE
8
BLACK
6
CONTINUOUS
10
147.8999089999999796
20
-70.8034490000000005
11
148.2564429999999902
21
-70.8743669999999923
0
LINE
8
BLACK
6
CONTINUOUS
10
148.2564429999999902
20
-70.8743669999999923
11
148.6182340000000011
21
-70.9099999999999966
0
LINE
8
BLACK
6
CONTINUOUS
10
148.6182340000000011
20
-70.9099999999999966
11
148.9817659999999933
21
-70.9099999999999966
0
LINE
8
BLACK
6
CONTINUOUS
10
148.9817659999999933
20
-70.9099999999999966
11
149.3435560000000066
21
-70.8743669999999923
0
LINE
8
BLACK
6
CONTINUOUS
10
149.3435560000000066
20
-70.8743669999999923
11
149.7000899999999888
21
-70.8034490000000005
0
LINE
8
BLACK
6
CONTINUOUS
10
149.7000899999999888
20
-70.8034490000000005
11
149.7001009999999894
21
-70.8034459999999939
0
LINE
8
BLACK
6
CONTINUOUS
10
149.7001009999999894
20
-70.8034459999999939
11
150.047996999999981
21
-70.6979129999999998
0
LINE
8
BLACK
6
CONTINUOUS
10
150.047996999999981
20
-70.6979129999999998
11
150.3838639999999884
21
-70.5587919999999968
0
LINE
8
BLACK
6
CONTINUOUS
10
150.3838639999999884
20
-70.5587919999999968
11
150.3838690000000042
21
-70.5587900000000019
0
LINE
8
BLACK
6
CONTINUOUS
10
150.3838690000000042
20
-70.5587900000000019
11
150.7044620000000066
21
-70.3874289999999974
0
LINE
8
BLACK
6
CONTINUOUS
10
150.7044620000000066
20
-70.3874289999999974
11
150.7044799999999896
21
-70.3874179999999967
0
LINE
8
BLACK
6
CONTINUOUS
10
150.7044799999999896
20
-70.3874179999999967
11
151.0067359999999894
21
-70.1854569999999995
0
LINE
8
BLACK
6
CONTINUOUS
10
151.0067359999999894
20
-70.1854569999999995
11
151.0067499999999825
21
-70.1854469999999964
0
LINE
8
BLACK
6
CONTINUOUS
10
151.0067499999999825
20
-70.1854469999999964
11
151.2347649999999817
21
-69.9983199999999925
0
LINE
8
BLACK
6
CONTINUOUS
10
151.2347649999999817
20
-69.9983199999999925
11
151.2347659999999792
21
-69.9983189999999951
0
LINE
8
BLACK
6
CONTINUOUS
10
151.2347659999999792
20
-69.9983189999999951
11
150.8767819999999915
21
-69.6403349999999932
0
LINE
8
BLACK
6
CONTINUOUS
10
150.8767819999999915
20
-69.6403349999999932
11
150.6517479999999978
21
-69.8197949999999992
0
LINE
8
BLACK
6
CONTINUOUS
10
150.6517479999999978
20
-69.8197949999999992
11
150.3478999999999814
21
-70.0107149999999905
0
LINE
8
BLACK
6
CONTINUOUS
10
150.3478999999999814
20
-70.0107149999999905
11
150.0245869999999968
21
-70.1664150000000006
0
LINE
8
BLACK
6
CONTINUOUS
10
150.0245869999999968
20
-70.1664150000000006
11
149.6858739999999841
21
-70.2849349999999902
0
LINE
8
BLACK
6
CONTINUOUS
10
149.6858739999999841
20
-70.2849349999999902
11
149.3360199999999907
21
-70.3647869999999926
0
LINE
8
BLACK
6
CONTINUOUS
10
149.3360199999999907
20
-70.3647869999999926
11
148.979424999999992
21
-70.4049660000000017
0
LINE
8
BLACK
6
CONTINUOUS
10
148.979424999999992
20
-70.4049660000000017
11
148.6205750000000023
21
-70.4049660000000017
0
LINE
8
BLACK
6
CONTINUOUS
10
148.6205750000000023
20
-70.4049660000000017
11
148.2639800000000037
21
-70.3647869999999926
0
LINE
8
BLACK
6
CONTINUOUS
10
148.2639800000000037
20
-70.3647869999999926
11
147.9141259999999818
21
-70.2849349999999902
0
LINE
8
BLACK
6
CONTINUOUS
10
147.9141259999999818
20
-70.2849349999999902
11
147.5754129999999975
21
-70.1664150000000006
0
LINE
8
BLACK
6
CONTINUOUS
10
147.5754129999999975
20
-70.1664150000000006
11
147.2520999999999844
21
-70.0107149999999905
0
LINE
8
BLACK
6
CONTINUOUS
10
147.2520999999999844
20
-70.0107149999999905
11
146.9482519999999965
21
-69.8197949999999992
0
LINE
8
BLACK
6
CONTINUOUS
10
146.9482519999999965
20
-69.8197949999999992
11
146.7232159999999794
21
-69.6403339999999957
0
LINE
8
BLACK
6
CONTINUOUS
10
146.7232159999999794
20
-69.6403339999999957
11
146.3652319999999918
21
-69.9983189999999951
0
LINE
8
BLACK
6
CONTINUOUS
10
128.7303339999999992
20
-65.1332159999999902
11
128.9097950000000026
21
-65.3582519999999931
0
LINE
8
BLACK
6
CONTINUOUS
10
128.9097950000000026
20
-65.3582519999999931
11
129.1007150000000081
21
-65.6620999999999952
0
LINE
8
BLACK
6
CONTINUOUS
10
129.1007150000000081
20
-65.6620999999999952
11
129.2564150000000041
21
-65.9854129999999941
0
LINE
8
BLACK
6
CONTINUOUS
10
129.2564150000000041
20
-65.9854129999999941
11
129.3749349999999936
21
-66.3241259999999926
0
LINE
8
BLACK
6
CONTINUOUS
10
129.3749349999999936
20
-66.3241259999999926
11
129.4547869999999818
21
-66.6739800000000002
0
LINE
8
BLACK
6
CONTINUOUS
10
129.4547869999999818
20
-66.6739800000000002
11
129.4949660000000051
21
-67.0305749999999989
0
LINE
8
BLACK
6
CONTINUOUS
10
129.4949660000000051
20
-67.0305749999999989
11
129.4949660000000051
21
-67.3894250000000028
0
LINE
8
BLACK
6
CONTINUOUS
10
129.4949660000000051
20
-67.3894250000000028
11
129.4547869999999818
21
-67.7460200000000015
0
LINE
8
BLACK
6
CONTINUOUS
10
129.4547869999999818
20
-67.7460200000000015
11
129.3749349999999936
21
-68.0958739999999949
0
LINE
8
BLACK
6
CONTINUOUS
10
129.3749349999999936
20
-68.0958739999999949
11
129.2564150000000041
21
-68.4345869999999934
0
LINE
8
BLACK
6
CONTINUOUS
10
129.2564150000000041
20
-68.4345869999999934
11
129.1007150000000081
21
-68.7578999999999922
0
LINE
8
BLACK
6
CONTINUOUS
10
129.1007150000000081
20
-68.7578999999999922
11
128.9097950000000026
21
-69.0617479999999944
0
LINE
8
BLACK
6
CONTINUOUS
10
128.9097950000000026
20
-69.0617479999999944
11
128.7303349999999966
21
-69.2867820000000023
0
LINE
8
BLACK
6
CONTINUOUS
10
128.7303349999999966
20
-69.2867820000000023
11
129.0883189999999843
21
-69.64476599999999
0
LINE
8
BLACK
6
CONTINUOUS
10
129.0883189999999843
20
-69.64476599999999
11
129.0883199999999817
21
-69.6447649999999925
0
LINE
8
BLACK
6
CONTINUOUS
10
129.0883199999999817
20
-69.6447649999999925
11
129.2754469999999856
21
-69.4167499999999933
0
LINE
8
BLACK
6
CONTINUOUS
10
129.2754469999999856
20
-69.4167499999999933
11
129.2754569999999887
21
-69.4167360000000002
0
LINE
8
BLACK
6
CONTINUOUS
10
129.2754569999999887
20
-69.4167360000000002
11
129.4774180000000001
21
-69.1144800000000004
0
LINE
8
BLACK
6
CONTINUOUS
10
129.4774180000000001
20
-69.1144800000000004
11
129.4774290000000008
21
-69.1144620000000032
0
LINE
8
BLACK
6
CONTINUOUS
10
129.4774290000000008
20
-69.1144620000000032
11
129.6487899999999911
21
-68.7938690000000008
0
LINE
8
BLACK
6
CONTINUOUS
10
129.6487899999999911
20
-68.7938690000000008
11
129.648791999999986
21
-68.7938639999999992
0
LINE
8
BLACK
6
CONTINUOUS
10
129.648791999999986
20
-68.7938639999999992
11
129.7879130000000032
21
-68.4579969999999918
0
LINE
8
BLACK
6
CONTINUOUS
10
129.7879130000000032
20
-68.4579969999999918
11
129.8934459999999831
21
-68.1101010000000002
0
LINE
8
BLACK
6
CONTINUOUS
10
129.8934459999999831
20
-68.1101010000000002
11
129.8934490000000039
21
-68.1100899999999996
0
LINE
8
BLACK
6
CONTINUOUS
10
129.8934490000000039
20
-68.1100899999999996
11
129.9643669999999815
21
-67.7535560000000032
0
LINE
8
BLACK
6
CONTINUOUS
10
129.9643669999999815
20
-67.7535560000000032
11
130.
21
-67.3917649999999924
0
LINE
8
BLACK
6
CONTINUOUS
10
130.
20
-67.3917649999999924
11
130.
21
-67.0282339999999976
0
LINE
8
BLACK
6
CONTINUOUS
10
130.
20
-67.0282339999999976
11
129.9643669999999815
21
-66.666443000000001
0
LINE
8
BLACK
6
CONTINUOUS
10
129.9643669999999815
20
-66.666443000000001
11
129.8934490000000039
21
-66.3099089999999904
0
LINE
8
BLACK
6
CONTINUOUS
10
129.8934490000000039
20
-66.3099089999999904
11
129.8934459999999831
21
-66.309898000000004
0
LINE
8
BLACK
6
CONTINUOUS
10
129.8934459999999831
20
-66.309898000000004
11
129.7879130000000032
21
-65.9620019999999982
0
LINE
8
BLACK
6
CONTINUOUS
10
129.7879130000000032
20
-65.9620019999999982
11
129.648791999999986
21
-65.6261349999999908
0
LINE
8
BLACK
6
CONTINUOUS
10
129.648791999999986
20
-65.6261349999999908
11
129.6487899999999911
21
-65.6261300000000034
0
LINE
8
BLACK
6
CONTINUOUS
10
129.6487899999999911
20
-65.6261300000000034
11
129.4774290000000008
21
-65.3055370000000011
0
LINE
8
BLACK
6
CONTINUOUS
10
129.4774290000000008
20
-65.3055370000000011
11
129.4774180000000001
21
-65.3055190000000039
0
LINE
8
BLACK
6
CONTINUOUS
10
129.4774180000000001
20
-65.3055190000000039
11
129.275447999999983
21
-65.0032489999999967
0
LINE
8
BLACK
6
CONTINUOUS
10
129.275447999999983
20
-65.0032489999999967
11
129.0883199999999817
21
-64.7752330000000001
0
LINE
8
BLACK
6
CONTINUOUS
10
129.0883199999999817
20
-64.7752330000000001
11
129.0883189999999843
21
-64.7752320000000026
0
LINE
8
BLACK
6
CONTINUOUS
10
129.0883189999999843
20
-64.7752320000000026
11
128.7303339999999992
21
-65.1332159999999902
0
LINE
8
BLACK
6
CONTINUOUS
10
151.2303339999999992
20
-65.1332159999999902
11
151.4097950000000026
21
-65.3582519999999931
0
LINE
8
BLACK
6
CONTINUOUS
10
151.4097950000000026
20
-65.3582519999999931
11
151.6007149999999797
21
-65.6620999999999952
0
LINE
8
BLACK
6
CONTINUOUS
10
151.6007149999999797
20
-65.6620999999999952
11
151.7564150000000041
21
-65.9854129999999941
0
LINE
8
BLACK
6
CONTINUOUS
10
151.7564150000000041
20
-65.9854129999999941
11
151.8749349999999936
21
-66.3241259999999926
0
LINE
8
BLACK
6
CONTINUOUS
10
151.8749349999999936
20
-66.3241259999999926
11
151.9547869999999818
21
-66.6739800000000002
0
LINE
8
BLACK
6
CONTINUOUS
10
151.9547869999999818
20
-66.6739800000000002
11
151.9949660000000051
21
-67.0305749999999989
0
LINE
8
BLACK
6
CONTINUOUS
10
151.9949660000000051
20
-67.0305749999999989
11
151.9949660000000051
21
-67.3894250000000028
0
LINE
8
BLACK
6
CONTINUOUS
10
151.9949660000000051
20
-67.3894250000000028
11
151.9547869999999818
21
-67.7460200000000015
0
LINE
8
BLACK
6
CONTINUOUS
10
151.9547869999999818
20
-67.7460200000000015
11
151.8749349999999936
21
-68.0958739999999949
0
LINE
8
BLACK
6
CONTINUOUS
10
151.8749349999999936
20
-68.0958739999999949
11
151.7564150000000041
21
-68.4345869999999934
0
LINE
8
BLACK
6
CONTINUOUS
10
151.7564150000000041
20
-68.4345869999999934
11
151.6007149999999797
21
-68.7578999999999922
0
LINE
8
BLACK
6
CONTINUOUS
10
151.6007149999999797
20
-68.7578999999999922
11
151.4097950000000026
21
-69.0617479999999944
0
LINE
8
BLACK
6
CONTINUOUS
10
151.4097950000000026
20
-69.0617479999999944
11
151.2303349999999966
21
-69.2867820000000023
0
LINE
8
BLACK
6
CONTINUOUS
10
151.2303349999999966
20
-69.2867820000000023
11
151.5883189999999843
21
-69.64476599999999
0
LINE
8
BLACK
6
CONTINUOUS
10
151.5883189999999843
20
-69.64476599999999
11
151.5883199999999817
21
-69.6447649999999925
0
LINE
8
BLACK
6
CONTINUOUS
10
151.5883199999999817
20
-69.6447649999999925
11
151.7754469999999856
21
-69.4167499999999933
0
LINE
8
BLACK
6
CONTINUOUS
10
151.7754469999999856
20
-69.4167499999999933
11
151.7754569999999887
21
-69.4167360000000002
0
LINE
8
BLACK
6
CONTINUOUS
10
151.7754569999999887
20
-69.4167360000000002
11
151.9774180000000001
21
-69.1144800000000004
0
LINE
8
BLACK
6
CONTINUOUS
10
151.9774180000000001
20
-69.1144800000000004
11
151.9774290000000008
21
-69.1144620000000032
0
LINE
8
BLACK
6
CONTINUOUS
10
151.9774290000000008
20
-69.1144620000000032
11
152.1487899999999911
21
-68.7938690000000008
0
LINE
8
BLACK
6
CONTINUOUS
10
152.1487899999999911
20
-68.7938690000000008
11
152.148791999999986
21
-68.7938639999999992
0
LINE
8
BLACK
6
CONTINUOUS
10
152.148791999999986
20
-68.7938639999999992
11
152.2879130000000032
21
-68.4579969999999918
0
LINE
8
BLACK
6
CONTINUOUS
10
152.2879130000000032
20
-68.4579969999999918
11
152.3934459999999831
21
-68.1101010000000002
0
LINE
8
BLACK
6
CONTINUOUS
10
152.3934459999999831
20
-68.1101010000000002
11
152.3934490000000039
21
-68.1100899999999996
0
LINE
8
BLACK
6
CONTINUOUS
10
152.3934490000000039
20
-68.1100899999999996
11
152.4643669999999815
21
-67.7535560000000032
0
LINE
8
BLACK
6
CONTINUOUS
10
152.4643669999999815
20
-67.7535560000000032
11
152.5
21
-67.3917649999999924
0
LINE
8
BLACK
6
CONTINUOUS
10
152.5
20
-67.3917649999999924
11
152.5
21
-67.0282339999999976
0
LINE
8
BLACK
6
CONTINUOUS
10
152.5
20
-67.0282339999999976
11
152.4643669999999815
21
-66.666443000000001
0
LINE
8
BLACK
6
CONTINUOUS
10
152.4643669999999815
20
-66.666443000000001
11
152.3934490000000039
21
-66.3099089999999904
0
LINE
8
BLACK
6
CONTINUOUS
10
152.3934490000000039
20
-66.3099089999999904
11
152.3934459999999831
21
-66.309898000000004
0
LINE
8
BLACK
6
CONTINUOUS
10
152.3934459999999831
20
-66.309898000000004
11
152.2879130000000032
21
-65.9620019999999982
0
LINE
8
BLACK
6
CONTINUOUS
10
152.2879130000000032
20
-65.9620019999999982
11
152.148791999999986
21
-65.6261349999999908
0
LINE
8
BLACK
6
CONTINUOUS
10
152.148791999999986
20
-65.6261349999999908
11
152.1487899999999911
21
-65.6261300000000034
0
LINE
8
BLACK
6
CONTINUOUS
10
152.1487899999999911
20
-65.6261300000000034
11
151.9774290000000008
21
-65.3055370000000011
0
LINE
8
BLACK
6
CONTINUOUS
10
151.9774290000000008
20
-65.3055370000000011
11
151.9774180000000001
21
-65.3055190000000039
0
LINE
8
BLACK
6
CONTINUOUS
10
151.9774180000000001
20
-65.3055190000000039
11
151.775447999999983
21
-65.0032489999999967
0
LINE
8
BLACK
6
CONTINUOUS
10
151.775447999999983
20
-65.0032489999999967
11
151.5883199999999817
21
-64.7752330000000001
0
LINE
8
BLACK
6
CONTINUOUS
10
151.5883199999999817
20
-64.7752330000000001
11
151.5883189999999843
21
-64.7752320000000026
0
LINE
8
BLACK
6
CONTINUOUS
10
151.5883189999999843
20
-64.7752320000000026
11
151.2303339999999992
21
-65.1332159999999902
0
LINE
8
BLACK
6
CONTINUOUS
10
125.7564429999999902
20
-63.5456319999999977
11
125.3999089999999939
21
-63.6165499999999966
0
LINE
8
BLACK
6
CONTINUOUS
10
125.3999089999999939
20
-63.6165499999999966
11
125.3998979999999932
21
-63.6165529999999961
0
LINE
8
BLACK
6
CONTINUOUS
10
125.3998979999999932
20
-63.6165529999999961
11
125.0520019999999874
21
-63.7220859999999973
0
LINE
8
BLACK
6
CONTINUOUS
10
125.0520019999999874
20
-63.7220859999999973
11
124.7161349999999942
21
-63.8612070000000003
0
LINE
8
BLACK
6
CONTINUOUS
10
124.7161349999999942
20
-63.8612070000000003
11
124.7161299999999926
21
-63.8612089999999952
0
LINE
8
BLACK
6
CONTINUOUS
10
124.7161299999999926
20
-63.8612089999999952
11
124.3955369999999903
21
-64.0325699999999927
0
LINE
8
BLACK
6
CONTINUOUS
10
124.3955369999999903
20
-64.0325699999999927
11
124.3955189999999931
21
-64.0325809999999933
0
LINE
8
BLACK
6
CONTINUOUS
10
124.3955189999999931
20
-64.0325809999999933
11
124.0932579999999916
21
-64.2345449999999971
0
LINE
8
BLACK
6
CONTINUOUS
10
124.0932579999999916
20
-64.2345449999999971
11
124.0932539999999875
21
-64.2345480000000038
0
LINE
8
BLACK
6
CONTINUOUS
10
124.0932539999999875
20
-64.2345480000000038
11
123.8652329999999893
21
-64.4216789999999975
0
LINE
8
BLACK
6
CONTINUOUS
10
123.8652329999999893
20
-64.4216789999999975
11
123.8652329999999893
21
-64.4216799999999949
0
LINE
8
BLACK
6
CONTINUOUS
10
123.8652329999999893
20
-64.4216799999999949
11
124.2232169999999911
21
-64.7796639999999968
0
LINE
8
BLACK
6
CONTINUOUS
10
124.2232169999999911
20
-64.7796639999999968
11
124.4482519999999965
21
-64.6002050000000025
0
LINE
8
BLACK
6
CONTINUOUS
10
124.4482519999999965
20
-64.6002050000000025
11
124.7520999999999987
21
-64.409284999999997
0
LINE
8
BLACK
6
CONTINUOUS
10
124.7520999999999987
20
-64.409284999999997
11
125.0754129999999975
21
-64.2535850000000011
0
LINE
8
BLACK
6
CONTINUOUS
10
125.0754129999999975
20
-64.2535850000000011
11
125.414125999999996
21
-64.1350649999999973
0
LINE
8
BLACK
6
CONTINUOUS
10
125.414125999999996
20
-64.1350649999999973
11
125.7639799999999894
21
-64.0552129999999948
0
LINE
8
BLACK
6
CONTINUOUS
10
125.7639799999999894
20
-64.0552129999999948
11
126.1205749999999881
21
-64.015034
0
LINE
8
BLACK
6
CONTINUOUS
10
126.1205749999999881
20
-64.015034
11
126.479424999999992
21
-64.015034
0
LINE
8
BLACK
6
CONTINUOUS
10
126.479424999999992
20
-64.015034
11
126.8360199999999907
21
-64.0552129999999948
0
LINE
8
BLACK
6
CONTINUOUS
10
126.8360199999999907
20
-64.0552129999999948
11
127.1858739999999983
21
-64.1350649999999973
0
LINE
8
BLACK
6
CONTINUOUS
10
127.1858739999999983
20
-64.1350649999999973
11
127.5245869999999968
21
-64.2535850000000011
0
LINE
8
BLACK
6
CONTINUOUS
10
127.5245869999999968
20
-64.2535850000000011
11
127.8478999999999957
21
-64.409284999999997
0
LINE
8
BLACK
6
CONTINUOUS
10
127.8478999999999957
20
-64.409284999999997
11
128.1517479999999978
21
-64.6002050000000025
0
LINE
8
BLACK
6
CONTINUOUS
10
128.1517479999999978
20
-64.6002050000000025
11
128.376780999999994
21
-64.7796629999999993
0
LINE
8
BLACK
6
CONTINUOUS
10
128.376780999999994
20
-64.7796629999999993
11
128.7347660000000076
21
-64.4216789999999975
0
LINE
8
BLACK
6
CONTINUOUS
10
128.7347660000000076
20
-64.4216789999999975
11
128.7347649999999817
21
-64.421678
0
LINE
8
BLACK
6
CONTINUOUS
10
128.7347649999999817
20
-64.421678
11
128.5067499999999825
21
-64.2345509999999962
0
LINE
8
BLACK
6
CONTINUOUS
10
128.5067499999999825
20
-64.2345509999999962
11
128.2044799999999896
21
-64.0325809999999933
0
LINE
8
BLACK
6
CONTINUOUS
10
128.2044799999999896
20
-64.0325809999999933
11
128.2044620000000066
21
-64.0325699999999927
0
LINE
8
BLACK
6
CONTINUOUS
10
128.2044620000000066
20
-64.0325699999999927
11
127.88386899999999
21
-63.8612089999999952
0
LINE
8
BLACK
6
CONTINUOUS
10
127.88386899999999
20
-63.8612089999999952
11
127.8838639999999884
21
-63.8612070000000003
0
LINE
8
BLACK
6
CONTINUOUS
10
127.8838639999999884
20
-63.8612070000000003
11
127.5479969999999952
21
-63.7220859999999973
0
LINE
8
BLACK
6
CONTINUOUS
10
127.5479969999999952
20
-63.7220859999999973
11
127.2001009999999894
21
-63.6165529999999961
0
LINE
8
BLACK
6
CONTINUOUS
10
127.2001009999999894
20
-63.6165529999999961
11
127.2000899999999888
21
-63.6165499999999966
0
LINE
8
BLACK
6
CONTINUOUS
10
127.2000899999999888
20
-63.6165499999999966
11
126.8435559999999924
21
-63.5456319999999977
0
LINE
8
BLACK
6
CONTINUOUS
10
126.8435559999999924
20
-63.5456319999999977
11
126.4817659999999933
21
-63.509999999999998
0
LINE
8
BLACK
6
CONTINUOUS
10
126.4817659999999933
20
-63.509999999999998
11
126.1182340000000011
21
-63.509999999999998
0
LINE
8
BLACK
6
CONTINUOUS
10
126.1182340000000011
20
-63.509999999999998
11
125.7564429999999902
21
-63.5456319999999977
0
LINE
8
BLACK
6
CONTINUOUS
10
148.2564429999999902
20
-63.5456319999999977
11
147.8999089999999796
21
-63.6165499999999966
0
LINE
8
BLACK
6
CONTINUOUS
10
147.8999089999999796
20
-63.6165499999999966
11
147.8998980000000074
21
-63.6165529999999961
0
LINE
8
BLACK
6
CONTINUOUS
10
147.8998980000000074
20
-63.6165529999999961
11
147.5520019999999874
21
-63.7220859999999973
0
LINE
8
BLACK
6
CONTINUOUS
10
147.5520019999999874
20
-63.7220859999999973
11
147.21613499999998
21
-63.8612070000000003
0
LINE
8
BLACK
6
CONTINUOUS
10
147.21613499999998
20
-63.8612070000000003
11
147.2161299999999926
21
-63.8612089999999952
0
LINE
8
BLACK
6
CONTINUOUS
10
147.2161299999999926
20
-63.8612089999999952
11
146.8955369999999903
21
-64.0325699999999927
0
LINE
8
BLACK
6
CONTINUOUS
10
146.8955369999999903
20
-64.0325699999999927
11
146.8955190000000073
21
-64.0325809999999933
0
LINE
8
BLACK
6
CONTINUOUS
10
146.8955190000000073
20
-64.0325809999999933
11
146.5932579999999916
21
-64.2345449999999971
0
LINE
8
BLACK
6
CONTINUOUS
10
146.5932579999999916
20
-64.2345449999999971
11
146.5932540000000017
21
-64.2345480000000038
0
LINE
8
BLACK
6
CONTINUOUS
10
146.5932540000000017
20
-64.2345480000000038
11
146.3652329999999893
21
-64.4216789999999975
0
LINE
8
BLACK
6
CONTINUOUS
10
146.3652329999999893
20
-64.4216789999999975
11
146.3652329999999893
21
-64.4216799999999949
0
LINE
8
BLACK
6
CONTINUOUS
10
146.3652329999999893
20
-64.4216799999999949
11
146.7232170000000053
21
-64.7796639999999968
0
LINE
8
BLACK
6
CONTINUOUS
10
146.7232170000000053
20
-64.7796639999999968
11
146.9482519999999965
21
-64.6002050000000025
0
LINE
8
BLACK
6
CONTINUOUS
10
146.9482519999999965
20
-64.6002050000000025
11
147.2520999999999844
21
-64.409284999999997
0
LINE
8
BLACK
6
CONTINUOUS
10
147.2520999999999844
20
-64.409284999999997
11
147.5754129999999975
21
-64.2535850000000011
0
LINE
8
BLACK
6
CONTINUOUS
10
147.5754129999999975
20
-64.2535850000000011
11
147.9141259999999818
21
-64.1350649999999973
0
LINE
8
BLACK
6
CONTINUOUS
10
147.9141259999999818
20
-64.1350649999999973
11
148.2639800000000037
21
-64.0552129999999948
0
LINE
8
BLACK
6
CONTINUOUS
10
148.2639800000000037
20
-64.0552129999999948
11
148.6205750000000023
21
-64.015034
0
LINE
8
BLACK
6
CONTINUOUS
10
148.6205750000000023
20
-64.015034
11
148.979424999999992
21
-64.015034
0
LINE
8
BLACK
6
CONTINUOUS
10
148.979424999999992
20
-64.015034
11
149.3360199999999907
21
-64.0552129999999948
0
LINE
8
BLACK
6
CONTINUOUS
10
149.3360199999999907
20
-64.0552129999999948
11
149.6858739999999841
21
-64.1350649999999973
0
LINE
8
BLACK
6
CONTINUOUS
10
149.6858739999999841
20
-64.1350649999999973
11
150.0245869999999968
21
-64.2535850000000011
0
LINE
8
BLACK
6
CONTINUOUS
10
150.0245869999999968
20
-64.2535850000000011
11
150.3478999999999814
21
-64.409284999999997
0
LINE
8
BLACK
6
CONTINUOUS
10
150.3478999999999814
20
-64.409284999999997
11
150.6517479999999978
21
-64.6002050000000025
0
LINE
8
BLACK
6
CONTINUOUS
10
150.6517479999999978
20
-64.6002050000000025
11
150.876780999999994
21
-64.7796629999999993
0
LINE
8
BLACK
6
CONTINUOUS
10
150.876780999999994
20
-64.7796629999999993
11
151.2347659999999792
21
-64.4216789999999975
0
LINE
8
BLACK
6
CONTINUOUS
10
151.2347659999999792
20
-64.4216789999999975
11
151.2347649999999817
21
-64.421678
0
LINE
8
BLACK
6
CONTINUOUS
10
151.2347649999999817
20
-64.421678
11
151.0067499999999825
21
-64.2345509999999962
0
LINE
8
BLACK
6
CONTINUOUS
10
151.0067499999999825
20
-64.2345509999999962
11
150.7044799999999896
21
-64.0325809999999933
0
LINE
8
BLACK
6
CONTINUOUS
10
150.7044799999999896
20
-64.0325809999999933
11
150.7044620000000066
21
-64.0325699999999927
0
LINE
8
BLACK
6
CONTINUOUS
10
150.7044620000000066
20
-64.0325699999999927
11
150.3838690000000042
21
-63.8612089999999952
0
LINE
8
BLACK
6
CONTINUOUS
10
150.3838690000000042
20
-63.8612089999999952
11
150.3838639999999884
21
-63.8612070000000003
0
LINE
8
BLACK
6
CONTINUOUS
10
150.3838639999999884
20
-63.8612070000000003
11
150.047996999999981
21
-63.7220859999999973
0
LINE
8
BLACK
6
CONTINUOUS
10
150.047996999999981
20
-63.7220859999999973
11
149.7001009999999894
21
-63.6165529999999961
0
LINE
8
BLACK
6
CONTINUOUS
10
149.7001009999999894
20
-63.6165529999999961
11
149.7000899999999888
21
-63.6165499999999966
0
LINE
8
BLACK
6
CONTINUOUS
10
149.7000899999999888
20
-63.6165499999999966
11
149.3435560000000066
21
-63.5456319999999977
0
LINE
8
BLACK
6
CONTINUOUS
10
149.3435560000000066
20
-63.5456319999999977
11
148.9817659999999933
21
-63.509999999999998
0
LINE
8
BLACK
6
CONTINUOUS
10
148.9817659999999933
20
-63.509999999999998
11
148.6182340000000011
21
-63.509999999999998
0
LINE
8
BLACK
6
CONTINUOUS
10
148.6182340000000011
20
-63.509999999999998
11
148.2564429999999902
21
-63.5456319999999977
0
LINE
8
BLACK
6
CONTINUOUS
10
132.3649999999999807
20
-116.9249999999999972
11
132.8649999999999807
21
-116.9249999999999972
0
LINE
8
BLACK
6
CONTINUOUS
10
132.8649999999999807
20
-116.9249999999999972
11
132.8649999999999807
21
-116.875
0
LINE
8
BLACK
6
CONTINUOUS
10
132.8649999999999807
20
-116.875
11
132.869704999999982
21
-116.8032109999999903
0
LINE
8
BLACK
6
CONTINUOUS
10
132.869704999999982
20
-116.8032109999999903
11
132.9068660000000079
21
-116.6645240000000001
0
LINE
8
BLACK
6
CONTINUOUS
10
132.9068660000000079
20
-116.6645240000000001
11
132.9786560000000009
21
-116.5401809999999898
0
LINE
8
BLACK
6
CONTINUOUS
10
132.9786560000000009
20
-116.5401809999999898
11
133.0801809999999819
21
-116.4386559999999946
0
LINE
8
BLACK
6
CONTINUOUS
10
133.0801809999999819
20
-116.4386559999999946
11
133.164999999999992
21
-116.3896850000000001
0
LINE
8
BLACK
6
CONTINUOUS
10
133.164999999999992
20
-116.3896850000000001
11
133.164999999999992
21
-115.854155999999989
0
LINE
8
BLACK
6
CONTINUOUS
10
133.164999999999992
20
-115.854155999999989
11
133.1649989999999946
21
-115.8541549999999916
0
LINE
8
BLACK
6
CONTINUOUS
10
133.1649989999999946
20
-115.8541549999999916
11
133.1087320000000034
21
-115.8653469999999999
0
LINE
8
BLACK
6
CONTINUOUS
10
133.1087320000000034
20
-115.8653469999999999
11
133.1087269999999876
21
-115.8653489999999948
0
LINE
8
BLACK
6
CONTINUOUS
10
133.1087269999999876
20
-115.8653489999999948
11
132.9176410000000033
21
-115.9444999999999908
0
LINE
8
BLACK
6
CONTINUOUS
10
132.9176410000000033
20
-115.9444999999999908
11
132.9176310000000001
21
-115.9445049999999924
0
LINE
8
BLACK
6
CONTINUOUS
10
132.9176310000000001
20
-115.9445049999999924
11
132.745664000000005
21
-116.0594099999999997
0
LINE
8
BLACK
6
CONTINUOUS
10
132.745664000000005
20
-116.0594099999999997
11
132.7456599999999867
21
-116.0594129999999922
0
LINE
8
BLACK
6
CONTINUOUS
10
132.7456599999999867
20
-116.0594129999999922
11
132.5994129999999984
21
-116.2056599999999946
0
LINE
8
BLACK
6
CONTINUOUS
10
132.5994129999999984
20
-116.2056599999999946
11
132.599410000000006
21
-116.2056639999999987
0
LINE
8
BLACK
6
CONTINUOUS
10
132.599410000000006
20
-116.2056639999999987
11
132.4845049999999844
21
-116.3776309999999938
0
LINE
8
BLACK
6
CONTINUOUS
10
132.4845049999999844
20
-116.3776309999999938
11
132.484499999999997
21
-116.377640999999997
0
LINE
8
BLACK
6
CONTINUOUS
10
132.484499999999997
20
-116.377640999999997
11
132.4053499999999985
21
-116.5687250000000006
0
LINE
8
BLACK
6
CONTINUOUS
10
132.4053499999999985
20
-116.5687250000000006
11
132.4053480000000036
21
-116.5687329999999946
0
LINE
8
BLACK
6
CONTINUOUS
10
132.4053480000000036
20
-116.5687329999999946
11
132.3649999999999807
21
-116.7715789999999885
0
LINE
8
BLACK
6
CONTINUOUS
10
132.3649999999999807
20
-116.7715789999999885
11
132.3649999999999807
21
-116.9249999999999972
0
LINE
8
BLACK
6
CONTINUOUS
10
141.0049999999999955
20
-116.9249999999999972
11
141.5049999999999955
21
-116.9249999999999972
0
LINE
8
BLACK
6
CONTINUOUS
10
141.5049999999999955
20
-116.9249999999999972
11
141.5049999999999955
21
-116.875
0
LINE
8
BLACK
6
CONTINUOUS
10
141.5049999999999955
20
-116.875
11
141.5097049999999967
21
-116.8032109999999903
0
LINE
8
BLACK
6
CONTINUOUS
10
141.5097049999999967
20
-116.8032109999999903
11
141.5468659999999943
21
-116.6645240000000001
0
LINE
8
BLACK
6
CONTINUOUS
10
141.5468659999999943
20
-116.6645240000000001
11
141.6186559999999872
21
-116.5401809999999898
0
LINE
8
BLACK
6
CONTINUOUS
10
141.6186559999999872
20
-116.5401809999999898
11
141.7201809999999966
21
-116.4386559999999946
0
LINE
8
BLACK
6
CONTINUOUS
10
141.7201809999999966
20
-116.4386559999999946
11
141.8050000000000068
21
-116.3896850000000001
0
LINE
8
BLACK
6
CONTINUOUS
10
141.8050000000000068
20
-116.3896850000000001
11
141.8050000000000068
21
-115.854155999999989
0
LINE
8
BLACK
6
CONTINUOUS
10
141.8050000000000068
20
-115.854155999999989
11
141.8049989999999809
21
-115.8541549999999916
0
LINE
8
BLACK
6
CONTINUOUS
10
141.8049989999999809
20
-115.8541549999999916
11
141.7487319999999897
21
-115.8653469999999999
0
LINE
8
BLACK
6
CONTINUOUS
10
141.7487319999999897
20
-115.8653469999999999
11
141.7487270000000024
21
-115.8653489999999948
0
LINE
8
BLACK
6
CONTINUOUS
10
141.7487270000000024
20
-115.8653489999999948
11
141.5576409999999896
21
-115.9444999999999908
0
LINE
8
BLACK
6
CONTINUOUS
10
141.5576409999999896
20
-115.9444999999999908
11
141.5576309999999864
21
-115.9445049999999924
0
LINE
8
BLACK
6
CONTINUOUS
10
141.5576309999999864
20
-115.9445049999999924
11
141.3856639999999913
21
-116.0594099999999997
0
LINE
8
BLACK
6
CONTINUOUS
10
141.3856639999999913
20
-116.0594099999999997
11
141.3856600000000014
21
-116.0594129999999922
0
LINE
8
BLACK
6
CONTINUOUS
10
141.3856600000000014
20
-116.0594129999999922
11
141.2394129999999848
21
-116.2056599999999946
0
LINE
8
BLACK
6
CONTINUOUS
10
141.2394129999999848
20
-116.2056599999999946
11
141.2394099999999924
21
-116.2056639999999987
0
LINE
8
BLACK
6
CONTINUOUS
10
141.2394099999999924
20
-116.2056639999999987
11
141.1245049999999992
21
-116.3776309999999938
0
LINE
8
BLACK
6
CONTINUOUS
10
141.1245049999999992
20
-116.3776309999999938
11
141.1244999999999834
21
-116.377640999999997
0
LINE
8
BLACK
6
CONTINUOUS
10
141.1244999999999834
20
-116.377640999999997
11
141.0453499999999849
21
-116.5687250000000006
0
LINE
8
BLACK
6
CONTINUOUS
10
141.0453499999999849
20
-116.5687250000000006
11
141.04534799999999
21
-116.5687329999999946
0
LINE
8
BLACK
6
CONTINUOUS
10
141.04534799999999
20
-116.5687329999999946
11
141.0049999999999955
21
-116.7715789999999885
0
LINE
8
BLACK
6
CONTINUOUS
10
141.0049999999999955
20
-116.7715789999999885
11
141.0049999999999955
21
-116.9249999999999972
0
LINE
8
BLACK
6
CONTINUOUS
10
122.5999999999999943
20
-114.8917649999999924
11
122.6356320000000011
21
-115.253555999999989
0
LINE
8
BLACK
6
CONTINUOUS
10
122.6356320000000011
20
-115.253555999999989
11
122.7065499999999929
21
-115.6100899999999996
0
LINE
8
BLACK
6
CONTINUOUS
10
122.7065499999999929
20
-115.6100899999999996
11
122.7065529999999995
21
-115.6101010000000002
0
LINE
8
BLACK
6
CONTINUOUS
10
122.7065529999999995
20
-115.6101010000000002
11
122.8120859999999936
21
-115.9579969999999918
0
LINE
8
BLACK
6
CONTINUOUS
10
122.8120859999999936
20
-115.9579969999999918
11
122.9512069999999966
21
-116.2938639999999992
0
LINE
8
BLACK
6
CONTINUOUS
10
122.9512069999999966
20
-116.2938639999999992
11
122.9512089999999915
21
-116.2938690000000008
0
LINE
8
BLACK
6
CONTINUOUS
10
122.9512089999999915
20
-116.2938690000000008
11
123.1225699999999961
21
-116.614461999999989
0
LINE
8
BLACK
6
CONTINUOUS
10
123.1225699999999961
20
-116.614461999999989
11
123.1225809999999967
21
-116.6144800000000004
0
LINE
8
BLACK
6
CONTINUOUS
10
123.1225809999999967
20
-116.6144800000000004
11
123.3245509999999996
21
-116.9167499999999933
0
LINE
8
BLACK
6
CONTINUOUS
10
123.3245509999999996
20
-116.9167499999999933
11
123.5116779999999892
21
-117.1447649999999925
0
LINE
8
BLACK
6
CONTINUOUS
10
123.5116779999999892
20
-117.1447649999999925
11
123.5116790000000009
21
-117.14476599999999
0
LINE
8
BLACK
6
CONTINUOUS
10
123.5116790000000009
20
-117.14476599999999
11
123.8696629999999885
21
-116.7867809999999906
0
LINE
8
BLACK
6
CONTINUOUS
10
123.8696629999999885
20
-116.7867809999999906
11
123.6902049999999917
21
-116.5617479999999944
0
LINE
8
BLACK
6
CONTINUOUS
10
123.6902049999999917
20
-116.5617479999999944
11
123.4992850000000004
21
-116.2578999999999922
0
LINE
8
BLACK
6
CONTINUOUS
10
123.4992850000000004
20
-116.2578999999999922
11
123.3435849999999903
21
-115.9345869999999934
0
LINE
8
BLACK
6
CONTINUOUS
10
123.3435849999999903
20
-115.9345869999999934
11
123.2250650000000007
21
-115.5958739999999949
0
LINE
8
BLACK
6
CONTINUOUS
10
123.2250650000000007
20
-115.5958739999999949
11
123.1452129999999983
21
-115.2460200000000015
0
LINE
8
BLACK
6
CONTINUOUS
10
123.1452129999999983
20
-115.2460200000000015
11
123.1050339999999892
21
-114.8894249999999886
0
LINE
8
BLACK
6
CONTINUOUS
10
123.1050339999999892
20
-114.8894249999999886
11
123.1050339999999892
21
-114.5305749999999989
0
LINE
8
BLACK
6
CONTINUOUS
10
123.1050339999999892
20
-114.5305749999999989
11
123.1452129999999983
21
-114.1739800000000002
0
LINE
8
BLACK
6
CONTINUOUS
10
123.1452129999999983
20
-114.1739800000000002
11
123.2250650000000007
21
-113.8241259999999926
0
LINE
8
BLACK
6
CONTINUOUS
10
123.2250650000000007
20
-113.8241259999999926
11
123.3435849999999903
21
-113.4854129999999941
0
LINE
8
BLACK
6
CONTINUOUS
10
123.3435849999999903
20
-113.4854129999999941
11
123.4992850000000004
21
-113.1620999999999952
0
LINE
8
BLACK
6
CONTINUOUS
10
123.4992850000000004
20
-113.1620999999999952
11
123.6902049999999917
21
-112.8582519999999931
0
LINE
8
BLACK
6
CONTINUOUS
10
123.6902049999999917
20
-112.8582519999999931
11
123.8696640000000002
21
-112.6332170000000019
0
LINE
8
BLACK
6
CONTINUOUS
10
123.8696640000000002
20
-112.6332170000000019
11
123.5116799999999984
21
-112.2752330000000001
0
LINE
8
BLACK
6
CONTINUOUS
10
123.5116799999999984
20
-112.2752330000000001
11
123.5116790000000009
21
-112.2752330000000001
0
LINE
8
BLACK
6
CONTINUOUS
10
123.5116790000000009
20
-112.2752330000000001
11
123.324547999999993
21
-112.5032539999999983
0
LINE
8
BLACK
6
CONTINUOUS
10
123.324547999999993
20
-112.5032539999999983
11
123.3245450000000005
21
-112.5032579999999882
0
LINE
8
BLACK
6
CONTINUOUS
10
123.3245450000000005
20
-112.5032579999999882
11
123.1225809999999967
21
-112.8055189999999897
0
LINE
8
BLACK
6
CONTINUOUS
10
123.1225809999999967
20
-112.8055189999999897
11
123.1225699999999961
21
-112.8055370000000011
0
LINE
8
BLACK
6
CONTINUOUS
10
123.1225699999999961
20
-112.8055370000000011
11
122.9512089999999915
21
-113.1261299999999892
0
LINE
8
BLACK
6
CONTINUOUS
10
122.9512089999999915
20
-113.1261299999999892
11
122.9512069999999966
21
-113.1261349999999908
0
LINE
8
BLACK
6
CONTINUOUS
10
122.9512069999999966
20
-113.1261349999999908
11
122.8120859999999936
21
-113.4620019999999982
0
LINE
8
BLACK
6
CONTINUOUS
10
122.8120859999999936
20
-113.4620019999999982
11
122.7065529999999995
21
-113.8098979999999898
0
LINE
8
BLACK
6
CONTINUOUS
10
122.7065529999999995
20
-113.8098979999999898
11
122.7065499999999929
21
-113.8099089999999904
0
LINE
8
BLACK
6
CONTINUOUS
10
122.7065499999999929
20
-113.8099089999999904
11
122.6356320000000011
21
-114.166443000000001
0
LINE
8
BLACK
6
CONTINUOUS
10
122.6356320000000011
20
-114.166443000000001
11
122.5999999999999943
21
-114.5282339999999976
0
LINE
8
BLACK
6
CONTINUOUS
10
122.5999999999999943
20
-114.5282339999999976
11
122.5999999999999943
21
-114.8917649999999924
0
LINE
8
BLACK
6
CONTINUOUS
10
145.0999999999999943
20
-114.8917649999999924
11
145.1356319999999869
21
-115.253555999999989
0
LINE
8
BLACK
6
CONTINUOUS
10
145.1356319999999869
20
-115.253555999999989
11
145.2065499999999929
21
-115.6100899999999996
0
LINE
8
BLACK
6
CONTINUOUS
10
145.2065499999999929
20
-115.6100899999999996
11
145.2065529999999853
21
-115.6101010000000002
0
LINE
8
BLACK
6
CONTINUOUS
10
145.2065529999999853
20
-115.6101010000000002
11
145.3120859999999936
21
-115.9579969999999918
0
LINE
8
BLACK
6
CONTINUOUS
10
145.3120859999999936
20
-115.9579969999999918
11
145.4512069999999824
21
-116.2938639999999992
0
LINE
8
BLACK
6
CONTINUOUS
10
145.4512069999999824
20
-116.2938639999999992
11
145.4512090000000057
21
-116.2938690000000008
0
LINE
8
BLACK
6
CONTINUOUS
10
145.4512090000000057
20
-116.2938690000000008
11
145.6225699999999961
21
-116.614461999999989
0
LINE
8
BLACK
6
CONTINUOUS
10
145.6225699999999961
20
-116.614461999999989
11
145.6225809999999967
21
-116.6144800000000004
0
LINE
8
BLACK
6
CONTINUOUS
10
145.6225809999999967
20
-116.6144800000000004
11
145.8245509999999854
21
-116.9167499999999933
0
LINE
8
BLACK
6
CONTINUOUS
10
145.8245509999999854
20
-116.9167499999999933
11
146.0116779999999892
21
-117.1447649999999925
0
LINE
8
BLACK
6
CONTINUOUS
10
146.0116779999999892
20
-117.1447649999999925
11
146.0116789999999867
21
-117.14476599999999
0
LINE
8
BLACK
6
CONTINUOUS
10
146.0116789999999867
20
-117.14476599999999
11
146.3696630000000027
21
-116.7867809999999906
0
LINE
8
BLACK
6
CONTINUOUS
10
146.3696630000000027
20
-116.7867809999999906
11
146.1902049999999917
21
-116.5617479999999944
0
LINE
8
BLACK
6
CONTINUOUS
10
146.1902049999999917
20
-116.5617479999999944
11
145.9992849999999862
21
-116.2578999999999922
0
LINE
8
BLACK
6
CONTINUOUS
10
145.9992849999999862
20
-116.2578999999999922
11
145.8435849999999903
21
-115.9345869999999934
0
LINE
8
BLACK
6
CONTINUOUS
10
145.8435849999999903
20
-115.9345869999999934
11
145.7250650000000007
21
-115.5958739999999949
0
LINE
8
BLACK
6
CONTINUOUS
10
145.7250650000000007
20
-115.5958739999999949
11
145.645212999999984
21
-115.2460200000000015
0
LINE
8
BLACK
6
CONTINUOUS
10
145.645212999999984
20
-115.2460200000000015
11
145.6050339999999892
21
-114.8894249999999886
0
LINE
8
BLACK
6
CONTINUOUS
10
145.6050339999999892
20
-114.8894249999999886
11
145.6050339999999892
21
-114.5305749999999989
0
LINE
8
BLACK
6
CONTINUOUS
10
145.6050339999999892
20
-114.5305749999999989
11
145.645212999999984
21
-114.1739800000000002
0
LINE
8
BLACK
6
CONTINUOUS
10
145.645212999999984
20
-114.1739800000000002
11
145.7250650000000007
21
-113.8241259999999926
0
LINE
8
BLACK
6
CONTINUOUS
10
145.7250650000000007
20
-113.8241259999999926
11
145.8435849999999903
21
-113.4854129999999941
0
LINE
8
BLACK
6
CONTINUOUS
10
145.8435849999999903
20
-113.4854129999999941
11
145.9992849999999862
21
-113.1620999999999952
0
LINE
8
BLACK
6
CONTINUOUS
10
145.9992849999999862
20
-113.1620999999999952
11
146.1902049999999917
21
-112.8582519999999931
0
LINE
8
BLACK
6
CONTINUOUS
10
146.1902049999999917
20
-112.8582519999999931
11
146.3696640000000002
21
-112.6332170000000019
0
LINE
8
BLACK
6
CONTINUOUS
10
146.3696640000000002
20
-112.6332170000000019
11
146.0116799999999841
21
-112.2752330000000001
0
LINE
8
BLACK
6
CONTINUOUS
10
146.0116799999999841
20
-112.2752330000000001
11
146.0116789999999867
21
-112.2752330000000001
0
LINE
8
BLACK
6
CONTINUOUS
10
146.0116789999999867
20
-112.2752330000000001
11
145.824547999999993
21
-112.5032539999999983
0
LINE
8
BLACK
6
CONTINUOUS
10
145.824547999999993
20
-112.5032539999999983
11
145.8245450000000005
21
-112.5032579999999882
0
LINE
8
BLACK
6
CONTINUOUS
10
145.8245450000000005
20
-112.5032579999999882
11
145.6225809999999967
21
-112.8055189999999897
0
LINE
8
BLACK
6
CONTINUOUS
10
145.6225809999999967
20
-112.8055189999999897
11
145.6225699999999961
21
-112.8055370000000011
0
LINE
8
BLACK
6
CONTINUOUS
10
145.6225699999999961
20
-112.8055370000000011
11
145.4512090000000057
21
-113.1261299999999892
0
LINE
8
BLACK
6
CONTINUOUS
10
145.4512090000000057
20
-113.1261299999999892
11
145.4512069999999824
21
-113.1261349999999908
0
LINE
8
BLACK
6
CONTINUOUS
10
145.4512069999999824
20
-113.1261349999999908
11
145.3120859999999936
21
-113.4620019999999982
0
LINE
8
BLACK
6
CONTINUOUS
10
145.3120859999999936
20
-113.4620019999999982
11
145.2065529999999853
21
-113.8098979999999898
0
LINE
8
BLACK
6
CONTINUOUS
10
145.2065529999999853
20
-113.8098979999999898
11
145.2065499999999929
21
-113.8099089999999904
0
LINE
8
BLACK
6
CONTINUOUS
10
145.2065499999999929
20
-113.8099089999999904
11
145.1356319999999869
21
-114.166443000000001
0
LINE
8
BLACK
6
CONTINUOUS
10
145.1356319999999869
20
-114.166443000000001
11
145.0999999999999943
21
-114.5282339999999976
0
LINE
8
BLACK
6
CONTINUOUS
10
145.0999999999999943
20
-114.5282339999999976
11
145.0999999999999943
21
-114.8917649999999924
0
LINE
8
BLACK
6
CONTINUOUS
10
132.3649999999999807
20
-113.125
11
132.8649999999999807
21
-113.125
0
LINE
8
BLACK
6
CONTINUOUS
10
132.8649999999999807
20
-113.125
11
132.8649999999999807
21
-113.0749999999999886
0
LINE
8
BLACK
6
CONTINUOUS
10
132.8649999999999807
20
-113.0749999999999886
11
132.869704999999982
21
-113.0032109999999932
0
LINE
8
BLACK
6
CONTINUOUS
10
132.869704999999982
20
-113.0032109999999932
11
132.9068660000000079
21
-112.8645239999999887
0
LINE
8
BLACK
6
CONTINUOUS
10
132.9068660000000079
20
-112.8645239999999887
11
132.9786560000000009
21
-112.7401809999999927
0
LINE
8
BLACK
6
CONTINUOUS
10
132.9786560000000009
20
-112.7401809999999927
11
133.0801809999999819
21
-112.6386559999999974
0
LINE
8
BLACK
6
CONTINUOUS
10
133.0801809999999819
20
-112.6386559999999974
11
133.164999999999992
21
-112.5896849999999887
0
LINE
8
BLACK
6
CONTINUOUS
10
133.164999999999992
20
-112.5896849999999887
11
133.164999999999992
21
-112.0541559999999919
0
LINE
8
BLACK
6
CONTINUOUS
10
133.164999999999992
20
-112.0541559999999919
11
133.1649989999999946
21
-112.0541549999999944
0
LINE
8
BLACK
6
CONTINUOUS
10
133.1649989999999946
20
-112.0541549999999944
11
133.1087320000000034
21
-112.0653469999999885
0
LINE
8
BLACK
6
CONTINUOUS
10
133.1087320000000034
20
-112.0653469999999885
11
133.1087269999999876
21
-112.0653489999999977
0
LINE
8
BLACK
6
CONTINUOUS
10
133.1087269999999876
20
-112.0653489999999977
11
132.9176410000000033
21
-112.1444999999999936
0
LINE
8
BLACK
6
CONTINUOUS
10
132.9176410000000033
20
-112.1444999999999936
11
132.9176310000000001
21
-112.1445049999999952
0
LINE
8
BLACK
6
CONTINUOUS
10
132.9176310000000001
20
-112.1445049999999952
11
132.745664000000005
21
-112.2594099999999884
0
LINE
8
BLACK
6
CONTINUOUS
10
132.745664000000005
20
-112.2594099999999884
11
132.7456599999999867
21
-112.259412999999995
0
LINE
8
BLACK
6
CONTINUOUS
10
132.7456599999999867
20
-112.259412999999995
11
132.5994129999999984
21
-112.4056599999999975
0
LINE
8
BLACK
6
CONTINUOUS
10
132.5994129999999984
20
-112.4056599999999975
11
132.599410000000006
21
-112.4056640000000016
0
LINE
8
BLACK
6
CONTINUOUS
10
132.599410000000006
20
-112.4056640000000016
11
132.4845049999999844
21
-112.5776309999999967
0
LINE
8
BLACK
6
CONTINUOUS
10
132.4845049999999844
20
-112.5776309999999967
11
132.484499999999997
21
-112.5776409999999998
0
LINE
8
BLACK
6
CONTINUOUS
10
132.484499999999997
20
-112.5776409999999998
11
132.4053499999999985
21
-112.7687249999999892
0
LINE
8
BLACK
6
CONTINUOUS
10
132.4053499999999985
20
-112.7687249999999892
11
132.4053480000000036
21
-112.7687329999999974
0
LINE
8
BLACK
6
CONTINUOUS
10
132.4053480000000036
20
-112.7687329999999974
11
132.3649999999999807
21
-112.9715789999999913
0
LINE
8
BLACK
6
CONTINUOUS
10
132.3649999999999807
20
-112.9715789999999913
11
132.3649999999999807
21
-113.125
0
LINE
8
BLACK
6
CONTINUOUS
10
141.0049999999999955
20
-113.125
11
141.5049999999999955
21
-113.125
0
LINE
8
BLACK
6
CONTINUOUS
10
141.5049999999999955
20
-113.125
11
141.5049999999999955
21
-113.0749999999999886
0
LINE
8
BLACK
6
CONTINUOUS
10
141.5049999999999955
20
-113.0749999999999886
11
141.5097049999999967
21
-113.0032109999999932
0
LINE
8
BLACK
6
CONTINUOUS
10
141.5097049999999967
20
-113.0032109999999932
11
141.5468659999999943
21
-112.8645239999999887
0
LINE
8
BLACK
6
CONTINUOUS
10
141.5468659999999943
20
-112.8645239999999887
11
141.6186559999999872
21
-112.7401809999999927
0
LINE
8
BLACK
6
CONTINUOUS
10
141.6186559999999872
20
-112.7401809999999927
11
141.7201809999999966
21
-112.6386559999999974
0
LINE
8
BLACK
6
CONTINUOUS
10
141.7201809999999966
20
-112.6386559999999974
11
141.8050000000000068
21
-112.5896849999999887
0
LINE
8
BLACK
6
CONTINUOUS
10
141.8050000000000068
20
-112.5896849999999887
11
141.8050000000000068
21
-112.0541559999999919
0
LINE
8
BLACK
6
CONTINUOUS
10
141.8050000000000068
20
-112.0541559999999919
11
141.8049989999999809
21
-112.0541549999999944
0
LINE
8
BLACK
6
CONTINUOUS
10
141.8049989999999809
20
-112.0541549999999944
11
141.7487319999999897
21
-112.0653469999999885
0
LINE
8
BLACK
6
CONTINUOUS
10
141.7487319999999897
20
-112.0653469999999885
11
141.7487270000000024
21
-112.0653489999999977
0
LINE
8
BLACK
6
CONTINUOUS
10
141.7487270000000024
20
-112.0653489999999977
11
141.5576409999999896
21
-112.1444999999999936
0
LINE
8
BLACK
6
CONTINUOUS
10
141.5576409999999896
20
-112.1444999999999936
11
141.5576309999999864
21
-112.1445049999999952
0
LINE
8
BLACK
6
CONTINUOUS
10
141.5576309999999864
20
-112.1445049999999952
11
141.3856639999999913
21
-112.2594099999999884
0
LINE
8
BLACK
6
CONTINUOUS
10
141.3856639999999913
20
-112.2594099999999884
11
141.3856600000000014
21
-112.259412999999995
0
LINE
8
BLACK
6
CONTINUOUS
10
141.3856600000000014
20
-112.259412999999995
11
141.2394129999999848
21
-112.4056599999999975
0
LINE
8
BLACK
6
CONTINUOUS
10
141.2394129999999848
20
-112.4056599999999975
11
141.2394099999999924
21
-112.4056640000000016
0
LINE
8
BLACK
6
CONTINUOUS
10
141.2394099999999924
20
-112.4056640000000016
11
141.1245049999999992
21
-112.5776309999999967
0
LINE
8
BLACK
6
CONTINUOUS
10
141.1245049999999992
20
-112.5776309999999967
11
141.1244999999999834
21
-112.5776409999999998
0
LINE
8
BLACK
6
CONTINUOUS
10
141.1244999999999834
20
-112.5776409999999998
11
141.0453499999999849
21
-112.7687249999999892
0
LINE
8
BLACK
6
CONTINUOUS
10
141.0453499999999849
20
-112.7687249999999892
11
141.04534799999999
21
-112.7687329999999974
0
LINE
8
BLACK
6
CONTINUOUS
10
141.04534799999999
20
-112.7687329999999974
11
141.0049999999999955
21
-112.9715789999999913
0
LINE
8
BLACK
6
CONTINUOUS
10
141.0049999999999955
20
-112.9715789999999913
11
141.0049999999999955
21
-113.125
0
LINE
8
BLACK
6
CONTINUOUS
10
122.5999999999999943
20
-67.3917649999999924
11
122.6356320000000011
21
-67.7535560000000032
0
LINE
8
BLACK
6
CONTINUOUS
10
122.6356320000000011
20
-67.7535560000000032
11
122.7065499999999929
21
-68.1100899999999996
0
LINE
8
BLACK
6
CONTINUOUS
10
122.7065499999999929
20
-68.1100899999999996
11
122.7065529999999995
21
-68.1101010000000002
0
LINE
8
BLACK
6
CONTINUOUS
10
122.7065529999999995
20
-68.1101010000000002
11
122.8120859999999936
21
-68.4579969999999918
0
LINE
8
BLACK
6
CONTINUOUS
10
122.8120859999999936
20
-68.4579969999999918
11
122.9512069999999966
21
-68.7938639999999992
0
LINE
8
BLACK
6
CONTINUOUS
10
122.9512069999999966
20
-68.7938639999999992
11
122.9512089999999915
21
-68.7938690000000008
0
LINE
8
BLACK
6
CONTINUOUS
10
122.9512089999999915
20
-68.7938690000000008
11
123.1225699999999961
21
-69.1144620000000032
0
LINE
8
BLACK
6
CONTINUOUS
10
123.1225699999999961
20
-69.1144620000000032
11
123.1225809999999967
21
-69.1144800000000004
0
LINE
8
BLACK
6
CONTINUOUS
10
123.1225809999999967
20
-69.1144800000000004
11
123.3245509999999996
21
-69.4167499999999933
0
LINE
8
BLACK
6
CONTINUOUS
10
123.3245509999999996
20
-69.4167499999999933
11
123.5116779999999892
21
-69.6447649999999925
0
LINE
8
BLACK
6
CONTINUOUS
10
123.5116779999999892
20
-69.6447649999999925
11
123.5116790000000009
21
-69.64476599999999
0
LINE
8
BLACK
6
CONTINUOUS
10
123.5116790000000009
20
-69.64476599999999
11
123.8696629999999885
21
-69.2867809999999906
0
LINE
8
BLACK
6
CONTINUOUS
10
123.8696629999999885
20
-69.2867809999999906
11
123.6902049999999917
21
-69.0617479999999944
0
LINE
8
BLACK
6
CONTINUOUS
10
123.6902049999999917
20
-69.0617479999999944
11
123.4992850000000004
21
-68.7578999999999922
0
LINE
8
BLACK
6
CONTINUOUS
10
123.4992850000000004
20
-68.7578999999999922
11
123.3435849999999903
21
-68.4345869999999934
0
LINE
8
BLACK
6
CONTINUOUS
10
123.3435849999999903
20
-68.4345869999999934
11
123.2250650000000007
21
-68.0958739999999949
0
LINE
8
BLACK
6
CONTINUOUS
10
123.2250650000000007
20
-68.0958739999999949
11
123.1452129999999983
21
-67.7460200000000015
0
LINE
8
BLACK
6
CONTINUOUS
10
123.1452129999999983
20
-67.7460200000000015
11
123.1050339999999892
21
-67.3894250000000028
0
LINE
8
BLACK
6
CONTINUOUS
10
123.1050339999999892
20
-67.3894250000000028
11
123.1050339999999892
21
-67.0305749999999989
0
LINE
8
BLACK
6
CONTINUOUS
10
123.1050339999999892
20
-67.0305749999999989
11
123.1452129999999983
21
-66.6739800000000002
0
LINE
8
BLACK
6
CONTINUOUS
10
123.1452129999999983
20
-66.6739800000000002
11
123.2250650000000007
21
-66.3241259999999926
0
LINE
8
BLACK
6
CONTINUOUS
10
123.2250650000000007
20
-66.3241259999999926
11
123.3435849999999903
21
-65.9854129999999941
0
LINE
8
BLACK
6
CONTINUOUS
10
123.3435849999999903
20
-65.9854129999999941
11
123.4992850000000004
21
-65.6620999999999952
0
LINE
8
BLACK
6
CONTINUOUS
10
123.4992850000000004
20
-65.6620999999999952
11
123.6902049999999917
21
-65.3582519999999931
0
LINE
8
BLACK
6
CONTINUOUS
10
123.6902049999999917
20
-65.3582519999999931
11
123.8696640000000002
21
-65.1332170000000019
0
LINE
8
BLACK
6
CONTINUOUS
10
123.8696640000000002
20
-65.1332170000000019
11
123.5116799999999984
21
-64.7752330000000001
0
LINE
8
BLACK
6
CONTINUOUS
10
123.5116799999999984
20
-64.7752330000000001
11
123.5116790000000009
21
-64.7752330000000001
0
LINE
8
BLACK
6
CONTINUOUS
10
123.5116790000000009
20
-64.7752330000000001
11
123.324547999999993
21
-65.0032539999999983
0
LINE
8
BLACK
6
CONTINUOUS
10
123.324547999999993
20
-65.0032539999999983
11
123.3245450000000005
21
-65.0032580000000024
0
LINE
8
BLACK
6
CONTINUOUS
10
123.3245450000000005
20
-65.0032580000000024
11
123.1225809999999967
21
-65.3055190000000039
0
LINE
8
BLACK
6
CONTINUOUS
10
123.1225809999999967
20
-65.3055190000000039
11
123.1225699999999961
21
-65.3055370000000011
0
LINE
8
BLACK
6
CONTINUOUS
10
123.1225699999999961
20
-65.3055370000000011
11
122.9512089999999915
21
-65.6261300000000034
0
LINE
8
BLACK
6
CONTINUOUS
10
122.9512089999999915
20
-65.6261300000000034
11
122.9512069999999966
21
-65.6261349999999908
0
LINE
8
BLACK
6
CONTINUOUS
10
122.9512069999999966
20
-65.6261349999999908
11
122.8120859999999936
21
-65.9620019999999982
0
LINE
8
BLACK
6
CONTINUOUS
10
122.8120859999999936
20
-65.9620019999999982
11
122.7065529999999995
21
-66.309898000000004
0
LINE
8
BLACK
6
CONTINUOUS
10
122.7065529999999995
20
-66.309898000000004
11
122.7065499999999929
21
-66.3099089999999904
0
LINE
8
BLACK
6
CONTINUOUS
10
122.7065499999999929
20
-66.3099089999999904
11
122.6356320000000011
21
-66.666443000000001
0
LINE
8
BLACK
6
CONTINUOUS
10
122.6356320000000011
20
-66.666443000000001
11
122.5999999999999943
21
-67.0282339999999976
0
LINE
8
BLACK
6
CONTINUOUS
10
122.5999999999999943
20
-67.0282339999999976
11
122.5999999999999943
21
-67.3917649999999924
0
LINE
8
BLACK
6
CONTINUOUS
10
145.0999999999999943
20
-67.3917649999999924
11
145.1356319999999869
21
-67.7535560000000032
0
LINE
8
BLACK
6
CONTINUOUS
10
145.1356319999999869
20
-67.7535560000000032
11
145.2065499999999929
21
-68.1100899999999996
0
LINE
8
BLACK
6
CONTINUOUS
10
145.2065499999999929
20
-68.1100899999999996
11
145.2065529999999853
21
-68.1101010000000002
0
LINE
8
BLACK
6
CONTINUOUS
10
145.2065529999999853
20
-68.1101010000000002
11
145.3120859999999936
21
-68.4579969999999918
0
LINE
8
BLACK
6
CONTINUOUS
10
145.3120859999999936
20
-68.4579969999999918
11
145.4512069999999824
21
-68.7938639999999992
0
LINE
8
BLACK
6
CONTINUOUS
10
145.4512069999999824
20
-68.7938639999999992
11
145.4512090000000057
21
-68.7938690000000008
0
LINE
8
BLACK
6
CONTINUOUS
10
145.4512090000000057
20
-68.7938690000000008
11
145.6225699999999961
21
-69.1144620000000032
0
LINE
8
BLACK
6
CONTINUOUS
10
145.6225699999999961
20
-69.1144620000000032
11
145.6225809999999967
21
-69.1144800000000004
0
LINE
8
BLACK
6
CONTINUOUS
10
145.6225809999999967
20
-69.1144800000000004
11
145.8245509999999854
21
-69.4167499999999933
0
LINE
8
BLACK
6
CONTINUOUS
10
145.8245509999999854
20
-69.4167499999999933
11
146.0116779999999892
21
-69.6447649999999925
0
LINE
8
BLACK
6
CONTINUOUS
10
146.0116779999999892
20
-69.6447649999999925
11
146.0116789999999867
21
-69.64476599999999
0
LINE
8
BLACK
6
CONTINUOUS
10
146.0116789999999867
20
-69.64476599999999
11
146.3696630000000027
21
-69.2867809999999906
0
LINE
8
BLACK
6
CONTINUOUS
10
146.3696630000000027
20
-69.2867809999999906
11
146.1902049999999917
21
-69.0617479999999944
0
LINE
8
BLACK
6
CONTINUOUS
10
146.1902049999999917
20
-69.0617479999999944
11
145.9992849999999862
21
-68.7578999999999922
0
LINE
8
BLACK
6
CONTINUOUS
10
145.9992849999999862
20
-68.7578999999999922
11
145.8435849999999903
21
-68.4345869999999934
0
LINE
8
BLACK
6
CONTINUOUS
10
145.8435849999999903
20
-68.4345869999999934
11
145.7250650000000007
21
-68.0958739999999949
0
LINE
8
BLACK
6
CONTINUOUS
10
145.7250650000000007
20
-68.0958739999999949
11
145.645212999999984
21
-67.7460200000000015
0
LINE
8
BLACK
6
CONTINUOUS
10
145.645212999999984
20
-67.7460200000000015
11
145.6050339999999892
21
-67.3894250000000028
0
LINE
8
BLACK
6
CONTINUOUS
10
145.6050339999999892
20
-67.3894250000000028
11
145.6050339999999892
21
-67.0305749999999989
0
LINE
8
BLACK
6
CONTINUOUS
10
145.6050339999999892
20
-67.0305749999999989
11
145.645212999999984
21
-66.6739800000000002
0
LINE
8
BLACK
6
CONTINUOUS
10
145.645212999999984
20
-66.6739800000000002
11
145.7250650000000007
21
-66.3241259999999926
0
LINE
8
BLACK
6
CONTINUOUS
10
145.7250650000000007
20
-66.3241259999999926
11
145.8435849999999903
21
-65.9854129999999941
0
LINE
8
BLACK
6
CONTINUOUS
10
145.8435849999999903
20
-65.9854129999999941
11
145.9992849999999862
21
-65.6620999999999952
0
LINE
8
BLACK
6
CONTINUOUS
10
145.9992849999999862
20
-65.6620999999999952
11
146.1902049999999917
21
-65.3582519999999931
0
LINE
8
BLACK
6
CONTINUOUS
10
146.1902049999999917
20
-65.3582519999999931
11
146.3696640000000002
21
-65.1332170000000019
0
LINE
8
BLACK
6
CONTINUOUS
10
146.3696640000000002
20
-65.1332170000000019
11
146.0116799999999841
21
-64.7752330000000001
0
LINE
8
BLACK
6
CONTINUOUS
10
146.0116799999999841
20
-64.7752330000000001
11
146.0116789999999867
21
-64.7752330000000001
0
LINE
8
BLACK
6
CONTINUOUS
10
146.0116789999999867
20
-64.7752330000000001
11
145.824547999999993
21
-65.0032539999999983
0
LINE
8
BLACK
6
CONTINUOUS
10
145.824547999999993
20
-65.0032539999999983
11
145.8245450000000005
21
-65.0032580000000024
0
LINE
8
BLACK
6
CONTINUOUS
10
145.8245450000000005
20
-65.0032580000000024
11
145.6225809999999967
21
-65.3055190000000039
0
LINE
8
BLACK
6
CONTINUOUS
10
145.6225809999999967
20
-65.3055190000000039
11
145.6225699999999961
21
-65.3055370000000011
0
LINE
8
BLACK
6
CONTINUOUS
10
145.6225699999999961
20
-65.3055370000000011
11
145.4512090000000057
21
-65.6261300000000034
0
LINE
8
BLACK
6
CONTINUOUS
10
145.4512090000000057
20
-65.6261300000000034
11
145.4512069999999824
21
-65.6261349999999908
0
LINE
8
BLACK
6
CONTINUOUS
10
145.4512069999999824
20
-65.6261349999999908
11
145.3120859999999936
21
-65.9620019999999982
0
LINE
8
BLACK
6
CONTINUOUS
10
145.3120859999999936
20
-65.9620019999999982
11
145.2065529999999853
21
-66.309898000000004
0
LINE
8
BLACK
6
CONTINUOUS
10
145.2065529999999853
20
-66.309898000000004
11
145.2065499999999929
21
-66.3099089999999904
0
LINE
8
BLACK
6
CONTINUOUS
10
145.2065499999999929
20
-66.3099089999999904
11
145.1356319999999869
21
-66.666443000000001
0
LINE
8
BLACK
6
CONTINUOUS
10
145.1356319999999869
20
-66.666443000000001
11
145.0999999999999943
21
-67.0282339999999976
0
LINE
8
BLACK
6
CONTINUOUS
10
145.0999999999999943
20
-67.0282339999999976
11
145.0999999999999943
21
-67.3917649999999924
0
CIRCLE
8
BLACK
10
142.7672959999999875
20
-91.1243010000000027
40
0.175
0
CIRCLE
8
BLACK
10
140.2672959999999875
20
-91.1243010000000027
40
0.175
0
CIRCLE
8
BLACK
10
140.2999999999999829
20
-96.2999999999999972
40
0.175
0
CIRCLE
8
BLACK
10
140.2999999999999829
20
-106.4599999999999937
40
0.175
0
CIRCLE
8
BLACK
10
140.9884500000000003
20
-68.8100000000000023
40
0.175
0
CIRCLE
8
BLACK
10
140.9884500000000003
20
-71.3499999999999943
40
0.175
0
CIRCLE
8
BLACK
10
148.7999999999999829
20
-67.2099999999999937
40
0.175
0
CIRCLE
8
BLACK
10
126.2999999999999972
20
-67.2099999999999937
40
0.175
0
CIRCLE
8
BLACK
10
144.5499999999999829
20
-96.2999999999999972
40
0.175
0
CIRCLE
8
BLACK
10
144.5499999999999829
20
-106.4599999999999937
40
0.175
0
CIRCLE
8
BLACK
10
146.6238869999999963
20
-72.8357829999999922
40
0.175
0
CIRCLE
8
BLACK
10
146.6238840000000039
20
-75.3757870000000025
40
0.175
0
CIRCLE
8
BLACK
10
146.6238869999999963
20
-77.9157829999999905
40
0.175
0
CIRCLE
8
BLACK
10
135.7999999999999829
20
-106.4599999999999937
40
0.175
0
CIRCLE
8
BLACK
10
135.7999999999999829
20
-96.2999999999999972
40
0.175
0
CIRCLE
8
BLACK
10
133.2873610000000042
20
-91.171141999999989
40
0.175
0
CIRCLE
8
BLACK
10
135.7873610000000042
20
-91.171141999999989
40
0.175
0
CIRCLE
8
BLACK
10
126.2999999999999972
20
-114.7099999999999937
40
0.175
0
CIRCLE
8
BLACK
10
127.4088369999999912
20
-73.0307849999999945
40
0.175
0
CIRCLE
8
BLACK
10
127.4088369999999912
20
-75.5707850000000008
40
0.175
0
CIRCLE
8
BLACK
10
127.4088369999999912
20
-78.1107849999999928
40
0.175
0
CIRCLE
8
BLACK
10
127.5838369999999884
20
-80.8634059999999977
40
0.175
0
CIRCLE
8
BLACK
10
127.5838369999999884
20
-88.463405999999992
40
0.175
0
CIRCLE
8
BLACK
10
131.2999999999999829
20
-96.2999999999999972
40
0.175
0
CIRCLE
8
BLACK
10
131.2999999999999829
20
-106.4599999999999937
40
0.175
0
CIRCLE
8
BLACK
10
134.2999999999999829
20
-68.8100000000000023
40
0.175
0
CIRCLE
8
BLACK
10
134.2999999999999829
20
-71.3499999999999943
40
0.175
0
CIRCLE
8
BLACK
10
148.7999999999999829
20
-114.7099999999999937
40
0.175
0
CIRCLE
8
BLACK
10
146.5569579999999803
20
-80.8555399999999906
40
0.175
0
CIRCLE
8
BLACK
10
146.5569579999999803
20
-88.4755399999999952
40
0.175
0
LINE
8
BLACK
6
CONTINUOUS
10
132.8649999999999807
20
-113.0749999999999886
11
132.8649999999999807
21
-113.6749999999999972
0
ARC
8
BLACK
10
133.414999999999992
20
-113.6749999999999972
40
0.5499999999999999
50
-180.00000000
51
0.00000000
0
LINE
8
BLACK
6
CONTINUOUS
10
133.9650000000000034
20
-113.6749999999999972
11
133.9650000000000034
21
-113.0749999999999886
0
ARC
8
BLACK
10
133.414999999999992
20
-113.0749999999999886
40
0.5499999999999999
50
0.00000000
51
180.00000000
0
LINE
8
BLACK
6
CONTINUOUS
10
132.8649999999999807
20
-116.875
11
132.8649999999999807
21
-117.4749999999999943
0
ARC
8
BLACK
10
133.414999999999992
20
-117.4749999999999943
40
0.5499999999999999
50
-180.00000000
51
0.00000000
0
LINE
8
BLACK
6
CONTINUOUS
10
133.9650000000000034
20
-117.4749999999999943
11
133.9650000000000034
21
-116.875
0
ARC
8
BLACK
10
133.414999999999992
20
-116.875
40
0.5499999999999999
50
0.00000000
51
180.00000000
0
LINE
8
BLACK
6
CONTINUOUS
10
141.5049999999999955
20
-113.0749999999999886
11
141.5049999999999955
21
-113.6749999999999972
0
ARC
8
BLACK
10
142.0550000000000068
20
-113.6749999999999972
40
0.5499999999999999
50
-180.00000000
51
0.00000000
0
LINE
8
BLACK
6
CONTINUOUS
10
142.6049999999999898
20
-113.6749999999999972
11
142.6049999999999898
21
-113.0749999999999886
0
ARC
8
BLACK
10
142.0550000000000068
20
-113.0749999999999886
40
0.5499999999999999
50
0.00000000
51
180.00000000
0
LINE
8
BLACK
6
CONTINUOUS
10
141.5049999999999955
20
-116.875
11
141.5049999999999955
21
-117.4749999999999943
0
ARC
8
BLACK
10
142.0550000000000068
20
-117.4749999999999943
40
0.5499999999999999
50
-180.00000000
51
0.00000000
0
LINE
8
BLACK
6
CONTINUOUS
10
142.6049999999999898
20
-117.4749999999999943
11
142.6049999999999898
21
-116.875
0
ARC
8
BLACK
10
142.0550000000000068
20
-116.875
40
0.5499999999999999
50
0.00000000
51
180.00000000
0
CIRCLE
8
BLACK
10
138.6362849999999867
20
-94.3808099999999968
40
0.4
0
CIRCLE
8
BLACK
10
146.4746609999999976
20
-94.400944999999993
40
0.4
0
CIRCLE
8
BLACK
10
129.5858240000000023
20
-92.2334609999999913
40
0.4
0
CIRCLE
8
WHITE
10
138.6362849999999867
20
-94.3808099999999968
40
0.175
0
CIRCLE
8
WHITE
10
146.4746609999999976
20
-94.400944999999993
40
0.175
0
CIRCLE
8
WHITE
10
129.5858240000000023
20
-92.2334609999999913
40
0.175
0
CIRCLE
8
WHITE
10
142.7672959999999875
20
-91.1243010000000027
40
0.175
0
CIRCLE
8
WHITE
10
140.2672959999999875
20
-91.1243010000000027
40
0.175
0
CIRCLE
8
WHITE
10
140.2999999999999829
20
-96.2999999999999972
40
0.175
0
CIRCLE
8
WHITE
10
140.2999999999999829
20
-106.4599999999999937
40
0.175
0
CIRCLE
8
WHITE
10
140.9884500000000003
20
-68.8100000000000023
40
0.175
0
CIRCLE
8
WHITE
10
140.9884500000000003
20
-71.3499999999999943
40
0.175
0
CIRCLE
8
WHITE
10
148.7999999999999829
20
-67.2099999999999937
40
0.175
0
CIRCLE
8
WHITE
10
126.2999999999999972
20
-67.2099999999999937
40
0.175
0
CIRCLE
8
WHITE
10
144.5499999999999829
20
-96.2999999999999972
40
0.175
0
CIRCLE
8
WHITE
10
144.5499999999999829
20
-106.4599999999999937
40
0.175
0
CIRCLE
8
WHITE
10
146.6238869999999963
20
-72.8357829999999922
40
0.175
0
CIRCLE
8
WHITE
10
146.6238840000000039
20
-75.3757870000000025
40
0.175
0
CIRCLE
8
WHITE
10
146.6238869999999963
20
-77.9157829999999905
40
0.175
0
CIRCLE
8
WHITE
10
135.7999999999999829
20
-106.4599999999999937
40
0.175
0
CIRCLE
8
WHITE
10
135.7999999999999829
20
-96.2999999999999972
40
0.175
0
CIRCLE
8
WHITE
10
133.2873610000000042
20
-91.171141999999989
40
0.175
0
CIRCLE
8
WHITE
10
135.7873610000000042
20
-91.171141999999989
40
0.175
0
CIRCLE
8
WHITE
10
126.2999999999999972
20
-114.7099999999999937
40
0.175
0
CIRCLE
8
WHITE
10
127.4088369999999912
20
-73.0307849999999945
40
0.175
0
CIRCLE
8
WHITE
10
127.4088369999999912
20
-75.5707850000000008
40
0.175
0
CIRCLE
8
WHITE
10
127.4088369999999912
20
-78.1107849999999928
40
0.175
0
CIRCLE
8
WHITE
10
127.5838369999999884
20
-80.8634059999999977
40
0.175
0
CIRCLE
8
WHITE
10
127.5838369999999884
20
-88.4834060000000022
40
0.175
0
CIRCLE
8
WHITE
10
131.2999999999999829
20
-96.2999999999999972
40
0.175
0
CIRCLE
8
WHITE
10
131.2999999999999829
20
-106.4599999999999937
40
0.175
0
CIRCLE
8
WHITE
10
134.2999999999999829
20
-68.8100000000000023
40
0.175
0
CIRCLE
8
WHITE
10
134.2999999999999829
20
-71.3499999999999943
40
0.175
0
CIRCLE
8
WHITE
10
148.7999999999999829
20
-114.7099999999999937
40
0.175
0
CIRCLE
8
WHITE
10
146.5569579999999803
20
-80.8555399999999906
40
0.175
0
CIRCLE
8
WHITE
10
146.5569579999999803
20
-88.4755399999999952
40
0.175
0
LINE
8
WHITE
6
CONTINUOUS
10
133.1149999999999807
20
-113.0749999999999886
11
133.1149999999999807
21
-113.6749999999999972
0
ARC
8
WHITE
10
133.414999999999992
20
-113.6749999999999972
40
0.3
50
-180.00000000
51
0.00000000
0
LINE
8
WHITE
6
CONTINUOUS
10
133.7150000000000034
20
-113.6749999999999972
11
133.7150000000000034
21
-113.0749999999999886
0
ARC
8
WHITE
10
133.414999999999992
20
-113.0749999999999886
40
0.3
50
0.00000000
51
180.00000000
0
LINE
8
WHITE
6
CONTINUOUS
10
133.1149999999999807
20
-116.875
11
133.1149999999999807
21
-117.4749999999999943
0
ARC
8
WHITE
10
133.414999999999992
20
-117.4749999999999943
40
0.3
50
-180.00000000
51
0.00000000
0
LINE
8
WHITE
6
CONTINUOUS
10
133.7150000000000034
20
-117.4749999999999943
11
133.7150000000000034
21
-116.875
0
ARC
8
WHITE
10
133.414999999999992
20
-116.875
40
0.3
50
0.00000000
51
180.00000000
0
LINE
8
WHITE
6
CONTINUOUS
10
141.7549999999999955
20
-113.0749999999999886
11
141.7549999999999955
21
-113.6749999999999972
0
ARC
8
WHITE
10
142.0550000000000068
20
-113.6749999999999972
40
0.3
50
-180.00000000
51
0.00000000
0
LINE
8
WHITE
6
CONTINUOUS
10
142.3549999999999898
20
-113.6749999999999972
11
142.3549999999999898
21
-113.0749999999999886
0
ARC
8
WHITE
10
142.0550000000000068
20
-113.0749999999999886
40
0.3
50
0.00000000
51
180.00000000
0
LINE
8
WHITE
6
CONTINUOUS
10
141.7549999999999955
20
-116.875
11
141.7549999999999955
21
-117.4749999999999943
0
ARC
8
WHITE
10
142.0550000000000068
20
-117.4749999999999943
40
0.3
50
-180.00000000
51
0.00000000
0
LINE
8
WHITE
6
CONTINUOUS
10
142.3549999999999898
20
-117.4749999999999943
11
142.3549999999999898
21
-116.875
0
ARC
8
WHITE
10
142.0550000000000068
20
-116.875
40
0.3
50
0.00000000
51
180.00000000
  0
ENDSEC
  0
EOF
