  0
SECTION
  2
HEADER
  9
$ANGBASE
  50
0.0
  9
$ANGDIR
  70
1
  9
$MEASUREMENT
  70
1
  9
$INSUNITS
  70
4
  0
ENDSEC
  0
SECTION
  2
TABLES
  0
TABLE
  2
LTYPE
  70
4
  0
LTYPE
  5
40F
  2
CONTINUOUS
  70
0
  3
Solid line
  72
65
  73
0
  40
0.0
  0
LTYPE
  5
410
  2
DASHDOT
 70
0
  3
Dash Dot ____ _ ____ _
 72
65
 73
4
 40
2.0
 49
1.25
 49
-0.25
 49
0.25
 49
-0.25
  0
LTYPE
  5
411
  2
DASHED
 70
0
  3
Dashed __ __ __ __ __
 72
65
 73
2
 40
0.75
 49
0.5
 49
-0.25
  0
LTYPE
  5
43B
  2
DOTTED
 70
0
  3
Dotted .  .  .  .
 72
65
 73
2
 40
0.2
 49
0.0
 49
-0.2
  0
ENDTAB
  0
TABLE
  2
STYLE
  70
4
  0
STYLE
  2
KICAD
  70
0
  40
0
  41
1
  42
1
  50
0
  71
0
  3
isocp.shx
  0
STYLE
  2
KICADB
  70
0
  40
0
  41
1
  42
1
  50
0
  71
0
  3
isocp.shx
  0
STYLE
  2
KICADI
  70
0
  40
0
  41
1
  42
1
  50
15
  71
0
  3
isocp.shx
  0
STYLE
  2
KICADBI
  70
0
  40
0
  41
1
  42
1
  50
15
  71
0
  3
isocp.shx
  0
ENDTAB
  0
TABLE
  2
LAYER
  70
1
  0
LAYER
  2
BLACK
  70
0
  62
250
  6
CONTINUOUS
  0
ENDTAB
  0
ENDSEC
  0
SECTION
  2
ENTITIES
0
LINE
8
BLACK
6
CONTINUOUS
10
148.7999999999999829
20
-62.1849999999999952
11
149.2149609999999882
21
-62.2021629999999988
0
LINE
8
BLACK
6
CONTINUOUS
10
149.2149609999999882
20
-62.2021629999999988
11
149.6270879999999863
21
-62.2535339999999948
0
LINE
8
BLACK
6
CONTINUOUS
10
149.6270879999999863
20
-62.2535339999999948
11
150.0335649999999816
21
-62.3387639999999976
0
LINE
8
BLACK
6
CONTINUOUS
10
150.0335649999999816
20
-62.3387639999999976
11
150.4316149999999936
21
-62.4572679999999991
0
LINE
8
BLACK
6
CONTINUOUS
10
150.4316149999999936
20
-62.4572679999999991
11
150.8185200000000066
21
-62.6082389999999975
0
LINE
8
BLACK
6
CONTINUOUS
10
150.8185200000000066
20
-62.6082389999999975
11
151.1916359999999884
21
-62.7906440000000003
0
LINE
8
BLACK
6
CONTINUOUS
10
151.1916359999999884
20
-62.7906440000000003
11
151.5484150000000056
21
-63.0032379999999961
0
LINE
8
BLACK
6
CONTINUOUS
10
151.5484150000000056
20
-63.0032379999999961
11
151.8864189999999894
21
-63.2445689999999985
0
LINE
8
BLACK
6
CONTINUOUS
10
151.8864189999999894
20
-63.2445689999999985
11
152.2033399999999972
21
-63.5129869999999954
0
LINE
8
BLACK
6
CONTINUOUS
10
152.2033399999999972
20
-63.5129869999999954
11
152.4970129999999813
21
-63.8066599999999937
0
LINE
8
BLACK
6
CONTINUOUS
10
152.4970129999999813
20
-63.8066599999999937
11
152.7654310000000066
21
-64.1235810000000015
0
LINE
8
BLACK
6
CONTINUOUS
10
152.7654310000000066
20
-64.1235810000000015
11
153.0067619999999806
21
-64.4615849999999995
0
LINE
8
BLACK
6
CONTINUOUS
10
153.0067619999999806
20
-64.4615849999999995
11
153.2193560000000048
21
-64.8183640000000025
0
LINE
8
BLACK
6
CONTINUOUS
10
153.2193560000000048
20
-64.8183640000000025
11
153.4017609999999934
21
-65.1914799999999985
0
LINE
8
BLACK
6
CONTINUOUS
10
153.4017609999999934
20
-65.1914799999999985
11
153.5527319999999918
21
-65.5783849999999973
0
LINE
8
BLACK
6
CONTINUOUS
10
153.5527319999999918
20
-65.5783849999999973
11
153.6712359999999933
21
-65.9764349999999951
0
LINE
8
BLACK
6
CONTINUOUS
10
153.6712359999999933
20
-65.9764349999999951
11
153.756465999999989
21
-66.3829119999999904
0
LINE
8
BLACK
6
CONTINUOUS
10
153.756465999999989
20
-66.3829119999999904
11
153.8078370000000064
21
-66.7950390000000027
0
LINE
8
BLACK
6
CONTINUOUS
10
153.8078370000000064
20
-66.7950390000000027
11
153.8249999999999886
21
-67.2099999999999937
0
LINE
8
BLACK
6
CONTINUOUS
10
153.8249999999999886
20
-67.2099999999999937
11
153.8249999999999886
21
-114.7099999999999937
0
LINE
8
BLACK
6
CONTINUOUS
10
153.8249999999999886
20
-114.7099999999999937
11
153.8078370000000064
21
-115.124960999999999
0
LINE
8
BLACK
6
CONTINUOUS
10
153.8078370000000064
20
-115.124960999999999
11
153.756465999999989
21
-115.5370879999999971
0
LINE
8
BLACK
6
CONTINUOUS
10
153.756465999999989
20
-115.5370879999999971
11
153.6712359999999933
21
-115.9435649999999924
0
LINE
8
BLACK
6
CONTINUOUS
10
153.6712359999999933
20
-115.9435649999999924
11
153.5527319999999918
21
-116.3416149999999902
0
LINE
8
BLACK
6
CONTINUOUS
10
153.5527319999999918
20
-116.3416149999999902
11
153.4017609999999934
21
-116.728519999999989
0
LINE
8
BLACK
6
CONTINUOUS
10
153.4017609999999934
20
-116.728519999999989
11
153.2193560000000048
21
-117.1016359999999992
0
LINE
8
BLACK
6
CONTINUOUS
10
153.2193560000000048
20
-117.1016359999999992
11
153.0067619999999806
21
-117.458414999999988
0
LINE
8
BLACK
6
CONTINUOUS
10
153.0067619999999806
20
-117.458414999999988
11
152.7654310000000066
21
-117.7964190000000002
0
LINE
8
BLACK
6
CONTINUOUS
10
152.7654310000000066
20
-117.7964190000000002
11
152.4970129999999813
21
-118.1133399999999938
0
LINE
8
BLACK
6
CONTINUOUS
10
152.4970129999999813
20
-118.1133399999999938
11
152.2033399999999972
21
-118.4070129999999921
0
LINE
8
BLACK
6
CONTINUOUS
10
152.2033399999999972
20
-118.4070129999999921
11
151.8864189999999894
21
-118.675430999999989
0
LINE
8
BLACK
6
CONTINUOUS
10
151.8864189999999894
20
-118.675430999999989
11
151.5484150000000056
21
-118.9167619999999914
0
LINE
8
BLACK
6
CONTINUOUS
10
151.5484150000000056
20
-118.9167619999999914
11
151.1916359999999884
21
-119.1293560000000014
0
LINE
8
BLACK
6
CONTINUOUS
10
151.1916359999999884
20
-119.1293560000000014
11
150.8185200000000066
21
-119.31176099999999
0
LINE
8
BLACK
6
CONTINUOUS
10
150.8185200000000066
20
-119.31176099999999
11
150.4316149999999936
21
-119.4627319999999884
0
LINE
8
BLACK
6
CONTINUOUS
10
150.4316149999999936
20
-119.4627319999999884
11
150.0335649999999816
21
-119.5812359999999899
0
LINE
8
BLACK
6
CONTINUOUS
10
150.0335649999999816
20
-119.5812359999999899
11
149.6270879999999863
21
-119.6664659999999998
0
LINE
8
BLACK
6
CONTINUOUS
10
149.6270879999999863
20
-119.6664659999999998
11
149.2149609999999882
21
-119.7178369999999887
0
LINE
8
BLACK
6
CONTINUOUS
10
149.2149609999999882
20
-119.7178369999999887
11
148.7999999999999829
21
-119.7349999999999994
0
LINE
8
BLACK
6
CONTINUOUS
10
148.7999999999999829
20
-119.7349999999999994
11
126.2999999999999972
21
-119.7349999999999994
0
LINE
8
BLACK
6
CONTINUOUS
10
126.2999999999999972
20
-119.7349999999999994
11
125.8850389999999919
21
-119.7178369999999887
0
LINE
8
BLACK
6
CONTINUOUS
10
125.8850389999999919
20
-119.7178369999999887
11
125.4729119999999938
21
-119.6664659999999998
0
LINE
8
BLACK
6
CONTINUOUS
10
125.4729119999999938
20
-119.6664659999999998
11
125.0664349999999985
21
-119.5812359999999899
0
LINE
8
BLACK
6
CONTINUOUS
10
125.0664349999999985
20
-119.5812359999999899
11
124.6683850000000007
21
-119.4627319999999884
0
LINE
8
BLACK
6
CONTINUOUS
10
124.6683850000000007
20
-119.4627319999999884
11
124.2814799999999877
21
-119.31176099999999
0
LINE
8
BLACK
6
CONTINUOUS
10
124.2814799999999877
20
-119.31176099999999
11
123.9083639999999917
21
-119.1293560000000014
0
LINE
8
BLACK
6
CONTINUOUS
10
123.9083639999999917
20
-119.1293560000000014
11
123.5515849999999887
21
-118.9167619999999914
0
LINE
8
BLACK
6
CONTINUOUS
10
123.5515849999999887
20
-118.9167619999999914
11
123.2135809999999907
21
-118.675430999999989
0
LINE
8
BLACK
6
CONTINUOUS
10
123.2135809999999907
20
-118.675430999999989
11
122.8966599999999971
21
-118.4070129999999921
0
LINE
8
BLACK
6
CONTINUOUS
10
122.8966599999999971
20
-118.4070129999999921
11
122.6029869999999988
21
-118.1133399999999938
0
LINE
8
BLACK
6
CONTINUOUS
10
122.6029869999999988
20
-118.1133399999999938
11
122.3345689999999877
21
-117.7964190000000002
0
LINE
8
BLACK
6
CONTINUOUS
10
122.3345689999999877
20
-117.7964190000000002
11
122.0932379999999995
21
-117.458414999999988
0
LINE
8
BLACK
6
CONTINUOUS
10
122.0932379999999995
20
-117.458414999999988
11
121.8806439999999895
21
-117.1016359999999992
0
LINE
8
BLACK
6
CONTINUOUS
10
121.8806439999999895
20
-117.1016359999999992
11
121.6982390000000009
21
-116.728519999999989
0
LINE
8
BLACK
6
CONTINUOUS
10
121.6982390000000009
20
-116.728519999999989
11
121.5472679999999883
21
-116.3416149999999902
0
LINE
8
BLACK
6
CONTINUOUS
10
121.5472679999999883
20
-116.3416149999999902
11
121.428764000000001
21
-115.9435649999999924
0
LINE
8
BLACK
6
CONTINUOUS
10
121.428764000000001
20
-115.9435649999999924
11
121.3435339999999911
21
-115.5370879999999971
0
LINE
8
BLACK
6
CONTINUOUS
10
121.3435339999999911
20
-115.5370879999999971
11
121.292162999999988
21
-115.124960999999999
0
LINE
8
BLACK
6
CONTINUOUS
10
121.292162999999988
20
-115.124960999999999
11
121.2749999999999915
21
-114.7099999999999937
0
LINE
8
BLACK
6
CONTINUOUS
10
121.2749999999999915
20
-114.7099999999999937
11
121.2749999999999915
21
-67.2099999999999937
0
LINE
8
BLACK
6
CONTINUOUS
10
121.2749999999999915
20
-67.2099999999999937
11
121.292162999999988
21
-66.7950390000000027
0
LINE
8
BLACK
6
CONTINUOUS
10
121.292162999999988
20
-66.7950390000000027
11
121.3435339999999911
21
-66.3829119999999904
0
LINE
8
BLACK
6
CONTINUOUS
10
121.3435339999999911
20
-66.3829119999999904
11
121.428764000000001
21
-65.9764349999999951
0
LINE
8
BLACK
6
CONTINUOUS
10
121.428764000000001
20
-65.9764349999999951
11
121.5472679999999883
21
-65.5783849999999973
0
LINE
8
BLACK
6
CONTINUOUS
10
121.5472679999999883
20
-65.5783849999999973
11
121.6982390000000009
21
-65.1914799999999985
0
LINE
8
BLACK
6
CONTINUOUS
10
121.6982390000000009
20
-65.1914799999999985
11
121.8806439999999895
21
-64.8183640000000025
0
LINE
8
BLACK
6
CONTINUOUS
10
121.8806439999999895
20
-64.8183640000000025
11
122.0932379999999995
21
-64.4615849999999995
0
LINE
8
BLACK
6
CONTINUOUS
10
122.0932379999999995
20
-64.4615849999999995
11
122.3345689999999877
21
-64.1235810000000015
0
LINE
8
BLACK
6
CONTINUOUS
10
122.3345689999999877
20
-64.1235810000000015
11
122.6029869999999988
21
-63.8066599999999937
0
LINE
8
BLACK
6
CONTINUOUS
10
122.6029869999999988
20
-63.8066599999999937
11
122.8966599999999971
21
-63.5129869999999954
0
LINE
8
BLACK
6
CONTINUOUS
10
122.8966599999999971
20
-63.5129869999999954
11
123.2135809999999907
21
-63.2445689999999985
0
LINE
8
BLACK
6
CONTINUOUS
10
123.2135809999999907
20
-63.2445689999999985
11
123.5515849999999887
21
-63.0032379999999961
0
LINE
8
BLACK
6
CONTINUOUS
10
123.5515849999999887
20
-63.0032379999999961
11
123.9083639999999917
21
-62.7906440000000003
0
LINE
8
BLACK
6
CONTINUOUS
10
123.9083639999999917
20
-62.7906440000000003
11
124.2814799999999877
21
-62.6082389999999975
0
LINE
8
BLACK
6
CONTINUOUS
10
124.2814799999999877
20
-62.6082389999999975
11
124.6683850000000007
21
-62.4572679999999991
0
LINE
8
BLACK
6
CONTINUOUS
10
124.6683850000000007
20
-62.4572679999999991
11
125.0664349999999985
21
-62.3387639999999976
0
LINE
8
BLACK
6
CONTINUOUS
10
125.0664349999999985
20
-62.3387639999999976
11
125.4729119999999938
21
-62.2535339999999948
0
LINE
8
BLACK
6
CONTINUOUS
10
125.4729119999999938
20
-62.2535339999999948
11
125.8850389999999919
21
-62.2021629999999988
0
LINE
8
BLACK
6
CONTINUOUS
10
125.8850389999999919
20
-62.2021629999999988
11
126.2999999999999972
21
-62.1849999999999952
0
LINE
8
BLACK
6
CONTINUOUS
10
126.2999999999999972
20
-62.1849999999999952
11
148.7999999999999829
21
-62.1849999999999952
0
LINE
8
BLACK
6
CONTINUOUS
10
126.2999999999999972
20
-62.2349999999999994
11
126.094231999999991
21
-62.2349999999999994
0
LINE
8
BLACK
6
CONTINUOUS
10
126.094231999999991
20
-62.2349999999999994
11
125.6841029999999932
21
-62.2689850000000007
0
LINE
8
BLACK
6
CONTINUOUS
10
125.6841029999999932
20
-62.2689850000000007
11
125.2781809999999894
21
-62.3367209999999972
0
LINE
8
BLACK
6
CONTINUOUS
10
125.2781809999999894
20
-62.3367209999999972
11
124.8792389999999983
21
-62.4377469999999946
0
LINE
8
BLACK
6
CONTINUOUS
10
124.8792389999999983
20
-62.4377469999999946
11
124.4900019999999898
21
-62.5713719999999967
0
LINE
8
BLACK
6
CONTINUOUS
10
124.4900019999999898
20
-62.5713719999999967
11
124.1131290000000007
21
-62.7366839999999968
0
LINE
8
BLACK
6
CONTINUOUS
10
124.1131290000000007
20
-62.7366839999999968
11
123.7511949999999956
21
-62.9325529999999986
0
LINE
8
BLACK
6
CONTINUOUS
10
123.7511949999999956
20
-62.9325529999999986
11
123.4066709999999887
21
-63.1576409999999981
0
LINE
8
BLACK
6
CONTINUOUS
10
123.4066709999999887
20
-63.1576409999999981
11
123.0819119999999884
21
-63.4104109999999963
0
LINE
8
BLACK
6
CONTINUOUS
10
123.0819119999999884
20
-63.4104109999999963
11
122.7791359999999941
21
-63.6891359999999978
0
LINE
8
BLACK
6
CONTINUOUS
10
122.7791359999999941
20
-63.6891359999999978
11
122.5004109999999997
21
-63.9919119999999992
0
LINE
8
BLACK
6
CONTINUOUS
10
122.5004109999999997
20
-63.9919119999999992
11
122.2476410000000016
21
-64.3166709999999995
0
LINE
8
BLACK
6
CONTINUOUS
10
122.2476410000000016
20
-64.3166709999999995
11
122.0225529999999878
21
-64.6611949999999922
0
LINE
8
BLACK
6
CONTINUOUS
10
122.0225529999999878
20
-64.6611949999999922
11
121.8266840000000002
21
-65.0231289999999973
0
LINE
8
BLACK
6
CONTINUOUS
10
121.8266840000000002
20
-65.0231289999999973
11
121.6613720000000001
21
-65.4000020000000006
0
LINE
8
BLACK
6
CONTINUOUS
10
121.6613720000000001
20
-65.4000020000000006
11
121.5277469999999909
21
-65.7892389999999949
0
LINE
8
BLACK
6
CONTINUOUS
10
121.5277469999999909
20
-65.7892389999999949
11
121.4267210000000006
21
-66.1881810000000002
0
LINE
8
BLACK
6
CONTINUOUS
10
121.4267210000000006
20
-66.1881810000000002
11
121.3589849999999899
21
-66.594103000000004
0
LINE
8
BLACK
6
CONTINUOUS
10
121.3589849999999899
20
-66.594103000000004
11
121.3249999999999886
21
-67.0042320000000018
0
LINE
8
BLACK
6
CONTINUOUS
10
121.3249999999999886
20
-67.0042320000000018
11
121.3249999999999886
21
-67.2099999999999937
0
LINE
8
BLACK
6
CONTINUOUS
10
121.3249999999999886
20
-67.2099999999999937
11
121.3249999999999886
21
-114.7099999999999937
0
LINE
8
BLACK
6
CONTINUOUS
10
121.3249999999999886
20
-114.7099999999999937
11
121.3249999999999886
21
-114.9157679999999999
0
LINE
8
BLACK
6
CONTINUOUS
10
121.3249999999999886
20
-114.9157679999999999
11
121.3589849999999899
21
-115.3258969999999977
0
LINE
8
BLACK
6
CONTINUOUS
10
121.3589849999999899
20
-115.3258969999999977
11
121.4267210000000006
21
-115.7318190000000016
0
LINE
8
BLACK
6
CONTINUOUS
10
121.4267210000000006
20
-115.7318190000000016
11
121.5277469999999909
21
-116.1307609999999926
0
LINE
8
BLACK
6
CONTINUOUS
10
121.5277469999999909
20
-116.1307609999999926
11
121.6613720000000001
21
-116.5199980000000011
0
LINE
8
BLACK
6
CONTINUOUS
10
121.6613720000000001
20
-116.5199980000000011
11
121.8266840000000002
21
-116.8968709999999902
0
LINE
8
BLACK
6
CONTINUOUS
10
121.8266840000000002
20
-116.8968709999999902
11
122.0225529999999878
21
-117.2588049999999953
0
LINE
8
BLACK
6
CONTINUOUS
10
122.0225529999999878
20
-117.2588049999999953
11
122.2476410000000016
21
-117.603328999999988
0
LINE
8
BLACK
6
CONTINUOUS
10
122.2476410000000016
20
-117.603328999999988
11
122.5004109999999997
21
-117.9280879999999883
0
LINE
8
BLACK
6
CONTINUOUS
10
122.5004109999999997
20
-117.9280879999999883
11
122.7791359999999941
21
-118.2308639999999968
0
LINE
8
BLACK
6
CONTINUOUS
10
122.7791359999999941
20
-118.2308639999999968
11
123.0819119999999884
21
-118.5095889999999912
0
LINE
8
BLACK
6
CONTINUOUS
10
123.0819119999999884
20
-118.5095889999999912
11
123.4066709999999887
21
-118.7623589999999894
0
LINE
8
BLACK
6
CONTINUOUS
10
123.4066709999999887
20
-118.7623589999999894
11
123.7511949999999956
21
-118.9874469999999889
0
LINE
8
BLACK
6
CONTINUOUS
10
123.7511949999999956
20
-118.9874469999999889
11
124.1131290000000007
21
-119.1833159999999907
0
LINE
8
BLACK
6
CONTINUOUS
10
124.1131290000000007
20
-119.1833159999999907
11
124.4900019999999898
21
-119.3486279999999908
0
LINE
8
BLACK
6
CONTINUOUS
10
124.4900019999999898
20
-119.3486279999999908
11
124.8792389999999983
21
-119.482253
0
LINE
8
BLACK
6
CONTINUOUS
10
124.8792389999999983
20
-119.482253
11
125.2781809999999894
21
-119.5832789999999903
0
LINE
8
BLACK
6
CONTINUOUS
10
125.2781809999999894
20
-119.5832789999999903
11
125.6841029999999932
21
-119.651015000000001
0
LINE
8
BLACK
6
CONTINUOUS
10
125.6841029999999932
20
-119.651015000000001
11
126.094231999999991
21
-119.6849999999999881
0
LINE
8
BLACK
6
CONTINUOUS
10
126.094231999999991
20
-119.6849999999999881
11
126.2999999999999972
21
-119.6849999999999881
0
LINE
8
BLACK
6
CONTINUOUS
10
126.2999999999999972
20
-119.6849999999999881
11
148.7999999999999829
21
-119.6849999999999881
0
LINE
8
BLACK
6
CONTINUOUS
10
148.7999999999999829
20
-119.6849999999999881
11
149.0057679999999891
21
-119.6849999999999881
0
LINE
8
BLACK
6
CONTINUOUS
10
149.0057679999999891
20
-119.6849999999999881
11
149.4158970000000011
21
-119.651015000000001
0
LINE
8
BLACK
6
CONTINUOUS
10
149.4158970000000011
20
-119.651015000000001
11
149.821819000000005
21
-119.5832789999999903
0
LINE
8
BLACK
6
CONTINUOUS
10
149.821819000000005
20
-119.5832789999999903
11
150.2207609999999818
21
-119.482253
0
LINE
8
BLACK
6
CONTINUOUS
10
150.2207609999999818
20
-119.482253
11
150.6099979999999903
21
-119.3486279999999908
0
LINE
8
BLACK
6
CONTINUOUS
10
150.6099979999999903
20
-119.3486279999999908
11
150.9868709999999794
21
-119.1833159999999907
0
LINE
8
BLACK
6
CONTINUOUS
10
150.9868709999999794
20
-119.1833159999999907
11
151.3488049999999987
21
-118.9874469999999889
0
LINE
8
BLACK
6
CONTINUOUS
10
151.3488049999999987
20
-118.9874469999999889
11
151.6933290000000056
21
-118.7623589999999894
0
LINE
8
BLACK
6
CONTINUOUS
10
151.6933290000000056
20
-118.7623589999999894
11
152.0180880000000059
21
-118.5095889999999912
0
LINE
8
BLACK
6
CONTINUOUS
10
152.0180880000000059
20
-118.5095889999999912
11
152.3208640000000003
21
-118.2308639999999968
0
LINE
8
BLACK
6
CONTINUOUS
10
152.3208640000000003
20
-118.2308639999999968
11
152.5995889999999804
21
-117.9280879999999883
0
LINE
8
BLACK
6
CONTINUOUS
10
152.5995889999999804
20
-117.9280879999999883
11
152.852359000000007
21
-117.603328999999988
0
LINE
8
BLACK
6
CONTINUOUS
10
152.852359000000007
20
-117.603328999999988
11
153.0774470000000065
21
-117.2588049999999953
0
LINE
8
BLACK
6
CONTINUOUS
10
153.0774470000000065
20
-117.2588049999999953
11
153.2733159999999941
21
-116.8968709999999902
0
LINE
8
BLACK
6
CONTINUOUS
10
153.2733159999999941
20
-116.8968709999999902
11
153.4386279999999942
21
-116.5199980000000011
0
LINE
8
BLACK
6
CONTINUOUS
10
153.4386279999999942
20
-116.5199980000000011
11
153.5722529999999892
21
-116.1307609999999926
0
LINE
8
BLACK
6
CONTINUOUS
10
153.5722529999999892
20
-116.1307609999999926
11
153.6732789999999795
21
-115.7318190000000016
0
LINE
8
BLACK
6
CONTINUOUS
10
153.6732789999999795
20
-115.7318190000000016
11
153.7410150000000044
21
-115.3258969999999977
0
LINE
8
BLACK
6
CONTINUOUS
10
153.7410150000000044
20
-115.3258969999999977
11
153.7750000000000057
21
-114.9157679999999999
0
LINE
8
BLACK
6
CONTINUOUS
10
153.7750000000000057
20
-114.9157679999999999
11
153.7750000000000057
21
-114.7099999999999937
0
LINE
8
BLACK
6
CONTINUOUS
10
153.7750000000000057
20
-114.7099999999999937
11
153.7750000000000057
21
-67.2099999999999937
0
LINE
8
BLACK
6
CONTINUOUS
10
153.7750000000000057
20
-67.2099999999999937
11
153.7750000000000057
21
-67.0042320000000018
0
LINE
8
BLACK
6
CONTINUOUS
10
153.7750000000000057
20
-67.0042320000000018
11
153.7410150000000044
21
-66.594103000000004
0
LINE
8
BLACK
6
CONTINUOUS
10
153.7410150000000044
20
-66.594103000000004
11
153.6732789999999795
21
-66.1881810000000002
0
LINE
8
BLACK
6
CONTINUOUS
10
153.6732789999999795
20
-66.1881810000000002
11
153.5722529999999892
21
-65.7892389999999949
0
LINE
8
BLACK
6
CONTINUOUS
10
153.5722529999999892
20
-65.7892389999999949
11
153.4386279999999942
21
-65.4000020000000006
0
LINE
8
BLACK
6
CONTINUOUS
10
153.4386279999999942
20
-65.4000020000000006
11
153.2733159999999941
21
-65.0231289999999973
0
LINE
8
BLACK
6
CONTINUOUS
10
153.2733159999999941
20
-65.0231289999999973
11
153.0774470000000065
21
-64.6611949999999922
0
LINE
8
BLACK
6
CONTINUOUS
10
153.0774470000000065
20
-64.6611949999999922
11
152.852359000000007
21
-64.3166709999999995
0
LINE
8
BLACK
6
CONTINUOUS
10
152.852359000000007
20
-64.3166709999999995
11
152.5995889999999804
21
-63.9919119999999992
0
LINE
8
BLACK
6
CONTINUOUS
10
152.5995889999999804
20
-63.9919119999999992
11
152.3208640000000003
21
-63.6891359999999978
0
LINE
8
BLACK
6
CONTINUOUS
10
152.3208640000000003
20
-63.6891359999999978
11
152.0180880000000059
21
-63.4104109999999963
0
LINE
8
BLACK
6
CONTINUOUS
10
152.0180880000000059
20
-63.4104109999999963
11
151.6933290000000056
21
-63.1576409999999981
0
LINE
8
BLACK
6
CONTINUOUS
10
151.6933290000000056
20
-63.1576409999999981
11
151.3488049999999987
21
-62.9325529999999986
0
LINE
8
BLACK
6
CONTINUOUS
10
151.3488049999999987
20
-62.9325529999999986
11
150.9868709999999794
21
-62.7366839999999968
0
LINE
8
BLACK
6
CONTINUOUS
10
150.9868709999999794
20
-62.7366839999999968
11
150.6099979999999903
21
-62.5713719999999967
0
LINE
8
BLACK
6
CONTINUOUS
10
150.6099979999999903
20
-62.5713719999999967
11
150.2207609999999818
21
-62.4377469999999946
0
LINE
8
BLACK
6
CONTINUOUS
10
150.2207609999999818
20
-62.4377469999999946
11
149.821819000000005
21
-62.3367209999999972
0
LINE
8
BLACK
6
CONTINUOUS
10
149.821819000000005
20
-62.3367209999999972
11
149.4158970000000011
21
-62.2689850000000007
0
LINE
8
BLACK
6
CONTINUOUS
10
149.4158970000000011
20
-62.2689850000000007
11
149.0057679999999891
21
-62.2349999999999994
0
LINE
8
BLACK
6
CONTINUOUS
10
149.0057679999999891
20
-62.2349999999999994
11
148.7999999999999829
21
-62.2349999999999994
0
LINE
8
BLACK
6
CONTINUOUS
10
148.7999999999999829
20
-62.2349999999999994
11
126.2999999999999972
21
-62.2349999999999994
0
CIRCLE
8
BLACK
10
142.7672959999999875
20
-91.1243010000000027
40
0.175
0
CIRCLE
8
BLACK
10
140.2672959999999875
20
-91.1243010000000027
40
0.175
0
CIRCLE
8
BLACK
10
140.2999999999999829
20
-96.2999999999999972
40
0.175
0
CIRCLE
8
BLACK
10
140.2999999999999829
20
-106.4599999999999937
40
0.175
0
CIRCLE
8
BLACK
10
140.9884500000000003
20
-68.8100000000000023
40
0.175
0
CIRCLE
8
BLACK
10
140.9884500000000003
20
-71.3499999999999943
40
0.175
0
CIRCLE
8
BLACK
10
148.7999999999999829
20
-67.2099999999999937
40
0.175
0
CIRCLE
8
BLACK
10
126.2999999999999972
20
-67.2099999999999937
40
0.175
0
CIRCLE
8
BLACK
10
144.5499999999999829
20
-96.2999999999999972
40
0.175
0
CIRCLE
8
BLACK
10
144.5499999999999829
20
-106.4599999999999937
40
0.175
0
CIRCLE
8
BLACK
10
146.6238869999999963
20
-72.8357829999999922
40
0.175
0
CIRCLE
8
BLACK
10
146.6238840000000039
20
-75.3757870000000025
40
0.175
0
CIRCLE
8
BLACK
10
146.6238869999999963
20
-77.9157829999999905
40
0.175
0
CIRCLE
8
BLACK
10
135.7999999999999829
20
-106.4599999999999937
40
0.175
0
CIRCLE
8
BLACK
10
135.7999999999999829
20
-96.2999999999999972
40
0.175
0
CIRCLE
8
BLACK
10
133.2873610000000042
20
-91.171141999999989
40
0.175
0
CIRCLE
8
BLACK
10
135.7873610000000042
20
-91.171141999999989
40
0.175
0
CIRCLE
8
BLACK
10
126.2999999999999972
20
-114.7099999999999937
40
0.175
0
CIRCLE
8
BLACK
10
127.4088369999999912
20
-73.0307849999999945
40
0.175
0
CIRCLE
8
BLACK
10
127.4088369999999912
20
-75.5707850000000008
40
0.175
0
CIRCLE
8
BLACK
10
127.4088369999999912
20
-78.1107849999999928
40
0.175
0
CIRCLE
8
BLACK
10
127.5838369999999884
20
-80.8634059999999977
40
0.175
0
CIRCLE
8
BLACK
10
127.5838369999999884
20
-88.463405999999992
40
0.175
0
CIRCLE
8
BLACK
10
131.2999999999999829
20
-96.2999999999999972
40
0.175
0
CIRCLE
8
BLACK
10
131.2999999999999829
20
-106.4599999999999937
40
0.175
0
CIRCLE
8
BLACK
10
134.2999999999999829
20
-68.8100000000000023
40
0.175
0
CIRCLE
8
BLACK
10
134.2999999999999829
20
-71.3499999999999943
40
0.175
0
CIRCLE
8
BLACK
10
148.7999999999999829
20
-114.7099999999999937
40
0.175
0
CIRCLE
8
BLACK
10
146.5569579999999803
20
-80.8555399999999906
40
0.175
0
CIRCLE
8
BLACK
10
146.5569579999999803
20
-88.4755399999999952
40
0.175
0
LINE
8
BLACK
6
CONTINUOUS
10
132.8649999999999807
20
-113.0749999999999886
11
132.8649999999999807
21
-113.6749999999999972
0
ARC
8
BLACK
10
133.414999999999992
20
-113.6749999999999972
40
0.5499999999999999
50
-180.00000000
51
0.00000000
0
LINE
8
BLACK
6
CONTINUOUS
10
133.9650000000000034
20
-113.6749999999999972
11
133.9650000000000034
21
-113.0749999999999886
0
ARC
8
BLACK
10
133.414999999999992
20
-113.0749999999999886
40
0.5499999999999999
50
0.00000000
51
180.00000000
0
LINE
8
BLACK
6
CONTINUOUS
10
132.8649999999999807
20
-116.875
11
132.8649999999999807
21
-117.4749999999999943
0
ARC
8
BLACK
10
133.414999999999992
20
-117.4749999999999943
40
0.5499999999999999
50
-180.00000000
51
0.00000000
0
LINE
8
BLACK
6
CONTINUOUS
10
133.9650000000000034
20
-117.4749999999999943
11
133.9650000000000034
21
-116.875
0
ARC
8
BLACK
10
133.414999999999992
20
-116.875
40
0.5499999999999999
50
0.00000000
51
180.00000000
0
LINE
8
BLACK
6
CONTINUOUS
10
141.5049999999999955
20
-113.0749999999999886
11
141.5049999999999955
21
-113.6749999999999972
0
ARC
8
BLACK
10
142.0550000000000068
20
-113.6749999999999972
40
0.5499999999999999
50
-180.00000000
51
0.00000000
0
LINE
8
BLACK
6
CONTINUOUS
10
142.6049999999999898
20
-113.6749999999999972
11
142.6049999999999898
21
-113.0749999999999886
0
ARC
8
BLACK
10
142.0550000000000068
20
-113.0749999999999886
40
0.5499999999999999
50
0.00000000
51
180.00000000
0
LINE
8
BLACK
6
CONTINUOUS
10
141.5049999999999955
20
-116.875
11
141.5049999999999955
21
-117.4749999999999943
0
ARC
8
BLACK
10
142.0550000000000068
20
-117.4749999999999943
40
0.5499999999999999
50
-180.00000000
51
0.00000000
0
LINE
8
BLACK
6
CONTINUOUS
10
142.6049999999999898
20
-117.4749999999999943
11
142.6049999999999898
21
-116.875
0
ARC
8
BLACK
10
142.0550000000000068
20
-116.875
40
0.5499999999999999
50
0.00000000
51
180.00000000
0
LINE
8
BLACK
6
CONTINUOUS
10
147.9706709999999816
20
-108.9540299999999888
11
148.0517769999999871
21
-109.008223000000001
0
LINE
8
BLACK
6
CONTINUOUS
10
148.0517769999999871
20
-109.008223000000001
11
148.105969999999985
21
-109.0893289999999922
0
LINE
8
BLACK
6
CONTINUOUS
10
148.105969999999985
20
-109.0893289999999922
11
148.125
21
-109.1849999999999881
0
LINE
8
BLACK
6
CONTINUOUS
10
148.125
20
-109.1849999999999881
11
148.125
21
-110.0849999999999937
0
LINE
8
BLACK
6
CONTINUOUS
10
148.125
20
-110.0849999999999937
11
148.105969999999985
21
-110.1806709999999896
0
LINE
8
BLACK
6
CONTINUOUS
10
148.105969999999985
20
-110.1806709999999896
11
148.0517769999999871
21
-110.261776999999995
0
LINE
8
BLACK
6
CONTINUOUS
10
148.0517769999999871
20
-110.261776999999995
11
147.9706709999999816
21
-110.315969999999993
0
LINE
8
BLACK
6
CONTINUOUS
10
147.9706709999999816
20
-110.315969999999993
11
147.875
21
-110.3349999999999937
0
LINE
8
BLACK
6
CONTINUOUS
10
147.875
20
-110.3349999999999937
11
147.6500000000000057
21
-110.3349999999999937
0
LINE
8
BLACK
6
CONTINUOUS
10
147.6500000000000057
20
-110.3349999999999937
11
147.6500000000000057
21
-110.8999999999999915
0
LINE
8
BLACK
6
CONTINUOUS
10
147.6500000000000057
20
-110.8999999999999915
11
147.6475979999999879
21
-110.9243859999999984
0
LINE
8
BLACK
6
CONTINUOUS
10
147.6475979999999879
20
-110.9243859999999984
11
147.6289339999999868
21
-110.9694459999999907
0
LINE
8
BLACK
6
CONTINUOUS
10
147.6289339999999868
20
-110.9694459999999907
11
147.6133889999999838
21
-110.9883880000000005
0
LINE
8
BLACK
6
CONTINUOUS
10
147.6133889999999838
20
-110.9883880000000005
11
147.4043879999999831
21
-111.1973879999999895
0
LINE
8
BLACK
6
CONTINUOUS
10
147.4043879999999831
20
-111.1973879999999895
11
147.3854509999999891
21
-111.2129279999999909
0
LINE
8
BLACK
6
CONTINUOUS
10
147.3854509999999891
20
-111.2129279999999909
11
147.3854460000000017
21
-111.21293399999999
0
LINE
8
BLACK
6
CONTINUOUS
10
147.3854460000000017
20
-111.21293399999999
11
147.378296000000006
21
-111.2158949999999891
0
LINE
8
BLACK
6
CONTINUOUS
10
147.378296000000006
20
-111.2158949999999891
11
142.5065219999999897
21
-116.0876699999999886
0
LINE
8
BLACK
6
CONTINUOUS
10
142.5065219999999897
20
-116.0876699999999886
11
142.4879279999999824
21
-116.1029289999999889
0
LINE
8
BLACK
6
CONTINUOUS
10
142.4879279999999824
20
-116.1029289999999889
11
142.487764999999996
21
-116.1030930000000012
0
LINE
8
BLACK
6
CONTINUOUS
10
142.487764999999996
20
-116.1030930000000012
11
142.4876909999999839
21
-116.1031229999999965
0
LINE
8
BLACK
6
CONTINUOUS
10
142.4876909999999839
20
-116.1031229999999965
11
142.4875799999999799
21
-116.1032149999999916
0
LINE
8
BLACK
6
CONTINUOUS
10
142.4875799999999799
20
-116.1032149999999916
11
142.4656229999999937
21
-116.1123099999999937
0
LINE
8
BLACK
6
CONTINUOUS
10
142.4656229999999937
20
-116.1123099999999937
11
142.4427379999999914
21
-116.1218369999999993
0
LINE
8
BLACK
6
CONTINUOUS
10
142.4427379999999914
20
-116.1218369999999993
11
142.442623999999995
21
-116.1218369999999993
0
LINE
8
BLACK
6
CONTINUOUS
10
142.442623999999995
20
-116.1218369999999993
11
142.4425209999999993
21
-116.1218799999999902
0
LINE
8
BLACK
6
CONTINUOUS
10
142.4425209999999993
20
-116.1218799999999902
11
142.4393739999999866
21
-116.1218799999999902
0
LINE
8
BLACK
6
CONTINUOUS
10
142.4393739999999866
20
-116.1218799999999902
11
142.4178509999999847
21
-116.1239999999999952
0
LINE
8
BLACK
6
CONTINUOUS
10
142.4178509999999847
20
-116.1239999999999952
11
141.1752349999999865
21
-116.1239999999999952
0
LINE
8
BLACK
6
CONTINUOUS
10
141.1752349999999865
20
-116.1239999999999952
11
141.1650829999999814
21
-116.125
0
LINE
8
BLACK
6
CONTINUOUS
10
141.1650829999999814
20
-116.125
11
138.0900000000000034
21
-116.125
0
LINE
8
BLACK
6
CONTINUOUS
10
138.0900000000000034
20
-116.125
11
138.0656139999999823
21
-116.1225979999999964
0
LINE
8
BLACK
6
CONTINUOUS
10
138.0656139999999823
20
-116.1225979999999964
11
138.0205540000000042
21
-116.1039339999999953
0
LINE
8
BLACK
6
CONTINUOUS
10
138.0205540000000042
20
-116.1039339999999953
11
138.0205530000000067
21
-116.1039329999999978
0
LINE
8
BLACK
6
CONTINUOUS
10
138.0205530000000067
20
-116.1039329999999978
11
138.0016119999999944
21
-116.0883889999999923
0
LINE
8
BLACK
6
CONTINUOUS
10
138.0016119999999944
20
-116.0883889999999923
11
137.1466120000000046
21
-115.2333879999999908
0
LINE
8
BLACK
6
CONTINUOUS
10
137.1466120000000046
20
-115.2333879999999908
11
137.1310709999999915
21
-115.2144509999999968
0
LINE
8
BLACK
6
CONTINUOUS
10
137.1310709999999915
20
-115.2144509999999968
11
137.1310660000000041
21
-115.2144459999999953
0
LINE
8
BLACK
6
CONTINUOUS
10
137.1310660000000041
20
-115.2144459999999953
11
137.112402000000003
21
-115.1693859999999887
0
LINE
8
BLACK
6
CONTINUOUS
10
137.112402000000003
20
-115.1693859999999887
11
137.1099999999999852
21
-115.144999999999996
0
LINE
8
BLACK
6
CONTINUOUS
10
137.1099999999999852
20
-115.144999999999996
11
137.1099999999999852
21
-113.894999999999996
0
LINE
8
BLACK
6
CONTINUOUS
10
137.1099999999999852
20
-113.894999999999996
11
137.0600000000000023
21
-113.894999999999996
0
LINE
8
BLACK
6
CONTINUOUS
10
137.0600000000000023
20
-113.894999999999996
11
136.9930300000000045
21
-113.8816789999999912
0
LINE
8
BLACK
6
CONTINUOUS
10
136.9930300000000045
20
-113.8816789999999912
11
136.936255999999986
21
-113.8437440000000009
0
LINE
8
BLACK
6
CONTINUOUS
10
136.936255999999986
20
-113.8437440000000009
11
136.8983209999999815
21
-113.7869699999999966
0
LINE
8
BLACK
6
CONTINUOUS
10
136.8983209999999815
20
-113.7869699999999966
11
136.8849999999999909
21
-113.7199999999999989
0
LINE
8
BLACK
6
CONTINUOUS
10
136.8849999999999909
20
-113.7199999999999989
11
136.8849999999999909
21
-111.0499999999999972
0
LINE
8
BLACK
6
CONTINUOUS
10
136.8849999999999909
20
-111.0499999999999972
11
136.8983209999999815
21
-110.9830299999999994
0
LINE
8
BLACK
6
CONTINUOUS
10
136.8983209999999815
20
-110.9830299999999994
11
136.936255999999986
21
-110.9262559999999951
0
LINE
8
BLACK
6
CONTINUOUS
10
136.936255999999986
20
-110.9262559999999951
11
136.9930300000000045
21
-110.8883209999999906
0
LINE
8
BLACK
6
CONTINUOUS
10
136.9930300000000045
20
-110.8883209999999906
11
137.0600000000000023
21
-110.875
0
LINE
8
BLACK
6
CONTINUOUS
10
137.0600000000000023
20
-110.875
11
137.4099999999999966
21
-110.875
0
LINE
8
BLACK
6
CONTINUOUS
10
137.4099999999999966
20
-110.875
11
137.4769699999999943
21
-110.8883209999999906
0
LINE
8
BLACK
6
CONTINUOUS
10
137.4769699999999943
20
-110.8883209999999906
11
137.5337439999999845
21
-110.9262559999999951
0
LINE
8
BLACK
6
CONTINUOUS
10
137.5337439999999845
20
-110.9262559999999951
11
137.5716789999999889
21
-110.9830299999999994
0
LINE
8
BLACK
6
CONTINUOUS
10
137.5716789999999889
20
-110.9830299999999994
11
137.585000000000008
21
-111.0499999999999972
0
LINE
8
BLACK
6
CONTINUOUS
10
137.585000000000008
20
-111.0499999999999972
11
137.585000000000008
21
-113.7199999999999989
0
LINE
8
BLACK
6
CONTINUOUS
10
137.585000000000008
20
-113.7199999999999989
11
137.5716789999999889
21
-113.7869699999999966
0
LINE
8
BLACK
6
CONTINUOUS
10
137.5716789999999889
20
-113.7869699999999966
11
137.5337439999999845
21
-113.8437440000000009
0
LINE
8
BLACK
6
CONTINUOUS
10
137.5337439999999845
20
-113.8437440000000009
11
137.4769699999999943
21
-113.8816789999999912
0
LINE
8
BLACK
6
CONTINUOUS
10
137.4769699999999943
20
-113.8816789999999912
11
137.4099999999999966
21
-113.894999999999996
0
LINE
8
BLACK
6
CONTINUOUS
10
137.4099999999999966
20
-113.894999999999996
11
137.3599999999999852
21
-113.894999999999996
0
LINE
8
BLACK
6
CONTINUOUS
10
137.3599999999999852
20
-113.894999999999996
11
137.3599999999999852
21
-115.0932229999999947
0
LINE
8
BLACK
6
CONTINUOUS
10
137.3599999999999852
20
-115.0932229999999947
11
138.1417769999999905
21
-115.875
0
LINE
8
BLACK
6
CONTINUOUS
10
138.1417769999999905
20
-115.875
11
141.1559309999999812
21
-115.875
0
LINE
8
BLACK
6
CONTINUOUS
10
141.1559309999999812
20
-115.875
11
141.1660829999999862
21
-115.8739999999999952
0
LINE
8
BLACK
6
CONTINUOUS
10
141.1660829999999862
20
-115.8739999999999952
11
142.3666399999999896
21
-115.8739999999999952
0
LINE
8
BLACK
6
CONTINUOUS
10
142.3666399999999896
20
-115.8739999999999952
11
147.220027999999985
21
-111.0206119999999999
0
LINE
8
BLACK
6
CONTINUOUS
10
147.220027999999985
20
-111.0206119999999999
11
147.2389639999999815
21
-111.0050710000000009
0
LINE
8
BLACK
6
CONTINUOUS
10
147.2389639999999815
20
-111.0050710000000009
11
147.2389699999999948
21
-111.0050659999999993
0
LINE
8
BLACK
6
CONTINUOUS
10
147.2389699999999948
20
-111.0050659999999993
11
147.2461189999999931
21
-111.0021039999999886
0
LINE
8
BLACK
6
CONTINUOUS
10
147.2461189999999931
20
-111.0021039999999886
11
147.4000000000000057
21
-110.8482229999999902
0
LINE
8
BLACK
6
CONTINUOUS
10
147.4000000000000057
20
-110.8482229999999902
11
147.4000000000000057
21
-110.3349999999999937
0
LINE
8
BLACK
6
CONTINUOUS
10
147.4000000000000057
20
-110.3349999999999937
11
147.1749999999999829
21
-110.3349999999999937
0
LINE
8
BLACK
6
CONTINUOUS
10
147.1749999999999829
20
-110.3349999999999937
11
147.0793290000000013
21
-110.315969999999993
0
LINE
8
BLACK
6
CONTINUOUS
10
147.0793290000000013
20
-110.315969999999993
11
146.9982229999999959
21
-110.261776999999995
0
LINE
8
BLACK
6
CONTINUOUS
10
146.9982229999999959
20
-110.261776999999995
11
146.9440299999999979
21
-110.1806709999999896
0
LINE
8
BLACK
6
CONTINUOUS
10
146.9440299999999979
20
-110.1806709999999896
11
146.9249999999999829
21
-110.0849999999999937
0
LINE
8
BLACK
6
CONTINUOUS
10
146.9249999999999829
20
-110.0849999999999937
11
146.9249999999999829
21
-109.1849999999999881
0
LINE
8
BLACK
6
CONTINUOUS
10
146.9249999999999829
20
-109.1849999999999881
11
146.9440299999999979
21
-109.0893289999999922
0
LINE
8
BLACK
6
CONTINUOUS
10
146.9440299999999979
20
-109.0893289999999922
11
146.9982229999999959
21
-109.008223000000001
0
LINE
8
BLACK
6
CONTINUOUS
10
146.9982229999999959
20
-109.008223000000001
11
147.0793290000000013
21
-108.9540299999999888
0
LINE
8
BLACK
6
CONTINUOUS
10
147.0793290000000013
20
-108.9540299999999888
11
147.1749999999999829
21
-108.9349999999999881
0
LINE
8
BLACK
6
CONTINUOUS
10
147.1749999999999829
20
-108.9349999999999881
11
147.875
21
-108.9349999999999881
0
LINE
8
BLACK
6
CONTINUOUS
10
147.875
20
-108.9349999999999881
11
147.9706709999999816
21
-108.9540299999999888
0
LINE
8
BLACK
6
CONTINUOUS
10
147.9906709999999919
20
-106.7640299999999911
11
148.0717769999999973
21
-106.818222999999989
0
LINE
8
BLACK
6
CONTINUOUS
10
148.0717769999999973
20
-106.818222999999989
11
148.1259699999999953
21
-106.8993289999999945
0
LINE
8
BLACK
6
CONTINUOUS
10
148.1259699999999953
20
-106.8993289999999945
11
148.1449999999999818
21
-106.9949999999999903
0
LINE
8
BLACK
6
CONTINUOUS
10
148.1449999999999818
20
-106.9949999999999903
11
148.1449999999999818
21
-107.894999999999996
0
LINE
8
BLACK
6
CONTINUOUS
10
148.1449999999999818
20
-107.894999999999996
11
148.1259699999999953
21
-107.9906709999999919
0
LINE
8
BLACK
6
CONTINUOUS
10
148.1259699999999953
20
-107.9906709999999919
11
148.0717769999999973
21
-108.0717769999999973
0
LINE
8
BLACK
6
CONTINUOUS
10
148.0717769999999973
20
-108.0717769999999973
11
147.9906709999999919
21
-108.1259699999999953
0
LINE
8
BLACK
6
CONTINUOUS
10
147.9906709999999919
20
-108.1259699999999953
11
147.8949999999999818
21
-108.144999999999996
0
LINE
8
BLACK
6
CONTINUOUS
10
147.8949999999999818
20
-108.144999999999996
11
147.6699999999999875
21
-108.144999999999996
0
LINE
8
BLACK
6
CONTINUOUS
10
147.6699999999999875
20
-108.144999999999996
11
147.6699999999999875
21
-108.3549999999999898
0
LINE
8
BLACK
6
CONTINUOUS
10
147.6699999999999875
20
-108.3549999999999898
11
147.6675979999999981
21
-108.3793859999999967
0
LINE
8
BLACK
6
CONTINUOUS
10
147.6675979999999981
20
-108.3793859999999967
11
147.648933999999997
21
-108.424445999999989
0
LINE
8
BLACK
6
CONTINUOUS
10
147.648933999999997
20
-108.424445999999989
11
147.6489329999999995
21
-108.4244470000000007
0
LINE
8
BLACK
6
CONTINUOUS
10
147.6489329999999995
20
-108.4244470000000007
11
147.6333879999999965
21
-108.4433889999999963
0
LINE
8
BLACK
6
CONTINUOUS
10
147.6333879999999965
20
-108.4433889999999963
11
147.4543879999999945
21
-108.6223880000000008
0
LINE
8
BLACK
6
CONTINUOUS
10
147.4543879999999945
20
-108.6223880000000008
11
147.4354510000000005
21
-108.6379279999999881
0
LINE
8
BLACK
6
CONTINUOUS
10
147.4354510000000005
20
-108.6379279999999881
11
147.4354459999999847
21
-108.6379340000000013
0
LINE
8
BLACK
6
CONTINUOUS
10
147.4354459999999847
20
-108.6379340000000013
11
147.4035839999999951
21
-108.6511309999999924
0
LINE
8
BLACK
6
CONTINUOUS
10
147.4035839999999951
20
-108.6511309999999924
11
147.390387000000004
21
-108.6565979999999882
0
LINE
8
BLACK
6
CONTINUOUS
10
147.390387000000004
20
-108.6565979999999882
11
147.3903860000000066
21
-108.6565979999999882
0
LINE
8
BLACK
6
CONTINUOUS
10
147.3903860000000066
20
-108.6565979999999882
11
147.3659999999999854
21
-108.6589999999999918
0
LINE
8
BLACK
6
CONTINUOUS
10
147.3659999999999854
20
-108.6589999999999918
11
146.9501960000000054
21
-108.6589999999999918
0
LINE
8
BLACK
6
CONTINUOUS
10
146.9501960000000054
20
-108.6589999999999918
11
146.6490000000000009
21
-108.9601959999999963
0
LINE
8
BLACK
6
CONTINUOUS
10
146.6490000000000009
20
-108.9601959999999963
11
146.6490000000000009
21
-111.2556060000000002
0
LINE
8
BLACK
6
CONTINUOUS
10
146.6490000000000009
20
-111.2556060000000002
11
146.6465989999999806
21
-111.2799809999999923
0
LINE
8
BLACK
6
CONTINUOUS
10
146.6465989999999806
20
-111.2799809999999923
11
146.6465989999999806
21
-111.2799919999999929
0
LINE
8
BLACK
6
CONTINUOUS
10
146.6465989999999806
20
-111.2799919999999929
11
146.627933999999982
21
-111.3250519999999995
0
LINE
8
BLACK
6
CONTINUOUS
10
146.627933999999982
20
-111.3250519999999995
11
146.6123890000000074
21
-111.343993999999995
0
LINE
8
BLACK
6
CONTINUOUS
10
146.6123890000000074
20
-111.343993999999995
11
142.3199929999999824
21
-115.6363879999999966
0
LINE
8
BLACK
6
CONTINUOUS
10
142.3199929999999824
20
-115.6363879999999966
11
142.3010559999999884
21
-115.6519279999999981
0
LINE
8
BLACK
6
CONTINUOUS
10
142.3010559999999884
20
-115.6519279999999981
11
142.3010510000000011
21
-115.6519339999999971
0
LINE
8
BLACK
6
CONTINUOUS
10
142.3010510000000011
20
-115.6519339999999971
11
142.269188999999983
21
-115.6651309999999881
0
LINE
8
BLACK
6
CONTINUOUS
10
142.269188999999983
20
-115.6651309999999881
11
142.255991999999992
21
-115.6705979999999983
0
LINE
8
BLACK
6
CONTINUOUS
10
142.255991999999992
20
-115.6705979999999983
11
142.2559909999999945
21
-115.6705979999999983
0
LINE
8
BLACK
6
CONTINUOUS
10
142.2559909999999945
20
-115.6705979999999983
11
142.2316050000000018
21
-115.6730000000000018
0
LINE
8
BLACK
6
CONTINUOUS
10
142.2316050000000018
20
-115.6730000000000018
11
139.0229999999999961
21
-115.6730000000000018
0
LINE
8
BLACK
6
CONTINUOUS
10
139.0229999999999961
20
-115.6730000000000018
11
138.9986140000000034
21
-115.6705979999999983
0
LINE
8
BLACK
6
CONTINUOUS
10
138.9986140000000034
20
-115.6705979999999983
11
138.998613000000006
21
-115.6705979999999983
0
LINE
8
BLACK
6
CONTINUOUS
10
138.998613000000006
20
-115.6705979999999983
11
138.9535539999999969
21
-115.6519339999999971
0
LINE
8
BLACK
6
CONTINUOUS
10
138.9535539999999969
20
-115.6519339999999971
11
138.9346119999999871
21
-115.6363879999999966
0
LINE
8
BLACK
6
CONTINUOUS
10
138.9346119999999871
20
-115.6363879999999966
11
138.1816120000000012
21
-114.8833879999999965
0
LINE
8
BLACK
6
CONTINUOUS
10
138.1816120000000012
20
-114.8833879999999965
11
138.1660709999999881
21
-114.8644509999999883
0
LINE
8
BLACK
6
CONTINUOUS
10
138.1660709999999881
20
-114.8644509999999883
11
138.1660660000000007
21
-114.8644460000000009
0
LINE
8
BLACK
6
CONTINUOUS
10
138.1660660000000007
20
-114.8644460000000009
11
138.1474019999999996
21
-114.8193859999999944
0
LINE
8
BLACK
6
CONTINUOUS
10
138.1474019999999996
20
-114.8193859999999944
11
138.1449999999999818
21
-114.7950000000000017
0
LINE
8
BLACK
6
CONTINUOUS
10
138.1449999999999818
20
-114.7950000000000017
11
138.1449999999999818
21
-113.894999999999996
0
LINE
8
BLACK
6
CONTINUOUS
10
138.1449999999999818
20
-113.894999999999996
11
138.0600000000000023
21
-113.894999999999996
0
LINE
8
BLACK
6
CONTINUOUS
10
138.0600000000000023
20
-113.894999999999996
11
137.9930300000000045
21
-113.8816789999999912
0
LINE
8
BLACK
6
CONTINUOUS
10
137.9930300000000045
20
-113.8816789999999912
11
137.936255999999986
21
-113.8437440000000009
0
LINE
8
BLACK
6
CONTINUOUS
10
137.936255999999986
20
-113.8437440000000009
11
137.8983209999999815
21
-113.7869699999999966
0
LINE
8
BLACK
6
CONTINUOUS
10
137.8983209999999815
20
-113.7869699999999966
11
137.8849999999999909
21
-113.7199999999999989
0
LINE
8
BLACK
6
CONTINUOUS
10
137.8849999999999909
20
-113.7199999999999989
11
137.8849999999999909
21
-111.0499999999999972
0
LINE
8
BLACK
6
CONTINUOUS
10
137.8849999999999909
20
-111.0499999999999972
11
137.8983209999999815
21
-110.9830299999999994
0
LINE
8
BLACK
6
CONTINUOUS
10
137.8983209999999815
20
-110.9830299999999994
11
137.936255999999986
21
-110.9262559999999951
0
LINE
8
BLACK
6
CONTINUOUS
10
137.936255999999986
20
-110.9262559999999951
11
137.9930300000000045
21
-110.8883209999999906
0
LINE
8
BLACK
6
CONTINUOUS
10
137.9930300000000045
20
-110.8883209999999906
11
138.0600000000000023
21
-110.875
0
LINE
8
BLACK
6
CONTINUOUS
10
138.0600000000000023
20
-110.875
11
138.4099999999999966
21
-110.875
0
LINE
8
BLACK
6
CONTINUOUS
10
138.4099999999999966
20
-110.875
11
138.4769699999999943
21
-110.8883209999999906
0
LINE
8
BLACK
6
CONTINUOUS
10
138.4769699999999943
20
-110.8883209999999906
11
138.5337439999999845
21
-110.9262559999999951
0
LINE
8
BLACK
6
CONTINUOUS
10
138.5337439999999845
20
-110.9262559999999951
11
138.5716789999999889
21
-110.9830299999999994
0
LINE
8
BLACK
6
CONTINUOUS
10
138.5716789999999889
20
-110.9830299999999994
11
138.5849999999999795
21
-111.0499999999999972
0
LINE
8
BLACK
6
CONTINUOUS
10
138.5849999999999795
20
-111.0499999999999972
11
138.5849999999999795
21
-113.7199999999999989
0
LINE
8
BLACK
6
CONTINUOUS
10
138.5849999999999795
20
-113.7199999999999989
11
138.5716789999999889
21
-113.7869699999999966
0
LINE
8
BLACK
6
CONTINUOUS
10
138.5716789999999889
20
-113.7869699999999966
11
138.5337439999999845
21
-113.8437440000000009
0
LINE
8
BLACK
6
CONTINUOUS
10
138.5337439999999845
20
-113.8437440000000009
11
138.4769699999999943
21
-113.8816789999999912
0
LINE
8
BLACK
6
CONTINUOUS
10
138.4769699999999943
20
-113.8816789999999912
11
138.4099999999999966
21
-113.894999999999996
0
LINE
8
BLACK
6
CONTINUOUS
10
138.4099999999999966
20
-113.894999999999996
11
138.3949999999999818
21
-113.894999999999996
0
LINE
8
BLACK
6
CONTINUOUS
10
138.3949999999999818
20
-113.894999999999996
11
138.3949999999999818
21
-114.7432239999999979
0
LINE
8
BLACK
6
CONTINUOUS
10
138.3949999999999818
20
-114.7432239999999979
11
139.0747759999999857
21
-115.4230000000000018
0
LINE
8
BLACK
6
CONTINUOUS
10
139.0747759999999857
20
-115.4230000000000018
11
142.1798289999999838
21
-115.4230000000000018
0
LINE
8
BLACK
6
CONTINUOUS
10
142.1798289999999838
20
-115.4230000000000018
11
146.3990000000000009
21
-111.2038289999999989
0
LINE
8
BLACK
6
CONTINUOUS
10
146.3990000000000009
20
-111.2038289999999989
11
146.3990000000000009
21
-108.9084199999999925
0
LINE
8
BLACK
6
CONTINUOUS
10
146.3990000000000009
20
-108.9084199999999925
11
146.4014019999999903
21
-108.8840339999999998
0
LINE
8
BLACK
6
CONTINUOUS
10
146.4014019999999903
20
-108.8840339999999998
11
146.4200659999999914
21
-108.8389739999999932
0
LINE
8
BLACK
6
CONTINUOUS
10
146.4200659999999914
20
-108.8389739999999932
11
146.4200710000000072
21
-108.8389679999999942
0
LINE
8
BLACK
6
CONTINUOUS
10
146.4200710000000072
20
-108.8389679999999942
11
146.4356119999999919
21
-108.8200319999999977
0
LINE
8
BLACK
6
CONTINUOUS
10
146.4356119999999919
20
-108.8200319999999977
11
146.8100320000000067
21
-108.445611999999997
0
LINE
8
BLACK
6
CONTINUOUS
10
146.8100320000000067
20
-108.445611999999997
11
146.8289680000000033
21
-108.4300709999999981
0
LINE
8
BLACK
6
CONTINUOUS
10
146.8289680000000033
20
-108.4300709999999981
11
146.8289739999999881
21
-108.4300659999999965
0
LINE
8
BLACK
6
CONTINUOUS
10
146.8289739999999881
20
-108.4300659999999965
11
146.8608349999999803
21
-108.4168679999999938
0
LINE
8
BLACK
6
CONTINUOUS
10
146.8608349999999803
20
-108.4168679999999938
11
146.8740329999999972
21
-108.4114019999999954
0
LINE
8
BLACK
6
CONTINUOUS
10
146.8740329999999972
20
-108.4114019999999954
11
146.8740339999999946
21
-108.4114019999999954
0
LINE
8
BLACK
6
CONTINUOUS
10
146.8740339999999946
20
-108.4114019999999954
11
146.8984199999999873
21
-108.4089999999999918
0
LINE
8
BLACK
6
CONTINUOUS
10
146.8984199999999873
20
-108.4089999999999918
11
147.3142239999999958
21
-108.4089999999999918
0
LINE
8
BLACK
6
CONTINUOUS
10
147.3142239999999958
20
-108.4089999999999918
11
147.4199999999999875
21
-108.3032229999999885
0
LINE
8
BLACK
6
CONTINUOUS
10
147.4199999999999875
20
-108.3032229999999885
11
147.4199999999999875
21
-108.144999999999996
0
LINE
8
BLACK
6
CONTINUOUS
10
147.4199999999999875
20
-108.144999999999996
11
147.1949999999999932
21
-108.144999999999996
0
LINE
8
BLACK
6
CONTINUOUS
10
147.1949999999999932
20
-108.144999999999996
11
147.0993289999999831
21
-108.1259699999999953
0
LINE
8
BLACK
6
CONTINUOUS
10
147.0993289999999831
20
-108.1259699999999953
11
147.0182230000000061
21
-108.0717769999999973
0
LINE
8
BLACK
6
CONTINUOUS
10
147.0182230000000061
20
-108.0717769999999973
11
146.9640299999999797
21
-107.9906709999999919
0
LINE
8
BLACK
6
CONTINUOUS
10
146.9640299999999797
20
-107.9906709999999919
11
146.9449999999999932
21
-107.894999999999996
0
LINE
8
BLACK
6
CONTINUOUS
10
146.9449999999999932
20
-107.894999999999996
11
146.9449999999999932
21
-106.9949999999999903
0
LINE
8
BLACK
6
CONTINUOUS
10
146.9449999999999932
20
-106.9949999999999903
11
146.9640299999999797
21
-106.8993289999999945
0
LINE
8
BLACK
6
CONTINUOUS
10
146.9640299999999797
20
-106.8993289999999945
11
147.0182230000000061
21
-106.818222999999989
0
LINE
8
BLACK
6
CONTINUOUS
10
147.0182230000000061
20
-106.818222999999989
11
147.0993289999999831
21
-106.7640299999999911
0
LINE
8
BLACK
6
CONTINUOUS
10
147.0993289999999831
20
-106.7640299999999911
11
147.1949999999999932
21
-106.7449999999999903
0
LINE
8
BLACK
6
CONTINUOUS
10
147.1949999999999932
20
-106.7449999999999903
11
147.8949999999999818
21
-106.7449999999999903
0
LINE
8
BLACK
6
CONTINUOUS
10
147.8949999999999818
20
-106.7449999999999903
11
147.9906709999999919
21
-106.7640299999999911
0
LINE
8
BLACK
6
CONTINUOUS
10
144.8250280000000032
20
-108.2092499999999973
11
144.8772840000000031
21
-108.2556299999999965
0
LINE
8
BLACK
6
CONTINUOUS
10
144.8772840000000031
20
-108.2556299999999965
11
144.8911559999999952
21
-108.2864879999999914
0
LINE
8
BLACK
6
CONTINUOUS
10
144.8911559999999952
20
-108.2864879999999914
11
144.9090719999999806
21
-108.347502999999989
0
LINE
8
BLACK
6
CONTINUOUS
10
144.9090719999999806
20
-108.347502999999989
11
144.9090740000000039
21
-108.3475069999999931
0
LINE
8
BLACK
6
CONTINUOUS
10
144.9090740000000039
20
-108.3475069999999931
11
144.9868559999999889
21
-108.4685369999999978
0
LINE
8
BLACK
6
CONTINUOUS
10
144.9868559999999889
20
-108.4685369999999978
11
144.9868639999999971
21
-108.4685479999999984
0
LINE
8
BLACK
6
CONTINUOUS
10
144.9868639999999971
20
-108.4685479999999984
11
145.032607999999982
21
-108.521339999999995
0
LINE
8
BLACK
6
CONTINUOUS
10
145.032607999999982
20
-108.521339999999995
11
145.0326110000000028
21
-108.5213430000000017
0
LINE
8
BLACK
6
CONTINUOUS
10
145.0326110000000028
20
-108.5213430000000017
11
145.0326149999999927
21
-108.5213469999999916
0
LINE
8
BLACK
6
CONTINUOUS
10
145.0326149999999927
20
-108.5213469999999916
11
145.1413489999999911
21
-108.6155669999999986
0
LINE
8
BLACK
6
CONTINUOUS
10
145.1413489999999911
20
-108.6155669999999986
11
145.1413519999999835
21
-108.6155679999999961
0
LINE
8
BLACK
6
CONTINUOUS
10
145.1413519999999835
20
-108.6155679999999961
11
145.141352999999981
21
-108.6155689999999936
0
LINE
8
BLACK
6
CONTINUOUS
10
145.141352999999981
20
-108.6155689999999936
11
145.1897699999999816
21
-108.6376810000000006
0
LINE
8
BLACK
6
CONTINUOUS
10
145.1897699999999816
20
-108.6376810000000006
11
145.2722259999999892
21
-108.6753379999999964
0
LINE
8
BLACK
6
CONTINUOUS
10
145.2722259999999892
20
-108.6753379999999964
11
145.3392649999999833
21
-108.695022999999992
0
LINE
8
BLACK
6
CONTINUOUS
10
145.3392649999999833
20
-108.695022999999992
11
145.3392690000000016
21
-108.6950239999999894
0
LINE
8
BLACK
6
CONTINUOUS
10
145.3392690000000016
20
-108.6950239999999894
11
145.4816849999999988
21
-108.7154999999999916
0
LINE
8
BLACK
6
CONTINUOUS
10
145.4816849999999988
20
-108.7154999999999916
11
145.7746199999999988
21
-108.7154999999999916
0
LINE
8
BLACK
6
CONTINUOUS
10
145.7746199999999988
20
-108.7154999999999916
11
145.8416589999999928
21
-108.7351850000000013
0
LINE
8
BLACK
6
CONTINUOUS
10
145.8416589999999928
20
-108.7351850000000013
11
145.8874140000000068
21
-108.7879889999999961
0
LINE
8
BLACK
6
CONTINUOUS
10
145.8874140000000068
20
-108.7879889999999961
11
145.8962089999999989
21
-108.8407219999999995
0
LINE
8
BLACK
6
CONTINUOUS
10
145.8962089999999989
20
-108.8407219999999995
11
145.8984999999999843
21
-108.8407219999999995
0
LINE
8
BLACK
6
CONTINUOUS
10
145.8984999999999843
20
-108.8407219999999995
11
145.8984999999999843
21
-110.9451519999999931
0
LINE
8
BLACK
6
CONTINUOUS
10
145.8984999999999843
20
-110.9451519999999931
11
145.878815000000003
21
-111.0121910000000014
0
LINE
8
BLACK
6
CONTINUOUS
10
145.878815000000003
20
-111.0121910000000014
11
145.8621809999999925
21
-111.0328329999999966
0
LINE
8
BLACK
6
CONTINUOUS
10
145.8621809999999925
20
-111.0328329999999966
11
143.2751879999999858
21
-113.6198259999999891
0
LINE
8
BLACK
6
CONTINUOUS
10
143.2751879999999858
20
-113.6198259999999891
11
143.2138649999999984
21
-113.653310999999988
0
LINE
8
BLACK
6
CONTINUOUS
10
143.2138649999999984
20
-113.653310999999988
11
143.144172999999995
21
-113.6483269999999948
0
LINE
8
BLACK
6
CONTINUOUS
10
143.144172999999995
20
-113.6483269999999948
11
143.107877000000002
21
-113.625
0
LINE
8
BLACK
6
CONTINUOUS
10
143.107877000000002
20
-113.625
11
142.6049999999999898
21
-113.625
0
LINE
8
BLACK
6
CONTINUOUS
10
142.6049999999999898
20
-113.625
11
142.6049999999999898
21
-113.6749999999999972
0
LINE
8
BLACK
6
CONTINUOUS
10
142.6049999999999898
20
-113.6749999999999972
11
142.6002949999999885
21
-113.7467889999999926
0
LINE
8
BLACK
6
CONTINUOUS
10
142.6002949999999885
20
-113.7467889999999926
11
142.5631339999999909
21
-113.885475999999997
0
LINE
8
BLACK
6
CONTINUOUS
10
142.5631339999999909
20
-113.885475999999997
11
142.491343999999998
21
-114.0098189999999931
0
LINE
8
BLACK
6
CONTINUOUS
10
142.491343999999998
20
-114.0098189999999931
11
142.3898189999999886
21
-114.1113439999999883
0
LINE
8
BLACK
6
CONTINUOUS
10
142.3898189999999886
20
-114.1113439999999883
11
142.2654760000000067
21
-114.1831339999999955
0
LINE
8
BLACK
6
CONTINUOUS
10
142.2654760000000067
20
-114.1831339999999955
11
142.1267890000000023
21
-114.220294999999993
0
LINE
8
BLACK
6
CONTINUOUS
10
142.1267890000000023
20
-114.220294999999993
11
141.983210999999983
21
-114.220294999999993
0
LINE
8
BLACK
6
CONTINUOUS
10
141.983210999999983
20
-114.220294999999993
11
141.8445240000000069
21
-114.1831339999999955
0
LINE
8
BLACK
6
CONTINUOUS
10
141.8445240000000069
20
-114.1831339999999955
11
141.7201809999999966
21
-114.1113439999999883
0
LINE
8
BLACK
6
CONTINUOUS
10
141.7201809999999966
20
-114.1113439999999883
11
141.6186559999999872
21
-114.0098189999999931
0
LINE
8
BLACK
6
CONTINUOUS
10
141.6186559999999872
20
-114.0098189999999931
11
141.5468659999999943
21
-113.885475999999997
0
LINE
8
BLACK
6
CONTINUOUS
10
141.5468659999999943
20
-113.885475999999997
11
141.5097049999999967
21
-113.7467889999999926
0
LINE
8
BLACK
6
CONTINUOUS
10
141.5097049999999967
20
-113.7467889999999926
11
141.5049999999999955
21
-113.6749999999999972
0
LINE
8
BLACK
6
CONTINUOUS
10
141.5049999999999955
20
-113.6749999999999972
11
141.5049999999999955
21
-113.5749999999999886
0
LINE
8
BLACK
6
CONTINUOUS
10
141.5049999999999955
20
-113.5749999999999886
11
140.8849999999999909
21
-113.5749999999999886
0
LINE
8
BLACK
6
CONTINUOUS
10
140.8849999999999909
20
-113.5749999999999886
11
140.8849999999999909
21
-113.6949999999999932
0
LINE
8
BLACK
6
CONTINUOUS
10
140.8849999999999909
20
-113.6949999999999932
11
140.8697760000000017
21
-113.771536999999995
0
LINE
8
BLACK
6
CONTINUOUS
10
140.8697760000000017
20
-113.771536999999995
11
140.8264209999999821
21
-113.8364210000000014
0
LINE
8
BLACK
6
CONTINUOUS
10
140.8264209999999821
20
-113.8364210000000014
11
140.7615370000000041
21
-113.8797759999999926
0
LINE
8
BLACK
6
CONTINUOUS
10
140.7615370000000041
20
-113.8797759999999926
11
140.7349999999999852
21
-113.8850539999999967
0
LINE
8
BLACK
6
CONTINUOUS
10
140.7349999999999852
20
-113.8850539999999967
11
140.7349999999999852
21
-114.3949989999999985
0
LINE
8
BLACK
6
CONTINUOUS
10
140.7349999999999852
20
-114.3949989999999985
11
140.7415809999999965
21
-114.3949989999999985
0
LINE
8
BLACK
6
CONTINUOUS
10
140.7415809999999965
20
-114.3949989999999985
11
140.8121019999999817
21
-114.388590999999991
0
LINE
8
BLACK
6
CONTINUOUS
10
140.8121019999999817
20
-114.388590999999991
11
140.8121069999999975
21
-114.3885899999999936
0
LINE
8
BLACK
6
CONTINUOUS
10
140.8121069999999975
20
-114.3885899999999936
11
140.9743979999999794
21
-114.338017999999991
0
LINE
8
BLACK
6
CONTINUOUS
10
140.9743979999999794
20
-114.338017999999991
11
141.0587400000000002
21
-114.2870309999999989
0
LINE
8
BLACK
6
CONTINUOUS
10
141.0587400000000002
20
-114.2870309999999989
11
141.1262949999999989
21
-114.2691939999999988
0
LINE
8
BLACK
6
CONTINUOUS
10
141.1262949999999989
20
-114.2691939999999988
11
141.1927689999999984
21
-114.2907110000000017
0
LINE
8
BLACK
6
CONTINUOUS
10
141.1927689999999984
20
-114.2907110000000017
11
141.2259919999999909
21
-114.3242539999999963
0
LINE
8
BLACK
6
CONTINUOUS
10
141.2259919999999909
20
-114.3242539999999963
11
141.2394109999999898
21
-114.3443369999999959
0
LINE
8
BLACK
6
CONTINUOUS
10
141.2394109999999898
20
-114.3443369999999959
11
141.3856600000000014
21
-114.4905859999999933
0
LINE
8
BLACK
6
CONTINUOUS
10
141.3856600000000014
20
-114.4905859999999933
11
141.3856639999999913
21
-114.4905889999999999
0
LINE
8
BLACK
6
CONTINUOUS
10
141.3856639999999913
20
-114.4905889999999999
11
141.5576309999999864
21
-114.6054939999999931
0
LINE
8
BLACK
6
CONTINUOUS
10
141.5576309999999864
20
-114.6054939999999931
11
141.5576409999999896
21
-114.6054989999999947
0
LINE
8
BLACK
6
CONTINUOUS
10
141.5576409999999896
20
-114.6054989999999947
11
141.7470099999999888
21
-114.6839389999999952
0
LINE
8
BLACK
6
CONTINUOUS
10
141.7470099999999888
20
-114.6839389999999952
11
141.8014129999999966
21
-114.7277799999999957
0
LINE
8
BLACK
6
CONTINUOUS
10
141.8014129999999966
20
-114.7277799999999957
11
141.8234779999999944
21
-114.7940739999999948
0
LINE
8
BLACK
6
CONTINUOUS
10
141.8234779999999944
20
-114.7940739999999948
11
141.8061989999999923
21
-114.8617739999999969
0
LINE
8
BLACK
6
CONTINUOUS
10
141.8061989999999923
20
-114.8617739999999969
11
141.7550609999999836
21
-114.9093839999999886
0
LINE
8
BLACK
6
CONTINUOUS
10
141.7550609999999836
20
-114.9093839999999886
11
141.6995569999999987
21
-114.9224999999999994
0
LINE
8
BLACK
6
CONTINUOUS
10
141.6995569999999987
20
-114.9224999999999994
11
139.3334519999999941
21
-114.9224999999999994
0
LINE
8
BLACK
6
CONTINUOUS
10
139.3334519999999941
20
-114.9224999999999994
11
139.266413
21
-114.9028149999999897
0
LINE
8
BLACK
6
CONTINUOUS
10
139.266413
20
-114.9028149999999897
11
139.2457709999999906
21
-114.8861809999999934
0
LINE
8
BLACK
6
CONTINUOUS
10
139.2457709999999906
20
-114.8861809999999934
11
138.9667699999999968
21
-114.6071799999999996
0
LINE
8
BLACK
6
CONTINUOUS
10
138.9667699999999968
20
-114.6071799999999996
11
138.9332849999999837
21
-114.545856999999998
0
LINE
8
BLACK
6
CONTINUOUS
10
138.9332849999999837
20
-114.545856999999998
11
138.9382689999999911
21
-114.4761649999999946
0
LINE
8
BLACK
6
CONTINUOUS
10
138.9382689999999911
20
-114.4761649999999946
11
138.9801410000000033
21
-114.4202319999999986
0
LINE
8
BLACK
6
CONTINUOUS
10
138.9801410000000033
20
-114.4202319999999986
11
139.0456049999999948
21
-114.3958149999999989
0
LINE
8
BLACK
6
CONTINUOUS
10
139.0456049999999948
20
-114.3958149999999989
11
139.0544249999999806
21
-114.3954990000000009
0
LINE
8
BLACK
6
CONTINUOUS
10
139.0544249999999806
20
-114.3954990000000009
11
139.5007999999999981
21
-114.3954990000000009
0
LINE
8
BLACK
6
CONTINUOUS
10
139.5007999999999981
20
-114.3954990000000009
11
139.5008080000000064
21
-114.3954990000000009
0
LINE
8
BLACK
6
CONTINUOUS
10
139.5008080000000064
20
-114.3954990000000009
11
139.5703759999999818
21
-114.3891780000000011
0
LINE
8
BLACK
6
CONTINUOUS
10
139.5703759999999818
20
-114.3891780000000011
11
139.5703829999999925
21
-114.389175999999992
0
LINE
8
BLACK
6
CONTINUOUS
10
139.5703829999999925
20
-114.389175999999992
11
139.7304709999999943
21
-114.3392909999999887
0
LINE
8
BLACK
6
CONTINUOUS
10
139.7304709999999943
20
-114.3392909999999887
11
139.7999409999999898
21
-114.2972939999999937
0
LINE
8
BLACK
6
CONTINUOUS
10
139.7999409999999898
20
-114.2972939999999937
11
139.8674910000000011
21
-114.2794589999999886
0
LINE
8
BLACK
6
CONTINUOUS
10
139.8674910000000011
20
-114.2794589999999886
11
139.9282379999999932
21
-114.2972949999999912
0
LINE
8
BLACK
6
CONTINUOUS
10
139.9282379999999932
20
-114.2972949999999912
11
139.9956039999999859
21
-114.3380189999999885
0
LINE
8
BLACK
6
CONTINUOUS
10
139.9956039999999859
20
-114.3380189999999885
11
139.9956029999999885
21
-114.3380189999999885
0
LINE
8
BLACK
6
CONTINUOUS
10
139.9956029999999885
20
-114.3380189999999885
11
140.1578939999999989
21
-114.3885899999999936
0
LINE
8
BLACK
6
CONTINUOUS
10
140.1578939999999989
20
-114.3885899999999936
11
140.1578930000000014
21
-114.3885899999999936
0
LINE
8
BLACK
6
CONTINUOUS
10
140.1578930000000014
20
-114.3885899999999936
11
140.2284080000000017
21
-114.3949980000000011
0
LINE
8
BLACK
6
CONTINUOUS
10
140.2284080000000017
20
-114.3949980000000011
11
140.2284259999999847
21
-114.3949989999999985
0
LINE
8
BLACK
6
CONTINUOUS
10
140.2284259999999847
20
-114.3949989999999985
11
140.2349989999999877
21
-114.3949980000000011
0
LINE
8
BLACK
6
CONTINUOUS
10
140.2349989999999877
20
-114.3949980000000011
11
140.2349999999999852
21
-114.3949980000000011
0
LINE
8
BLACK
6
CONTINUOUS
10
140.2349999999999852
20
-114.3949980000000011
11
140.2349999999999852
21
-113.8850539999999967
0
LINE
8
BLACK
6
CONTINUOUS
10
140.2349999999999852
20
-113.8850539999999967
11
140.2084629999999947
21
-113.8797759999999926
0
LINE
8
BLACK
6
CONTINUOUS
10
140.2084629999999947
20
-113.8797759999999926
11
140.1435789999999884
21
-113.8364210000000014
0
LINE
8
BLACK
6
CONTINUOUS
10
140.1435789999999884
20
-113.8364210000000014
11
140.1002239999999972
21
-113.771536999999995
0
LINE
8
BLACK
6
CONTINUOUS
10
140.1002239999999972
20
-113.771536999999995
11
140.0849999999999795
21
-113.6949999999999932
0
LINE
8
BLACK
6
CONTINUOUS
10
140.0849999999999795
20
-113.6949999999999932
11
140.0849999999999795
21
-111.0749999999999886
0
LINE
8
BLACK
6
CONTINUOUS
10
140.0849999999999795
20
-111.0749999999999886
11
140.1002239999999972
21
-110.998463000000001
0
LINE
8
BLACK
6
CONTINUOUS
10
140.1002239999999972
20
-110.998463000000001
11
140.1435789999999884
21
-110.9335789999999946
0
LINE
8
BLACK
6
CONTINUOUS
10
140.1435789999999884
20
-110.9335789999999946
11
140.2084629999999947
21
-110.8902239999999892
0
LINE
8
BLACK
6
CONTINUOUS
10
140.2084629999999947
20
-110.8902239999999892
11
140.2349999999999852
21
-110.8849450000000019
0
LINE
8
BLACK
6
CONTINUOUS
10
140.2349999999999852
20
-110.8849450000000019
11
140.2349999999999852
21
-110.7466929999999934
0
LINE
8
BLACK
6
CONTINUOUS
10
140.2349999999999852
20
-110.7466929999999934
11
140.2546849999999949
21
-110.6796539999999993
0
LINE
8
BLACK
6
CONTINUOUS
10
140.2546849999999949
20
-110.6796539999999993
11
140.2584990000000005
21
-110.6740599999999972
0
LINE
8
BLACK
6
CONTINUOUS
10
140.2584990000000005
20
-110.6740599999999972
11
140.2906360000000063
21
-110.6295919999999882
0
LINE
8
BLACK
6
CONTINUOUS
10
140.2906360000000063
20
-110.6295919999999882
11
140.3230859999999893
21
-110.5677139999999952
0
LINE
8
BLACK
6
CONTINUOUS
10
140.3230859999999893
20
-110.5677139999999952
11
140.3710939999999994
21
-110.4320809999999966
0
LINE
8
BLACK
6
CONTINUOUS
10
140.3710939999999994
20
-110.4320809999999966
11
140.5643599999999935
21
-109.4657440000000008
0
LINE
8
BLACK
6
CONTINUOUS
10
140.5643599999999935
20
-109.4657440000000008
11
140.5968090000000075
21
-109.4038709999999952
0
LINE
8
BLACK
6
CONTINUOUS
10
140.5968090000000075
20
-109.4038709999999952
11
140.5981519999999989
21
-109.4025029999999958
0
LINE
8
BLACK
6
CONTINUOUS
10
140.5981519999999989
20
-109.4025029999999958
11
140.8441139999999905
21
-109.1565429999999992
0
LINE
8
BLACK
6
CONTINUOUS
10
140.8441139999999905
20
-109.1565429999999992
11
140.9207749999999919
21
-109.0418109999999956
0
LINE
8
BLACK
6
CONTINUOUS
10
140.9207749999999919
20
-109.0418109999999956
11
140.9735799999999983
21
-108.9143289999999951
0
LINE
8
BLACK
6
CONTINUOUS
10
140.9735799999999983
20
-108.9143289999999951
11
140.9735799999999983
21
-108.914324999999991
0
LINE
8
BLACK
6
CONTINUOUS
10
140.9735799999999983
20
-108.914324999999991
11
140.9735819999999933
21
-108.9143219999999985
0
LINE
8
BLACK
6
CONTINUOUS
10
140.9735819999999933
20
-108.9143219999999985
11
140.9789339999999811
21
-108.8874110000000002
0
LINE
8
BLACK
6
CONTINUOUS
10
140.9789339999999811
20
-108.8874110000000002
11
140.9789339999999811
21
-108.887408999999991
0
LINE
8
BLACK
6
CONTINUOUS
10
140.9789339999999811
20
-108.887408999999991
11
140.9962769999999921
21
-108.8002189999999985
0
LINE
8
BLACK
6
CONTINUOUS
10
140.9962769999999921
20
-108.8002189999999985
11
141.0286629999999946
21
-108.7383099999999985
0
LINE
8
BLACK
6
CONTINUOUS
10
141.0286629999999946
20
-108.7383099999999985
11
141.0893789999999797
21
-108.7037369999999896
0
LINE
8
BLACK
6
CONTINUOUS
10
141.0893789999999797
20
-108.7037369999999896
11
141.1355360000000019
21
-108.701675999999992
0
LINE
8
BLACK
6
CONTINUOUS
10
141.1355360000000019
20
-108.701675999999992
11
141.2316849999999988
21
-108.7154999999999916
0
LINE
8
BLACK
6
CONTINUOUS
10
141.2316849999999988
20
-108.7154999999999916
11
141.2316879999999912
21
-108.7154999999999916
0
LINE
8
BLACK
6
CONTINUOUS
10
141.2316879999999912
20
-108.7154999999999916
11
143.6183029999999974
21
-108.7154999999999916
0
LINE
8
BLACK
6
CONTINUOUS
10
143.6183029999999974
20
-108.7154999999999916
11
143.618313999999998
21
-108.7154999999999916
0
LINE
8
BLACK
6
CONTINUOUS
10
143.618313999999998
20
-108.7154999999999916
11
143.7021430000000066
21
-108.7085009999999983
0
LINE
8
BLACK
6
CONTINUOUS
10
143.7021430000000066
20
-108.7085009999999983
11
143.7380679999999984
21
-108.7024589999999904
0
LINE
8
BLACK
6
CONTINUOUS
10
143.7380679999999984
20
-108.7024589999999904
11
143.7426879999999869
21
-108.7016829999999885
0
LINE
8
BLACK
6
CONTINUOUS
10
143.7426879999999869
20
-108.7016829999999885
11
143.7426920000000052
21
-108.701681999999991
0
LINE
8
BLACK
6
CONTINUOUS
10
143.7426920000000052
20
-108.701681999999991
11
143.7426989999999876
21
-108.7016809999999936
0
LINE
8
BLACK
6
CONTINUOUS
10
143.7426989999999876
20
-108.7016809999999936
11
143.74270199999998
21
-108.7016799999999961
0
LINE
8
BLACK
6
CONTINUOUS
10
143.74270199999998
20
-108.7016799999999961
11
143.7427079999999933
21
-108.7016789999999986
0
LINE
8
BLACK
6
CONTINUOUS
10
143.7427079999999933
20
-108.7016789999999986
11
143.7687809999999899
21
-108.6950239999999894
0
LINE
8
BLACK
6
CONTINUOUS
10
143.7687809999999899
20
-108.6950239999999894
11
143.8241969999999981
21
-108.6808800000000019
0
LINE
8
BLACK
6
CONTINUOUS
10
143.8241969999999981
20
-108.6808800000000019
11
143.9520839999999851
21
-108.6149519999999882
0
LINE
8
BLACK
6
CONTINUOUS
10
143.9520839999999851
20
-108.6149519999999882
11
144.0089989999999887
21
-108.5744239999999934
0
LINE
8
BLACK
6
CONTINUOUS
10
144.0089989999999887
20
-108.5744239999999934
11
144.0090040000000045
21
-108.5744199999999893
0
LINE
8
BLACK
6
CONTINUOUS
10
144.0090040000000045
20
-108.5744199999999893
11
144.1131349999999998
21
-108.4751309999999904
0
LINE
8
BLACK
6
CONTINUOUS
10
144.1131349999999998
20
-108.4751309999999904
11
144.1850749999999834
21
-108.3505269999999996
0
LINE
8
BLACK
6
CONTINUOUS
10
144.1850749999999834
20
-108.3505269999999996
11
144.2110429999999894
21
-108.2856620000000021
0
LINE
8
BLACK
6
CONTINUOUS
10
144.2110429999999894
20
-108.2856620000000021
11
144.2110439999999869
21
-108.2856539999999939
0
LINE
8
BLACK
6
CONTINUOUS
10
144.2110439999999869
20
-108.2856539999999939
11
144.2116000000000042
21
-108.2839199999999948
0
LINE
8
BLACK
6
CONTINUOUS
10
144.2116000000000042
20
-108.2839199999999948
11
144.2119429999999909
21
-108.2834119999999984
0
LINE
8
BLACK
6
CONTINUOUS
10
144.2119429999999909
20
-108.2834119999999984
11
144.2126889999999833
21
-108.2815499999999957
0
LINE
8
BLACK
6
CONTINUOUS
10
144.2126889999999833
20
-108.2815499999999957
11
144.2130939999999839
21
-108.2817119999999989
0
LINE
8
BLACK
6
CONTINUOUS
10
144.2130939999999839
20
-108.2817119999999989
11
144.2507609999999829
21
-108.2260559999999998
0
LINE
8
BLACK
6
CONTINUOUS
10
144.2507609999999829
20
-108.2260559999999998
11
144.3149889999999971
21
-108.1985499999999973
0
LINE
8
BLACK
6
CONTINUOUS
10
144.3149889999999971
20
-108.1985499999999973
11
144.3458990000000028
21
-108.1987340000000017
0
LINE
8
BLACK
6
CONTINUOUS
10
144.3458990000000028
20
-108.1987340000000017
11
144.4352649999999869
21
-108.2104999999999961
0
LINE
8
BLACK
6
CONTINUOUS
10
144.4352649999999869
20
-108.2104999999999961
11
144.4352659999999844
21
-108.2104999999999961
0
LINE
8
BLACK
6
CONTINUOUS
10
144.4352659999999844
20
-108.2104999999999961
11
144.6647269999999992
21
-108.2104999999999961
0
LINE
8
BLACK
6
CONTINUOUS
10
144.6647269999999992
20
-108.2104999999999961
11
144.6647339999999815
21
-108.2104999999999961
0
LINE
8
BLACK
6
CONTINUOUS
10
144.6647339999999815
20
-108.2104999999999961
11
144.7559929999999895
21
-108.1984849999999909
0
LINE
8
BLACK
6
CONTINUOUS
10
144.7559929999999895
20
-108.1984849999999909
11
144.8250280000000032
21
-108.2092499999999973
0
LINE
8
BLACK
6
CONTINUOUS
10
140.7349999999999852
20
-110.8849450000000019
11
140.7615370000000041
21
-110.8902239999999892
0
LINE
8
BLACK
6
CONTINUOUS
10
140.7615370000000041
20
-110.8902239999999892
11
140.8264209999999821
21
-110.9335789999999946
0
LINE
8
BLACK
6
CONTINUOUS
10
140.8264209999999821
20
-110.9335789999999946
11
140.8697760000000017
21
-110.998463000000001
0
LINE
8
BLACK
6
CONTINUOUS
10
140.8697760000000017
20
-110.998463000000001
11
140.8849999999999909
21
-111.0749999999999886
0
LINE
8
BLACK
6
CONTINUOUS
10
140.8849999999999909
20
-111.0749999999999886
11
140.8849999999999909
21
-113.1749999999999972
0
LINE
8
BLACK
6
CONTINUOUS
10
140.8849999999999909
20
-113.1749999999999972
11
141.5049999999999955
21
-113.1749999999999972
0
LINE
8
BLACK
6
CONTINUOUS
10
141.5049999999999955
20
-113.1749999999999972
11
141.5049999999999955
21
-113.0749999999999886
0
LINE
8
BLACK
6
CONTINUOUS
10
141.5049999999999955
20
-113.0749999999999886
11
141.5097049999999967
21
-113.0032109999999932
0
LINE
8
BLACK
6
CONTINUOUS
10
141.5097049999999967
20
-113.0032109999999932
11
141.5468659999999943
21
-112.8645239999999887
0
LINE
8
BLACK
6
CONTINUOUS
10
141.5468659999999943
20
-112.8645239999999887
11
141.6186559999999872
21
-112.7401809999999927
0
LINE
8
BLACK
6
CONTINUOUS
10
141.6186559999999872
20
-112.7401809999999927
11
141.7201809999999966
21
-112.6386559999999974
0
LINE
8
BLACK
6
CONTINUOUS
10
141.7201809999999966
20
-112.6386559999999974
11
141.8050000000000068
21
-112.5896849999999887
0
LINE
8
BLACK
6
CONTINUOUS
10
141.8050000000000068
20
-112.5896849999999887
11
141.8050000000000068
21
-112.0541559999999919
0
LINE
8
BLACK
6
CONTINUOUS
10
141.8050000000000068
20
-112.0541559999999919
11
141.8049989999999809
21
-112.0541549999999944
0
LINE
8
BLACK
6
CONTINUOUS
10
141.8049989999999809
20
-112.0541549999999944
11
141.7487319999999897
21
-112.0653469999999885
0
LINE
8
BLACK
6
CONTINUOUS
10
141.7487319999999897
20
-112.0653469999999885
11
141.7487270000000024
21
-112.0653489999999977
0
LINE
8
BLACK
6
CONTINUOUS
10
141.7487270000000024
20
-112.0653489999999977
11
141.5564520000000073
21
-112.1449929999999995
0
LINE
8
BLACK
6
CONTINUOUS
10
141.5564520000000073
20
-112.1449929999999995
11
141.4869829999999808
21
-112.1524619999999999
0
LINE
8
BLACK
6
CONTINUOUS
10
141.4869829999999808
20
-112.1524619999999999
11
141.4245029999999872
21
-112.1211869999999919
0
LINE
8
BLACK
6
CONTINUOUS
10
141.4245029999999872
20
-112.1211869999999919
11
141.3888509999999883
21
-112.0610980000000012
0
LINE
8
BLACK
6
CONTINUOUS
10
141.3888509999999883
20
-112.0610980000000012
11
141.3849989999999934
21
-112.0304319999999905
0
LINE
8
BLACK
6
CONTINUOUS
10
141.3849989999999934
20
-112.0304319999999905
11
141.3849989999999934
21
-111.0184169999999995
0
LINE
8
BLACK
6
CONTINUOUS
10
141.3849989999999934
20
-111.0184169999999995
11
141.3785910000000001
21
-110.9478969999999975
0
LINE
8
BLACK
6
CONTINUOUS
10
141.3785910000000001
20
-110.9478969999999975
11
141.3785900000000026
21
-110.947891999999996
0
LINE
8
BLACK
6
CONTINUOUS
10
141.3785900000000026
20
-110.947891999999996
11
141.3280179999999859
21
-110.7856029999999947
0
LINE
8
BLACK
6
CONTINUOUS
10
141.3280179999999859
20
-110.7856029999999947
11
141.2400719999999978
21
-110.640121999999991
0
LINE
8
BLACK
6
CONTINUOUS
10
141.2400719999999978
20
-110.640121999999991
11
141.1198770000000025
21
-110.5199269999999956
0
LINE
8
BLACK
6
CONTINUOUS
10
141.1198770000000025
20
-110.5199269999999956
11
140.974394999999987
21
-110.4319799999999958
0
LINE
8
BLACK
6
CONTINUOUS
10
140.974394999999987
20
-110.4319799999999958
11
140.9743959999999845
21
-110.4319799999999958
0
LINE
8
BLACK
6
CONTINUOUS
10
140.9743959999999845
20
-110.4319799999999958
11
140.8121050000000025
21
-110.3814089999999908
0
LINE
8
BLACK
6
CONTINUOUS
10
140.8121050000000025
20
-110.3814089999999908
11
140.812106
21
-110.3814089999999908
0
LINE
8
BLACK
6
CONTINUOUS
10
140.812106
20
-110.3814089999999908
11
140.7415719999999908
21
-110.375
0
LINE
8
BLACK
6
CONTINUOUS
10
140.7415719999999908
20
-110.375
11
140.7349999999999852
21
-110.375
0
LINE
8
BLACK
6
CONTINUOUS
10
140.7349999999999852
20
-110.375
11
140.7349999999999852
21
-110.8849450000000019
0
LINE
8
BLACK
6
CONTINUOUS
10
142.3050000000000068
20
-112.5896849999999887
11
142.3898189999999886
21
-112.6386559999999974
0
LINE
8
BLACK
6
CONTINUOUS
10
142.3898189999999886
20
-112.6386559999999974
11
142.491343999999998
21
-112.7401809999999927
0
LINE
8
BLACK
6
CONTINUOUS
10
142.491343999999998
20
-112.7401809999999927
11
142.5631339999999909
21
-112.8645239999999887
0
LINE
8
BLACK
6
CONTINUOUS
10
142.5631339999999909
20
-112.8645239999999887
11
142.6002949999999885
21
-113.0032109999999932
0
LINE
8
BLACK
6
CONTINUOUS
10
142.6002949999999885
20
-113.0032109999999932
11
142.6049999999999898
21
-113.0749999999999886
0
LINE
8
BLACK
6
CONTINUOUS
10
142.6049999999999898
20
-113.0749999999999886
11
142.6049999999999898
21
-113.125
0
LINE
8
BLACK
6
CONTINUOUS
10
142.6049999999999898
20
-113.125
11
143.1049999999999898
21
-113.125
0
LINE
8
BLACK
6
CONTINUOUS
10
143.1049999999999898
20
-113.125
11
143.1049999999999898
21
-112.9715829999999954
0
LINE
8
BLACK
6
CONTINUOUS
10
143.1049999999999898
20
-112.9715829999999954
11
143.1049989999999923
21
-112.9715789999999913
0
LINE
8
BLACK
6
CONTINUOUS
10
143.1049989999999923
20
-112.9715789999999913
11
143.0646509999999978
21
-112.7687329999999974
0
LINE
8
BLACK
6
CONTINUOUS
10
143.0646509999999978
20
-112.7687329999999974
11
143.0646490000000028
21
-112.7687249999999892
0
LINE
8
BLACK
6
CONTINUOUS
10
143.0646490000000028
20
-112.7687249999999892
11
142.9854990000000043
21
-112.5776409999999998
0
LINE
8
BLACK
6
CONTINUOUS
10
142.9854990000000043
20
-112.5776409999999998
11
142.9854939999999885
21
-112.5776309999999967
0
LINE
8
BLACK
6
CONTINUOUS
10
142.9854939999999885
20
-112.5776309999999967
11
142.8705889999999954
21
-112.4056640000000016
0
LINE
8
BLACK
6
CONTINUOUS
10
142.8705889999999954
20
-112.4056640000000016
11
142.870586000000003
21
-112.4056599999999975
0
LINE
8
BLACK
6
CONTINUOUS
10
142.870586000000003
20
-112.4056599999999975
11
142.7243389999999863
21
-112.259412999999995
0
LINE
8
BLACK
6
CONTINUOUS
10
142.7243389999999863
20
-112.259412999999995
11
142.7243349999999964
21
-112.2594099999999884
0
LINE
8
BLACK
6
CONTINUOUS
10
142.7243349999999964
20
-112.2594099999999884
11
142.5523680000000013
21
-112.1445049999999952
0
LINE
8
BLACK
6
CONTINUOUS
10
142.5523680000000013
20
-112.1445049999999952
11
142.5523579999999981
21
-112.1444999999999936
0
LINE
8
BLACK
6
CONTINUOUS
10
142.5523579999999981
20
-112.1444999999999936
11
142.3612719999999854
21
-112.0653489999999977
0
LINE
8
BLACK
6
CONTINUOUS
10
142.3612719999999854
20
-112.0653489999999977
11
142.361266999999998
21
-112.0653469999999885
0
LINE
8
BLACK
6
CONTINUOUS
10
142.361266999999998
20
-112.0653469999999885
11
142.3050000000000068
21
-112.0541549999999944
0
LINE
8
BLACK
6
CONTINUOUS
10
142.3050000000000068
20
-112.0541549999999944
11
142.3050000000000068
21
-112.5896849999999887
0
LINE
8
BLACK
6
CONTINUOUS
10
146.3156769999999938
20
-104.2296849999999893
11
146.3363190000000031
21
-104.2463189999999997
0
LINE
8
BLACK
6
CONTINUOUS
10
146.3363190000000031
20
-104.2463189999999997
11
147.2636809999999912
21
-105.173681000000002
0
LINE
8
BLACK
6
CONTINUOUS
10
147.2636809999999912
20
-105.173681000000002
11
147.2971660000000043
21
-105.2350039999999893
0
LINE
8
BLACK
6
CONTINUOUS
10
147.2971660000000043
20
-105.2350039999999893
11
147.2999999999999829
21
-105.2613619999999912
0
LINE
8
BLACK
6
CONTINUOUS
10
147.2999999999999829
20
-105.2613619999999912
11
147.2999999999999829
21
-106.1204999999999927
0
LINE
8
BLACK
6
CONTINUOUS
10
147.2999999999999829
20
-106.1204999999999927
11
147.2803150000000016
21
-106.187539000000001
0
LINE
8
BLACK
6
CONTINUOUS
10
147.2803150000000016
20
-106.187539000000001
11
147.2275109999999927
21
-106.2332940000000008
0
LINE
8
BLACK
6
CONTINUOUS
10
147.2275109999999927
20
-106.2332940000000008
11
147.176004000000006
21
-106.2445000000000022
0
LINE
8
BLACK
6
CONTINUOUS
10
147.176004000000006
20
-106.2445000000000022
11
147.1449999999999818
21
-106.2445000000000022
0
LINE
8
BLACK
6
CONTINUOUS
10
147.1449999999999818
20
-106.2445000000000022
11
147.1449800000000039
21
-106.2445009999999996
0
LINE
8
BLACK
6
CONTINUOUS
10
147.1449800000000039
20
-106.2445009999999996
11
147.0422030000000007
21
-106.2549999999999955
0
LINE
8
BLACK
6
CONTINUOUS
10
147.0422030000000007
20
-106.2549999999999955
11
147.0421999999999798
21
-106.2550009999999929
0
LINE
8
BLACK
6
CONTINUOUS
10
147.0421999999999798
20
-106.2550009999999929
11
146.8756679999999903
21
-106.3101849999999899
0
LINE
8
BLACK
6
CONTINUOUS
10
146.8756679999999903
20
-106.3101849999999899
11
146.875663000000003
21
-106.3101869999999991
0
LINE
8
BLACK
6
CONTINUOUS
10
146.875663000000003
20
-106.3101869999999991
11
146.7263419999999883
21
-106.4022889999999961
0
LINE
8
BLACK
6
CONTINUOUS
10
146.7263419999999883
20
-106.4022889999999961
11
146.6022889999999848
21
-106.5263419999999996
0
LINE
8
BLACK
6
CONTINUOUS
10
146.6022889999999848
20
-106.5263419999999996
11
146.5295069999999953
21
-106.6443409999999972
0
LINE
8
BLACK
6
CONTINUOUS
10
146.5295069999999953
20
-106.6443409999999972
11
146.4775589999999852
21
-106.6910659999999922
0
LINE
8
BLACK
6
CONTINUOUS
10
146.4775589999999852
20
-106.6910659999999922
11
146.4085959999999886
21
-106.7022869999999983
0
LINE
8
BLACK
6
CONTINUOUS
10
146.4085959999999886
20
-106.7022869999999983
11
146.3445140000000038
21
-106.674443999999994
0
LINE
8
BLACK
6
CONTINUOUS
10
146.3445140000000038
20
-106.674443999999994
11
146.305657999999994
21
-106.6163749999999908
0
LINE
8
BLACK
6
CONTINUOUS
10
146.305657999999994
20
-106.6163749999999908
11
146.3011589999999842
21
-106.5787599999999884
0
LINE
8
BLACK
6
CONTINUOUS
10
146.3011589999999842
20
-106.5787599999999884
11
146.2999999999999829
21
-106.5787599999999884
0
LINE
8
BLACK
6
CONTINUOUS
10
146.2999999999999829
20
-106.5787599999999884
11
146.2999999999999829
21
-106.3453049999999962
0
LINE
8
BLACK
6
CONTINUOUS
10
146.2999999999999829
20
-106.3453049999999962
11
146.299997999999988
21
-106.345288999999994
0
LINE
8
BLACK
6
CONTINUOUS
10
146.299997999999988
20
-106.345288999999994
11
146.27005699999998
21
-106.1178619999999881
0
LINE
8
BLACK
6
CONTINUOUS
10
146.27005699999998
20
-106.1178619999999881
11
146.2106809999999939
21
-105.8962689999999895
0
LINE
8
BLACK
6
CONTINUOUS
10
146.2106809999999939
20
-105.8962689999999895
11
146.1228969999999947
21
-105.6843399999999917
0
LINE
8
BLACK
6
CONTINUOUS
10
146.1228969999999947
20
-105.6843399999999917
11
146.1228930000000048
21
-105.6843299999999886
0
LINE
8
BLACK
6
CONTINUOUS
10
146.1228930000000048
20
-105.6843299999999886
11
146.0081940000000031
21
-105.4856659999999948
0
LINE
8
BLACK
6
CONTINUOUS
10
146.0081940000000031
20
-105.4856659999999948
11
145.9516179999999963
21
-105.4119340000000022
0
LINE
8
BLACK
6
CONTINUOUS
10
145.9516179999999963
20
-105.4119340000000022
11
145.9516169999999988
21
-105.4119340000000022
0
LINE
8
BLACK
6
CONTINUOUS
10
145.9516169999999988
20
-105.4119340000000022
11
145.5909189999999853
21
-105.7726309999999899
0
LINE
8
BLACK
6
CONTINUOUS
10
145.5909189999999853
20
-105.7726309999999899
11
145.6158000000000072
21
-105.8068770000000001
0
LINE
8
BLACK
6
CONTINUOUS
10
145.6158000000000072
20
-105.8068770000000001
11
145.7048489999999958
21
-105.9816459999999978
0
LINE
8
BLACK
6
CONTINUOUS
10
145.7048489999999958
20
-105.9816459999999978
11
145.7654619999999852
21
-106.1681930000000023
0
LINE
8
BLACK
6
CONTINUOUS
10
145.7654619999999852
20
-106.1681930000000023
11
145.7961469999999906
21
-106.3619259999999969
0
LINE
8
BLACK
6
CONTINUOUS
10
145.7961469999999906
20
-106.3619259999999969
11
145.7961469999999906
21
-106.5580739999999906
0
LINE
8
BLACK
6
CONTINUOUS
10
145.7961469999999906
20
-106.5580739999999906
11
145.7654619999999852
21
-106.7518069999999994
0
LINE
8
BLACK
6
CONTINUOUS
10
145.7654619999999852
20
-106.7518069999999994
11
145.7048489999999958
21
-106.9383539999999897
0
LINE
8
BLACK
6
CONTINUOUS
10
145.7048489999999958
20
-106.9383539999999897
11
145.6158000000000072
21
-107.1131230000000016
0
LINE
8
BLACK
6
CONTINUOUS
10
145.6158000000000072
20
-107.1131230000000016
11
145.5909199999999828
21
-107.1473669999999885
0
LINE
8
BLACK
6
CONTINUOUS
10
145.5909199999999828
20
-107.1473669999999885
11
145.9516169999999988
21
-107.5080639999999903
0
LINE
8
BLACK
6
CONTINUOUS
10
145.9516169999999988
20
-107.5080639999999903
11
146.0081919999999798
21
-107.4343339999999927
0
LINE
8
BLACK
6
CONTINUOUS
10
146.0081919999999798
20
-107.4343339999999927
11
146.0081969999999956
21
-107.4343269999999961
0
LINE
8
BLACK
6
CONTINUOUS
10
146.0081969999999956
20
-107.4343269999999961
11
146.1228930000000048
21
-107.2356679999999898
0
LINE
8
BLACK
6
CONTINUOUS
10
146.1228930000000048
20
-107.2356679999999898
11
146.1228999999999871
21
-107.2356539999999967
0
LINE
8
BLACK
6
CONTINUOUS
10
146.1228999999999871
20
-107.2356539999999967
11
146.2059390000000008
21
-107.0351799999999969
0
LINE
8
BLACK
6
CONTINUOUS
10
146.2059390000000008
20
-107.0351799999999969
11
146.249779999999987
21
-106.9807759999999917
0
LINE
8
BLACK
6
CONTINUOUS
10
146.249779999999987
20
-106.9807759999999917
11
146.3160739999999862
21
-106.9587109999999939
0
LINE
8
BLACK
6
CONTINUOUS
10
146.3160739999999862
20
-106.9587109999999939
11
146.3837729999999908
21
-106.9759899999999959
0
LINE
8
BLACK
6
CONTINUOUS
10
146.3837729999999908
20
-106.9759899999999959
11
146.43138399999998
21
-107.027126999999993
0
LINE
8
BLACK
6
CONTINUOUS
10
146.43138399999998
20
-107.027126999999993
11
146.444500000000005
21
-107.0826319999999896
0
LINE
8
BLACK
6
CONTINUOUS
10
146.444500000000005
20
-107.0826319999999896
11
146.444500000000005
21
-107.9450009999999907
0
LINE
8
BLACK
6
CONTINUOUS
10
146.444500000000005
20
-107.9450009999999907
11
146.4445010000000025
21
-107.9450190000000021
0
LINE
8
BLACK
6
CONTINUOUS
10
146.4445010000000025
20
-107.9450190000000021
11
146.4496800000000007
21
-107.9957119999999975
0
LINE
8
BLACK
6
CONTINUOUS
10
146.4496800000000007
20
-107.9957119999999975
11
146.4493219999999951
21
-107.9976329999999933
0
LINE
8
BLACK
6
CONTINUOUS
10
146.4493219999999951
20
-107.9976329999999933
11
146.4500060000000019
21
-107.9994650000000007
0
LINE
8
BLACK
6
CONTINUOUS
10
146.4500060000000019
20
-107.9994650000000007
11
146.4429639999999893
21
-108.0318350000000009
0
LINE
8
BLACK
6
CONTINUOUS
10
146.4429639999999893
20
-108.0318350000000009
11
146.4369099999999833
21
-108.0644049999999936
0
LINE
8
BLACK
6
CONTINUOUS
10
146.4369099999999833
20
-108.0644049999999936
11
146.4354380000000049
21
-108.066434000000001
0
LINE
8
BLACK
6
CONTINUOUS
10
146.4354380000000049
20
-108.066434000000001
11
146.4351549999999804
21
-108.0677379999999914
0
LINE
8
BLACK
6
CONTINUOUS
10
146.4351549999999804
20
-108.0677379999999914
11
146.4140040000000056
21
-108.0959929999999929
0
LINE
8
BLACK
6
CONTINUOUS
10
146.4140040000000056
20
-108.0959929999999929
11
146.3363190000000031
21
-108.1736799999999903
0
LINE
8
BLACK
6
CONTINUOUS
10
146.3363190000000031
20
-108.1736799999999903
11
146.2749969999999848
21
-108.2071660000000008
0
LINE
8
BLACK
6
CONTINUOUS
10
146.2749969999999848
20
-108.2071660000000008
11
146.2486370000000022
21
-108.2099999999999937
0
LINE
8
BLACK
6
CONTINUOUS
10
146.2486370000000022
20
-108.2099999999999937
11
145.4816849999999988
21
-108.2099999999999937
0
LINE
8
BLACK
6
CONTINUOUS
10
145.4816849999999988
20
-108.2099999999999937
11
145.4146460000000047
21
-108.1903149999999982
0
LINE
8
BLACK
6
CONTINUOUS
10
145.4146460000000047
20
-108.1903149999999982
11
145.3688909999999908
21
-108.1375109999999893
0
LINE
8
BLACK
6
CONTINUOUS
10
145.3688909999999908
20
-108.1375109999999893
11
145.3589470000000006
21
-108.0683530000000019
0
LINE
8
BLACK
6
CONTINUOUS
10
145.3589470000000006
20
-108.0683530000000019
11
145.3879719999999907
21
-108.0047969999999964
0
LINE
8
BLACK
6
CONTINUOUS
10
145.3879719999999907
20
-108.0047969999999964
11
145.419684999999987
21
-107.9786129999999957
0
LINE
8
BLACK
6
CONTINUOUS
10
145.419684999999987
20
-107.9786129999999957
11
145.5243269999999995
21
-107.9181969999999922
0
LINE
8
BLACK
6
CONTINUOUS
10
145.5243269999999995
20
-107.9181969999999922
11
145.5243339999999819
21
-107.9181919999999906
0
LINE
8
BLACK
6
CONTINUOUS
10
145.5243339999999819
20
-107.9181919999999906
11
145.5980639999999937
21
-107.8616169999999954
0
LINE
8
BLACK
6
CONTINUOUS
10
145.5980639999999937
20
-107.8616169999999954
11
145.2373670000000061
21
-107.5009199999999936
0
LINE
8
BLACK
6
CONTINUOUS
10
145.2373670000000061
20
-107.5009199999999936
11
145.203123000000005
21
-107.5257999999999896
0
LINE
8
BLACK
6
CONTINUOUS
10
145.203123000000005
20
-107.5257999999999896
11
145.0283540000000073
21
-107.6148489999999924
0
LINE
8
BLACK
6
CONTINUOUS
10
145.0283540000000073
20
-107.6148489999999924
11
144.8418069999999886
21
-107.675461999999996
0
LINE
8
BLACK
6
CONTINUOUS
10
144.8418069999999886
20
-107.675461999999996
11
144.6480739999999798
21
-107.7061470000000014
0
LINE
8
BLACK
6
CONTINUOUS
10
144.6480739999999798
20
-107.7061470000000014
11
144.4519259999999861
21
-107.7061470000000014
0
LINE
8
BLACK
6
CONTINUOUS
10
144.4519259999999861
20
-107.7061470000000014
11
144.2581930000000057
21
-107.675461999999996
0
LINE
8
BLACK
6
CONTINUOUS
10
144.2581930000000057
20
-107.675461999999996
11
144.071645999999987
21
-107.6148489999999924
0
LINE
8
BLACK
6
CONTINUOUS
10
144.071645999999987
20
-107.6148489999999924
11
143.8968769999999893
21
-107.5257999999999896
0
LINE
8
BLACK
6
CONTINUOUS
10
143.8968769999999893
20
-107.5257999999999896
11
143.8626319999999907
21
-107.5009189999999961
0
LINE
8
BLACK
6
CONTINUOUS
10
143.8626319999999907
20
-107.5009189999999961
11
143.5019340000000057
21
-107.8616169999999954
0
LINE
8
BLACK
6
CONTINUOUS
10
143.5019340000000057
20
-107.8616169999999954
11
143.5019340000000057
21
-107.8616179999999929
0
LINE
8
BLACK
6
CONTINUOUS
10
143.5019340000000057
20
-107.8616179999999929
11
143.575665999999984
21
-107.9181939999999997
0
LINE
8
BLACK
6
CONTINUOUS
10
143.575665999999984
20
-107.9181939999999997
11
143.6803139999999814
21
-107.9786129999999957
0
LINE
8
BLACK
6
CONTINUOUS
10
143.6803139999999814
20
-107.9786129999999957
11
143.7285300000000063
21
-108.0291799999999967
0
LINE
8
BLACK
6
CONTINUOUS
10
143.7285300000000063
20
-108.0291799999999967
11
143.7417529999999886
21
-108.0977869999999967
0
LINE
8
BLACK
6
CONTINUOUS
10
143.7417529999999886
20
-108.0977869999999967
11
143.7157849999999826
21
-108.1626519999999942
0
LINE
8
BLACK
6
CONTINUOUS
10
143.7157849999999826
20
-108.1626519999999942
11
143.6588700000000074
21
-108.203179999999989
0
LINE
8
BLACK
6
CONTINUOUS
10
143.6588700000000074
20
-108.203179999999989
11
143.618313999999998
21
-108.2099999999999937
0
LINE
8
BLACK
6
CONTINUOUS
10
143.618313999999998
20
-108.2099999999999937
11
141.2316849999999988
21
-108.2099999999999937
0
LINE
8
BLACK
6
CONTINUOUS
10
141.2316849999999988
20
-108.2099999999999937
11
141.1646460000000047
21
-108.1903149999999982
0
LINE
8
BLACK
6
CONTINUOUS
10
141.1646460000000047
20
-108.1903149999999982
11
141.1188909999999908
21
-108.1375109999999893
0
LINE
8
BLACK
6
CONTINUOUS
10
141.1188909999999908
20
-108.1375109999999893
11
141.1089470000000006
21
-108.0683530000000019
0
LINE
8
BLACK
6
CONTINUOUS
10
141.1089470000000006
20
-108.0683530000000019
11
141.1379719999999907
21
-108.0047969999999964
0
LINE
8
BLACK
6
CONTINUOUS
10
141.1379719999999907
20
-108.0047969999999964
11
141.169684999999987
21
-107.9786129999999957
0
LINE
8
BLACK
6
CONTINUOUS
10
141.169684999999987
20
-107.9786129999999957
11
141.2743269999999995
21
-107.9181969999999922
0
LINE
8
BLACK
6
CONTINUOUS
10
141.2743269999999995
20
-107.9181969999999922
11
141.2743339999999819
21
-107.9181919999999906
0
LINE
8
BLACK
6
CONTINUOUS
10
141.2743339999999819
20
-107.9181919999999906
11
141.3480639999999937
21
-107.8616169999999954
0
LINE
8
BLACK
6
CONTINUOUS
10
141.3480639999999937
20
-107.8616169999999954
11
140.9873670000000061
21
-107.5009199999999936
0
LINE
8
BLACK
6
CONTINUOUS
10
140.9873670000000061
20
-107.5009199999999936
11
140.953123000000005
21
-107.5257999999999896
0
LINE
8
BLACK
6
CONTINUOUS
10
140.953123000000005
20
-107.5257999999999896
11
140.7783540000000073
21
-107.6148489999999924
0
LINE
8
BLACK
6
CONTINUOUS
10
140.7783540000000073
20
-107.6148489999999924
11
140.5918069999999886
21
-107.675461999999996
0
LINE
8
BLACK
6
CONTINUOUS
10
140.5918069999999886
20
-107.675461999999996
11
140.5
21
-107.6900029999999902
0
LINE
8
BLACK
6
CONTINUOUS
10
140.5
20
-107.6900029999999902
11
140.5
21
-108.7099999999999937
0
LINE
8
BLACK
6
CONTINUOUS
10
140.5
20
-108.7099999999999937
11
140.4961569999999824
21
-108.7490179999999924
0
LINE
8
BLACK
6
CONTINUOUS
10
140.4961569999999824
20
-108.7490179999999924
11
140.4662940000000049
21
-108.8211139999999943
0
LINE
8
BLACK
6
CONTINUOUS
10
140.4662940000000049
20
-108.8211139999999943
11
140.4414209999999912
21
-108.851421000000002
0
LINE
8
BLACK
6
CONTINUOUS
10
140.4414209999999912
20
-108.851421000000002
11
140.1042879999999968
21
-109.1885529999999989
0
LINE
8
BLACK
6
CONTINUOUS
10
140.1042879999999968
20
-109.1885529999999989
11
139.875409999999988
21
-110.3329439999999977
0
LINE
8
BLACK
6
CONTINUOUS
10
139.875409999999988
20
-110.3329439999999977
11
139.842960000000005
21
-110.3948219999999907
0
LINE
8
BLACK
6
CONTINUOUS
10
139.842960000000005
20
-110.3948219999999907
11
139.7822079999999971
21
-110.4293319999999881
0
LINE
8
BLACK
6
CONTINUOUS
10
139.7822079999999971
20
-110.4293319999999881
11
139.7169279999999958
21
-110.4270109999999931
0
LINE
8
BLACK
6
CONTINUOUS
10
139.7169279999999958
20
-110.4270109999999931
11
139.5702969999999823
21
-110.3813189999999906
0
LINE
8
BLACK
6
CONTINUOUS
10
139.5702969999999823
20
-110.3813189999999906
11
139.5702870000000075
21
-110.3813169999999957
0
LINE
8
BLACK
6
CONTINUOUS
10
139.5702870000000075
20
-110.3813169999999957
11
139.5049999999999955
21
-110.3753839999999968
0
LINE
8
BLACK
6
CONTINUOUS
10
139.5049999999999955
20
-110.3753839999999968
11
139.5049999999999955
21
-110.8869339999999966
0
LINE
8
BLACK
6
CONTINUOUS
10
139.5049999999999955
20
-110.8869339999999966
11
139.5177099999999939
21
-110.8894629999999921
0
LINE
8
BLACK
6
CONTINUOUS
10
139.5177099999999939
20
-110.8894629999999921
11
139.5793500000000051
21
-110.93065
0
LINE
8
BLACK
6
CONTINUOUS
10
139.5793500000000051
20
-110.93065
11
139.6205369999999846
21
-110.992289999999997
0
LINE
8
BLACK
6
CONTINUOUS
10
139.6205369999999846
20
-110.992289999999997
11
139.6349999999999909
21
-111.0649999999999977
0
LINE
8
BLACK
6
CONTINUOUS
10
139.6349999999999909
20
-111.0649999999999977
11
139.6349999999999909
21
-113.7049999999999983
0
LINE
8
BLACK
6
CONTINUOUS
10
139.6349999999999909
20
-113.7049999999999983
11
139.6205369999999846
21
-113.777709999999999
0
LINE
8
BLACK
6
CONTINUOUS
10
139.6205369999999846
20
-113.777709999999999
11
139.5793500000000051
21
-113.839349999999996
0
LINE
8
BLACK
6
CONTINUOUS
10
139.5793500000000051
20
-113.839349999999996
11
139.5177099999999939
21
-113.8805369999999897
0
LINE
8
BLACK
6
CONTINUOUS
10
139.5177099999999939
20
-113.8805369999999897
11
139.4449999999999932
21
-113.894999999999996
0
LINE
8
BLACK
6
CONTINUOUS
10
139.4449999999999932
20
-113.894999999999996
11
139.0649999999999977
21
-113.894999999999996
0
LINE
8
BLACK
6
CONTINUOUS
10
139.0649999999999977
20
-113.894999999999996
11
138.992289999999997
21
-113.8805369999999897
0
LINE
8
BLACK
6
CONTINUOUS
10
138.992289999999997
20
-113.8805369999999897
11
138.9306499999999858
21
-113.839349999999996
0
LINE
8
BLACK
6
CONTINUOUS
10
138.9306499999999858
20
-113.839349999999996
11
138.8894630000000063
21
-113.777709999999999
0
LINE
8
BLACK
6
CONTINUOUS
10
138.8894630000000063
20
-113.777709999999999
11
138.875
21
-113.7049999999999983
0
LINE
8
BLACK
6
CONTINUOUS
10
138.875
20
-113.7049999999999983
11
138.875
21
-111.0649999999999977
0
LINE
8
BLACK
6
CONTINUOUS
10
138.875
20
-111.0649999999999977
11
138.8894630000000063
21
-110.992289999999997
0
LINE
8
BLACK
6
CONTINUOUS
10
138.8894630000000063
20
-110.992289999999997
11
138.9306499999999858
21
-110.93065
0
LINE
8
BLACK
6
CONTINUOUS
10
138.9306499999999858
20
-110.93065
11
138.992289999999997
21
-110.8894629999999921
0
LINE
8
BLACK
6
CONTINUOUS
10
138.992289999999997
20
-110.8894629999999921
11
139.0550000000000068
21
-110.8769889999999947
0
LINE
8
BLACK
6
CONTINUOUS
10
139.0550000000000068
20
-110.8769889999999947
11
139.0550000000000068
21
-110.8493139999999926
0
LINE
8
BLACK
6
CONTINUOUS
10
139.0550000000000068
20
-110.8493139999999926
11
139.0305119999999874
21
-110.7707300000000004
0
LINE
8
BLACK
6
CONTINUOUS
10
139.0305119999999874
20
-110.7707300000000004
11
139.0228809999999839
21
-110.7581059999999979
0
LINE
8
BLACK
6
CONTINUOUS
10
139.0228809999999839
20
-110.7581059999999979
11
139.0049999999999955
21
-110.6939589999999924
0
LINE
8
BLACK
6
CONTINUOUS
10
139.0049999999999955
20
-110.6939589999999924
11
139.0049999999999955
21
-110.3753839999999968
0
LINE
8
BLACK
6
CONTINUOUS
10
139.0049999999999955
20
-110.3753839999999968
11
138.9397119999999859
21
-110.3813169999999957
0
LINE
8
BLACK
6
CONTINUOUS
10
138.9397119999999859
20
-110.3813169999999957
11
138.9397019999999827
21
-110.3813189999999906
0
LINE
8
BLACK
6
CONTINUOUS
10
138.9397019999999827
20
-110.3813189999999906
11
138.7733829999999955
21
-110.4331459999999936
0
LINE
8
BLACK
6
CONTINUOUS
10
138.7733829999999955
20
-110.4331459999999936
11
138.7035229999999899
21
-110.4342979999999983
0
LINE
8
BLACK
6
CONTINUOUS
10
138.7035229999999899
20
-110.4342979999999983
11
138.6959709999999859
21
-110.4315759999999926
0
LINE
8
BLACK
6
CONTINUOUS
10
138.6959709999999859
20
-110.4315759999999926
11
138.5326609999999903
21
-110.3806859999999972
0
LINE
8
BLACK
6
CONTINUOUS
10
138.5326609999999903
20
-110.3806859999999972
11
138.5326589999999953
21
-110.3806849999999997
0
LINE
8
BLACK
6
CONTINUOUS
10
138.5326589999999953
20
-110.3806849999999997
11
138.5326570000000004
21
-110.3806849999999997
0
LINE
8
BLACK
6
CONTINUOUS
10
138.5326570000000004
20
-110.3806849999999997
11
138.4645940000000053
21
-110.3744999999999976
0
LINE
8
BLACK
6
CONTINUOUS
10
138.4645940000000053
20
-110.3744999999999976
11
138.0054059999999936
21
-110.3744999999999976
0
LINE
8
BLACK
6
CONTINUOUS
10
138.0054059999999936
20
-110.3744999999999976
11
137.9373429999999985
21
-110.3806849999999997
0
LINE
8
BLACK
6
CONTINUOUS
10
137.9373429999999985
20
-110.3806849999999997
11
137.9373410000000035
21
-110.3806849999999997
0
LINE
8
BLACK
6
CONTINUOUS
10
137.9373410000000035
20
-110.3806849999999997
11
137.9373379999999827
21
-110.3806859999999972
0
LINE
8
BLACK
6
CONTINUOUS
10
137.9373379999999827
20
-110.3806859999999972
11
137.7735700000000065
21
-110.4317190000000011
0
LINE
8
BLACK
6
CONTINUOUS
10
137.7735700000000065
20
-110.4317190000000011
11
137.7727199999999925
21
-110.4289909999999963
0
LINE
8
BLACK
6
CONTINUOUS
10
137.7727199999999925
20
-110.4289909999999963
11
137.7166389999999865
21
-110.436721999999989
0
LINE
8
BLACK
6
CONTINUOUS
10
137.7166389999999865
20
-110.436721999999989
11
137.6966950000000054
21
-110.4308659999999946
0
LINE
8
BLACK
6
CONTINUOUS
10
137.6966950000000054
20
-110.4308659999999946
11
137.6964299999999923
21
-110.4317190000000011
0
LINE
8
BLACK
6
CONTINUOUS
10
137.6964299999999923
20
-110.4317190000000011
11
137.5326609999999903
21
-110.3806859999999972
0
LINE
8
BLACK
6
CONTINUOUS
10
137.5326609999999903
20
-110.3806859999999972
11
137.5326589999999953
21
-110.3806849999999997
0
LINE
8
BLACK
6
CONTINUOUS
10
137.5326589999999953
20
-110.3806849999999997
11
137.5326570000000004
21
-110.3806849999999997
0
LINE
8
BLACK
6
CONTINUOUS
10
137.5326570000000004
20
-110.3806849999999997
11
137.4645940000000053
21
-110.3744999999999976
0
LINE
8
BLACK
6
CONTINUOUS
10
137.4645940000000053
20
-110.3744999999999976
11
137.0054059999999936
21
-110.3744999999999976
0
LINE
8
BLACK
6
CONTINUOUS
10
137.0054059999999936
20
-110.3744999999999976
11
136.9373429999999985
21
-110.3806849999999997
0
LINE
8
BLACK
6
CONTINUOUS
10
136.9373429999999985
20
-110.3806849999999997
11
136.9373410000000035
21
-110.3806849999999997
0
LINE
8
BLACK
6
CONTINUOUS
10
136.9373410000000035
20
-110.3806849999999997
11
136.9373379999999827
21
-110.3806859999999972
0
LINE
8
BLACK
6
CONTINUOUS
10
136.9373379999999827
20
-110.3806859999999972
11
136.7735700000000065
21
-110.4317190000000011
0
LINE
8
BLACK
6
CONTINUOUS
10
136.7735700000000065
20
-110.4317190000000011
11
136.7728579999999852
21
-110.429434999999998
0
LINE
8
BLACK
6
CONTINUOUS
10
136.7728579999999852
20
-110.429434999999998
11
136.7151669999999797
21
-110.43739699999999
0
LINE
8
BLACK
6
CONTINUOUS
10
136.7151669999999797
20
-110.43739699999999
11
136.6966170000000034
21
-110.4331459999999936
0
LINE
8
BLACK
6
CONTINUOUS
10
136.6966170000000034
20
-110.4331459999999936
11
136.5302969999999902
21
-110.3813189999999906
0
LINE
8
BLACK
6
CONTINUOUS
10
136.5302969999999902
20
-110.3813189999999906
11
136.5302869999999871
21
-110.3813169999999957
0
LINE
8
BLACK
6
CONTINUOUS
10
136.5302869999999871
20
-110.3813169999999957
11
136.4650000000000034
21
-110.3753839999999968
0
LINE
8
BLACK
6
CONTINUOUS
10
136.4650000000000034
20
-110.3753839999999968
11
136.4650000000000034
21
-110.6939589999999924
0
LINE
8
BLACK
6
CONTINUOUS
10
136.4650000000000034
20
-110.6939589999999924
11
136.4471189999999865
21
-110.7581059999999979
0
LINE
8
BLACK
6
CONTINUOUS
10
136.4471189999999865
20
-110.7581059999999979
11
136.4394869999999855
21
-110.7707300000000004
0
LINE
8
BLACK
6
CONTINUOUS
10
136.4394869999999855
20
-110.7707300000000004
11
136.414999999999992
21
-110.8493110000000001
0
LINE
8
BLACK
6
CONTINUOUS
10
136.414999999999992
20
-110.8493110000000001
11
136.414999999999992
21
-110.8769889999999947
0
LINE
8
BLACK
6
CONTINUOUS
10
136.414999999999992
20
-110.8769889999999947
11
136.4777100000000019
21
-110.8894629999999921
0
LINE
8
BLACK
6
CONTINUOUS
10
136.4777100000000019
20
-110.8894629999999921
11
136.5393499999999847
21
-110.93065
0
LINE
8
BLACK
6
CONTINUOUS
10
136.5393499999999847
20
-110.93065
11
136.5805369999999925
21
-110.992289999999997
0
LINE
8
BLACK
6
CONTINUOUS
10
136.5805369999999925
20
-110.992289999999997
11
136.5949999999999989
21
-111.0649999999999977
0
LINE
8
BLACK
6
CONTINUOUS
10
136.5949999999999989
20
-111.0649999999999977
11
136.5949999999999989
21
-113.7049999999999983
0
LINE
8
BLACK
6
CONTINUOUS
10
136.5949999999999989
20
-113.7049999999999983
11
136.5805369999999925
21
-113.777709999999999
0
LINE
8
BLACK
6
CONTINUOUS
10
136.5805369999999925
20
-113.777709999999999
11
136.5393499999999847
21
-113.839349999999996
0
LINE
8
BLACK
6
CONTINUOUS
10
136.5393499999999847
20
-113.839349999999996
11
136.4777100000000019
21
-113.8805369999999897
0
LINE
8
BLACK
6
CONTINUOUS
10
136.4777100000000019
20
-113.8805369999999897
11
136.4050000000000011
21
-113.894999999999996
0
LINE
8
BLACK
6
CONTINUOUS
10
136.4050000000000011
20
-113.894999999999996
11
136.0250000000000057
21
-113.894999999999996
0
LINE
8
BLACK
6
CONTINUOUS
10
136.0250000000000057
20
-113.894999999999996
11
135.952290000000005
21
-113.8805369999999897
0
LINE
8
BLACK
6
CONTINUOUS
10
135.952290000000005
20
-113.8805369999999897
11
135.8906499999999937
21
-113.839349999999996
0
LINE
8
BLACK
6
CONTINUOUS
10
135.8906499999999937
20
-113.839349999999996
11
135.8494629999999859
21
-113.777709999999999
0
LINE
8
BLACK
6
CONTINUOUS
10
135.8494629999999859
20
-113.777709999999999
11
135.835000000000008
21
-113.7049999999999983
0
LINE
8
BLACK
6
CONTINUOUS
10
135.835000000000008
20
-113.7049999999999983
11
135.835000000000008
21
-111.0649999999999977
0
LINE
8
BLACK
6
CONTINUOUS
10
135.835000000000008
20
-111.0649999999999977
11
135.8494629999999859
21
-110.992289999999997
0
LINE
8
BLACK
6
CONTINUOUS
10
135.8494629999999859
20
-110.992289999999997
11
135.8906499999999937
21
-110.93065
0
LINE
8
BLACK
6
CONTINUOUS
10
135.8906499999999937
20
-110.93065
11
135.952290000000005
21
-110.8894629999999921
0
LINE
8
BLACK
6
CONTINUOUS
10
135.952290000000005
20
-110.8894629999999921
11
135.9650000000000034
21
-110.8869339999999966
0
LINE
8
BLACK
6
CONTINUOUS
10
135.9650000000000034
20
-110.8869339999999966
11
135.9650000000000034
21
-110.3753839999999968
0
LINE
8
BLACK
6
CONTINUOUS
10
135.9650000000000034
20
-110.3753839999999968
11
135.8997119999999938
21
-110.3813169999999957
0
LINE
8
BLACK
6
CONTINUOUS
10
135.8997119999999938
20
-110.3813169999999957
11
135.8997019999999907
21
-110.3813189999999906
0
LINE
8
BLACK
6
CONTINUOUS
10
135.8997019999999907
20
-110.3813189999999906
11
135.7403529999999989
21
-110.430973999999992
0
LINE
8
BLACK
6
CONTINUOUS
10
135.7403529999999989
20
-110.430973999999992
11
135.6704929999999933
21
-110.4321259999999967
0
LINE
8
BLACK
6
CONTINUOUS
10
135.6704929999999933
20
-110.4321259999999967
11
135.6111009999999908
21
-110.3953249999999997
0
LINE
8
BLACK
6
CONTINUOUS
10
135.6111009999999908
20
-110.3953249999999997
11
135.5831660000000056
21
-110.3426649999999967
0
LINE
8
BLACK
6
CONTINUOUS
10
135.5831660000000056
20
-110.3426649999999967
11
135.0632870000000025
21
-108.263148000000001
0
LINE
8
BLACK
6
CONTINUOUS
10
135.0632870000000025
20
-108.263148000000001
11
135.0661249999999995
21
-108.1933369999999996
0
LINE
8
BLACK
6
CONTINUOUS
10
135.0661249999999995
20
-108.1933369999999996
11
135.1062550000000044
21
-108.1361419999999924
0
LINE
8
BLACK
6
CONTINUOUS
10
135.1062550000000044
20
-108.1361419999999924
11
135.1709369999999808
21
-108.1097219999999908
0
LINE
8
BLACK
6
CONTINUOUS
10
135.1709369999999808
20
-108.1097219999999908
11
135.2310429999999997
21
-108.1185159999999996
0
LINE
8
BLACK
6
CONTINUOUS
10
135.2310429999999997
20
-108.1185159999999996
11
135.2362709999999879
21
-108.1206809999999905
0
LINE
8
BLACK
6
CONTINUOUS
10
135.2362709999999879
20
-108.1206809999999905
11
135.4578620000000058
21
-108.1800569999999908
0
LINE
8
BLACK
6
CONTINUOUS
10
135.4578620000000058
20
-108.1800569999999908
11
135.5999999999999943
21
-108.1987689999999986
0
LINE
8
BLACK
6
CONTINUOUS
10
135.5999999999999943
20
-108.1987689999999986
11
135.5999999999999943
21
-107.6900029999999902
0
LINE
8
BLACK
6
CONTINUOUS
10
135.5999999999999943
20
-107.6900029999999902
11
135.5081930000000057
21
-107.675461999999996
0
LINE
8
BLACK
6
CONTINUOUS
10
135.5081930000000057
20
-107.675461999999996
11
135.321645999999987
21
-107.6148489999999924
0
LINE
8
BLACK
6
CONTINUOUS
10
135.321645999999987
20
-107.6148489999999924
11
135.1468769999999893
21
-107.5257999999999896
0
LINE
8
BLACK
6
CONTINUOUS
10
135.1468769999999893
20
-107.5257999999999896
11
135.1126319999999907
21
-107.5009189999999961
0
LINE
8
BLACK
6
CONTINUOUS
10
135.1126319999999907
20
-107.5009189999999961
11
134.7519340000000057
21
-107.8616169999999954
0
LINE
8
BLACK
6
CONTINUOUS
10
134.7519340000000057
20
-107.8616169999999954
11
134.7519340000000057
21
-107.8616179999999929
0
LINE
8
BLACK
6
CONTINUOUS
10
134.7519340000000057
20
-107.8616179999999929
11
134.825665999999984
21
-107.9181939999999997
0
LINE
8
BLACK
6
CONTINUOUS
10
134.825665999999984
20
-107.9181939999999997
11
134.9303139999999814
21
-107.9786129999999957
0
LINE
8
BLACK
6
CONTINUOUS
10
134.9303139999999814
20
-107.9786129999999957
11
134.9785300000000063
21
-108.0291799999999967
0
LINE
8
BLACK
6
CONTINUOUS
10
134.9785300000000063
20
-108.0291799999999967
11
134.9917529999999886
21
-108.0977869999999967
0
LINE
8
BLACK
6
CONTINUOUS
10
134.9917529999999886
20
-108.0977869999999967
11
134.9657849999999826
21
-108.1626519999999942
0
LINE
8
BLACK
6
CONTINUOUS
10
134.9657849999999826
20
-108.1626519999999942
11
134.9088700000000074
21
-108.203179999999989
0
LINE
8
BLACK
6
CONTINUOUS
10
134.9088700000000074
20
-108.203179999999989
11
134.868313999999998
21
-108.2099999999999937
0
LINE
8
BLACK
6
CONTINUOUS
10
134.868313999999998
20
-108.2099999999999937
11
132.2316849999999988
21
-108.2099999999999937
0
LINE
8
BLACK
6
CONTINUOUS
10
132.2316849999999988
20
-108.2099999999999937
11
132.1646460000000047
21
-108.1903149999999982
0
LINE
8
BLACK
6
CONTINUOUS
10
132.1646460000000047
20
-108.1903149999999982
11
132.1188909999999908
21
-108.1375109999999893
0
LINE
8
BLACK
6
CONTINUOUS
10
132.1188909999999908
20
-108.1375109999999893
11
132.1089470000000006
21
-108.0683530000000019
0
LINE
8
BLACK
6
CONTINUOUS
10
132.1089470000000006
20
-108.0683530000000019
11
132.1379719999999907
21
-108.0047969999999964
0
LINE
8
BLACK
6
CONTINUOUS
10
132.1379719999999907
20
-108.0047969999999964
11
132.169684999999987
21
-107.9786129999999957
0
LINE
8
BLACK
6
CONTINUOUS
10
132.169684999999987
20
-107.9786129999999957
11
132.2743269999999995
21
-107.9181969999999922
0
LINE
8
BLACK
6
CONTINUOUS
10
132.2743269999999995
20
-107.9181969999999922
11
132.2743339999999819
21
-107.9181919999999906
0
LINE
8
BLACK
6
CONTINUOUS
10
132.2743339999999819
20
-107.9181919999999906
11
132.3480639999999937
21
-107.8616169999999954
0
LINE
8
BLACK
6
CONTINUOUS
10
132.3480639999999937
20
-107.8616169999999954
11
131.9873659999999802
21
-107.5009199999999936
0
LINE
8
BLACK
6
CONTINUOUS
10
131.9873659999999802
20
-107.5009199999999936
11
131.953123000000005
21
-107.5257999999999896
0
LINE
8
BLACK
6
CONTINUOUS
10
131.953123000000005
20
-107.5257999999999896
11
131.7783540000000073
21
-107.6148489999999924
0
LINE
8
BLACK
6
CONTINUOUS
10
131.7783540000000073
20
-107.6148489999999924
11
131.5918069999999886
21
-107.675461999999996
0
LINE
8
BLACK
6
CONTINUOUS
10
131.5918069999999886
20
-107.675461999999996
11
131.3980740000000083
21
-107.7061470000000014
0
LINE
8
BLACK
6
CONTINUOUS
10
131.3980740000000083
20
-107.7061470000000014
11
131.2019259999999861
21
-107.7061470000000014
0
LINE
8
BLACK
6
CONTINUOUS
10
131.2019259999999861
20
-107.7061470000000014
11
131.0081930000000057
21
-107.675461999999996
0
LINE
8
BLACK
6
CONTINUOUS
10
131.0081930000000057
20
-107.675461999999996
11
130.821645999999987
21
-107.6148489999999924
0
LINE
8
BLACK
6
CONTINUOUS
10
130.821645999999987
20
-107.6148489999999924
11
130.6468769999999893
21
-107.5257999999999896
0
LINE
8
BLACK
6
CONTINUOUS
10
130.6468769999999893
20
-107.5257999999999896
11
130.488190000000003
21
-107.4105069999999955
0
LINE
8
BLACK
6
CONTINUOUS
10
130.488190000000003
20
-107.4105069999999955
11
130.3494929999999954
21
-107.2718100000000021
0
LINE
8
BLACK
6
CONTINUOUS
10
130.3494929999999954
20
-107.2718100000000021
11
130.2341999999999871
21
-107.1131230000000016
0
LINE
8
BLACK
6
CONTINUOUS
10
130.2341999999999871
20
-107.1131230000000016
11
130.1451509999999985
21
-106.9383539999999897
0
LINE
8
BLACK
6
CONTINUOUS
10
130.1451509999999985
20
-106.9383539999999897
11
130.0845379999999807
21
-106.7518069999999994
0
LINE
8
BLACK
6
CONTINUOUS
10
130.0845379999999807
20
-106.7518069999999994
11
130.0538530000000037
21
-106.5580739999999906
0
LINE
8
BLACK
6
CONTINUOUS
10
130.0538530000000037
20
-106.5580739999999906
11
130.0538530000000037
21
-106.3619259999999969
0
LINE
8
BLACK
6
CONTINUOUS
10
130.0538530000000037
20
-106.3619259999999969
11
130.0845379999999807
21
-106.1681930000000023
0
LINE
8
BLACK
6
CONTINUOUS
10
130.0845379999999807
20
-106.1681930000000023
11
130.1451509999999985
21
-105.9816459999999978
0
LINE
8
BLACK
6
CONTINUOUS
10
130.1451509999999985
20
-105.9816459999999978
11
130.2341999999999871
21
-105.8068770000000001
0
LINE
8
BLACK
6
CONTINUOUS
10
130.2341999999999871
20
-105.8068770000000001
11
130.2590789999999856
21
-105.772632999999999
0
LINE
8
BLACK
6
CONTINUOUS
10
130.2590789999999856
20
-105.772632999999999
11
129.8983800000000031
21
-105.4119340000000022
0
LINE
8
BLACK
6
CONTINUOUS
10
129.8983800000000031
20
-105.4119340000000022
11
129.8418099999999811
21
-105.4856589999999983
0
LINE
8
BLACK
6
CONTINUOUS
10
129.8418099999999811
20
-105.4856589999999983
11
129.8418010000000038
21
-105.4856729999999914
0
LINE
8
BLACK
6
CONTINUOUS
10
129.8418010000000038
20
-105.4856729999999914
11
129.727105999999992
21
-105.6843299999999886
0
LINE
8
BLACK
6
CONTINUOUS
10
129.727105999999992
20
-105.6843299999999886
11
129.7271020000000021
21
-105.6843399999999917
0
LINE
8
BLACK
6
CONTINUOUS
10
129.7271020000000021
20
-105.6843399999999917
11
129.6393180000000029
21
-105.8962689999999895
0
LINE
8
BLACK
6
CONTINUOUS
10
129.6393180000000029
20
-105.8962689999999895
11
129.5799419999999884
21
-106.1178619999999881
0
LINE
8
BLACK
6
CONTINUOUS
10
129.5799419999999884
20
-106.1178619999999881
11
129.5500009999999804
21
-106.345288999999994
0
LINE
8
BLACK
6
CONTINUOUS
10
129.5500009999999804
20
-106.345288999999994
11
129.5499999999999829
21
-106.3453049999999962
0
LINE
8
BLACK
6
CONTINUOUS
10
129.5499999999999829
20
-106.3453049999999962
11
129.5499999999999829
21
-106.5746939999999938
0
LINE
8
BLACK
6
CONTINUOUS
10
129.5499999999999829
20
-106.5746939999999938
11
129.5500009999999804
21
-106.5747099999999961
0
LINE
8
BLACK
6
CONTINUOUS
10
129.5500009999999804
20
-106.5747099999999961
11
129.5799419999999884
21
-106.8021370000000019
0
LINE
8
BLACK
6
CONTINUOUS
10
129.5799419999999884
20
-106.8021370000000019
11
129.6393180000000029
21
-107.0237300000000005
0
LINE
8
BLACK
6
CONTINUOUS
10
129.6393180000000029
20
-107.0237300000000005
11
129.7271020000000021
21
-107.2356589999999983
0
LINE
8
BLACK
6
CONTINUOUS
10
129.7271020000000021
20
-107.2356589999999983
11
129.727105999999992
21
-107.2356679999999898
0
LINE
8
BLACK
6
CONTINUOUS
10
129.727105999999992
20
-107.2356679999999898
11
129.8045449999999903
21
-107.3697959999999938
0
LINE
8
BLACK
6
CONTINUOUS
10
129.8045449999999903
20
-107.3697959999999938
11
129.8210179999999809
21
-107.4376959999999883
0
LINE
8
BLACK
6
CONTINUOUS
10
129.8210179999999809
20
-107.4376959999999883
11
129.7981649999999831
21
-107.5037229999999937
0
LINE
8
BLACK
6
CONTINUOUS
10
129.7981649999999831
20
-107.5037229999999937
11
129.7432440000000042
21
-107.546914000000001
0
LINE
8
BLACK
6
CONTINUOUS
10
129.7432440000000042
20
-107.546914000000001
11
129.6736909999999909
21
-107.5535549999999887
0
LINE
8
BLACK
6
CONTINUOUS
10
129.6736909999999909
20
-107.5535549999999887
11
129.6115879999999834
21
-107.52153899999999
0
LINE
8
BLACK
6
CONTINUOUS
10
129.6115879999999834
20
-107.52153899999999
11
129.6094769999999983
21
-107.5194769999999949
0
LINE
8
BLACK
6
CONTINUOUS
10
129.6094769999999983
20
-107.5194769999999949
11
129.3363190000000031
21
-107.2463189999999997
0
LINE
8
BLACK
6
CONTINUOUS
10
129.3363190000000031
20
-107.2463189999999997
11
129.3028339999999901
21
-107.1849959999999982
0
LINE
8
BLACK
6
CONTINUOUS
10
129.3028339999999901
20
-107.1849959999999982
11
129.2999999999999829
21
-107.1586379999999963
0
LINE
8
BLACK
6
CONTINUOUS
10
129.2999999999999829
20
-107.1586379999999963
11
129.2999999999999829
21
-105.2613619999999912
0
LINE
8
BLACK
6
CONTINUOUS
10
129.2999999999999829
20
-105.2613619999999912
11
129.3196849999999927
21
-105.1943229999999971
0
LINE
8
BLACK
6
CONTINUOUS
10
129.3196849999999927
20
-105.1943229999999971
11
129.3363190000000031
21
-105.173681000000002
0
LINE
8
BLACK
6
CONTINUOUS
10
129.3363190000000031
20
-105.173681000000002
11
130.2636809999999912
21
-104.2463189999999997
0
LINE
8
BLACK
6
CONTINUOUS
10
130.2636809999999912
20
-104.2463189999999997
11
130.325004000000007
21
-104.2128340000000009
0
LINE
8
BLACK
6
CONTINUOUS
10
130.325004000000007
20
-104.2128340000000009
11
130.3513619999999946
21
-104.2099999999999937
0
LINE
8
BLACK
6
CONTINUOUS
10
130.3513619999999946
20
-104.2099999999999937
11
146.2486379999999997
21
-104.2099999999999937
0
LINE
8
BLACK
6
CONTINUOUS
10
146.2486379999999997
20
-104.2099999999999937
11
146.3156769999999938
21
-104.2296849999999893
0
LINE
8
BLACK
6
CONTINUOUS
10
136.453123000000005
20
-107.5257999999999896
11
136.2783540000000073
21
-107.6148489999999924
0
LINE
8
BLACK
6
CONTINUOUS
10
136.2783540000000073
20
-107.6148489999999924
11
136.0918069999999886
21
-107.675461999999996
0
LINE
8
BLACK
6
CONTINUOUS
10
136.0918069999999886
20
-107.675461999999996
11
136.
21
-107.6900029999999902
0
LINE
8
BLACK
6
CONTINUOUS
10
136.
20
-107.6900029999999902
11
136.
21
-108.1987689999999986
0
LINE
8
BLACK
6
CONTINUOUS
10
136.
20
-108.1987689999999986
11
136.1421369999999911
21
-108.1800569999999908
0
LINE
8
BLACK
6
CONTINUOUS
10
136.1421369999999911
20
-108.1800569999999908
11
136.3637300000000039
21
-108.1206809999999905
0
LINE
8
BLACK
6
CONTINUOUS
10
136.3637300000000039
20
-108.1206809999999905
11
136.5756590000000017
21
-108.0328969999999913
0
LINE
8
BLACK
6
CONTINUOUS
10
136.5756590000000017
20
-108.0328969999999913
11
136.5756680000000074
21
-108.0328930000000014
0
LINE
8
BLACK
6
CONTINUOUS
10
136.5756680000000074
20
-108.0328930000000014
11
136.7743269999999995
21
-107.9181969999999922
0
LINE
8
BLACK
6
CONTINUOUS
10
136.7743269999999995
20
-107.9181969999999922
11
136.7743339999999819
21
-107.9181919999999906
0
LINE
8
BLACK
6
CONTINUOUS
10
136.7743339999999819
20
-107.9181919999999906
11
136.8480639999999937
21
-107.8616169999999954
0
LINE
8
BLACK
6
CONTINUOUS
10
136.8480639999999937
20
-107.8616169999999954
11
136.4873670000000061
21
-107.5009199999999936
0
LINE
8
BLACK
6
CONTINUOUS
10
136.4873670000000061
20
-107.5009199999999936
11
136.453123000000005
21
-107.5257999999999896
0
LINE
8
BLACK
6
CONTINUOUS
10
139.2519340000000057
20
-107.8616169999999954
11
139.2519340000000057
21
-107.8616179999999929
0
LINE
8
BLACK
6
CONTINUOUS
10
139.2519340000000057
20
-107.8616179999999929
11
139.325665999999984
21
-107.9181939999999997
0
LINE
8
BLACK
6
CONTINUOUS
10
139.325665999999984
20
-107.9181939999999997
11
139.524329999999992
21
-108.0328930000000014
0
LINE
8
BLACK
6
CONTINUOUS
10
139.524329999999992
20
-108.0328930000000014
11
139.5243399999999951
21
-108.0328969999999913
0
LINE
8
BLACK
6
CONTINUOUS
10
139.5243399999999951
20
-108.0328969999999913
11
139.736268999999993
21
-108.1206809999999905
0
LINE
8
BLACK
6
CONTINUOUS
10
139.736268999999993
20
-108.1206809999999905
11
139.9578620000000058
21
-108.1800569999999908
0
LINE
8
BLACK
6
CONTINUOUS
10
139.9578620000000058
20
-108.1800569999999908
11
140.0999999999999943
21
-108.1987689999999986
0
LINE
8
BLACK
6
CONTINUOUS
10
140.0999999999999943
20
-108.1987689999999986
11
140.0999999999999943
21
-107.6900029999999902
0
LINE
8
BLACK
6
CONTINUOUS
10
140.0999999999999943
20
-107.6900029999999902
11
140.0081930000000057
21
-107.675461999999996
0
LINE
8
BLACK
6
CONTINUOUS
10
140.0081930000000057
20
-107.675461999999996
11
139.821645999999987
21
-107.6148489999999924
0
LINE
8
BLACK
6
CONTINUOUS
10
139.821645999999987
20
-107.6148489999999924
11
139.6468769999999893
21
-107.5257999999999896
0
LINE
8
BLACK
6
CONTINUOUS
10
139.6468769999999893
20
-107.5257999999999896
11
139.6126319999999907
21
-107.5009189999999961
0
LINE
8
BLACK
6
CONTINUOUS
10
139.6126319999999907
20
-107.5009189999999961
11
139.2519340000000057
21
-107.8616169999999954
0
LINE
8
BLACK
6
CONTINUOUS
10
132.5300029999999936
20
-106.6599999999999966
11
132.5154619999999852
21
-106.7518069999999994
0
LINE
8
BLACK
6
CONTINUOUS
10
132.5154619999999852
20
-106.7518069999999994
11
132.4548489999999958
21
-106.9383539999999897
0
LINE
8
BLACK
6
CONTINUOUS
10
132.4548489999999958
20
-106.9383539999999897
11
132.3658000000000072
21
-107.1131230000000016
0
LINE
8
BLACK
6
CONTINUOUS
10
132.3658000000000072
20
-107.1131230000000016
11
132.3409199999999828
21
-107.1473669999999885
0
LINE
8
BLACK
6
CONTINUOUS
10
132.3409199999999828
20
-107.1473669999999885
11
132.7016169999999988
21
-107.5080639999999903
0
LINE
8
BLACK
6
CONTINUOUS
10
132.7016169999999988
20
-107.5080639999999903
11
132.7581920000000082
21
-107.4343339999999927
0
LINE
8
BLACK
6
CONTINUOUS
10
132.7581920000000082
20
-107.4343339999999927
11
132.7581969999999956
21
-107.4343269999999961
0
LINE
8
BLACK
6
CONTINUOUS
10
132.7581969999999956
20
-107.4343269999999961
11
132.8728930000000048
21
-107.2356679999999898
0
LINE
8
BLACK
6
CONTINUOUS
10
132.8728930000000048
20
-107.2356679999999898
11
132.8728969999999947
21
-107.2356589999999983
0
LINE
8
BLACK
6
CONTINUOUS
10
132.8728969999999947
20
-107.2356589999999983
11
132.9606809999999939
21
-107.0237300000000005
0
LINE
8
BLACK
6
CONTINUOUS
10
132.9606809999999939
20
-107.0237300000000005
11
133.02005699999998
21
-106.8021370000000019
0
LINE
8
BLACK
6
CONTINUOUS
10
133.02005699999998
20
-106.8021370000000019
11
133.0387690000000021
21
-106.6599999999999966
0
LINE
8
BLACK
6
CONTINUOUS
10
133.0387690000000021
20
-106.6599999999999966
11
132.5300029999999936
21
-106.6599999999999966
0
LINE
8
BLACK
6
CONTINUOUS
10
134.0612299999999948
20
-106.6599999999999966
11
134.0799419999999884
21
-106.8021370000000019
0
LINE
8
BLACK
6
CONTINUOUS
10
134.0799419999999884
20
-106.8021370000000019
11
134.1393180000000029
21
-107.0237300000000005
0
LINE
8
BLACK
6
CONTINUOUS
10
134.1393180000000029
20
-107.0237300000000005
11
134.2271020000000021
21
-107.2356589999999983
0
LINE
8
BLACK
6
CONTINUOUS
10
134.2271020000000021
20
-107.2356589999999983
11
134.227105999999992
21
-107.2356690000000015
0
LINE
8
BLACK
6
CONTINUOUS
10
134.227105999999992
20
-107.2356690000000015
11
134.3417989999999804
21
-107.4343239999999895
0
LINE
8
BLACK
6
CONTINUOUS
10
134.3417989999999804
20
-107.4343239999999895
11
134.3418049999999937
21
-107.4343310000000002
0
LINE
8
BLACK
6
CONTINUOUS
10
134.3418049999999937
20
-107.4343310000000002
11
134.3983810000000005
21
-107.5080639999999903
0
LINE
8
BLACK
6
CONTINUOUS
10
134.3983810000000005
20
-107.5080639999999903
11
134.7590789999999856
21
-107.1473649999999935
0
LINE
8
BLACK
6
CONTINUOUS
10
134.7590789999999856
20
-107.1473649999999935
11
134.7341999999999871
21
-107.1131230000000016
0
LINE
8
BLACK
6
CONTINUOUS
10
134.7341999999999871
20
-107.1131230000000016
11
134.6451509999999985
21
-106.9383539999999897
0
LINE
8
BLACK
6
CONTINUOUS
10
134.6451509999999985
20
-106.9383539999999897
11
134.5845379999999807
21
-106.7518069999999994
0
LINE
8
BLACK
6
CONTINUOUS
10
134.5845379999999807
20
-106.7518069999999994
11
134.5699970000000008
21
-106.6599999999999966
0
LINE
8
BLACK
6
CONTINUOUS
10
134.5699970000000008
20
-106.6599999999999966
11
134.0612299999999948
21
-106.6599999999999966
0
LINE
8
BLACK
6
CONTINUOUS
10
137.0300029999999936
20
-106.6599999999999966
11
137.0154619999999852
21
-106.7518069999999994
0
LINE
8
BLACK
6
CONTINUOUS
10
137.0154619999999852
20
-106.7518069999999994
11
136.9548489999999958
21
-106.9383539999999897
0
LINE
8
BLACK
6
CONTINUOUS
10
136.9548489999999958
20
-106.9383539999999897
11
136.8658000000000072
21
-107.1131230000000016
0
LINE
8
BLACK
6
CONTINUOUS
10
136.8658000000000072
20
-107.1131230000000016
11
136.8409199999999828
21
-107.1473669999999885
0
LINE
8
BLACK
6
CONTINUOUS
10
136.8409199999999828
20
-107.1473669999999885
11
137.2016169999999988
21
-107.5080639999999903
0
LINE
8
BLACK
6
CONTINUOUS
10
137.2016169999999988
20
-107.5080639999999903
11
137.2581919999999798
21
-107.4343339999999927
0
LINE
8
BLACK
6
CONTINUOUS
10
137.2581919999999798
20
-107.4343339999999927
11
137.2581969999999956
21
-107.4343269999999961
0
LINE
8
BLACK
6
CONTINUOUS
10
137.2581969999999956
20
-107.4343269999999961
11
137.3728930000000048
21
-107.2356679999999898
0
LINE
8
BLACK
6
CONTINUOUS
10
137.3728930000000048
20
-107.2356679999999898
11
137.3728969999999947
21
-107.2356589999999983
0
LINE
8
BLACK
6
CONTINUOUS
10
137.3728969999999947
20
-107.2356589999999983
11
137.4606809999999939
21
-107.0237300000000005
0
LINE
8
BLACK
6
CONTINUOUS
10
137.4606809999999939
20
-107.0237300000000005
11
137.52005699999998
21
-106.8021370000000019
0
LINE
8
BLACK
6
CONTINUOUS
10
137.52005699999998
20
-106.8021370000000019
11
137.5387690000000021
21
-106.6599999999999966
0
LINE
8
BLACK
6
CONTINUOUS
10
137.5387690000000021
20
-106.6599999999999966
11
137.0300029999999936
21
-106.6599999999999966
0
LINE
8
BLACK
6
CONTINUOUS
10
138.5612299999999948
20
-106.6599999999999966
11
138.5799419999999884
21
-106.8021370000000019
0
LINE
8
BLACK
6
CONTINUOUS
10
138.5799419999999884
20
-106.8021370000000019
11
138.6393180000000029
21
-107.0237300000000005
0
LINE
8
BLACK
6
CONTINUOUS
10
138.6393180000000029
20
-107.0237300000000005
11
138.7271020000000021
21
-107.2356589999999983
0
LINE
8
BLACK
6
CONTINUOUS
10
138.7271020000000021
20
-107.2356589999999983
11
138.727105999999992
21
-107.2356690000000015
0
LINE
8
BLACK
6
CONTINUOUS
10
138.727105999999992
20
-107.2356690000000015
11
138.8417989999999804
21
-107.4343239999999895
0
LINE
8
BLACK
6
CONTINUOUS
10
138.8417989999999804
20
-107.4343239999999895
11
138.8418049999999937
21
-107.4343310000000002
0
LINE
8
BLACK
6
CONTINUOUS
10
138.8418049999999937
20
-107.4343310000000002
11
138.8983810000000005
21
-107.5080639999999903
0
LINE
8
BLACK
6
CONTINUOUS
10
138.8983810000000005
20
-107.5080639999999903
11
139.2590789999999856
21
-107.1473649999999935
0
LINE
8
BLACK
6
CONTINUOUS
10
139.2590789999999856
20
-107.1473649999999935
11
139.2341999999999871
21
-107.1131230000000016
0
LINE
8
BLACK
6
CONTINUOUS
10
139.2341999999999871
20
-107.1131230000000016
11
139.1451509999999985
21
-106.9383539999999897
0
LINE
8
BLACK
6
CONTINUOUS
10
139.1451509999999985
20
-106.9383539999999897
11
139.0845379999999807
21
-106.7518069999999994
0
LINE
8
BLACK
6
CONTINUOUS
10
139.0845379999999807
20
-106.7518069999999994
11
139.0699970000000008
21
-106.6599999999999966
0
LINE
8
BLACK
6
CONTINUOUS
10
139.0699970000000008
20
-106.6599999999999966
11
138.5612299999999948
21
-106.6599999999999966
0
LINE
8
BLACK
6
CONTINUOUS
10
141.5300029999999936
20
-106.6599999999999966
11
141.5154619999999852
21
-106.7518069999999994
0
LINE
8
BLACK
6
CONTINUOUS
10
141.5154619999999852
20
-106.7518069999999994
11
141.4548489999999958
21
-106.9383539999999897
0
LINE
8
BLACK
6
CONTINUOUS
10
141.4548489999999958
20
-106.9383539999999897
11
141.3658000000000072
21
-107.1131230000000016
0
LINE
8
BLACK
6
CONTINUOUS
10
141.3658000000000072
20
-107.1131230000000016
11
141.3409199999999828
21
-107.1473669999999885
0
LINE
8
BLACK
6
CONTINUOUS
10
141.3409199999999828
20
-107.1473669999999885
11
141.7016169999999988
21
-107.5080639999999903
0
LINE
8
BLACK
6
CONTINUOUS
10
141.7016169999999988
20
-107.5080639999999903
11
141.7581919999999798
21
-107.4343339999999927
0
LINE
8
BLACK
6
CONTINUOUS
10
141.7581919999999798
20
-107.4343339999999927
11
141.7581969999999956
21
-107.4343269999999961
0
LINE
8
BLACK
6
CONTINUOUS
10
141.7581969999999956
20
-107.4343269999999961
11
141.8728930000000048
21
-107.2356679999999898
0
LINE
8
BLACK
6
CONTINUOUS
10
141.8728930000000048
20
-107.2356679999999898
11
141.8728969999999947
21
-107.2356589999999983
0
LINE
8
BLACK
6
CONTINUOUS
10
141.8728969999999947
20
-107.2356589999999983
11
141.9606809999999939
21
-107.0237300000000005
0
LINE
8
BLACK
6
CONTINUOUS
10
141.9606809999999939
20
-107.0237300000000005
11
142.02005699999998
21
-106.8021370000000019
0
LINE
8
BLACK
6
CONTINUOUS
10
142.02005699999998
20
-106.8021370000000019
11
142.0387690000000021
21
-106.6599999999999966
0
LINE
8
BLACK
6
CONTINUOUS
10
142.0387690000000021
20
-106.6599999999999966
11
141.5300029999999936
21
-106.6599999999999966
0
LINE
8
BLACK
6
CONTINUOUS
10
142.8112299999999948
20
-106.6599999999999966
11
142.8299419999999884
21
-106.8021370000000019
0
LINE
8
BLACK
6
CONTINUOUS
10
142.8299419999999884
20
-106.8021370000000019
11
142.8893180000000029
21
-107.0237300000000005
0
LINE
8
BLACK
6
CONTINUOUS
10
142.8893180000000029
20
-107.0237300000000005
11
142.9771020000000021
21
-107.2356589999999983
0
LINE
8
BLACK
6
CONTINUOUS
10
142.9771020000000021
20
-107.2356589999999983
11
142.977105999999992
21
-107.2356690000000015
0
LINE
8
BLACK
6
CONTINUOUS
10
142.977105999999992
20
-107.2356690000000015
11
143.0917989999999804
21
-107.4343239999999895
0
LINE
8
BLACK
6
CONTINUOUS
10
143.0917989999999804
20
-107.4343239999999895
11
143.0918049999999937
21
-107.4343310000000002
0
LINE
8
BLACK
6
CONTINUOUS
10
143.0918049999999937
20
-107.4343310000000002
11
143.1483810000000005
21
-107.5080639999999903
0
LINE
8
BLACK
6
CONTINUOUS
10
143.1483810000000005
20
-107.5080639999999903
11
143.5090789999999856
21
-107.1473649999999935
0
LINE
8
BLACK
6
CONTINUOUS
10
143.5090789999999856
20
-107.1473649999999935
11
143.4841999999999871
21
-107.1131230000000016
0
LINE
8
BLACK
6
CONTINUOUS
10
143.4841999999999871
20
-107.1131230000000016
11
143.3951509999999985
21
-106.9383539999999897
0
LINE
8
BLACK
6
CONTINUOUS
10
143.3951509999999985
20
-106.9383539999999897
11
143.3345379999999807
21
-106.7518069999999994
0
LINE
8
BLACK
6
CONTINUOUS
10
143.3345379999999807
20
-106.7518069999999994
11
143.3199970000000008
21
-106.6599999999999966
0
LINE
8
BLACK
6
CONTINUOUS
10
143.3199970000000008
20
-106.6599999999999966
11
142.8112299999999948
21
-106.6599999999999966
0
LINE
8
BLACK
6
CONTINUOUS
10
141.3409189999999853
20
-105.7726309999999899
11
141.3658000000000072
21
-105.8068770000000001
0
LINE
8
BLACK
6
CONTINUOUS
10
141.3658000000000072
20
-105.8068770000000001
11
141.4548489999999958
21
-105.9816459999999978
0
LINE
8
BLACK
6
CONTINUOUS
10
141.4548489999999958
20
-105.9816459999999978
11
141.5154619999999852
21
-106.1681930000000023
0
LINE
8
BLACK
6
CONTINUOUS
10
141.5154619999999852
20
-106.1681930000000023
11
141.5300029999999936
21
-106.2599999999999909
0
LINE
8
BLACK
6
CONTINUOUS
10
141.5300029999999936
20
-106.2599999999999909
11
142.0387699999999995
21
-106.2599999999999909
0
LINE
8
BLACK
6
CONTINUOUS
10
142.0387699999999995
20
-106.2599999999999909
11
142.02005699999998
21
-106.1178619999999881
0
LINE
8
BLACK
6
CONTINUOUS
10
142.02005699999998
20
-106.1178619999999881
11
141.9606809999999939
21
-105.8962689999999895
0
LINE
8
BLACK
6
CONTINUOUS
10
141.9606809999999939
20
-105.8962689999999895
11
141.8728969999999947
21
-105.6843399999999917
0
LINE
8
BLACK
6
CONTINUOUS
10
141.8728969999999947
20
-105.6843399999999917
11
141.8728930000000048
21
-105.6843299999999886
0
LINE
8
BLACK
6
CONTINUOUS
10
141.8728930000000048
20
-105.6843299999999886
11
141.7581940000000031
21
-105.4856659999999948
0
LINE
8
BLACK
6
CONTINUOUS
10
141.7581940000000031
20
-105.4856659999999948
11
141.7016179999999963
21
-105.4119340000000022
0
LINE
8
BLACK
6
CONTINUOUS
10
141.7016179999999963
20
-105.4119340000000022
11
141.7016169999999988
21
-105.4119340000000022
0
LINE
8
BLACK
6
CONTINUOUS
10
141.7016169999999988
20
-105.4119340000000022
11
141.3409189999999853
21
-105.7726309999999899
0
LINE
8
BLACK
6
CONTINUOUS
10
143.0918099999999811
20
-105.4856589999999983
11
143.0918010000000038
21
-105.4856729999999914
0
LINE
8
BLACK
6
CONTINUOUS
10
143.0918010000000038
20
-105.4856729999999914
11
142.977105999999992
21
-105.6843299999999886
0
LINE
8
BLACK
6
CONTINUOUS
10
142.977105999999992
20
-105.6843299999999886
11
142.9771020000000021
21
-105.6843399999999917
0
LINE
8
BLACK
6
CONTINUOUS
10
142.9771020000000021
20
-105.6843399999999917
11
142.8893180000000029
21
-105.8962689999999895
0
LINE
8
BLACK
6
CONTINUOUS
10
142.8893180000000029
20
-105.8962689999999895
11
142.8299419999999884
21
-106.1178619999999881
0
LINE
8
BLACK
6
CONTINUOUS
10
142.8299419999999884
20
-106.1178619999999881
11
142.8112289999999973
21
-106.2599999999999909
0
LINE
8
BLACK
6
CONTINUOUS
10
142.8112289999999973
20
-106.2599999999999909
11
143.3199970000000008
21
-106.2599999999999909
0
LINE
8
BLACK
6
CONTINUOUS
10
143.3199970000000008
20
-106.2599999999999909
11
143.3345379999999807
21
-106.1681930000000023
0
LINE
8
BLACK
6
CONTINUOUS
10
143.3345379999999807
20
-106.1681930000000023
11
143.3951509999999985
21
-105.9816459999999978
0
LINE
8
BLACK
6
CONTINUOUS
10
143.3951509999999985
20
-105.9816459999999978
11
143.4841999999999871
21
-105.8068770000000001
0
LINE
8
BLACK
6
CONTINUOUS
10
143.4841999999999871
20
-105.8068770000000001
11
143.5090789999999856
21
-105.7726320000000015
0
LINE
8
BLACK
6
CONTINUOUS
10
143.5090789999999856
20
-105.7726320000000015
11
143.1483810000000005
21
-105.4119340000000022
0
LINE
8
BLACK
6
CONTINUOUS
10
143.1483810000000005
20
-105.4119340000000022
11
143.1483800000000031
21
-105.4119340000000022
0
LINE
8
BLACK
6
CONTINUOUS
10
143.1483800000000031
20
-105.4119340000000022
11
143.0918099999999811
21
-105.4856589999999983
0
LINE
8
BLACK
6
CONTINUOUS
10
138.8418099999999811
20
-105.4856589999999983
11
138.8418010000000038
21
-105.4856729999999914
0
LINE
8
BLACK
6
CONTINUOUS
10
138.8418010000000038
20
-105.4856729999999914
11
138.727105999999992
21
-105.6843299999999886
0
LINE
8
BLACK
6
CONTINUOUS
10
138.727105999999992
20
-105.6843299999999886
11
138.7271020000000021
21
-105.6843399999999917
0
LINE
8
BLACK
6
CONTINUOUS
10
138.7271020000000021
20
-105.6843399999999917
11
138.6393180000000029
21
-105.8962689999999895
0
LINE
8
BLACK
6
CONTINUOUS
10
138.6393180000000029
20
-105.8962689999999895
11
138.5799419999999884
21
-106.1178619999999881
0
LINE
8
BLACK
6
CONTINUOUS
10
138.5799419999999884
20
-106.1178619999999881
11
138.5612289999999973
21
-106.2599999999999909
0
LINE
8
BLACK
6
CONTINUOUS
10
138.5612289999999973
20
-106.2599999999999909
11
139.0699970000000008
21
-106.2599999999999909
0
LINE
8
BLACK
6
CONTINUOUS
10
139.0699970000000008
20
-106.2599999999999909
11
139.0845379999999807
21
-106.1681930000000023
0
LINE
8
BLACK
6
CONTINUOUS
10
139.0845379999999807
20
-106.1681930000000023
11
139.1451509999999985
21
-105.9816459999999978
0
LINE
8
BLACK
6
CONTINUOUS
10
139.1451509999999985
20
-105.9816459999999978
11
139.2341999999999871
21
-105.8068770000000001
0
LINE
8
BLACK
6
CONTINUOUS
10
139.2341999999999871
20
-105.8068770000000001
11
139.2590789999999856
21
-105.772632999999999
0
LINE
8
BLACK
6
CONTINUOUS
10
139.2590789999999856
20
-105.772632999999999
11
138.8983800000000031
21
-105.4119340000000022
0
LINE
8
BLACK
6
CONTINUOUS
10
138.8983800000000031
20
-105.4119340000000022
11
138.8418099999999811
21
-105.4856589999999983
0
LINE
8
BLACK
6
CONTINUOUS
10
136.8409189999999853
20
-105.7726309999999899
11
136.8658000000000072
21
-105.8068770000000001
0
LINE
8
BLACK
6
CONTINUOUS
10
136.8658000000000072
20
-105.8068770000000001
11
136.9548489999999958
21
-105.9816459999999978
0
LINE
8
BLACK
6
CONTINUOUS
10
136.9548489999999958
20
-105.9816459999999978
11
137.0154619999999852
21
-106.1681930000000023
0
LINE
8
BLACK
6
CONTINUOUS
10
137.0154619999999852
20
-106.1681930000000023
11
137.0300029999999936
21
-106.2599999999999909
0
LINE
8
BLACK
6
CONTINUOUS
10
137.0300029999999936
20
-106.2599999999999909
11
137.5387699999999995
21
-106.2599999999999909
0
LINE
8
BLACK
6
CONTINUOUS
10
137.5387699999999995
20
-106.2599999999999909
11
137.52005699999998
21
-106.1178619999999881
0
LINE
8
BLACK
6
CONTINUOUS
10
137.52005699999998
20
-106.1178619999999881
11
137.4606809999999939
21
-105.8962689999999895
0
LINE
8
BLACK
6
CONTINUOUS
10
137.4606809999999939
20
-105.8962689999999895
11
137.3728969999999947
21
-105.6843399999999917
0
LINE
8
BLACK
6
CONTINUOUS
10
137.3728969999999947
20
-105.6843399999999917
11
137.3728930000000048
21
-105.6843299999999886
0
LINE
8
BLACK
6
CONTINUOUS
10
137.3728930000000048
20
-105.6843299999999886
11
137.2581940000000031
21
-105.4856659999999948
0
LINE
8
BLACK
6
CONTINUOUS
10
137.2581940000000031
20
-105.4856659999999948
11
137.2016179999999963
21
-105.4119340000000022
0
LINE
8
BLACK
6
CONTINUOUS
10
137.2016179999999963
20
-105.4119340000000022
11
137.2016169999999988
21
-105.4119340000000022
0
LINE
8
BLACK
6
CONTINUOUS
10
137.2016169999999988
20
-105.4119340000000022
11
136.8409189999999853
21
-105.7726309999999899
0
LINE
8
BLACK
6
CONTINUOUS
10
132.3409189999999853
20
-105.7726309999999899
11
132.3658000000000072
21
-105.8068770000000001
0
LINE
8
BLACK
6
CONTINUOUS
10
132.3658000000000072
20
-105.8068770000000001
11
132.4548489999999958
21
-105.9816459999999978
0
LINE
8
BLACK
6
CONTINUOUS
10
132.4548489999999958
20
-105.9816459999999978
11
132.5154619999999852
21
-106.1681930000000023
0
LINE
8
BLACK
6
CONTINUOUS
10
132.5154619999999852
20
-106.1681930000000023
11
132.5300029999999936
21
-106.2599999999999909
0
LINE
8
BLACK
6
CONTINUOUS
10
132.5300029999999936
20
-106.2599999999999909
11
133.0387699999999995
21
-106.2599999999999909
0
LINE
8
BLACK
6
CONTINUOUS
10
133.0387699999999995
20
-106.2599999999999909
11
133.02005699999998
21
-106.1178619999999881
0
LINE
8
BLACK
6
CONTINUOUS
10
133.02005699999998
20
-106.1178619999999881
11
132.9606809999999939
21
-105.8962689999999895
0
LINE
8
BLACK
6
CONTINUOUS
10
132.9606809999999939
20
-105.8962689999999895
11
132.8728969999999947
21
-105.6843399999999917
0
LINE
8
BLACK
6
CONTINUOUS
10
132.8728969999999947
20
-105.6843399999999917
11
132.8728930000000048
21
-105.6843299999999886
0
LINE
8
BLACK
6
CONTINUOUS
10
132.8728930000000048
20
-105.6843299999999886
11
132.7581940000000031
21
-105.4856659999999948
0
LINE
8
BLACK
6
CONTINUOUS
10
132.7581940000000031
20
-105.4856659999999948
11
132.7016179999999963
21
-105.4119340000000022
0
LINE
8
BLACK
6
CONTINUOUS
10
132.7016179999999963
20
-105.4119340000000022
11
132.7016169999999988
21
-105.4119340000000022
0
LINE
8
BLACK
6
CONTINUOUS
10
132.7016169999999988
20
-105.4119340000000022
11
132.3409189999999853
21
-105.7726309999999899
0
LINE
8
BLACK
6
CONTINUOUS
10
134.3418099999999811
20
-105.4856589999999983
11
134.3418010000000038
21
-105.4856729999999914
0
LINE
8
BLACK
6
CONTINUOUS
10
134.3418010000000038
20
-105.4856729999999914
11
134.227105999999992
21
-105.6843299999999886
0
LINE
8
BLACK
6
CONTINUOUS
10
134.227105999999992
20
-105.6843299999999886
11
134.2271020000000021
21
-105.6843399999999917
0
LINE
8
BLACK
6
CONTINUOUS
10
134.2271020000000021
20
-105.6843399999999917
11
134.1393180000000029
21
-105.8962689999999895
0
LINE
8
BLACK
6
CONTINUOUS
10
134.1393180000000029
20
-105.8962689999999895
11
134.0799419999999884
21
-106.1178619999999881
0
LINE
8
BLACK
6
CONTINUOUS
10
134.0799419999999884
20
-106.1178619999999881
11
134.0612289999999973
21
-106.2599999999999909
0
LINE
8
BLACK
6
CONTINUOUS
10
134.0612289999999973
20
-106.2599999999999909
11
134.5699970000000008
21
-106.2599999999999909
0
LINE
8
BLACK
6
CONTINUOUS
10
134.5699970000000008
20
-106.2599999999999909
11
134.5845379999999807
21
-106.1681930000000023
0
LINE
8
BLACK
6
CONTINUOUS
10
134.5845379999999807
20
-106.1681930000000023
11
134.6451509999999985
21
-105.9816459999999978
0
LINE
8
BLACK
6
CONTINUOUS
10
134.6451509999999985
20
-105.9816459999999978
11
134.7341999999999871
21
-105.8068770000000001
0
LINE
8
BLACK
6
CONTINUOUS
10
134.7341999999999871
20
-105.8068770000000001
11
134.7590789999999856
21
-105.772632999999999
0
LINE
8
BLACK
6
CONTINUOUS
10
134.7590789999999856
20
-105.772632999999999
11
134.3983800000000031
21
-105.4119340000000022
0
LINE
8
BLACK
6
CONTINUOUS
10
134.3983800000000031
20
-105.4119340000000022
11
134.3418099999999811
21
-105.4856589999999983
0
LINE
8
BLACK
6
CONTINUOUS
10
131.1852889999999832
20
-104.7100009999999912
11
130.9578620000000058
21
-104.7399419999999992
0
LINE
8
BLACK
6
CONTINUOUS
10
130.9578620000000058
20
-104.7399419999999992
11
130.736268999999993
21
-104.7993179999999995
0
LINE
8
BLACK
6
CONTINUOUS
10
130.736268999999993
20
-104.7993179999999995
11
130.5243399999999951
21
-104.8871019999999987
0
LINE
8
BLACK
6
CONTINUOUS
10
130.5243399999999951
20
-104.8871019999999987
11
130.524329999999992
21
-104.8871059999999886
0
LINE
8
BLACK
6
CONTINUOUS
10
130.524329999999992
20
-104.8871059999999886
11
130.3256729999999948
21
-105.0018010000000004
0
LINE
8
BLACK
6
CONTINUOUS
10
130.3256729999999948
20
-105.0018010000000004
11
130.3256590000000017
21
-105.0018099999999919
0
LINE
8
BLACK
6
CONTINUOUS
10
130.3256590000000017
20
-105.0018099999999919
11
130.2519340000000057
21
-105.0583799999999997
0
LINE
8
BLACK
6
CONTINUOUS
10
130.2519340000000057
20
-105.0583799999999997
11
130.6126329999999882
21
-105.4190789999999964
0
LINE
8
BLACK
6
CONTINUOUS
10
130.6126329999999882
20
-105.4190789999999964
11
130.6468769999999893
21
-105.3941999999999979
0
LINE
8
BLACK
6
CONTINUOUS
10
130.6468769999999893
20
-105.3941999999999979
11
130.821645999999987
21
-105.3051509999999951
0
LINE
8
BLACK
6
CONTINUOUS
10
130.821645999999987
20
-105.3051509999999951
11
131.0081930000000057
21
-105.2445379999999915
0
LINE
8
BLACK
6
CONTINUOUS
10
131.0081930000000057
20
-105.2445379999999915
11
131.2019259999999861
21
-105.2138530000000003
0
LINE
8
BLACK
6
CONTINUOUS
10
131.2019259999999861
20
-105.2138530000000003
11
131.3980740000000083
21
-105.2138530000000003
0
LINE
8
BLACK
6
CONTINUOUS
10
131.3980740000000083
20
-105.2138530000000003
11
131.5918069999999886
21
-105.2445379999999915
0
LINE
8
BLACK
6
CONTINUOUS
10
131.5918069999999886
20
-105.2445379999999915
11
131.7783540000000073
21
-105.3051509999999951
0
LINE
8
BLACK
6
CONTINUOUS
10
131.7783540000000073
20
-105.3051509999999951
11
131.953123000000005
21
-105.3941999999999979
0
LINE
8
BLACK
6
CONTINUOUS
10
131.953123000000005
20
-105.3941999999999979
11
131.9873649999999827
21
-105.4190789999999964
0
LINE
8
BLACK
6
CONTINUOUS
10
131.9873649999999827
20
-105.4190789999999964
11
132.3480639999999937
21
-105.0583809999999971
0
LINE
8
BLACK
6
CONTINUOUS
10
132.3480639999999937
20
-105.0583809999999971
11
132.3480639999999937
21
-105.0583799999999997
0
LINE
8
BLACK
6
CONTINUOUS
10
132.3480639999999937
20
-105.0583799999999997
11
132.2743309999999894
21
-105.0018049999999903
0
LINE
8
BLACK
6
CONTINUOUS
10
132.2743309999999894
20
-105.0018049999999903
11
132.2743240000000071
21
-105.0017989999999912
0
LINE
8
BLACK
6
CONTINUOUS
10
132.2743240000000071
20
-105.0017989999999912
11
132.0756690000000049
21
-104.8871059999999886
0
LINE
8
BLACK
6
CONTINUOUS
10
132.0756690000000049
20
-104.8871059999999886
11
132.0756590000000017
21
-104.8871019999999987
0
LINE
8
BLACK
6
CONTINUOUS
10
132.0756590000000017
20
-104.8871019999999987
11
131.8637300000000039
21
-104.7993179999999995
0
LINE
8
BLACK
6
CONTINUOUS
10
131.8637300000000039
20
-104.7993179999999995
11
131.6421369999999911
21
-104.7399419999999992
0
LINE
8
BLACK
6
CONTINUOUS
10
131.6421369999999911
20
-104.7399419999999992
11
131.4147099999999853
21
-104.7100009999999912
0
LINE
8
BLACK
6
CONTINUOUS
10
131.4147099999999853
20
-104.7100009999999912
11
131.4146939999999972
21
-104.7099999999999937
0
LINE
8
BLACK
6
CONTINUOUS
10
131.4146939999999972
20
-104.7099999999999937
11
131.1853059999999971
21
-104.7099999999999937
0
LINE
8
BLACK
6
CONTINUOUS
10
131.1853059999999971
20
-104.7099999999999937
11
131.1852889999999832
21
-104.7100009999999912
0
LINE
8
BLACK
6
CONTINUOUS
10
135.6852889999999832
20
-104.7100009999999912
11
135.4578620000000058
21
-104.7399419999999992
0
LINE
8
BLACK
6
CONTINUOUS
10
135.4578620000000058
20
-104.7399419999999992
11
135.236268999999993
21
-104.7993179999999995
0
LINE
8
BLACK
6
CONTINUOUS
10
135.236268999999993
20
-104.7993179999999995
11
135.0243399999999951
21
-104.8871019999999987
0
LINE
8
BLACK
6
CONTINUOUS
10
135.0243399999999951
20
-104.8871019999999987
11
135.024329999999992
21
-104.8871059999999886
0
LINE
8
BLACK
6
CONTINUOUS
10
135.024329999999992
20
-104.8871059999999886
11
134.8256729999999948
21
-105.0018010000000004
0
LINE
8
BLACK
6
CONTINUOUS
10
134.8256729999999948
20
-105.0018010000000004
11
134.8256590000000017
21
-105.0018099999999919
0
LINE
8
BLACK
6
CONTINUOUS
10
134.8256590000000017
20
-105.0018099999999919
11
134.7519340000000057
21
-105.0583799999999997
0
LINE
8
BLACK
6
CONTINUOUS
10
134.7519340000000057
20
-105.0583799999999997
11
135.1126329999999882
21
-105.4190789999999964
0
LINE
8
BLACK
6
CONTINUOUS
10
135.1126329999999882
20
-105.4190789999999964
11
135.1468769999999893
21
-105.3941999999999979
0
LINE
8
BLACK
6
CONTINUOUS
10
135.1468769999999893
20
-105.3941999999999979
11
135.321645999999987
21
-105.3051509999999951
0
LINE
8
BLACK
6
CONTINUOUS
10
135.321645999999987
20
-105.3051509999999951
11
135.5081930000000057
21
-105.2445379999999915
0
LINE
8
BLACK
6
CONTINUOUS
10
135.5081930000000057
20
-105.2445379999999915
11
135.7019259999999861
21
-105.2138530000000003
0
LINE
8
BLACK
6
CONTINUOUS
10
135.7019259999999861
20
-105.2138530000000003
11
135.8980739999999798
21
-105.2138530000000003
0
LINE
8
BLACK
6
CONTINUOUS
10
135.8980739999999798
20
-105.2138530000000003
11
136.0918069999999886
21
-105.2445379999999915
0
LINE
8
BLACK
6
CONTINUOUS
10
136.0918069999999886
20
-105.2445379999999915
11
136.2783540000000073
21
-105.3051509999999951
0
LINE
8
BLACK
6
CONTINUOUS
10
136.2783540000000073
20
-105.3051509999999951
11
136.453123000000005
21
-105.3941999999999979
0
LINE
8
BLACK
6
CONTINUOUS
10
136.453123000000005
20
-105.3941999999999979
11
136.4873649999999827
21
-105.4190789999999964
0
LINE
8
BLACK
6
CONTINUOUS
10
136.4873649999999827
20
-105.4190789999999964
11
136.8480639999999937
21
-105.0583809999999971
0
LINE
8
BLACK
6
CONTINUOUS
10
136.8480639999999937
20
-105.0583809999999971
11
136.8480639999999937
21
-105.0583799999999997
0
LINE
8
BLACK
6
CONTINUOUS
10
136.8480639999999937
20
-105.0583799999999997
11
136.7743309999999894
21
-105.0018049999999903
0
LINE
8
BLACK
6
CONTINUOUS
10
136.7743309999999894
20
-105.0018049999999903
11
136.7743240000000071
21
-105.0017989999999912
0
LINE
8
BLACK
6
CONTINUOUS
10
136.7743240000000071
20
-105.0017989999999912
11
136.5756690000000049
21
-104.8871059999999886
0
LINE
8
BLACK
6
CONTINUOUS
10
136.5756690000000049
20
-104.8871059999999886
11
136.5756590000000017
21
-104.8871019999999987
0
LINE
8
BLACK
6
CONTINUOUS
10
136.5756590000000017
20
-104.8871019999999987
11
136.3637300000000039
21
-104.7993179999999995
0
LINE
8
BLACK
6
CONTINUOUS
10
136.3637300000000039
20
-104.7993179999999995
11
136.1421369999999911
21
-104.7399419999999992
0
LINE
8
BLACK
6
CONTINUOUS
10
136.1421369999999911
20
-104.7399419999999992
11
135.9147099999999853
21
-104.7100009999999912
0
LINE
8
BLACK
6
CONTINUOUS
10
135.9147099999999853
20
-104.7100009999999912
11
135.9146939999999972
21
-104.7099999999999937
0
LINE
8
BLACK
6
CONTINUOUS
10
135.9146939999999972
20
-104.7099999999999937
11
135.6853059999999971
21
-104.7099999999999937
0
LINE
8
BLACK
6
CONTINUOUS
10
135.6853059999999971
20
-104.7099999999999937
11
135.6852889999999832
21
-104.7100009999999912
0
LINE
8
BLACK
6
CONTINUOUS
10
140.1852889999999832
20
-104.7100009999999912
11
139.9578620000000058
21
-104.7399419999999992
0
LINE
8
BLACK
6
CONTINUOUS
10
139.9578620000000058
20
-104.7399419999999992
11
139.736268999999993
21
-104.7993179999999995
0
LINE
8
BLACK
6
CONTINUOUS
10
139.736268999999993
20
-104.7993179999999995
11
139.5243399999999951
21
-104.8871019999999987
0
LINE
8
BLACK
6
CONTINUOUS
10
139.5243399999999951
20
-104.8871019999999987
11
139.524329999999992
21
-104.8871059999999886
0
LINE
8
BLACK
6
CONTINUOUS
10
139.524329999999992
20
-104.8871059999999886
11
139.3256729999999948
21
-105.0018010000000004
0
LINE
8
BLACK
6
CONTINUOUS
10
139.3256729999999948
20
-105.0018010000000004
11
139.3256590000000017
21
-105.0018099999999919
0
LINE
8
BLACK
6
CONTINUOUS
10
139.3256590000000017
20
-105.0018099999999919
11
139.2519340000000057
21
-105.0583799999999997
0
LINE
8
BLACK
6
CONTINUOUS
10
139.2519340000000057
20
-105.0583799999999997
11
139.6126329999999882
21
-105.4190789999999964
0
LINE
8
BLACK
6
CONTINUOUS
10
139.6126329999999882
20
-105.4190789999999964
11
139.6468769999999893
21
-105.3941999999999979
0
LINE
8
BLACK
6
CONTINUOUS
10
139.6468769999999893
20
-105.3941999999999979
11
139.821645999999987
21
-105.3051509999999951
0
LINE
8
BLACK
6
CONTINUOUS
10
139.821645999999987
20
-105.3051509999999951
11
140.0081930000000057
21
-105.2445379999999915
0
LINE
8
BLACK
6
CONTINUOUS
10
140.0081930000000057
20
-105.2445379999999915
11
140.2019259999999861
21
-105.2138530000000003
0
LINE
8
BLACK
6
CONTINUOUS
10
140.2019259999999861
20
-105.2138530000000003
11
140.3980739999999798
21
-105.2138530000000003
0
LINE
8
BLACK
6
CONTINUOUS
10
140.3980739999999798
20
-105.2138530000000003
11
140.5918069999999886
21
-105.2445379999999915
0
LINE
8
BLACK
6
CONTINUOUS
10
140.5918069999999886
20
-105.2445379999999915
11
140.7783540000000073
21
-105.3051509999999951
0
LINE
8
BLACK
6
CONTINUOUS
10
140.7783540000000073
20
-105.3051509999999951
11
140.953123000000005
21
-105.3941999999999979
0
LINE
8
BLACK
6
CONTINUOUS
10
140.953123000000005
20
-105.3941999999999979
11
140.9873649999999827
21
-105.4190789999999964
0
LINE
8
BLACK
6
CONTINUOUS
10
140.9873649999999827
20
-105.4190789999999964
11
141.3480639999999937
21
-105.0583809999999971
0
LINE
8
BLACK
6
CONTINUOUS
10
141.3480639999999937
20
-105.0583809999999971
11
141.3480639999999937
21
-105.0583799999999997
0
LINE
8
BLACK
6
CONTINUOUS
10
141.3480639999999937
20
-105.0583799999999997
11
141.2743309999999894
21
-105.0018049999999903
0
LINE
8
BLACK
6
CONTINUOUS
10
141.2743309999999894
20
-105.0018049999999903
11
141.2743240000000071
21
-105.0017989999999912
0
LINE
8
BLACK
6
CONTINUOUS
10
141.2743240000000071
20
-105.0017989999999912
11
141.0756690000000049
21
-104.8871059999999886
0
LINE
8
BLACK
6
CONTINUOUS
10
141.0756690000000049
20
-104.8871059999999886
11
141.0756590000000017
21
-104.8871019999999987
0
LINE
8
BLACK
6
CONTINUOUS
10
141.0756590000000017
20
-104.8871019999999987
11
140.8637300000000039
21
-104.7993179999999995
0
LINE
8
BLACK
6
CONTINUOUS
10
140.8637300000000039
20
-104.7993179999999995
11
140.6421369999999911
21
-104.7399419999999992
0
LINE
8
BLACK
6
CONTINUOUS
10
140.6421369999999911
20
-104.7399419999999992
11
140.4147099999999853
21
-104.7100009999999912
0
LINE
8
BLACK
6
CONTINUOUS
10
140.4147099999999853
20
-104.7100009999999912
11
140.4146939999999972
21
-104.7099999999999937
0
LINE
8
BLACK
6
CONTINUOUS
10
140.4146939999999972
20
-104.7099999999999937
11
140.1853059999999971
21
-104.7099999999999937
0
LINE
8
BLACK
6
CONTINUOUS
10
140.1853059999999971
20
-104.7099999999999937
11
140.1852889999999832
21
-104.7100009999999912
0
LINE
8
BLACK
6
CONTINUOUS
10
144.4352889999999832
20
-104.7100009999999912
11
144.2078620000000058
21
-104.7399419999999992
0
LINE
8
BLACK
6
CONTINUOUS
10
144.2078620000000058
20
-104.7399419999999992
11
143.986268999999993
21
-104.7993179999999995
0
LINE
8
BLACK
6
CONTINUOUS
10
143.986268999999993
20
-104.7993179999999995
11
143.7743399999999951
21
-104.8871019999999987
0
LINE
8
BLACK
6
CONTINUOUS
10
143.7743399999999951
20
-104.8871019999999987
11
143.774329999999992
21
-104.8871059999999886
0
LINE
8
BLACK
6
CONTINUOUS
10
143.774329999999992
20
-104.8871059999999886
11
143.5756729999999948
21
-105.0018010000000004
0
LINE
8
BLACK
6
CONTINUOUS
10
143.5756729999999948
20
-105.0018010000000004
11
143.5756590000000017
21
-105.0018099999999919
0
LINE
8
BLACK
6
CONTINUOUS
10
143.5756590000000017
20
-105.0018099999999919
11
143.5019340000000057
21
-105.0583799999999997
0
LINE
8
BLACK
6
CONTINUOUS
10
143.5019340000000057
20
-105.0583799999999997
11
143.8626329999999882
21
-105.4190789999999964
0
LINE
8
BLACK
6
CONTINUOUS
10
143.8626329999999882
20
-105.4190789999999964
11
143.8968769999999893
21
-105.3941999999999979
0
LINE
8
BLACK
6
CONTINUOUS
10
143.8968769999999893
20
-105.3941999999999979
11
144.071645999999987
21
-105.3051509999999951
0
LINE
8
BLACK
6
CONTINUOUS
10
144.071645999999987
20
-105.3051509999999951
11
144.2581930000000057
21
-105.2445379999999915
0
LINE
8
BLACK
6
CONTINUOUS
10
144.2581930000000057
20
-105.2445379999999915
11
144.4519259999999861
21
-105.2138530000000003
0
LINE
8
BLACK
6
CONTINUOUS
10
144.4519259999999861
20
-105.2138530000000003
11
144.6480739999999798
21
-105.2138530000000003
0
LINE
8
BLACK
6
CONTINUOUS
10
144.6480739999999798
20
-105.2138530000000003
11
144.8418069999999886
21
-105.2445379999999915
0
LINE
8
BLACK
6
CONTINUOUS
10
144.8418069999999886
20
-105.2445379999999915
11
145.0283540000000073
21
-105.3051509999999951
0
LINE
8
BLACK
6
CONTINUOUS
10
145.0283540000000073
20
-105.3051509999999951
11
145.203123000000005
21
-105.3941999999999979
0
LINE
8
BLACK
6
CONTINUOUS
10
145.203123000000005
20
-105.3941999999999979
11
145.2373649999999827
21
-105.4190789999999964
0
LINE
8
BLACK
6
CONTINUOUS
10
145.2373649999999827
20
-105.4190789999999964
11
145.5980639999999937
21
-105.0583809999999971
0
LINE
8
BLACK
6
CONTINUOUS
10
145.5980639999999937
20
-105.0583809999999971
11
145.5980639999999937
21
-105.0583799999999997
0
LINE
8
BLACK
6
CONTINUOUS
10
145.5980639999999937
20
-105.0583799999999997
11
145.5243309999999894
21
-105.0018049999999903
0
LINE
8
BLACK
6
CONTINUOUS
10
145.5243309999999894
20
-105.0018049999999903
11
145.5243240000000071
21
-105.0017989999999912
0
LINE
8
BLACK
6
CONTINUOUS
10
145.5243240000000071
20
-105.0017989999999912
11
145.3256690000000049
21
-104.8871059999999886
0
LINE
8
BLACK
6
CONTINUOUS
10
145.3256690000000049
20
-104.8871059999999886
11
145.3256590000000017
21
-104.8871019999999987
0
LINE
8
BLACK
6
CONTINUOUS
10
145.3256590000000017
20
-104.8871019999999987
11
145.1137300000000039
21
-104.7993179999999995
0
LINE
8
BLACK
6
CONTINUOUS
10
145.1137300000000039
20
-104.7993179999999995
11
144.8921369999999911
21
-104.7399419999999992
0
LINE
8
BLACK
6
CONTINUOUS
10
144.8921369999999911
20
-104.7399419999999992
11
144.6647099999999853
21
-104.7100009999999912
0
LINE
8
BLACK
6
CONTINUOUS
10
144.6647099999999853
20
-104.7100009999999912
11
144.6646939999999972
21
-104.7099999999999937
0
LINE
8
BLACK
6
CONTINUOUS
10
144.6646939999999972
20
-104.7099999999999937
11
144.4353059999999971
21
-104.7099999999999937
0
LINE
8
BLACK
6
CONTINUOUS
10
144.4353059999999971
20
-104.7099999999999937
11
144.4352889999999832
21
-104.7100009999999912
0
LINE
8
BLACK
6
CONTINUOUS
10
125.0643469999999979
20
-107.3612949999999984
11
125.1003949999999918
21
-107.3762270000000001
0
LINE
8
BLACK
6
CONTINUOUS
10
125.1003949999999918
20
-107.3762270000000001
11
125.1279849999999954
21
-107.4038169999999894
0
LINE
8
BLACK
6
CONTINUOUS
10
125.1279849999999954
20
-107.4038169999999894
11
125.1429169999999971
21
-107.4398649999999975
0
LINE
8
BLACK
6
CONTINUOUS
10
125.1429169999999971
20
-107.4398649999999975
11
125.1429169999999971
21
-107.4788829999999962
0
LINE
8
BLACK
6
CONTINUOUS
10
125.1429169999999971
20
-107.4788829999999962
11
125.1279849999999954
21
-107.51493099999999
0
LINE
8
BLACK
6
CONTINUOUS
10
125.1279849999999954
20
-107.51493099999999
11
125.1003949999999918
21
-107.5425209999999936
0
LINE
8
BLACK
6
CONTINUOUS
10
125.1003949999999918
20
-107.5425209999999936
11
125.0643469999999979
21
-107.5574529999999953
0
LINE
8
BLACK
6
CONTINUOUS
10
125.0643469999999979
20
-107.5574529999999953
11
125.0448379999999986
21
-107.5593739999999912
0
LINE
8
BLACK
6
CONTINUOUS
10
125.0448379999999986
20
-107.5593739999999912
11
124.0972189999999955
21
-107.5593739999999912
0
LINE
8
BLACK
6
CONTINUOUS
10
124.0972189999999955
20
-107.5593739999999912
11
124.0972189999999955
21
-108.5022309999999948
0
LINE
8
BLACK
6
CONTINUOUS
10
124.0972189999999955
20
-108.5022309999999948
11
125.0448379999999986
21
-108.5022309999999948
0
LINE
8
BLACK
6
CONTINUOUS
10
125.0448379999999986
20
-108.5022309999999948
11
125.0643469999999979
21
-108.5041519999999906
0
LINE
8
BLACK
6
CONTINUOUS
10
125.0643469999999979
20
-108.5041519999999906
11
125.1003949999999918
21
-108.5190839999999923
0
LINE
8
BLACK
6
CONTINUOUS
10
125.1003949999999918
20
-108.5190839999999923
11
125.1279849999999954
21
-108.5466739999999959
0
LINE
8
BLACK
6
CONTINUOUS
10
125.1279849999999954
20
-108.5466739999999959
11
125.1429169999999971
21
-108.5827219999999897
0
LINE
8
BLACK
6
CONTINUOUS
10
125.1429169999999971
20
-108.5827219999999897
11
125.1429169999999971
21
-108.6217399999999884
0
LINE
8
BLACK
6
CONTINUOUS
10
125.1429169999999971
20
-108.6217399999999884
11
125.1279849999999954
21
-108.6577879999999965
0
LINE
8
BLACK
6
CONTINUOUS
10
125.1279849999999954
20
-108.6577879999999965
11
125.1003949999999918
21
-108.685378
0
LINE
8
BLACK
6
CONTINUOUS
10
125.1003949999999918
20
-108.685378
11
125.0643469999999979
21
-108.7003100000000018
0
LINE
8
BLACK
6
CONTINUOUS
10
125.0643469999999979
20
-108.7003100000000018
11
125.0448379999999986
21
-108.7022309999999976
0
LINE
8
BLACK
6
CONTINUOUS
10
125.0448379999999986
20
-108.7022309999999976
11
123.0448379999999986
21
-108.7022309999999976
0
LINE
8
BLACK
6
CONTINUOUS
10
123.0448379999999986
20
-108.7022309999999976
11
123.0253289999999993
21
-108.7003100000000018
0
LINE
8
BLACK
6
CONTINUOUS
10
123.0253289999999993
20
-108.7003100000000018
11
122.9892809999999912
21
-108.685378
0
LINE
8
BLACK
6
CONTINUOUS
10
122.9892809999999912
20
-108.685378
11
122.9616909999999876
21
-108.6577879999999965
0
LINE
8
BLACK
6
CONTINUOUS
10
122.9616909999999876
20
-108.6577879999999965
11
122.9467590000000001
21
-108.6217399999999884
0
LINE
8
BLACK
6
CONTINUOUS
10
122.9467590000000001
20
-108.6217399999999884
11
122.9467590000000001
21
-108.5827219999999897
0
LINE
8
BLACK
6
CONTINUOUS
10
122.9467590000000001
20
-108.5827219999999897
11
122.9616909999999876
21
-108.5466739999999959
0
LINE
8
BLACK
6
CONTINUOUS
10
122.9616909999999876
20
-108.5466739999999959
11
122.9892809999999912
21
-108.5190839999999923
0
LINE
8
BLACK
6
CONTINUOUS
10
122.9892809999999912
20
-108.5190839999999923
11
123.0253289999999993
21
-108.5041519999999906
0
LINE
8
BLACK
6
CONTINUOUS
10
123.0253289999999993
20
-108.5041519999999906
11
123.0448379999999986
21
-108.5022309999999948
0
LINE
8
BLACK
6
CONTINUOUS
10
123.0448379999999986
20
-108.5022309999999948
11
123.8972189999999927
21
-108.5022309999999948
0
LINE
8
BLACK
6
CONTINUOUS
10
123.8972189999999927
20
-108.5022309999999948
11
123.8972189999999927
21
-107.5593739999999912
0
LINE
8
BLACK
6
CONTINUOUS
10
123.8972189999999927
20
-107.5593739999999912
11
123.0448379999999986
21
-107.5593739999999912
0
LINE
8
BLACK
6
CONTINUOUS
10
123.0448379999999986
20
-107.5593739999999912
11
123.0253289999999993
21
-107.5574529999999953
0
LINE
8
BLACK
6
CONTINUOUS
10
123.0253289999999993
20
-107.5574529999999953
11
122.9892809999999912
21
-107.5425209999999936
0
LINE
8
BLACK
6
CONTINUOUS
10
122.9892809999999912
20
-107.5425209999999936
11
122.9616909999999876
21
-107.51493099999999
0
LINE
8
BLACK
6
CONTINUOUS
10
122.9616909999999876
20
-107.51493099999999
11
122.9467590000000001
21
-107.4788829999999962
0
LINE
8
BLACK
6
CONTINUOUS
10
122.9467590000000001
20
-107.4788829999999962
11
122.9467590000000001
21
-107.4398649999999975
0
LINE
8
BLACK
6
CONTINUOUS
10
122.9467590000000001
20
-107.4398649999999975
11
122.9616909999999876
21
-107.4038169999999894
0
LINE
8
BLACK
6
CONTINUOUS
10
122.9616909999999876
20
-107.4038169999999894
11
122.9892809999999912
21
-107.3762270000000001
0
LINE
8
BLACK
6
CONTINUOUS
10
122.9892809999999912
20
-107.3762270000000001
11
123.0253289999999993
21
-107.3612949999999984
0
LINE
8
BLACK
6
CONTINUOUS
10
123.0253289999999993
20
-107.3612949999999984
11
123.0448379999999986
21
-107.3593739999999883
0
LINE
8
BLACK
6
CONTINUOUS
10
123.0448379999999986
20
-107.3593739999999883
11
125.0448379999999986
21
-107.3593739999999883
0
LINE
8
BLACK
6
CONTINUOUS
10
125.0448379999999986
20
-107.3593739999999883
11
125.0643469999999979
21
-107.3612949999999984
0
LINE
8
BLACK
6
CONTINUOUS
10
123.1003949999999918
20
-105.5667029999999897
11
123.1279849999999954
21
-105.5942929999999933
0
LINE
8
BLACK
6
CONTINUOUS
10
123.1279849999999954
20
-105.5942929999999933
11
123.1429169999999971
21
-105.6303410000000014
0
LINE
8
BLACK
6
CONTINUOUS
10
123.1429169999999971
20
-105.6303410000000014
11
123.1448379999999929
21
-105.6498500000000007
0
LINE
8
BLACK
6
CONTINUOUS
10
123.1448379999999929
20
-105.6498500000000007
11
123.1448379999999929
21
-106.1212790000000012
0
LINE
8
BLACK
6
CONTINUOUS
10
123.1448379999999929
20
-106.1212790000000012
11
125.0448379999999986
21
-106.1212790000000012
0
LINE
8
BLACK
6
CONTINUOUS
10
125.0448379999999986
20
-106.1212790000000012
11
125.0643469999999979
21
-106.1231999999999971
0
LINE
8
BLACK
6
CONTINUOUS
10
125.0643469999999979
20
-106.1231999999999971
11
125.1003949999999918
21
-106.1381319999999988
0
LINE
8
BLACK
6
CONTINUOUS
10
125.1003949999999918
20
-106.1381319999999988
11
125.1279849999999954
21
-106.1657219999999882
0
LINE
8
BLACK
6
CONTINUOUS
10
125.1279849999999954
20
-106.1657219999999882
11
125.1429169999999971
21
-106.2017699999999962
0
LINE
8
BLACK
6
CONTINUOUS
10
125.1429169999999971
20
-106.2017699999999962
11
125.1429169999999971
21
-106.2407879999999949
0
LINE
8
BLACK
6
CONTINUOUS
10
125.1429169999999971
20
-106.2407879999999949
11
125.1279849999999954
21
-106.2768359999999888
0
LINE
8
BLACK
6
CONTINUOUS
10
125.1279849999999954
20
-106.2768359999999888
11
125.1003949999999918
21
-106.3044259999999923
0
LINE
8
BLACK
6
CONTINUOUS
10
125.1003949999999918
20
-106.3044259999999923
11
125.0643469999999979
21
-106.319357999999994
0
LINE
8
BLACK
6
CONTINUOUS
10
125.0643469999999979
20
-106.319357999999994
11
125.0448379999999986
21
-106.3212789999999899
0
LINE
8
BLACK
6
CONTINUOUS
10
125.0448379999999986
20
-106.3212789999999899
11
123.1448379999999929
21
-106.3212789999999899
0
LINE
8
BLACK
6
CONTINUOUS
10
123.1448379999999929
20
-106.3212789999999899
11
123.1448379999999929
21
-106.7927069999999929
0
LINE
8
BLACK
6
CONTINUOUS
10
123.1448379999999929
20
-106.7927069999999929
11
123.1429169999999971
21
-106.8122159999999923
0
LINE
8
BLACK
6
CONTINUOUS
10
123.1429169999999971
20
-106.8122159999999923
11
123.1279849999999954
21
-106.8482640000000004
0
LINE
8
BLACK
6
CONTINUOUS
10
123.1279849999999954
20
-106.8482640000000004
11
123.1003949999999918
21
-106.8758539999999897
0
LINE
8
BLACK
6
CONTINUOUS
10
123.1003949999999918
20
-106.8758539999999897
11
123.0643469999999979
21
-106.8907859999999914
0
LINE
8
BLACK
6
CONTINUOUS
10
123.0643469999999979
20
-106.8907859999999914
11
123.0253289999999993
21
-106.8907859999999914
0
LINE
8
BLACK
6
CONTINUOUS
10
123.0253289999999993
20
-106.8907859999999914
11
122.9892809999999912
21
-106.8758539999999897
0
LINE
8
BLACK
6
CONTINUOUS
10
122.9892809999999912
20
-106.8758539999999897
11
122.9616909999999876
21
-106.8482640000000004
0
LINE
8
BLACK
6
CONTINUOUS
10
122.9616909999999876
20
-106.8482640000000004
11
122.9467590000000001
21
-106.8122159999999923
0
LINE
8
BLACK
6
CONTINUOUS
10
122.9467590000000001
20
-106.8122159999999923
11
122.9448379999999901
21
-106.7927069999999929
0
LINE
8
BLACK
6
CONTINUOUS
10
122.9448379999999901
20
-106.7927069999999929
11
122.9448379999999901
21
-105.6498500000000007
0
LINE
8
BLACK
6
CONTINUOUS
10
122.9448379999999901
20
-105.6498500000000007
11
122.9467590000000001
21
-105.6303410000000014
0
LINE
8
BLACK
6
CONTINUOUS
10
122.9467590000000001
20
-105.6303410000000014
11
122.9616909999999876
21
-105.5942929999999933
0
LINE
8
BLACK
6
CONTINUOUS
10
122.9616909999999876
20
-105.5942929999999933
11
122.9892809999999912
21
-105.5667029999999897
0
LINE
8
BLACK
6
CONTINUOUS
10
122.9892809999999912
20
-105.5667029999999897
11
123.0253289999999993
21
-105.5517710000000022
0
LINE
8
BLACK
6
CONTINUOUS
10
123.0253289999999993
20
-105.5517710000000022
11
123.0643469999999979
21
-105.5517710000000022
0
LINE
8
BLACK
6
CONTINUOUS
10
123.0643469999999979
20
-105.5517710000000022
11
123.1003949999999918
21
-105.5667029999999897
0
LINE
8
BLACK
6
CONTINUOUS
10
125.1003949999999918
20
-103.9476549999999975
11
125.1279849999999954
21
-103.975245000000001
0
LINE
8
BLACK
6
CONTINUOUS
10
125.1279849999999954
20
-103.975245000000001
11
125.1429169999999971
21
-104.0112929999999949
0
LINE
8
BLACK
6
CONTINUOUS
10
125.1429169999999971
20
-104.0112929999999949
11
125.1448379999999929
21
-104.0308019999999942
0
LINE
8
BLACK
6
CONTINUOUS
10
125.1448379999999929
20
-104.0308019999999942
11
125.1448379999999929
21
-104.9831829999999968
0
LINE
8
BLACK
6
CONTINUOUS
10
125.1448379999999929
20
-104.9831829999999968
11
125.1429169999999971
21
-105.0026919999999961
0
LINE
8
BLACK
6
CONTINUOUS
10
125.1429169999999971
20
-105.0026919999999961
11
125.1279849999999954
21
-105.03873999999999
0
LINE
8
BLACK
6
CONTINUOUS
10
125.1279849999999954
20
-105.03873999999999
11
125.1003949999999918
21
-105.0663299999999936
0
LINE
8
BLACK
6
CONTINUOUS
10
125.1003949999999918
20
-105.0663299999999936
11
125.0643469999999979
21
-105.0812619999999953
0
LINE
8
BLACK
6
CONTINUOUS
10
125.0643469999999979
20
-105.0812619999999953
11
125.0448379999999986
21
-105.0831829999999911
0
LINE
8
BLACK
6
CONTINUOUS
10
125.0448379999999986
20
-105.0831829999999911
11
123.0448379999999986
21
-105.0831829999999911
0
LINE
8
BLACK
6
CONTINUOUS
10
123.0448379999999986
20
-105.0831829999999911
11
123.0253289999999993
21
-105.0812619999999953
0
LINE
8
BLACK
6
CONTINUOUS
10
123.0253289999999993
20
-105.0812619999999953
11
122.9892809999999912
21
-105.0663299999999936
0
LINE
8
BLACK
6
CONTINUOUS
10
122.9892809999999912
20
-105.0663299999999936
11
122.9616909999999876
21
-105.03873999999999
0
LINE
8
BLACK
6
CONTINUOUS
10
122.9616909999999876
20
-105.03873999999999
11
122.9467590000000001
21
-105.0026919999999961
0
LINE
8
BLACK
6
CONTINUOUS
10
122.9467590000000001
20
-105.0026919999999961
11
122.9467590000000001
21
-104.9636739999999975
0
LINE
8
BLACK
6
CONTINUOUS
10
122.9467590000000001
20
-104.9636739999999975
11
122.9616909999999876
21
-104.9276259999999894
0
LINE
8
BLACK
6
CONTINUOUS
10
122.9616909999999876
20
-104.9276259999999894
11
122.9892809999999912
21
-104.9000360000000001
0
LINE
8
BLACK
6
CONTINUOUS
10
122.9892809999999912
20
-104.9000360000000001
11
123.0253289999999993
21
-104.8851039999999983
0
LINE
8
BLACK
6
CONTINUOUS
10
123.0253289999999993
20
-104.8851039999999983
11
123.0448379999999986
21
-104.8831829999999883
0
LINE
8
BLACK
6
CONTINUOUS
10
123.0448379999999986
20
-104.8831829999999883
11
124.9448379999999901
21
-104.8831829999999883
0
LINE
8
BLACK
6
CONTINUOUS
10
124.9448379999999901
20
-104.8831829999999883
11
124.9448379999999901
21
-104.0308019999999942
0
LINE
8
BLACK
6
CONTINUOUS
10
124.9448379999999901
20
-104.0308019999999942
11
124.9467590000000001
21
-104.0112929999999949
0
LINE
8
BLACK
6
CONTINUOUS
10
124.9467590000000001
20
-104.0112929999999949
11
124.9616909999999876
21
-103.975245000000001
0
LINE
8
BLACK
6
CONTINUOUS
10
124.9616909999999876
20
-103.975245000000001
11
124.9892809999999912
21
-103.9476549999999975
0
LINE
8
BLACK
6
CONTINUOUS
10
124.9892809999999912
20
-103.9476549999999975
11
125.0253289999999993
21
-103.9327229999999957
0
LINE
8
BLACK
6
CONTINUOUS
10
125.0253289999999993
20
-103.9327229999999957
11
125.0643469999999979
21
-103.9327229999999957
0
LINE
8
BLACK
6
CONTINUOUS
10
125.0643469999999979
20
-103.9327229999999957
11
125.1003949999999918
21
-103.9476549999999975
0
LINE
8
BLACK
6
CONTINUOUS
10
124.6833939999999927
20
-100.694626999999997
11
124.6867139999999949
21
-100.6960019999999929
0
LINE
8
BLACK
6
CONTINUOUS
10
124.6867139999999949
20
-100.6960019999999929
11
124.6902979999999985
21
-100.6962569999999886
0
LINE
8
BLACK
6
CONTINUOUS
10
124.6902979999999985
20
-100.6962569999999886
11
124.708605999999989
21
-100.7032629999999926
0
LINE
8
BLACK
6
CONTINUOUS
10
124.708605999999989
20
-100.7032629999999926
11
124.8990829999999903
21
-100.7985010000000017
0
LINE
8
BLACK
6
CONTINUOUS
10
124.8990829999999903
20
-100.7985010000000017
11
124.9074770000000001
21
-100.8037849999999906
0
LINE
8
BLACK
6
CONTINUOUS
10
124.9074770000000001
20
-100.8037849999999906
11
124.9099179999999905
21
-100.8047959999999961
0
LINE
8
BLACK
6
CONTINUOUS
10
124.9099179999999905
20
-100.8047959999999961
11
124.9126639999999924
21
-100.8070499999999896
0
LINE
8
BLACK
6
CONTINUOUS
10
124.9126639999999924
20
-100.8070499999999896
11
124.9156729999999982
21
-100.8089439999999968
0
LINE
8
BLACK
6
CONTINUOUS
10
124.9156729999999982
20
-100.8089439999999968
11
124.9174039999999906
21
-100.8109400000000022
0
LINE
8
BLACK
6
CONTINUOUS
10
124.9174039999999906
20
-100.8109400000000022
11
124.9250709999999884
21
-100.8172330000000017
0
LINE
8
BLACK
6
CONTINUOUS
10
124.9250709999999884
20
-100.8172330000000017
11
125.0203109999999924
21
-100.9124709999999965
0
LINE
8
BLACK
6
CONTINUOUS
10
125.0203109999999924
20
-100.9124709999999965
11
125.0266039999999919
21
-100.9201389999999918
0
LINE
8
BLACK
6
CONTINUOUS
10
125.0266039999999919
20
-100.9201389999999918
11
125.0285999999999973
21
-100.9218699999999984
0
LINE
8
BLACK
6
CONTINUOUS
10
125.0285999999999973
20
-100.9218699999999984
11
125.0304929999999928
21
-100.9248769999999951
0
LINE
8
BLACK
6
CONTINUOUS
10
125.0304929999999928
20
-100.9248769999999951
11
125.0327470000000005
21
-100.9276239999999945
0
LINE
8
BLACK
6
CONTINUOUS
10
125.0327470000000005
20
-100.9276239999999945
11
125.0337569999999943
21
-100.9300640000000016
0
LINE
8
BLACK
6
CONTINUOUS
10
125.0337569999999943
20
-100.9300640000000016
11
125.0390429999999924
21
-100.9384609999999896
0
LINE
8
BLACK
6
CONTINUOUS
10
125.0390429999999924
20
-100.9384609999999896
11
125.1342810000000014
21
-101.1289369999999934
0
LINE
8
BLACK
6
CONTINUOUS
10
125.1342810000000014
20
-101.1289369999999934
11
125.1412869999999913
21
-101.1472449999999981
0
LINE
8
BLACK
6
CONTINUOUS
10
125.1412869999999913
20
-101.1472449999999981
11
125.1415409999999895
21
-101.15082799999999
0
LINE
8
BLACK
6
CONTINUOUS
10
125.1415409999999895
20
-101.15082799999999
11
125.1429169999999971
21
-101.1541489999999897
0
LINE
8
BLACK
6
CONTINUOUS
10
125.1429169999999971
20
-101.1541489999999897
11
125.1448379999999929
21
-101.173657999999989
0
LINE
8
BLACK
6
CONTINUOUS
10
125.1448379999999929
20
-101.173657999999989
11
125.1448379999999929
21
-101.649848999999989
0
LINE
8
BLACK
6
CONTINUOUS
10
125.1448379999999929
20
-101.649848999999989
11
125.143864999999991
21
-101.6597220000000021
0
LINE
8
BLACK
6
CONTINUOUS
10
125.143864999999991
20
-101.6597220000000021
11
125.1440529999999995
21
-101.6623559999999884
0
LINE
8
BLACK
6
CONTINUOUS
10
125.1440529999999995
20
-101.6623559999999884
11
125.1432649999999995
21
-101.6658189999999991
0
LINE
8
BLACK
6
CONTINUOUS
10
125.1432649999999995
20
-101.6658189999999991
11
125.1429169999999971
21
-101.6693579999999884
0
LINE
8
BLACK
6
CONTINUOUS
10
125.1429169999999971
20
-101.6693579999999884
11
125.1419049999999942
21
-101.6717999999999904
0
LINE
8
BLACK
6
CONTINUOUS
10
125.1419049999999942
20
-101.6717999999999904
11
125.1397059999999897
21
-101.6814719999999994
0
LINE
8
BLACK
6
CONTINUOUS
10
125.1397059999999897
20
-101.6814719999999994
11
125.0444679999999948
21
-101.9671859999999981
0
LINE
8
BLACK
6
CONTINUOUS
10
125.0444679999999948
20
-101.9671859999999981
11
125.0364769999999908
21
-101.9850859999999955
0
LINE
8
BLACK
6
CONTINUOUS
10
125.0364769999999908
20
-101.9850859999999955
11
125.0109119999999905
21
-102.014561999999998
0
LINE
8
BLACK
6
CONTINUOUS
10
125.0109119999999905
20
-102.014561999999998
11
124.9760129999999947
21
-102.0320119999999946
0
LINE
8
BLACK
6
CONTINUOUS
10
124.9760129999999947
20
-102.0320119999999946
11
124.9370929999999902
21
-102.0347779999999887
0
LINE
8
BLACK
6
CONTINUOUS
10
124.9370929999999902
20
-102.0347779999999887
11
124.900076999999996
21
-102.0224399999999889
0
LINE
8
BLACK
6
CONTINUOUS
10
124.900076999999996
20
-102.0224399999999889
11
124.8706009999999935
21
-101.9968749999999886
0
LINE
8
BLACK
6
CONTINUOUS
10
124.8706009999999935
20
-101.9968749999999886
11
124.8531509999999969
21
-101.9619759999999928
0
LINE
8
BLACK
6
CONTINUOUS
10
124.8531509999999969
20
-101.9619759999999928
11
124.8503849999999886
21
-101.9230559999999883
0
LINE
8
BLACK
6
CONTINUOUS
10
124.8503849999999886
20
-101.9230559999999883
11
124.8547319999999985
21
-101.9039399999999915
0
LINE
8
BLACK
6
CONTINUOUS
10
124.8547319999999985
20
-101.9039399999999915
11
124.9448379999999901
21
-101.6336219999999884
0
LINE
8
BLACK
6
CONTINUOUS
10
124.9448379999999901
20
-101.6336219999999884
11
124.9448379999999901
21
-101.1972650000000016
0
LINE
8
BLACK
6
CONTINUOUS
10
124.9448379999999901
20
-101.1972650000000016
11
124.8674139999999966
21
-101.0424170000000004
0
LINE
8
BLACK
6
CONTINUOUS
10
124.8674139999999966
20
-101.0424170000000004
11
124.7951259999999962
21
-100.9701299999999975
0
LINE
8
BLACK
6
CONTINUOUS
10
124.7951259999999962
20
-100.9701299999999975
11
124.640277999999995
21
-100.8927059999999898
0
LINE
8
BLACK
6
CONTINUOUS
10
124.640277999999995
20
-100.8927059999999898
11
124.4970169999999996
21
-100.8927059999999898
0
LINE
8
BLACK
6
CONTINUOUS
10
124.4970169999999996
20
-100.8927059999999898
11
124.3421689999999984
21
-100.970129
0
LINE
8
BLACK
6
CONTINUOUS
10
124.3421689999999984
20
-100.970129
11
124.2698800000000006
21
-101.0424189999999953
0
LINE
8
BLACK
6
CONTINUOUS
10
124.2698800000000006
20
-101.0424189999999953
11
124.1868079999999992
21
-101.2085609999999889
0
LINE
8
BLACK
6
CONTINUOUS
10
124.1868079999999992
20
-101.2085609999999889
11
124.0942329999999885
21
-101.5788649999999933
0
LINE
8
BLACK
6
CONTINUOUS
10
124.0942329999999885
20
-101.5788649999999933
11
124.093718999999993
21
-101.5803030000000007
0
LINE
8
BLACK
6
CONTINUOUS
10
124.093718999999993
20
-101.5803030000000007
11
124.0936679999999939
21
-101.5810239999999993
0
LINE
8
BLACK
6
CONTINUOUS
10
124.0936679999999939
20
-101.5810239999999993
11
124.090564999999998
21
-101.5891309999999947
0
LINE
8
BLACK
6
CONTINUOUS
10
124.090564999999998
20
-101.5891309999999947
11
124.0876379999999983
21
-101.5973249999999979
0
LINE
8
BLACK
6
CONTINUOUS
10
124.0876379999999983
20
-101.5973249999999979
11
124.0872059999999948
21
-101.5979069999999922
0
LINE
8
BLACK
6
CONTINUOUS
10
124.0872059999999948
20
-101.5979069999999922
11
124.0866609999999923
21
-101.5993330000000014
0
LINE
8
BLACK
6
CONTINUOUS
10
124.0866609999999923
20
-101.5993330000000014
11
123.9914229999999975
21
-101.7898089999999911
0
LINE
8
BLACK
6
CONTINUOUS
10
123.9914229999999975
20
-101.7898089999999911
11
123.9861359999999877
21
-101.7982069999999908
0
LINE
8
BLACK
6
CONTINUOUS
10
123.9861359999999877
20
-101.7982069999999908
11
123.9851269999999914
21
-101.8006439999999913
0
LINE
8
BLACK
6
CONTINUOUS
10
123.9851269999999914
20
-101.8006439999999913
11
123.9828749999999928
21
-101.8033870000000007
0
LINE
8
BLACK
6
CONTINUOUS
10
123.9828749999999928
20
-101.8033870000000007
11
123.9809799999999882
21
-101.806398999999999
0
LINE
8
BLACK
6
CONTINUOUS
10
123.9809799999999882
20
-101.806398999999999
11
123.9789819999999878
21
-101.8081309999999888
0
LINE
8
BLACK
6
CONTINUOUS
10
123.9789819999999878
20
-101.8081309999999888
11
123.9726909999999975
21
-101.8157980000000009
0
LINE
8
BLACK
6
CONTINUOUS
10
123.9726909999999975
20
-101.8157980000000009
11
123.8774529999999885
21
-101.9110359999999957
0
LINE
8
BLACK
6
CONTINUOUS
10
123.8774529999999885
20
-101.9110359999999957
11
123.8697859999999906
21
-101.9173270000000002
0
LINE
8
BLACK
6
CONTINUOUS
10
123.8697859999999906
20
-101.9173270000000002
11
123.8680540000000008
21
-101.9193250000000006
0
LINE
8
BLACK
6
CONTINUOUS
10
123.8680540000000008
20
-101.9193250000000006
11
123.8650419999999883
21
-101.921219999999991
0
LINE
8
BLACK
6
CONTINUOUS
10
123.8650419999999883
20
-101.921219999999991
11
123.862298999999993
21
-101.9234719999999896
0
LINE
8
BLACK
6
CONTINUOUS
10
123.862298999999993
20
-101.9234719999999896
11
123.8598619999999926
21
-101.9244810000000001
0
LINE
8
BLACK
6
CONTINUOUS
10
123.8598619999999926
20
-101.9244810000000001
11
123.8514639999999929
21
-101.9297679999999957
0
LINE
8
BLACK
6
CONTINUOUS
10
123.8514639999999929
20
-101.9297679999999957
11
123.6609869999999916
21
-102.0250059999999905
0
LINE
8
BLACK
6
CONTINUOUS
10
123.6609869999999916
20
-102.0250059999999905
11
123.6426790000000011
21
-102.0320119999999946
0
LINE
8
BLACK
6
CONTINUOUS
10
123.6426790000000011
20
-102.0320119999999946
11
123.6390949999999975
21
-102.0322659999999928
0
LINE
8
BLACK
6
CONTINUOUS
10
123.6390949999999975
20
-102.0322659999999928
11
123.6357749999999953
21
-102.0336420000000004
0
LINE
8
BLACK
6
CONTINUOUS
10
123.6357749999999953
20
-102.0336420000000004
11
123.616265999999996
21
-102.0355629999999962
0
LINE
8
BLACK
6
CONTINUOUS
10
123.616265999999996
20
-102.0355629999999962
11
123.4257899999999921
21
-102.0355629999999962
0
LINE
8
BLACK
6
CONTINUOUS
10
123.4257899999999921
20
-102.0355629999999962
11
123.4062809999999928
21
-102.0336420000000004
0
LINE
8
BLACK
6
CONTINUOUS
10
123.4062809999999928
20
-102.0336420000000004
11
123.4029599999999931
21
-102.0322659999999928
0
LINE
8
BLACK
6
CONTINUOUS
10
123.4029599999999931
20
-102.0322659999999928
11
123.3993770000000012
21
-102.0320119999999946
0
LINE
8
BLACK
6
CONTINUOUS
10
123.3993770000000012
20
-102.0320119999999946
11
123.3810689999999965
21
-102.0250059999999905
0
LINE
8
BLACK
6
CONTINUOUS
10
123.3810689999999965
20
-102.0250059999999905
11
123.1905929999999927
21
-101.9297679999999957
0
LINE
8
BLACK
6
CONTINUOUS
10
123.1905929999999927
20
-101.9297679999999957
11
123.1821939999999955
21
-101.9244810000000001
0
LINE
8
BLACK
6
CONTINUOUS
10
123.1821939999999955
20
-101.9244810000000001
11
123.1797569999999951
21
-101.9234719999999896
0
LINE
8
BLACK
6
CONTINUOUS
10
123.1797569999999951
20
-101.9234719999999896
11
123.1770129999999881
21
-101.921219999999991
0
LINE
8
BLACK
6
CONTINUOUS
10
123.1770129999999881
20
-101.921219999999991
11
123.1740019999999873
21
-101.9193250000000006
0
LINE
8
BLACK
6
CONTINUOUS
10
123.1740019999999873
20
-101.9193250000000006
11
123.172269
21
-101.9173270000000002
0
LINE
8
BLACK
6
CONTINUOUS
10
123.172269
20
-101.9173270000000002
11
123.1646029999999996
21
-101.9110359999999957
0
LINE
8
BLACK
6
CONTINUOUS
10
123.1646029999999996
20
-101.9110359999999957
11
123.0693649999999906
21
-101.8157980000000009
0
LINE
8
BLACK
6
CONTINUOUS
10
123.0693649999999906
20
-101.8157980000000009
11
123.0630729999999886
21
-101.8081309999999888
0
LINE
8
BLACK
6
CONTINUOUS
10
123.0630729999999886
20
-101.8081309999999888
11
123.0610759999999999
21
-101.806398999999999
0
LINE
8
BLACK
6
CONTINUOUS
10
123.0610759999999999
20
-101.806398999999999
11
123.0591799999999978
21
-101.8033870000000007
0
LINE
8
BLACK
6
CONTINUOUS
10
123.0591799999999978
20
-101.8033870000000007
11
123.0569289999999967
21
-101.8006439999999913
0
LINE
8
BLACK
6
CONTINUOUS
10
123.0569289999999967
20
-101.8006439999999913
11
123.0559189999999887
21
-101.7982069999999908
0
LINE
8
BLACK
6
CONTINUOUS
10
123.0559189999999887
20
-101.7982069999999908
11
123.0506329999999906
21
-101.7898089999999911
0
LINE
8
BLACK
6
CONTINUOUS
10
123.0506329999999906
20
-101.7898089999999911
11
122.9553949999999958
21
-101.5993319999999898
0
LINE
8
BLACK
6
CONTINUOUS
10
122.9553949999999958
20
-101.5993319999999898
11
122.9483889999999917
21
-101.5810239999999993
0
LINE
8
BLACK
6
CONTINUOUS
10
122.9483889999999917
20
-101.5810239999999993
11
122.948133999999996
21
-101.5774399999999957
0
LINE
8
BLACK
6
CONTINUOUS
10
122.948133999999996
20
-101.5774399999999957
11
122.9467590000000001
21
-101.5741199999999935
0
LINE
8
BLACK
6
CONTINUOUS
10
122.9467590000000001
20
-101.5741199999999935
11
122.9448379999999901
21
-101.5546109999999942
0
LINE
8
BLACK
6
CONTINUOUS
10
122.9448379999999901
20
-101.5546109999999942
11
122.9448379999999901
21
-101.0784199999999942
0
LINE
8
BLACK
6
CONTINUOUS
10
122.9448379999999901
20
-101.0784199999999942
11
122.9458099999999945
21
-101.0685459999999978
0
LINE
8
BLACK
6
CONTINUOUS
10
122.9458099999999945
20
-101.0685459999999978
11
122.9456229999999977
21
-101.0659129999999948
0
LINE
8
BLACK
6
CONTINUOUS
10
122.9456229999999977
20
-101.0659129999999948
11
122.9464100000000002
21
-101.0624490000000009
0
LINE
8
BLACK
6
CONTINUOUS
10
122.9464100000000002
20
-101.0624490000000009
11
122.9467590000000001
21
-101.0589109999999948
0
LINE
8
BLACK
6
CONTINUOUS
10
122.9467590000000001
20
-101.0589109999999948
11
122.9477699999999913
21
-101.0564679999999953
0
LINE
8
BLACK
6
CONTINUOUS
10
122.9477699999999913
20
-101.0564679999999953
11
122.9499699999999933
21
-101.046796999999998
0
LINE
8
BLACK
6
CONTINUOUS
10
122.9499699999999933
20
-101.046796999999998
11
123.0452079999999881
21
-100.7610829999999993
0
LINE
8
BLACK
6
CONTINUOUS
10
123.0452079999999881
20
-100.7610829999999993
11
123.0531989999999922
21
-100.7431830000000019
0
LINE
8
BLACK
6
CONTINUOUS
10
123.0531989999999922
20
-100.7431830000000019
11
123.0787639999999925
21
-100.7137069999999994
0
LINE
8
BLACK
6
CONTINUOUS
10
123.0787639999999925
20
-100.7137069999999994
11
123.1136629999999883
21
-100.6962569999999886
0
LINE
8
BLACK
6
CONTINUOUS
10
123.1136629999999883
20
-100.6962569999999886
11
123.1525829999999928
21
-100.6934909999999945
0
LINE
8
BLACK
6
CONTINUOUS
10
123.1525829999999928
20
-100.6934909999999945
11
123.1895990000000012
21
-100.7058289999999943
0
LINE
8
BLACK
6
CONTINUOUS
10
123.1895990000000012
20
-100.7058289999999943
11
123.2190749999999895
21
-100.7313939999999945
0
LINE
8
BLACK
6
CONTINUOUS
10
123.2190749999999895
20
-100.7313939999999945
11
123.2365250000000003
21
-100.7662929999999903
0
LINE
8
BLACK
6
CONTINUOUS
10
123.2365250000000003
20
-100.7662929999999903
11
123.2392909999999944
21
-100.8052129999999948
0
LINE
8
BLACK
6
CONTINUOUS
10
123.2392909999999944
20
-100.8052129999999948
11
123.2349439999999987
21
-100.8243289999999917
0
LINE
8
BLACK
6
CONTINUOUS
10
123.2349439999999987
20
-100.8243289999999917
11
123.1448379999999929
21
-101.0946469999999948
0
LINE
8
BLACK
6
CONTINUOUS
10
123.1448379999999929
20
-101.0946469999999948
11
123.1448379999999929
21
-101.5310039999999958
0
LINE
8
BLACK
6
CONTINUOUS
10
123.1448379999999929
20
-101.5310039999999958
11
123.2222609999999889
21
-101.6858500000000021
0
LINE
8
BLACK
6
CONTINUOUS
10
123.2222609999999889
20
-101.6858500000000021
11
123.294550000000001
21
-101.7581389999999999
0
LINE
8
BLACK
6
CONTINUOUS
10
123.294550000000001
20
-101.7581389999999999
11
123.449397999999988
21
-101.8355629999999934
0
LINE
8
BLACK
6
CONTINUOUS
10
123.449397999999988
20
-101.8355629999999934
11
123.5926589999999976
21
-101.8355629999999934
0
LINE
8
BLACK
6
CONTINUOUS
10
123.5926589999999976
20
-101.8355629999999934
11
123.7475049999999896
21
-101.7581399999999974
0
LINE
8
BLACK
6
CONTINUOUS
10
123.7475049999999896
20
-101.7581399999999974
11
123.8197939999999875
21
-101.6858500000000021
0
LINE
8
BLACK
6
CONTINUOUS
10
123.8197939999999875
20
-101.6858500000000021
11
123.902867999999998
21
-101.5197039999999902
0
LINE
8
BLACK
6
CONTINUOUS
10
123.902867999999998
20
-101.5197039999999902
11
123.9954429999999945
21
-101.1494050000000016
0
LINE
8
BLACK
6
CONTINUOUS
10
123.9954429999999945
20
-101.1494050000000016
11
123.9959559999999925
21
-101.1479669999999942
0
LINE
8
BLACK
6
CONTINUOUS
10
123.9959559999999925
20
-101.1479669999999942
11
123.9960079999999891
21
-101.1472449999999981
0
LINE
8
BLACK
6
CONTINUOUS
10
123.9960079999999891
20
-101.1472449999999981
11
123.9991160000000008
21
-101.1391199999999913
0
LINE
8
BLACK
6
CONTINUOUS
10
123.9991160000000008
20
-101.1391199999999913
11
124.0020379999999989
21
-101.1309439999999995
0
LINE
8
BLACK
6
CONTINUOUS
10
124.0020379999999989
20
-101.1309439999999995
11
124.0024679999999933
21
-101.1303629999999885
0
LINE
8
BLACK
6
CONTINUOUS
10
124.0024679999999933
20
-101.1303629999999885
11
124.0030139999999932
21
-101.1289369999999934
0
LINE
8
BLACK
6
CONTINUOUS
10
124.0030139999999932
20
-101.1289369999999934
11
124.098251999999988
21
-100.9384599999999921
0
LINE
8
BLACK
6
CONTINUOUS
10
124.098251999999988
20
-100.9384599999999921
11
124.1035380000000004
21
-100.9300609999999949
0
LINE
8
BLACK
6
CONTINUOUS
10
124.1035380000000004
20
-100.9300609999999949
11
124.1045479999999941
21
-100.9276249999999919
0
LINE
8
BLACK
6
CONTINUOUS
10
124.1045479999999941
20
-100.9276249999999919
11
124.1067989999999952
21
-100.9248809999999992
0
LINE
8
BLACK
6
CONTINUOUS
10
124.1067989999999952
20
-100.9248809999999992
11
124.1086949999999973
21
-100.9218699999999984
0
LINE
8
BLACK
6
CONTINUOUS
10
124.1086949999999973
20
-100.9218699999999984
11
124.1106920000000002
21
-100.9201369999999969
0
LINE
8
BLACK
6
CONTINUOUS
10
124.1106920000000002
20
-100.9201369999999969
11
124.116983999999988
21
-100.9124709999999965
0
LINE
8
BLACK
6
CONTINUOUS
10
124.116983999999988
20
-100.9124709999999965
11
124.212221999999997
21
-100.8172330000000017
0
LINE
8
BLACK
6
CONTINUOUS
10
124.212221999999997
20
-100.8172330000000017
11
124.2198879999999974
21
-100.8109409999999997
0
LINE
8
BLACK
6
CONTINUOUS
10
124.2198879999999974
20
-100.8109409999999997
11
124.221620999999999
21
-100.8089439999999968
0
LINE
8
BLACK
6
CONTINUOUS
10
124.221620999999999
20
-100.8089439999999968
11
124.2246319999999997
21
-100.8070479999999947
0
LINE
8
BLACK
6
CONTINUOUS
10
124.2246319999999997
20
-100.8070479999999947
11
124.2273759999999925
21
-100.8047969999999935
0
LINE
8
BLACK
6
CONTINUOUS
10
124.2273759999999925
20
-100.8047969999999935
11
124.2298129999999929
21
-100.8037869999999998
0
LINE
8
BLACK
6
CONTINUOUS
10
124.2298129999999929
20
-100.8037869999999998
11
124.2382119999999901
21
-100.7985010000000017
0
LINE
8
BLACK
6
CONTINUOUS
10
124.2382119999999901
20
-100.7985010000000017
11
124.428687999999994
21
-100.7032629999999926
0
LINE
8
BLACK
6
CONTINUOUS
10
124.428687999999994
20
-100.7032629999999926
11
124.4469959999999986
21
-100.6962569999999886
0
LINE
8
BLACK
6
CONTINUOUS
10
124.4469959999999986
20
-100.6962569999999886
11
124.4505789999999905
21
-100.6960019999999929
0
LINE
8
BLACK
6
CONTINUOUS
10
124.4505789999999905
20
-100.6960019999999929
11
124.4538999999999902
21
-100.694626999999997
0
LINE
8
BLACK
6
CONTINUOUS
10
124.4538999999999902
20
-100.694626999999997
11
124.4734089999999895
21
-100.6927060000000012
0
LINE
8
BLACK
6
CONTINUOUS
10
124.4734089999999895
20
-100.6927060000000012
11
124.6638849999999934
21
-100.6927060000000012
0
LINE
8
BLACK
6
CONTINUOUS
10
124.6638849999999934
20
-100.6927060000000012
11
124.6833939999999927
21
-100.694626999999997
0
LINE
8
BLACK
6
CONTINUOUS
10
123.7670609999999982
20
-99.3762259999999884
11
123.7946509999999876
21
-99.403815999999992
0
LINE
8
BLACK
6
CONTINUOUS
10
123.7946509999999876
20
-99.403815999999992
11
123.8095829999999893
21
-99.439864
0
LINE
8
BLACK
6
CONTINUOUS
10
123.8095829999999893
20
-99.439864
11
123.8115039999999993
21
-99.4593729999999994
0
LINE
8
BLACK
6
CONTINUOUS
10
123.8115039999999993
20
-99.4593729999999994
11
123.8115039999999993
21
-99.8355629999999934
0
LINE
8
BLACK
6
CONTINUOUS
10
123.8115039999999993
20
-99.8355629999999934
11
124.7355159999999898
21
-99.8355629999999934
0
LINE
8
BLACK
6
CONTINUOUS
10
124.7355159999999898
20
-99.8355629999999934
11
124.8750639999999947
21
-99.7657889999999981
0
LINE
8
BLACK
6
CONTINUOUS
10
124.8750639999999947
20
-99.7657889999999981
11
124.9448379999999901
21
-99.6262409999999932
0
LINE
8
BLACK
6
CONTINUOUS
10
124.9448379999999901
20
-99.6262409999999932
11
124.9448379999999901
21
-99.4593729999999994
0
LINE
8
BLACK
6
CONTINUOUS
10
124.9448379999999901
20
-99.4593729999999994
11
124.9467590000000001
21
-99.439864
0
LINE
8
BLACK
6
CONTINUOUS
10
124.9467590000000001
20
-99.439864
11
124.9616909999999876
21
-99.403815999999992
0
LINE
8
BLACK
6
CONTINUOUS
10
124.9616909999999876
20
-99.403815999999992
11
124.9892809999999912
21
-99.3762259999999884
0
LINE
8
BLACK
6
CONTINUOUS
10
124.9892809999999912
20
-99.3762259999999884
11
125.0253289999999993
21
-99.3612940000000009
0
LINE
8
BLACK
6
CONTINUOUS
10
125.0253289999999993
20
-99.3612940000000009
11
125.0643469999999979
21
-99.3612940000000009
0
LINE
8
BLACK
6
CONTINUOUS
10
125.0643469999999979
20
-99.3612940000000009
11
125.1003949999999918
21
-99.3762259999999884
0
LINE
8
BLACK
6
CONTINUOUS
10
125.1003949999999918
20
-99.3762259999999884
11
125.1279849999999954
21
-99.403815999999992
0
LINE
8
BLACK
6
CONTINUOUS
10
125.1279849999999954
20
-99.403815999999992
11
125.1429169999999971
21
-99.439864
0
LINE
8
BLACK
6
CONTINUOUS
10
125.1429169999999971
20
-99.439864
11
125.1448379999999929
21
-99.4593729999999994
0
LINE
8
BLACK
6
CONTINUOUS
10
125.1448379999999929
20
-99.4593729999999994
11
125.1448379999999929
21
-99.649848999999989
0
LINE
8
BLACK
6
CONTINUOUS
10
125.1448379999999929
20
-99.649848999999989
11
125.1429169999999971
21
-99.6693580000000026
0
LINE
8
BLACK
6
CONTINUOUS
10
125.1429169999999971
20
-99.6693580000000026
11
125.1415409999999895
21
-99.6726779999999906
0
LINE
8
BLACK
6
CONTINUOUS
10
125.1415409999999895
20
-99.6726779999999906
11
125.1412869999999913
21
-99.6762619999999941
0
LINE
8
BLACK
6
CONTINUOUS
10
125.1412869999999913
20
-99.6762619999999941
11
125.1342810000000014
21
-99.6945699999999988
0
LINE
8
BLACK
6
CONTINUOUS
10
125.1342810000000014
20
-99.6945699999999988
11
125.0390429999999924
21
-99.8850459999999885
0
LINE
8
BLACK
6
CONTINUOUS
10
125.0390429999999924
20
-99.8850459999999885
11
125.0369879999999938
21
-99.8883089999999925
0
LINE
8
BLACK
6
CONTINUOUS
10
125.0369879999999938
20
-99.8883089999999925
11
125.0364759999999933
21
-99.8898480000000006
0
LINE
8
BLACK
6
CONTINUOUS
10
125.0364759999999933
20
-99.8898480000000006
11
125.0348139999999972
21
-99.8917629999999974
0
LINE
8
BLACK
6
CONTINUOUS
10
125.0348139999999972
20
-99.8917629999999974
11
125.0285999999999973
21
-99.9016369999999938
0
LINE
8
BLACK
6
CONTINUOUS
10
125.0285999999999973
20
-99.9016369999999938
11
125.0191269999999975
21
-99.9098520000000008
0
LINE
8
BLACK
6
CONTINUOUS
10
125.0191269999999975
20
-99.9098520000000008
11
125.0109119999999905
21
-99.9193250000000006
0
LINE
8
BLACK
6
CONTINUOUS
10
125.0109119999999905
20
-99.9193250000000006
11
125.0010369999999966
21
-99.9255409999999955
0
LINE
8
BLACK
6
CONTINUOUS
10
125.0010369999999966
20
-99.9255409999999955
11
124.9991229999999973
21
-99.9272009999999966
0
LINE
8
BLACK
6
CONTINUOUS
10
124.9991229999999973
20
-99.9272009999999966
11
124.9975859999999983
21
-99.9277129999999971
0
LINE
8
BLACK
6
CONTINUOUS
10
124.9975859999999983
20
-99.9277129999999971
11
124.9943219999999968
21
-99.9297679999999957
0
LINE
8
BLACK
6
CONTINUOUS
10
124.9943219999999968
20
-99.9297679999999957
11
124.803843999999998
21
-100.0250059999999905
0
LINE
8
BLACK
6
CONTINUOUS
10
124.803843999999998
20
-100.0250059999999905
11
124.7855359999999934
21
-100.0320119999999946
0
LINE
8
BLACK
6
CONTINUOUS
10
124.7855359999999934
20
-100.0320119999999946
11
124.7819519999999898
21
-100.0322659999999928
0
LINE
8
BLACK
6
CONTINUOUS
10
124.7819519999999898
20
-100.0322659999999928
11
124.7786319999999876
21
-100.0336420000000004
0
LINE
8
BLACK
6
CONTINUOUS
10
124.7786319999999876
20
-100.0336420000000004
11
124.7591229999999882
21
-100.0355629999999962
0
LINE
8
BLACK
6
CONTINUOUS
10
124.7591229999999882
20
-100.0355629999999962
11
123.8115039999999993
21
-100.0355629999999962
0
LINE
8
BLACK
6
CONTINUOUS
10
123.8115039999999993
20
-100.0355629999999962
11
123.8115039999999993
21
-100.2212770000000006
0
LINE
8
BLACK
6
CONTINUOUS
10
123.8115039999999993
20
-100.2212770000000006
11
123.8095829999999893
21
-100.2407859999999999
0
LINE
8
BLACK
6
CONTINUOUS
10
123.8095829999999893
20
-100.2407859999999999
11
123.7946509999999876
21
-100.2768339999999938
0
LINE
8
BLACK
6
CONTINUOUS
10
123.7946509999999876
20
-100.2768339999999938
11
123.7670609999999982
21
-100.3044239999999974
0
LINE
8
BLACK
6
CONTINUOUS
10
123.7670609999999982
20
-100.3044239999999974
11
123.7310129999999901
21
-100.3193559999999991
0
LINE
8
BLACK
6
CONTINUOUS
10
123.7310129999999901
20
-100.3193559999999991
11
123.6919949999999915
21
-100.3193559999999991
0
LINE
8
BLACK
6
CONTINUOUS
10
123.6919949999999915
20
-100.3193559999999991
11
123.6559469999999976
21
-100.3044239999999974
0
LINE
8
BLACK
6
CONTINUOUS
10
123.6559469999999976
20
-100.3044239999999974
11
123.6283569999999941
21
-100.2768339999999938
0
LINE
8
BLACK
6
CONTINUOUS
10
123.6283569999999941
20
-100.2768339999999938
11
123.6134249999999923
21
-100.2407859999999999
0
LINE
8
BLACK
6
CONTINUOUS
10
123.6134249999999923
20
-100.2407859999999999
11
123.6115039999999965
21
-100.2212770000000006
0
LINE
8
BLACK
6
CONTINUOUS
10
123.6115039999999965
20
-100.2212770000000006
11
123.6115039999999965
21
-100.0355629999999962
0
LINE
8
BLACK
6
CONTINUOUS
10
123.6115039999999965
20
-100.0355629999999962
11
123.0448379999999986
21
-100.0355629999999962
0
LINE
8
BLACK
6
CONTINUOUS
10
123.0448379999999986
20
-100.0355629999999962
11
123.0253289999999993
21
-100.0336420000000004
0
LINE
8
BLACK
6
CONTINUOUS
10
123.0253289999999993
20
-100.0336420000000004
11
122.9892809999999912
21
-100.0187099999999987
0
LINE
8
BLACK
6
CONTINUOUS
10
122.9892809999999912
20
-100.0187099999999987
11
122.9616909999999876
21
-99.9911199999999951
0
LINE
8
BLACK
6
CONTINUOUS
10
122.9616909999999876
20
-99.9911199999999951
11
122.9467590000000001
21
-99.9550720000000013
0
LINE
8
BLACK
6
CONTINUOUS
10
122.9467590000000001
20
-99.9550720000000013
11
122.9467590000000001
21
-99.9160539999999884
0
LINE
8
BLACK
6
CONTINUOUS
10
122.9467590000000001
20
-99.9160539999999884
11
122.9616909999999876
21
-99.8800059999999945
0
LINE
8
BLACK
6
CONTINUOUS
10
122.9616909999999876
20
-99.8800059999999945
11
122.9892809999999912
21
-99.852415999999991
0
LINE
8
BLACK
6
CONTINUOUS
10
122.9892809999999912
20
-99.852415999999991
11
123.0253289999999993
21
-99.8374839999999892
0
LINE
8
BLACK
6
CONTINUOUS
10
123.0253289999999993
20
-99.8374839999999892
11
123.0448379999999986
21
-99.8355629999999934
0
LINE
8
BLACK
6
CONTINUOUS
10
123.0448379999999986
20
-99.8355629999999934
11
123.6115039999999965
21
-99.8355629999999934
0
LINE
8
BLACK
6
CONTINUOUS
10
123.6115039999999965
20
-99.8355629999999934
11
123.6115039999999965
21
-99.4593729999999994
0
LINE
8
BLACK
6
CONTINUOUS
10
123.6115039999999965
20
-99.4593729999999994
11
123.6134249999999923
21
-99.439864
0
LINE
8
BLACK
6
CONTINUOUS
10
123.6134249999999923
20
-99.439864
11
123.6283569999999941
21
-99.403815999999992
0
LINE
8
BLACK
6
CONTINUOUS
10
123.6283569999999941
20
-99.403815999999992
11
123.6559469999999976
21
-99.3762259999999884
0
LINE
8
BLACK
6
CONTINUOUS
10
123.6559469999999976
20
-99.3762259999999884
11
123.6919949999999915
21
-99.3612940000000009
0
LINE
8
BLACK
6
CONTINUOUS
10
123.6919949999999915
20
-99.3612940000000009
11
123.7310129999999901
21
-99.3612940000000009
0
LINE
8
BLACK
6
CONTINUOUS
10
123.7310129999999901
20
-99.3612940000000009
11
123.7670609999999982
21
-99.3762259999999884
0
LINE
8
BLACK
6
CONTINUOUS
10
124.2072039999999902
20
-97.8374839999999892
11
124.2162560000000013
21
-97.8412330000000026
0
LINE
8
BLACK
6
CONTINUOUS
10
124.2162560000000013
20
-97.8412330000000026
11
124.2258669999999938
21
-97.8431349999999895
0
LINE
8
BLACK
6
CONTINUOUS
10
124.2258669999999938
20
-97.8431349999999895
11
124.2341049999999996
21
-97.8486269999999934
0
LINE
8
BLACK
6
CONTINUOUS
10
124.2341049999999996
20
-97.8486269999999934
11
124.2432519999999982
21
-97.852415999999991
0
LINE
8
BLACK
6
CONTINUOUS
10
124.2432519999999982
20
-97.852415999999991
11
124.2501779999999911
21
-97.8593419999999981
0
LINE
8
BLACK
6
CONTINUOUS
10
124.2501779999999911
20
-97.8593419999999981
11
124.2583319999999958
21
-97.8647780000000012
0
LINE
8
BLACK
6
CONTINUOUS
10
124.2583319999999958
20
-97.8647780000000012
11
124.2638419999999968
21
-97.8730059999999895
0
LINE
8
BLACK
6
CONTINUOUS
10
124.2638419999999968
20
-97.8730059999999895
11
124.2708419999999876
21
-97.8800059999999945
0
LINE
8
BLACK
6
CONTINUOUS
10
124.2708419999999876
20
-97.8800059999999945
11
124.2745910000000009
21
-97.889056999999994
0
LINE
8
BLACK
6
CONTINUOUS
10
124.2745910000000009
20
-97.889056999999994
11
124.280042999999992
21
-97.8971979999999888
0
LINE
8
BLACK
6
CONTINUOUS
10
124.280042999999992
20
-97.8971979999999888
11
124.2857529999999997
21
-97.9159509999999926
0
LINE
8
BLACK
6
CONTINUOUS
10
124.2857529999999997
20
-97.9159509999999926
11
124.4601509999999962
21
-98.787943999999996
0
LINE
8
BLACK
6
CONTINUOUS
10
124.4601509999999962
20
-98.787943999999996
11
124.7355159999999898
21
-98.787943999999996
0
LINE
8
BLACK
6
CONTINUOUS
10
124.7355159999999898
20
-98.787943999999996
11
124.8750639999999947
21
-98.7181700000000006
0
LINE
8
BLACK
6
CONTINUOUS
10
124.8750639999999947
20
-98.7181700000000006
11
124.9448379999999901
21
-98.5786219999999958
0
LINE
8
BLACK
6
CONTINUOUS
10
124.9448379999999901
20
-98.5786219999999958
11
124.9448379999999901
21
-98.244883999999999
0
LINE
8
BLACK
6
CONTINUOUS
10
124.9448379999999901
20
-98.244883999999999
11
124.8601570000000009
21
-98.0755219999999923
0
LINE
8
BLACK
6
CONTINUOUS
10
124.8601570000000009
20
-98.0755219999999923
11
124.8531509999999969
21
-98.0572140000000019
0
LINE
8
BLACK
6
CONTINUOUS
10
124.8531509999999969
20
-98.0572140000000019
11
124.8503849999999886
21
-98.0182939999999974
0
LINE
8
BLACK
6
CONTINUOUS
10
124.8503849999999886
20
-98.0182939999999974
11
124.862724
21
-97.981277999999989
0
LINE
8
BLACK
6
CONTINUOUS
10
124.862724
20
-97.981277999999989
11
124.8882879999999886
21
-97.951800999999989
0
LINE
8
BLACK
6
CONTINUOUS
10
124.8882879999999886
20
-97.951800999999989
11
124.9231869999999986
21
-97.9343519999999899
0
LINE
8
BLACK
6
CONTINUOUS
10
124.9231869999999986
20
-97.9343519999999899
11
124.9621069999999889
21
-97.9315859999999958
0
LINE
8
BLACK
6
CONTINUOUS
10
124.9621069999999889
20
-97.9315859999999958
11
124.9991229999999973
21
-97.943924999999993
0
LINE
8
BLACK
6
CONTINUOUS
10
124.9991229999999973
20
-97.943924999999993
11
125.0285999999999973
21
-97.9694889999999958
0
LINE
8
BLACK
6
CONTINUOUS
10
125.0285999999999973
20
-97.9694889999999958
11
125.0390429999999924
21
-97.9860800000000012
0
LINE
8
BLACK
6
CONTINUOUS
10
125.0390429999999924
20
-97.9860800000000012
11
125.1342810000000014
21
-98.1765559999999908
0
LINE
8
BLACK
6
CONTINUOUS
10
125.1342810000000014
20
-98.1765559999999908
11
125.1412869999999913
21
-98.1948639999999955
0
LINE
8
BLACK
6
CONTINUOUS
10
125.1412869999999913
20
-98.1948639999999955
11
125.1415409999999895
21
-98.1984470000000016
0
LINE
8
BLACK
6
CONTINUOUS
10
125.1415409999999895
20
-98.1984470000000016
11
125.1429169999999971
21
-98.2017680000000013
0
LINE
8
BLACK
6
CONTINUOUS
10
125.1429169999999971
20
-98.2017680000000013
11
125.1448379999999929
21
-98.2212770000000006
0
LINE
8
BLACK
6
CONTINUOUS
10
125.1448379999999929
20
-98.2212770000000006
11
125.1448379999999929
21
-98.6022299999999916
0
LINE
8
BLACK
6
CONTINUOUS
10
125.1448379999999929
20
-98.6022299999999916
11
125.1429169999999971
21
-98.6217389999999909
0
LINE
8
BLACK
6
CONTINUOUS
10
125.1429169999999971
20
-98.6217389999999909
11
125.1415409999999895
21
-98.6250589999999931
0
LINE
8
BLACK
6
CONTINUOUS
10
125.1415409999999895
20
-98.6250589999999931
11
125.1412869999999913
21
-98.6286429999999967
0
LINE
8
BLACK
6
CONTINUOUS
10
125.1412869999999913
20
-98.6286429999999967
11
125.1342810000000014
21
-98.6469510000000014
0
LINE
8
BLACK
6
CONTINUOUS
10
125.1342810000000014
20
-98.6469510000000014
11
125.0390429999999924
21
-98.837426999999991
0
LINE
8
BLACK
6
CONTINUOUS
10
125.0390429999999924
20
-98.837426999999991
11
125.0369879999999938
21
-98.8406899999999951
0
LINE
8
BLACK
6
CONTINUOUS
10
125.0369879999999938
20
-98.8406899999999951
11
125.0364759999999933
21
-98.842228999999989
0
LINE
8
BLACK
6
CONTINUOUS
10
125.0364759999999933
20
-98.842228999999989
11
125.0348139999999972
21
-98.844144
0
LINE
8
BLACK
6
CONTINUOUS
10
125.0348139999999972
20
-98.844144
11
125.0285999999999973
21
-98.8540179999999964
0
LINE
8
BLACK
6
CONTINUOUS
10
125.0285999999999973
20
-98.8540179999999964
11
125.0191269999999975
21
-98.8622329999999891
0
LINE
8
BLACK
6
CONTINUOUS
10
125.0191269999999975
20
-98.8622329999999891
11
125.0109119999999905
21
-98.871705999999989
0
LINE
8
BLACK
6
CONTINUOUS
10
125.0109119999999905
20
-98.871705999999989
11
125.0010369999999966
21
-98.8779219999999981
0
LINE
8
BLACK
6
CONTINUOUS
10
125.0010369999999966
20
-98.8779219999999981
11
124.9991229999999973
21
-98.8795819999999992
0
LINE
8
BLACK
6
CONTINUOUS
10
124.9991229999999973
20
-98.8795819999999992
11
124.9975859999999983
21
-98.8800939999999997
0
LINE
8
BLACK
6
CONTINUOUS
10
124.9975859999999983
20
-98.8800939999999997
11
124.9943219999999968
21
-98.8821489999999983
0
LINE
8
BLACK
6
CONTINUOUS
10
124.9943219999999968
20
-98.8821489999999983
11
124.803843999999998
21
-98.9773869999999931
0
LINE
8
BLACK
6
CONTINUOUS
10
124.803843999999998
20
-98.9773869999999931
11
124.7855359999999934
21
-98.9843929999999972
0
LINE
8
BLACK
6
CONTINUOUS
10
124.7855359999999934
20
-98.9843929999999972
11
124.7819519999999898
21
-98.9846469999999954
0
LINE
8
BLACK
6
CONTINUOUS
10
124.7819519999999898
20
-98.9846469999999954
11
124.7786319999999876
21
-98.9860229999999888
0
LINE
8
BLACK
6
CONTINUOUS
10
124.7786319999999876
20
-98.9860229999999888
11
124.7591229999999882
21
-98.9879439999999988
0
LINE
8
BLACK
6
CONTINUOUS
10
124.7591229999999882
20
-98.9879439999999988
11
124.3782810000000012
21
-98.9879439999999988
0
LINE
8
BLACK
6
CONTINUOUS
10
124.3782810000000012
20
-98.9879439999999988
11
124.3782759999999996
21
-98.9879449999999963
0
LINE
8
BLACK
6
CONTINUOUS
10
124.3782759999999996
20
-98.9879449999999963
11
124.378270999999998
21
-98.9879439999999988
0
LINE
8
BLACK
6
CONTINUOUS
10
124.378270999999998
20
-98.9879439999999988
11
123.9972190000000012
21
-98.9879439999999988
0
LINE
8
BLACK
6
CONTINUOUS
10
123.9972190000000012
20
-98.9879439999999988
11
123.9777099999999876
21
-98.9860229999999888
0
LINE
8
BLACK
6
CONTINUOUS
10
123.9777099999999876
20
-98.9860229999999888
11
123.974388999999988
21
-98.9846469999999954
0
LINE
8
BLACK
6
CONTINUOUS
10
123.974388999999988
20
-98.9846469999999954
11
123.9708069999999935
21
-98.9843929999999972
0
LINE
8
BLACK
6
CONTINUOUS
10
123.9708069999999935
20
-98.9843929999999972
11
123.9524979999999914
21
-98.9773869999999931
0
LINE
8
BLACK
6
CONTINUOUS
10
123.9524979999999914
20
-98.9773869999999931
11
123.7620209999999901
21
-98.8821489999999983
0
LINE
8
BLACK
6
CONTINUOUS
10
123.7620209999999901
20
-98.8821489999999983
11
123.7587569999999886
21
-98.8800949999999972
0
LINE
8
BLACK
6
CONTINUOUS
10
123.7587569999999886
20
-98.8800949999999972
11
123.7572189999999921
21
-98.8795819999999992
0
LINE
8
BLACK
6
CONTINUOUS
10
123.7572189999999921
20
-98.8795819999999992
11
123.7553020000000004
21
-98.8779189999999915
0
LINE
8
BLACK
6
CONTINUOUS
10
123.7553020000000004
20
-98.8779189999999915
11
123.7454309999999964
21
-98.871705999999989
0
LINE
8
BLACK
6
CONTINUOUS
10
123.7454309999999964
20
-98.871705999999989
11
123.7372170000000011
21
-98.8622349999999983
0
LINE
8
BLACK
6
CONTINUOUS
10
123.7372170000000011
20
-98.8622349999999983
11
123.7277419999999921
21
-98.8540179999999964
0
LINE
8
BLACK
6
CONTINUOUS
10
123.7277419999999921
20
-98.8540179999999964
11
123.7215249999999997
21
-98.8441419999999908
0
LINE
8
BLACK
6
CONTINUOUS
10
123.7215249999999997
20
-98.8441419999999908
11
123.7198659999999961
21
-98.842228999999989
0
LINE
8
BLACK
6
CONTINUOUS
10
123.7198659999999961
20
-98.842228999999989
11
123.7193529999999981
21
-98.84069199999999
0
LINE
8
BLACK
6
CONTINUOUS
10
123.7193529999999981
20
-98.84069199999999
11
123.717298999999997
21
-98.8374279999999885
0
LINE
8
BLACK
6
CONTINUOUS
10
123.717298999999997
20
-98.8374279999999885
11
123.622060999999988
21
-98.6469510000000014
0
LINE
8
BLACK
6
CONTINUOUS
10
123.622060999999988
20
-98.6469510000000014
11
123.6150549999999981
21
-98.6286429999999967
0
LINE
8
BLACK
6
CONTINUOUS
10
123.6150549999999981
20
-98.6286429999999967
11
123.6147999999999882
21
-98.6250589999999931
0
LINE
8
BLACK
6
CONTINUOUS
10
123.6147999999999882
20
-98.6250589999999931
11
123.6134249999999923
21
-98.6217389999999909
0
LINE
8
BLACK
6
CONTINUOUS
10
123.6134249999999923
20
-98.6217389999999909
11
123.6115039999999965
21
-98.6022299999999916
0
LINE
8
BLACK
6
CONTINUOUS
10
123.6115039999999965
20
-98.6022299999999916
11
123.6115039999999965
21
-98.2212770000000006
0
LINE
8
BLACK
6
CONTINUOUS
10
123.6115039999999965
20
-98.2212770000000006
11
123.6134249999999923
21
-98.2017680000000013
0
LINE
8
BLACK
6
CONTINUOUS
10
123.6134249999999923
20
-98.2017680000000013
11
123.6147999999999882
21
-98.1984470000000016
0
LINE
8
BLACK
6
CONTINUOUS
10
123.6147999999999882
20
-98.1984470000000016
11
123.6150549999999981
21
-98.1948639999999955
0
LINE
8
BLACK
6
CONTINUOUS
10
123.6150549999999981
20
-98.1948639999999955
11
123.622060999999988
21
-98.1765559999999908
0
LINE
8
BLACK
6
CONTINUOUS
10
123.622060999999988
20
-98.1765559999999908
11
123.717298999999997
21
-97.9860789999999895
0
LINE
8
BLACK
6
CONTINUOUS
10
123.717298999999997
20
-97.9860789999999895
11
123.7193529999999981
21
-97.9828139999999905
0
LINE
8
BLACK
6
CONTINUOUS
10
123.7193529999999981
20
-97.9828139999999905
11
123.7198659999999961
21
-97.981277999999989
0
LINE
8
BLACK
6
CONTINUOUS
10
123.7198659999999961
20
-97.981277999999989
11
123.7215249999999997
21
-97.9793639999999897
0
LINE
8
BLACK
6
CONTINUOUS
10
123.7215249999999997
20
-97.9793639999999897
11
123.7277419999999921
21
-97.9694889999999958
0
LINE
8
BLACK
6
CONTINUOUS
10
123.7277419999999921
20
-97.9694889999999958
11
123.7372170000000011
21
-97.9612709999999964
0
LINE
8
BLACK
6
CONTINUOUS
10
123.7372170000000011
20
-97.9612709999999964
11
123.7454309999999964
21
-97.951800999999989
0
LINE
8
BLACK
6
CONTINUOUS
10
123.7454309999999964
20
-97.951800999999989
11
123.7553020000000004
21
-97.9455869999999891
0
LINE
8
BLACK
6
CONTINUOUS
10
123.7553020000000004
20
-97.9455869999999891
11
123.7572189999999921
21
-97.943924999999993
0
LINE
8
BLACK
6
CONTINUOUS
10
123.7572189999999921
20
-97.943924999999993
11
123.7587569999999886
21
-97.9434109999999976
0
LINE
8
BLACK
6
CONTINUOUS
10
123.7587569999999886
20
-97.9434109999999976
11
123.7620209999999901
21
-97.9413579999999939
0
LINE
8
BLACK
6
CONTINUOUS
10
123.7620209999999901
20
-97.9413579999999939
11
123.9524979999999914
21
-97.8461199999999991
0
LINE
8
BLACK
6
CONTINUOUS
10
123.9524979999999914
20
-97.8461199999999991
11
123.9708069999999935
21
-97.839113999999995
0
LINE
8
BLACK
6
CONTINUOUS
10
123.9708069999999935
20
-97.839113999999995
11
123.974388999999988
21
-97.8388589999999994
0
LINE
8
BLACK
6
CONTINUOUS
10
123.974388999999988
20
-97.8388589999999994
11
123.9777099999999876
21
-97.8374839999999892
0
LINE
8
BLACK
6
CONTINUOUS
10
123.9777099999999876
20
-97.8374839999999892
11
123.9972190000000012
21
-97.8355629999999934
0
LINE
8
BLACK
6
CONTINUOUS
10
123.9972190000000012
20
-97.8355629999999934
11
124.1876949999999908
21
-97.8355629999999934
0
LINE
8
BLACK
6
CONTINUOUS
10
124.1876949999999908
20
-97.8355629999999934
11
124.2072039999999902
21
-97.8374839999999892
0
LINE
8
BLACK
6
CONTINUOUS
10
123.8812769999999972
20
-98.1053359999999941
11
123.8115039999999993
21
-98.244883999999999
0
LINE
8
BLACK
6
CONTINUOUS
10
123.8115039999999993
20
-98.244883999999999
11
123.8115039999999993
21
-98.5786229999999932
0
LINE
8
BLACK
6
CONTINUOUS
10
123.8115039999999993
20
-98.5786229999999932
11
123.8812769999999972
21
-98.7181700000000006
0
LINE
8
BLACK
6
CONTINUOUS
10
123.8812769999999972
20
-98.7181700000000006
11
124.020826999999997
21
-98.787943999999996
0
LINE
8
BLACK
6
CONTINUOUS
10
124.020826999999997
20
-98.787943999999996
11
124.2561910000000012
21
-98.787943999999996
0
LINE
8
BLACK
6
CONTINUOUS
10
124.2561910000000012
20
-98.787943999999996
11
124.1057149999999893
21
-98.0355629999999962
0
LINE
8
BLACK
6
CONTINUOUS
10
124.1057149999999893
20
-98.0355629999999962
11
124.020826999999997
21
-98.0355629999999962
0
LINE
8
BLACK
6
CONTINUOUS
10
124.020826999999997
20
-98.0355629999999962
11
123.8812769999999972
21
-98.1053359999999941
0
LINE
8
BLACK
6
CONTINUOUS
10
123.7451379999999972
20
-96.2223410000000001
11
125.0784719999999908
21
-96.6985320000000002
0
LINE
8
BLACK
6
CONTINUOUS
10
125.0784719999999908
20
-96.6985320000000002
11
125.0801689999999979
21
-96.6993329999999958
0
LINE
8
BLACK
6
CONTINUOUS
10
125.0801689999999979
20
-96.6993329999999958
11
125.0819769999999949
21
-96.6998579999999919
0
LINE
8
BLACK
6
CONTINUOUS
10
125.0819769999999949
20
-96.6998579999999919
11
125.5581669999999974
21
-96.8903339999999957
0
LINE
8
BLACK
6
CONTINUOUS
10
125.5581669999999974
20
-96.8903339999999957
11
125.5755669999999924
21
-96.8993629999999939
0
LINE
8
BLACK
6
CONTINUOUS
10
125.5755669999999924
20
-96.8993629999999939
11
125.5760119999999915
21
-96.8997969999999924
0
LINE
8
BLACK
6
CONTINUOUS
10
125.5760119999999915
20
-96.8997969999999924
11
125.5765849999999944
21
-96.9000350000000026
0
LINE
8
BLACK
6
CONTINUOUS
10
125.5765849999999944
20
-96.9000350000000026
11
125.5917389999999898
21
-96.9124709999999965
0
LINE
8
BLACK
6
CONTINUOUS
10
125.5917389999999898
20
-96.9124709999999965
11
125.6869769999999988
21
-97.0077089999999913
0
LINE
8
BLACK
6
CONTINUOUS
10
125.6869769999999988
20
-97.0077089999999913
11
125.6932679999999891
21
-97.0153749999999917
0
LINE
8
BLACK
6
CONTINUOUS
10
125.6932679999999891
20
-97.0153749999999917
11
125.6952659999999895
21
-97.0171079999999932
0
LINE
8
BLACK
6
CONTINUOUS
10
125.6952659999999895
20
-97.0171079999999932
11
125.6971609999999941
21
-97.020118999999994
0
LINE
8
BLACK
6
CONTINUOUS
10
125.6971609999999941
20
-97.020118999999994
11
125.6994129999999927
21
-97.022863000000001
0
LINE
8
BLACK
6
CONTINUOUS
10
125.6994129999999927
20
-97.022863000000001
11
125.700421999999989
21
-97.0253000000000014
0
LINE
8
BLACK
6
CONTINUOUS
10
125.700421999999989
20
-97.0253000000000014
11
125.7057089999999988
21
-97.0336989999999986
0
LINE
8
BLACK
6
CONTINUOUS
10
125.7057089999999988
20
-97.0336989999999986
11
125.8009469999999936
21
-97.2241750000000025
0
LINE
8
BLACK
6
CONTINUOUS
10
125.8009469999999936
20
-97.2241750000000025
11
125.8079529999999977
21
-97.2424829999999929
0
LINE
8
BLACK
6
CONTINUOUS
10
125.8079529999999977
20
-97.2424829999999929
11
125.8107189999999918
21
-97.2814039999999949
0
LINE
8
BLACK
6
CONTINUOUS
10
125.8107189999999918
20
-97.2814039999999949
11
125.7983799999999945
21
-97.3184189999999916
0
LINE
8
BLACK
6
CONTINUOUS
10
125.7983799999999945
20
-97.3184189999999916
11
125.7728159999999917
21
-97.3478959999999915
0
LINE
8
BLACK
6
CONTINUOUS
10
125.7728159999999917
20
-97.3478959999999915
11
125.7379169999999959
21
-97.3653460000000024
0
LINE
8
BLACK
6
CONTINUOUS
10
125.7379169999999959
20
-97.3653460000000024
11
125.6989969999999914
21
-97.368110999999999
0
LINE
8
BLACK
6
CONTINUOUS
10
125.6989969999999914
20
-97.368110999999999
11
125.6619809999999973
21
-97.3557720000000018
0
LINE
8
BLACK
6
CONTINUOUS
10
125.6619809999999973
20
-97.3557720000000018
11
125.6325039999999973
21
-97.3302079999999989
0
LINE
8
BLACK
6
CONTINUOUS
10
125.6325039999999973
20
-97.3302079999999989
11
125.622060999999988
21
-97.3136179999999911
0
LINE
8
BLACK
6
CONTINUOUS
10
125.622060999999988
20
-97.3136179999999911
11
125.5340799999999888
21
-97.1376559999999927
0
LINE
8
BLACK
6
CONTINUOUS
10
125.5340799999999888
20
-97.1376559999999927
11
125.4648299999999921
21
-97.068405999999996
0
LINE
8
BLACK
6
CONTINUOUS
10
125.4648299999999921
20
-97.068405999999996
11
125.0428329999999875
21
-96.8996069999999889
0
LINE
8
BLACK
6
CONTINUOUS
10
125.0428329999999875
20
-96.8996069999999889
11
123.7451379999999972
21
-97.3630699999999933
0
LINE
8
BLACK
6
CONTINUOUS
10
123.7451379999999972
20
-97.3630699999999933
11
123.7261189999999971
21
-97.3678230000000013
0
LINE
8
BLACK
6
CONTINUOUS
10
123.7261189999999971
20
-97.3678230000000013
11
123.6871489999999909
21
-97.3658849999999916
0
LINE
8
BLACK
6
CONTINUOUS
10
123.6871489999999909
20
-97.3658849999999916
11
123.6518869999999879
21
-97.349181999999999
0
LINE
8
BLACK
6
CONTINUOUS
10
123.6518869999999879
20
-97.349181999999999
11
123.6256999999999948
21
-97.3202560000000005
0
LINE
8
BLACK
6
CONTINUOUS
10
123.6256999999999948
20
-97.3202560000000005
11
123.6125769999999875
21
-97.2835109999999901
0
LINE
8
BLACK
6
CONTINUOUS
10
123.6125769999999875
20
-97.2835109999999901
11
123.6145149999999973
21
-97.2445409999999981
0
LINE
8
BLACK
6
CONTINUOUS
10
123.6145149999999973
20
-97.2445409999999981
11
123.6312179999999898
21
-97.2092789999999951
0
LINE
8
BLACK
6
CONTINUOUS
10
123.6312179999999898
20
-97.2092789999999951
11
123.6601439999999883
21
-97.183092000000002
0
LINE
8
BLACK
6
CONTINUOUS
10
123.6601439999999883
20
-97.183092000000002
11
123.6778699999999986
21
-97.1747219999999885
0
LINE
8
BLACK
6
CONTINUOUS
10
123.6778699999999986
20
-97.1747219999999885
11
124.7475169999999878
21
-96.7927059999999955
0
LINE
8
BLACK
6
CONTINUOUS
10
124.7475169999999878
20
-96.7927059999999955
11
123.6778699999999986
21
-96.4106889999999908
0
LINE
8
BLACK
6
CONTINUOUS
10
123.6778699999999986
20
-96.4106889999999908
11
123.6601439999999883
21
-96.4023189999999914
0
LINE
8
BLACK
6
CONTINUOUS
10
123.6601439999999883
20
-96.4023189999999914
11
123.6312179999999898
21
-96.3761319999999984
0
LINE
8
BLACK
6
CONTINUOUS
10
123.6312179999999898
20
-96.3761319999999984
11
123.6145149999999973
21
-96.3408699999999953
0
LINE
8
BLACK
6
CONTINUOUS
10
123.6145149999999973
20
-96.3408699999999953
11
123.6125769999999875
21
-96.3018999999999892
0
LINE
8
BLACK
6
CONTINUOUS
10
123.6125769999999875
20
-96.3018999999999892
11
123.6256999999999948
21
-96.2651549999999929
0
LINE
8
BLACK
6
CONTINUOUS
10
123.6256999999999948
20
-96.2651549999999929
11
123.6518869999999879
21
-96.2362289999999945
0
LINE
8
BLACK
6
CONTINUOUS
10
123.6518869999999879
20
-96.2362289999999945
11
123.6871489999999909
21
-96.2195260000000019
0
LINE
8
BLACK
6
CONTINUOUS
10
123.6871489999999909
20
-96.2195260000000019
11
123.7261189999999971
21
-96.2175879999999921
0
LINE
8
BLACK
6
CONTINUOUS
10
123.7261189999999971
20
-96.2175879999999921
11
123.7451379999999972
21
-96.2223410000000001
0
LINE
8
BLACK
6
CONTINUOUS
10
123.7670609999999982
20
-94.9000339999999909
11
123.7946509999999876
21
-94.9276239999999945
0
LINE
8
BLACK
6
CONTINUOUS
10
123.7946509999999876
20
-94.9276239999999945
11
123.8095829999999893
21
-94.9636720000000025
0
LINE
8
BLACK
6
CONTINUOUS
10
123.8095829999999893
20
-94.9636720000000025
11
123.8115039999999993
21
-94.9831810000000019
0
LINE
8
BLACK
6
CONTINUOUS
10
123.8115039999999993
20
-94.9831810000000019
11
123.8115039999999993
21
-95.1500509999999906
0
LINE
8
BLACK
6
CONTINUOUS
10
123.8115039999999993
20
-95.1500509999999906
11
123.8889269999999954
21
-95.3048969999999969
0
LINE
8
BLACK
6
CONTINUOUS
10
123.8889269999999954
20
-95.3048969999999969
11
123.9612159999999932
21
-95.3771859999999947
0
LINE
8
BLACK
6
CONTINUOUS
10
123.9612159999999932
20
-95.3771859999999947
11
124.1160649999999919
21
-95.4546100000000024
0
LINE
8
BLACK
6
CONTINUOUS
10
124.1160649999999919
20
-95.4546100000000024
11
125.0448379999999986
21
-95.4546100000000024
0
LINE
8
BLACK
6
CONTINUOUS
10
125.0448379999999986
20
-95.4546100000000024
11
125.0643469999999979
21
-95.4565309999999982
0
LINE
8
BLACK
6
CONTINUOUS
10
125.0643469999999979
20
-95.4565309999999982
11
125.1003949999999918
21
-95.471463
0
LINE
8
BLACK
6
CONTINUOUS
10
125.1003949999999918
20
-95.471463
11
125.1279849999999954
21
-95.4990529999999893
0
LINE
8
BLACK
6
CONTINUOUS
10
125.1279849999999954
20
-95.4990529999999893
11
125.1429169999999971
21
-95.5351009999999974
0
LINE
8
BLACK
6
CONTINUOUS
10
125.1429169999999971
20
-95.5351009999999974
11
125.1429169999999971
21
-95.574118999999996
0
LINE
8
BLACK
6
CONTINUOUS
10
125.1429169999999971
20
-95.574118999999996
11
125.1279849999999954
21
-95.6101669999999899
0
LINE
8
BLACK
6
CONTINUOUS
10
125.1279849999999954
20
-95.6101669999999899
11
125.1003949999999918
21
-95.6377569999999935
0
LINE
8
BLACK
6
CONTINUOUS
10
125.1003949999999918
20
-95.6377569999999935
11
125.0643469999999979
21
-95.6526889999999952
0
LINE
8
BLACK
6
CONTINUOUS
10
125.0643469999999979
20
-95.6526889999999952
11
125.0448379999999986
21
-95.654609999999991
0
LINE
8
BLACK
6
CONTINUOUS
10
125.0448379999999986
20
-95.654609999999991
11
123.7115039999999908
21
-95.654609999999991
0
LINE
8
BLACK
6
CONTINUOUS
10
123.7115039999999908
20
-95.654609999999991
11
123.6919949999999915
21
-95.6526889999999952
0
LINE
8
BLACK
6
CONTINUOUS
10
123.6919949999999915
20
-95.6526889999999952
11
123.6559469999999976
21
-95.6377569999999935
0
LINE
8
BLACK
6
CONTINUOUS
10
123.6559469999999976
20
-95.6377569999999935
11
123.6283569999999941
21
-95.6101669999999899
0
LINE
8
BLACK
6
CONTINUOUS
10
123.6283569999999941
20
-95.6101669999999899
11
123.6134249999999923
21
-95.574118999999996
0
LINE
8
BLACK
6
CONTINUOUS
10
123.6134249999999923
20
-95.574118999999996
11
123.6134249999999923
21
-95.5351009999999974
0
LINE
8
BLACK
6
CONTINUOUS
10
123.6134249999999923
20
-95.5351009999999974
11
123.6283569999999941
21
-95.4990529999999893
0
LINE
8
BLACK
6
CONTINUOUS
10
123.6283569999999941
20
-95.4990529999999893
11
123.6559469999999976
21
-95.471463
0
LINE
8
BLACK
6
CONTINUOUS
10
123.6559469999999976
20
-95.471463
11
123.6919949999999915
21
-95.4565309999999982
0
LINE
8
BLACK
6
CONTINUOUS
10
123.6919949999999915
20
-95.4565309999999982
11
123.7115039999999908
21
-95.4546100000000024
0
LINE
8
BLACK
6
CONTINUOUS
10
123.7115039999999908
20
-95.4546100000000024
11
123.7557959999999895
21
-95.4546100000000024
0
LINE
8
BLACK
6
CONTINUOUS
10
123.7557959999999895
20
-95.4546100000000024
11
123.736030999999997
21
-95.4348449999999957
0
LINE
8
BLACK
6
CONTINUOUS
10
123.736030999999997
20
-95.4348449999999957
11
123.729738999999995
21
-95.4271779999999978
0
LINE
8
BLACK
6
CONTINUOUS
10
123.729738999999995
20
-95.4271779999999978
11
123.7277419999999921
21
-95.4254459999999938
0
LINE
8
BLACK
6
CONTINUOUS
10
123.7277419999999921
20
-95.4254459999999938
11
123.72584599999999
21
-95.4224339999999955
0
LINE
8
BLACK
6
CONTINUOUS
10
123.72584599999999
20
-95.4224339999999955
11
123.7235949999999889
21
-95.4196910000000003
0
LINE
8
BLACK
6
CONTINUOUS
10
123.7235949999999889
20
-95.4196910000000003
11
123.7225849999999951
21
-95.4172539999999998
0
LINE
8
BLACK
6
CONTINUOUS
10
123.7225849999999951
20
-95.4172539999999998
11
123.717298999999997
21
-95.4088560000000001
0
LINE
8
BLACK
6
CONTINUOUS
10
123.717298999999997
20
-95.4088560000000001
11
123.622060999999988
21
-95.2183789999999988
0
LINE
8
BLACK
6
CONTINUOUS
10
123.622060999999988
20
-95.2183789999999988
11
123.6150549999999981
21
-95.2000709999999941
0
LINE
8
BLACK
6
CONTINUOUS
10
123.6150549999999981
20
-95.2000709999999941
11
123.6147999999999882
21
-95.1964869999999905
0
LINE
8
BLACK
6
CONTINUOUS
10
123.6147999999999882
20
-95.1964869999999905
11
123.6134249999999923
21
-95.1931670000000025
0
LINE
8
BLACK
6
CONTINUOUS
10
123.6134249999999923
20
-95.1931670000000025
11
123.6115039999999965
21
-95.173657999999989
0
LINE
8
BLACK
6
CONTINUOUS
10
123.6115039999999965
20
-95.173657999999989
11
123.6115039999999965
21
-94.9831810000000019
0
LINE
8
BLACK
6
CONTINUOUS
10
123.6115039999999965
20
-94.9831810000000019
11
123.6134249999999923
21
-94.9636720000000025
0
LINE
8
BLACK
6
CONTINUOUS
10
123.6134249999999923
20
-94.9636720000000025
11
123.6283569999999941
21
-94.9276239999999945
0
LINE
8
BLACK
6
CONTINUOUS
10
123.6283569999999941
20
-94.9276239999999945
11
123.6559469999999976
21
-94.9000339999999909
0
LINE
8
BLACK
6
CONTINUOUS
10
123.6559469999999976
20
-94.9000339999999909
11
123.6919949999999915
21
-94.8851019999999892
0
LINE
8
BLACK
6
CONTINUOUS
10
123.6919949999999915
20
-94.8851019999999892
11
123.7310129999999901
21
-94.8851019999999892
0
LINE
8
BLACK
6
CONTINUOUS
10
123.7310129999999901
20
-94.8851019999999892
11
123.7670609999999982
21
-94.9000339999999909
0
LINE
8
BLACK
6
CONTINUOUS
10
141.888450000000006
20
-68.6099999999999994
11
143.9000000000000057
21
-68.6099999999999994
0
LINE
8
BLACK
6
CONTINUOUS
10
143.9000000000000057
20
-68.6099999999999994
11
143.9390180000000043
21
-68.6138430000000028
0
LINE
8
BLACK
6
CONTINUOUS
10
143.9390180000000043
20
-68.6138430000000028
11
144.0111139999999921
21
-68.6437059999999946
0
LINE
8
BLACK
6
CONTINUOUS
10
144.0111139999999921
20
-68.6437059999999946
11
144.0414209999999855
21
-68.668578999999994
0
LINE
8
BLACK
6
CONTINUOUS
10
144.0414209999999855
20
-68.668578999999994
11
146.7653080000000045
21
-71.3924659999999989
0
LINE
8
BLACK
6
CONTINUOUS
10
146.7653080000000045
20
-71.3924659999999989
11
146.7901809999999898
21
-71.4227729999999923
0
LINE
8
BLACK
6
CONTINUOUS
10
146.7901809999999898
20
-71.4227729999999923
11
146.8200439999999958
21
-71.4948689999999942
0
LINE
8
BLACK
6
CONTINUOUS
10
146.8200439999999958
20
-71.4948689999999942
11
146.8238869999999849
21
-71.5338869999999929
0
LINE
8
BLACK
6
CONTINUOUS
10
146.8238869999999849
20
-71.5338869999999929
11
146.8238869999999849
21
-71.8357829999999922
0
LINE
8
BLACK
6
CONTINUOUS
10
146.8238869999999849
20
-71.8357829999999922
11
147.6238869999999963
21
-71.8357829999999922
0
LINE
8
BLACK
6
CONTINUOUS
10
147.6238869999999963
20
-71.8357829999999922
11
147.6238869999999963
21
-72.6357830000000035
0
LINE
8
BLACK
6
CONTINUOUS
10
147.6238869999999963
20
-72.6357830000000035
11
148.265782999999999
21
-72.6357830000000035
0
LINE
8
BLACK
6
CONTINUOUS
10
148.265782999999999
20
-72.6357830000000035
11
148.3048009999999977
21
-72.6396259999999927
0
LINE
8
BLACK
6
CONTINUOUS
10
148.3048009999999977
20
-72.6396259999999927
11
148.3768969999999854
21
-72.6694889999999987
0
LINE
8
BLACK
6
CONTINUOUS
10
148.3768969999999854
20
-72.6694889999999987
11
148.4072040000000072
21
-72.6943619999999981
0
LINE
8
BLACK
6
CONTINUOUS
10
148.4072040000000072
20
-72.6943619999999981
11
149.4073349999999891
21
-73.6944929999999943
0
LINE
8
BLACK
6
CONTINUOUS
10
149.4073349999999891
20
-73.6944929999999943
11
149.4322080000000028
21
-73.7248000000000019
0
LINE
8
BLACK
6
CONTINUOUS
10
149.4322080000000028
20
-73.7248000000000019
11
149.4620709999999804
21
-73.7968959999999896
0
LINE
8
BLACK
6
CONTINUOUS
10
149.4620709999999804
20
-73.7968959999999896
11
149.4659139999999979
21
-73.8359140000000025
0
LINE
8
BLACK
6
CONTINUOUS
10
149.4659139999999979
20
-73.8359140000000025
11
149.4659139999999979
21
-98.4840859999999907
0
LINE
8
BLACK
6
CONTINUOUS
10
149.4659139999999979
20
-98.4840859999999907
11
149.4620709999999804
21
-98.5231039999999894
0
LINE
8
BLACK
6
CONTINUOUS
10
149.4620709999999804
20
-98.5231039999999894
11
149.4322080000000028
21
-98.5951999999999913
0
LINE
8
BLACK
6
CONTINUOUS
10
149.4322080000000028
20
-98.5951999999999913
11
149.4073359999999866
21
-98.6255069999999989
0
LINE
8
BLACK
6
CONTINUOUS
10
149.4073359999999866
20
-98.6255069999999989
11
148.8814209999999889
21
-99.1514209999999991
0
LINE
8
BLACK
6
CONTINUOUS
10
148.8814209999999889
20
-99.1514209999999991
11
148.8511139999999955
21
-99.1762939999999986
0
LINE
8
BLACK
6
CONTINUOUS
10
148.8511139999999955
20
-99.1762939999999986
11
148.7790179999999793
21
-99.2061569999999904
0
LINE
8
BLACK
6
CONTINUOUS
10
148.7790179999999793
20
-99.2061569999999904
11
148.7399999999999807
21
-99.2099999999999937
0
LINE
8
BLACK
6
CONTINUOUS
10
148.7399999999999807
20
-99.2099999999999937
11
143.0999999999999943
21
-99.2099999999999937
0
LINE
8
BLACK
6
CONTINUOUS
10
143.0999999999999943
20
-99.2099999999999937
11
143.0609819999999957
21
-99.2061569999999904
0
LINE
8
BLACK
6
CONTINUOUS
10
143.0609819999999957
20
-99.2061569999999904
11
142.9888859999999795
21
-99.1762939999999986
0
LINE
8
BLACK
6
CONTINUOUS
10
142.9888859999999795
20
-99.1762939999999986
11
142.9585789999999861
21
-99.1514219999999966
0
LINE
8
BLACK
6
CONTINUOUS
10
142.9585789999999861
20
-99.1514219999999966
11
142.6258750000000077
21
-98.8187169999999924
0
LINE
8
BLACK
6
CONTINUOUS
10
142.6258750000000077
20
-98.8187169999999924
11
142.601001999999994
21
-98.7884099999999989
0
LINE
8
BLACK
6
CONTINUOUS
10
142.601001999999994
20
-98.7884099999999989
11
142.5711389999999881
21
-98.716313999999997
0
LINE
8
BLACK
6
CONTINUOUS
10
142.5711389999999881
20
-98.716313999999997
11
142.5672959999999989
21
-98.6772959999999983
0
LINE
8
BLACK
6
CONTINUOUS
10
142.5672959999999989
20
-98.6772959999999983
11
142.5672959999999989
21
-92.1243010000000027
0
LINE
8
BLACK
6
CONTINUOUS
10
142.5672959999999989
20
-92.1243010000000027
11
141.7672959999999875
21
-92.1243010000000027
0
LINE
8
BLACK
6
CONTINUOUS
10
141.7672959999999875
20
-92.1243010000000027
11
141.7672959999999875
21
-90.1243010000000027
0
LINE
8
BLACK
6
CONTINUOUS
10
141.7672959999999875
20
-90.1243010000000027
11
143.7672959999999875
21
-90.1243010000000027
0
LINE
8
BLACK
6
CONTINUOUS
10
143.7672959999999875
20
-90.1243010000000027
11
143.7672959999999875
21
-92.1243010000000027
0
LINE
8
BLACK
6
CONTINUOUS
10
143.7672959999999875
20
-92.1243010000000027
11
142.9672960000000046
21
-92.1243010000000027
0
LINE
8
BLACK
6
CONTINUOUS
10
142.9672960000000046
20
-92.1243010000000027
11
142.9672960000000046
21
-98.5944530000000015
0
LINE
8
BLACK
6
CONTINUOUS
10
142.9672960000000046
20
-98.5944530000000015
11
143.1828429999999912
21
-98.8100000000000023
0
LINE
8
BLACK
6
CONTINUOUS
10
143.1828429999999912
20
-98.8100000000000023
11
148.6571579999999813
21
-98.8100000000000023
0
LINE
8
BLACK
6
CONTINUOUS
10
148.6571579999999813
20
-98.8100000000000023
11
149.0659139999999923
21
-98.4012429999999938
0
LINE
8
BLACK
6
CONTINUOUS
10
149.0659139999999923
20
-98.4012429999999938
11
149.0659139999999923
21
-73.9187560000000019
0
LINE
8
BLACK
6
CONTINUOUS
10
149.0659139999999923
20
-73.9187560000000019
11
148.1829409999999996
21
-73.035782999999995
0
LINE
8
BLACK
6
CONTINUOUS
10
148.1829409999999996
20
-73.035782999999995
11
147.6238869999999963
21
-73.035782999999995
0
LINE
8
BLACK
6
CONTINUOUS
10
147.6238869999999963
20
-73.035782999999995
11
147.6238869999999963
21
-73.8357829999999922
0
LINE
8
BLACK
6
CONTINUOUS
10
147.6238869999999963
20
-73.8357829999999922
11
145.6238869999999963
21
-73.8357829999999922
0
LINE
8
BLACK
6
CONTINUOUS
10
145.6238869999999963
20
-73.8357829999999922
11
145.6238869999999963
21
-71.8357829999999922
0
LINE
8
BLACK
6
CONTINUOUS
10
145.6238869999999963
20
-71.8357829999999922
11
146.4238869999999793
21
-71.8357829999999922
0
LINE
8
BLACK
6
CONTINUOUS
10
146.4238869999999793
20
-71.8357829999999922
11
146.4238869999999793
21
-71.6167289999999923
0
LINE
8
BLACK
6
CONTINUOUS
10
146.4238869999999793
20
-71.6167289999999923
11
143.8171580000000063
21
-69.0099999999999909
0
LINE
8
BLACK
6
CONTINUOUS
10
143.8171580000000063
20
-69.0099999999999909
11
141.888450000000006
21
-69.0099999999999909
0
LINE
8
BLACK
6
CONTINUOUS
10
141.888450000000006
20
-69.0099999999999909
11
141.888450000000006
21
-69.7099999999999937
0
LINE
8
BLACK
6
CONTINUOUS
10
141.888450000000006
20
-69.7099999999999937
11
140.0884499999999946
21
-69.7099999999999937
0
LINE
8
BLACK
6
CONTINUOUS
10
140.0884499999999946
20
-69.7099999999999937
11
140.0884499999999946
21
-67.9099999999999966
0
LINE
8
BLACK
6
CONTINUOUS
10
140.0884499999999946
20
-67.9099999999999966
11
141.888450000000006
21
-67.9099999999999966
0
LINE
8
BLACK
6
CONTINUOUS
10
141.888450000000006
20
-67.9099999999999966
11
141.888450000000006
21
-68.6099999999999994
0
LINE
8
BLACK
6
CONTINUOUS
10
143.6255199999999945
20
-69.530185000000003
11
143.6461620000000039
21
-69.5468189999999993
0
LINE
8
BLACK
6
CONTINUOUS
10
143.6461620000000039
20
-69.5468189999999993
11
145.3431449999999927
21
-71.2438020000000023
0
LINE
8
BLACK
6
CONTINUOUS
10
145.3431449999999927
20
-71.2438020000000023
11
145.3766300000000058
21
-71.3051250000000039
0
LINE
8
BLACK
6
CONTINUOUS
10
145.3766300000000058
20
-71.3051250000000039
11
145.3716459999999984
21
-71.3748169999999931
0
LINE
8
BLACK
6
CONTINUOUS
10
145.3716459999999984
20
-71.3748169999999931
11
145.3297759999999812
21
-71.4307489999999916
0
LINE
8
BLACK
6
CONTINUOUS
10
145.3297759999999812
20
-71.4307489999999916
11
145.2663389999999879
21
-71.4782379999999904
0
LINE
8
BLACK
6
CONTINUOUS
10
145.2663389999999879
20
-71.4782379999999904
11
145.1800929999999994
21
-71.5934469999999976
0
LINE
8
BLACK
6
CONTINUOUS
10
145.1800929999999994
20
-71.5934469999999976
11
145.1800889999999811
21
-71.5934539999999942
0
LINE
8
BLACK
6
CONTINUOUS
10
145.1800889999999811
20
-71.5934539999999942
11
145.1297950000000014
21
-71.7282999999999902
0
LINE
8
BLACK
6
CONTINUOUS
10
145.1297950000000014
20
-71.7282999999999902
11
145.1233880000000056
21
-71.7878989999999959
0
LINE
8
BLACK
6
CONTINUOUS
10
145.1233880000000056
20
-71.7878989999999959
11
145.1233880000000056
21
-71.7879059999999924
0
LINE
8
BLACK
6
CONTINUOUS
10
145.1233880000000056
20
-71.7879059999999924
11
145.1233869999999797
21
-71.7879179999999906
0
LINE
8
BLACK
6
CONTINUOUS
10
145.1233869999999797
20
-71.7879179999999906
11
145.1233869999999797
21
-73.8836529999999954
0
LINE
8
BLACK
6
CONTINUOUS
10
145.1233869999999797
20
-73.8836529999999954
11
145.1233880000000056
21
-73.8836589999999944
0
LINE
8
BLACK
6
CONTINUOUS
10
145.1233880000000056
20
-73.8836589999999944
11
145.1297950000000014
21
-73.9432659999999942
0
LINE
8
BLACK
6
CONTINUOUS
10
145.1297950000000014
20
-73.9432659999999942
11
145.1800889999999811
21
-74.0781109999999927
0
LINE
8
BLACK
6
CONTINUOUS
10
145.1800889999999811
20
-74.0781109999999927
11
145.1800929999999994
21
-74.0781180000000035
0
LINE
8
BLACK
6
CONTINUOUS
10
145.1800929999999994
20
-74.0781180000000035
11
145.2663389999999879
21
-74.1933269999999965
0
LINE
8
BLACK
6
CONTINUOUS
10
145.2663389999999879
20
-74.1933269999999965
11
145.2663419999999803
21
-74.1933300000000031
0
LINE
8
BLACK
6
CONTINUOUS
10
145.2663419999999803
20
-74.1933300000000031
11
145.3815510000000017
21
-74.2795759999999916
0
LINE
8
BLACK
6
CONTINUOUS
10
145.3815510000000017
20
-74.2795759999999916
11
145.3815600000000074
21
-74.2795809999999932
0
LINE
8
BLACK
6
CONTINUOUS
10
145.3815600000000074
20
-74.2795809999999932
11
145.4123500000000035
21
-74.2910650000000032
0
LINE
8
BLACK
6
CONTINUOUS
10
145.4123500000000035
20
-74.2910650000000032
11
145.4682839999999828
21
-74.3329360000000037
0
LINE
8
BLACK
6
CONTINUOUS
10
145.4682839999999828
20
-74.3329360000000037
11
145.49270199999998
21
-74.3983999999999952
0
LINE
8
BLACK
6
CONTINUOUS
10
145.49270199999998
20
-74.3983999999999952
11
145.4778509999999869
21
-74.4666730000000001
0
LINE
8
BLACK
6
CONTINUOUS
10
145.4778509999999869
20
-74.4666730000000001
11
145.4693369999999959
21
-74.4801310000000001
0
LINE
8
BLACK
6
CONTINUOUS
10
145.4693369999999959
20
-74.4801310000000001
11
145.3747539999999958
21
-74.6103149999999999
0
LINE
8
BLACK
6
CONTINUOUS
10
145.3747539999999958
20
-74.6103149999999999
11
145.2703840000000071
21
-74.8151519999999977
0
LINE
8
BLACK
6
CONTINUOUS
10
145.2703840000000071
20
-74.8151519999999977
11
145.1993469999999888
21
-75.0337809999999905
0
LINE
8
BLACK
6
CONTINUOUS
10
145.1993469999999888
20
-75.0337809999999905
11
145.1993469999999888
21
-75.0337839999999971
0
LINE
8
BLACK
6
CONTINUOUS
10
145.1993469999999888
20
-75.0337839999999971
11
145.1633839999999793
21
-75.2608429999999942
0
LINE
8
BLACK
6
CONTINUOUS
10
145.1633839999999793
20
-75.2608429999999942
11
145.1633839999999793
21
-75.4907299999999992
0
LINE
8
BLACK
6
CONTINUOUS
10
145.1633839999999793
20
-75.4907299999999992
11
145.1993469999999888
21
-75.7177889999999962
0
LINE
8
BLACK
6
CONTINUOUS
10
145.1993469999999888
20
-75.7177889999999962
11
145.1993469999999888
21
-75.7177920000000029
0
LINE
8
BLACK
6
CONTINUOUS
10
145.1993469999999888
20
-75.7177920000000029
11
145.2703840000000071
21
-75.9364209999999957
0
LINE
8
BLACK
6
CONTINUOUS
10
145.2703840000000071
20
-75.9364209999999957
11
145.270386000000002
21
-75.9364240000000024
0
LINE
8
BLACK
6
CONTINUOUS
10
145.270386000000002
20
-75.9364240000000024
11
145.3697420000000022
21
-76.1314220000000006
0
LINE
8
BLACK
6
CONTINUOUS
10
145.3697420000000022
20
-76.1314220000000006
11
145.3747549999999933
21
-76.1412589999999909
0
LINE
8
BLACK
6
CONTINUOUS
10
145.3747549999999933
20
-76.1412589999999909
11
145.509871000000004
21
-76.3272319999999951
0
LINE
8
BLACK
6
CONTINUOUS
10
145.509871000000004
20
-76.3272319999999951
11
145.5098749999999939
21
-76.3272369999999967
0
LINE
8
BLACK
6
CONTINUOUS
10
145.5098749999999939
20
-76.3272369999999967
11
145.6724329999999838
21
-76.4897950000000009
0
LINE
8
BLACK
6
CONTINUOUS
10
145.6724329999999838
20
-76.4897950000000009
11
145.6724379999999996
21
-76.4897989999999908
0
LINE
8
BLACK
6
CONTINUOUS
10
145.6724379999999996
20
-76.4897989999999908
11
145.7835110000000043
21
-76.5704980000000006
0
LINE
8
BLACK
6
CONTINUOUS
10
145.7835110000000043
20
-76.5704980000000006
11
145.8261770000000013
21
-76.625827000000001
0
LINE
8
BLACK
6
CONTINUOUS
10
145.8261770000000013
20
-76.625827000000001
11
145.8321559999999977
21
-76.6954410000000024
0
LINE
8
BLACK
6
CONTINUOUS
10
145.8321559999999977
20
-76.6954410000000024
11
145.8136140000000012
21
-76.7305819999999983
0
LINE
8
BLACK
6
CONTINUOUS
10
145.8136140000000012
20
-76.7305819999999983
11
145.8120539999999892
21
-76.7503969999999924
0
LINE
8
BLACK
6
CONTINUOUS
10
145.8120539999999892
20
-76.7503969999999924
11
146.175736999999998
21
-77.1140800000000013
0
LINE
8
BLACK
6
CONTINUOUS
10
146.175736999999998
20
-77.1140800000000013
11
146.1902019999999993
21
-77.104415000000003
0
LINE
8
BLACK
6
CONTINUOUS
10
146.1902019999999993
20
-77.104415000000003
11
146.3568249999999864
21
-77.0353980000000007
0
LINE
8
BLACK
6
CONTINUOUS
10
146.3568249999999864
20
-77.0353980000000007
11
146.5337109999999825
21
-77.0002130000000022
0
LINE
8
BLACK
6
CONTINUOUS
10
146.5337109999999825
20
-77.0002130000000022
11
146.7140629999999817
21
-77.0002130000000022
0
LINE
8
BLACK
6
CONTINUOUS
10
146.7140629999999817
20
-77.0002130000000022
11
146.8909490000000062
21
-77.0353980000000007
0
LINE
8
BLACK
6
CONTINUOUS
10
146.8909490000000062
20
-77.0353980000000007
11
147.0575719999999933
21
-77.104415000000003
0
LINE
8
BLACK
6
CONTINUOUS
10
147.0575719999999933
20
-77.104415000000003
11
147.2075289999999939
21
-77.2046129999999948
0
LINE
8
BLACK
6
CONTINUOUS
10
147.2075289999999939
20
-77.2046129999999948
11
147.3350570000000062
21
-77.3321409999999929
0
LINE
8
BLACK
6
CONTINUOUS
10
147.3350570000000062
20
-77.3321409999999929
11
147.4352549999999837
21
-77.4820979999999935
0
LINE
8
BLACK
6
CONTINUOUS
10
147.4352549999999837
20
-77.4820979999999935
11
147.5042719999999861
21
-77.6487209999999948
0
LINE
8
BLACK
6
CONTINUOUS
10
147.5042719999999861
20
-77.6487209999999948
11
147.5394569999999987
21
-77.8256069999999909
0
LINE
8
BLACK
6
CONTINUOUS
10
147.5394569999999987
20
-77.8256069999999909
11
147.5394569999999987
21
-78.0059589999999901
0
LINE
8
BLACK
6
CONTINUOUS
10
147.5394569999999987
20
-78.0059589999999901
11
147.5042719999999861
21
-78.1828450000000004
0
LINE
8
BLACK
6
CONTINUOUS
10
147.5042719999999861
20
-78.1828450000000004
11
147.4352549999999837
21
-78.3494680000000017
0
LINE
8
BLACK
6
CONTINUOUS
10
147.4352549999999837
20
-78.3494680000000017
11
147.3350570000000062
21
-78.4994250000000022
0
LINE
8
BLACK
6
CONTINUOUS
10
147.3350570000000062
20
-78.4994250000000022
11
147.2075289999999939
21
-78.6269530000000003
0
LINE
8
BLACK
6
CONTINUOUS
10
147.2075289999999939
20
-78.6269530000000003
11
147.0575719999999933
21
-78.7271509999999921
0
LINE
8
BLACK
6
CONTINUOUS
10
147.0575719999999933
20
-78.7271509999999921
11
146.8909490000000062
21
-78.7961679999999944
0
LINE
8
BLACK
6
CONTINUOUS
10
146.8909490000000062
20
-78.7961679999999944
11
146.7140629999999817
21
-78.8313529999999929
0
LINE
8
BLACK
6
CONTINUOUS
10
146.7140629999999817
20
-78.8313529999999929
11
146.5337109999999825
21
-78.8313529999999929
0
LINE
8
BLACK
6
CONTINUOUS
10
146.5337109999999825
20
-78.8313529999999929
11
146.3568249999999864
21
-78.7961679999999944
0
LINE
8
BLACK
6
CONTINUOUS
10
146.3568249999999864
20
-78.7961679999999944
11
146.1902019999999993
21
-78.7271509999999921
0
LINE
8
BLACK
6
CONTINUOUS
10
146.1902019999999993
20
-78.7271509999999921
11
146.1757350000000031
21
-78.7174849999999964
0
LINE
8
BLACK
6
CONTINUOUS
10
146.1757350000000031
20
-78.7174849999999964
11
145.8120529999999917
21
-79.0811669999999935
0
LINE
8
BLACK
6
CONTINUOUS
10
145.8120529999999917
20
-79.0811669999999935
11
145.8796439999999848
21
-79.1302749999999975
0
LINE
8
BLACK
6
CONTINUOUS
10
145.8796439999999848
20
-79.1302749999999975
11
146.0787980000000061
21
-79.231749999999991
0
LINE
8
BLACK
6
CONTINUOUS
10
146.0787980000000061
20
-79.231749999999991
11
146.2913629999999898
21
-79.3008159999999975
0
LINE
8
BLACK
6
CONTINUOUS
10
146.2913629999999898
20
-79.3008159999999975
11
146.340295999999995
21
-79.308565999999999
0
LINE
8
BLACK
6
CONTINUOUS
10
146.340295999999995
20
-79.308565999999999
11
146.4034309999999834
21
-79.3384959999999921
0
LINE
8
BLACK
6
CONTINUOUS
10
146.4034309999999834
20
-79.3384959999999921
11
146.4403629999999907
21
-79.3978070000000002
0
LINE
8
BLACK
6
CONTINUOUS
10
146.4403629999999907
20
-79.3978070000000002
11
146.4393649999999809
21
-79.4676690000000008
0
LINE
8
BLACK
6
CONTINUOUS
10
146.4393649999999809
20
-79.4676690000000008
11
146.4007560000000012
21
-79.5259020000000021
0
LINE
8
BLACK
6
CONTINUOUS
10
146.4007560000000012
20
-79.5259020000000021
11
146.3367930000000001
21
-79.5540170000000018
0
LINE
8
BLACK
6
CONTINUOUS
10
146.3367930000000001
20
-79.5540170000000018
11
146.3208989999999972
21
-79.5550399999999911
0
LINE
8
BLACK
6
CONTINUOUS
10
146.3208989999999972
20
-79.5550399999999911
11
145.7090869999999825
21
-79.5550399999999911
0
LINE
8
BLACK
6
CONTINUOUS
10
145.7090869999999825
20
-79.5550399999999911
11
145.7090809999999976
21
-79.5550410000000028
0
LINE
8
BLACK
6
CONTINUOUS
10
145.7090809999999976
20
-79.5550410000000028
11
145.6494739999999979
21
-79.5614479999999986
0
LINE
8
BLACK
6
CONTINUOUS
10
145.6494739999999979
20
-79.5614479999999986
11
145.5146289999999851
21
-79.6117419999999925
0
LINE
8
BLACK
6
CONTINUOUS
10
145.5146289999999851
20
-79.6117419999999925
11
145.5146220000000028
21
-79.6117459999999966
0
LINE
8
BLACK
6
CONTINUOUS
10
145.5146220000000028
20
-79.6117459999999966
11
145.3994129999999814
21
-79.6979919999999993
0
LINE
8
BLACK
6
CONTINUOUS
10
145.3994129999999814
20
-79.6979919999999993
11
145.3994099999999889
21
-79.6979949999999917
0
LINE
8
BLACK
6
CONTINUOUS
10
145.3994099999999889
20
-79.6979949999999917
11
145.3131640000000004
21
-79.8132039999999989
0
LINE
8
BLACK
6
CONTINUOUS
10
145.3131640000000004
20
-79.8132039999999989
11
145.3131599999999821
21
-79.8132109999999955
0
LINE
8
BLACK
6
CONTINUOUS
10
145.3131599999999821
20
-79.8132109999999955
11
145.2628660000000025
21
-79.9480569999999915
0
LINE
8
BLACK
6
CONTINUOUS
10
145.2628660000000025
20
-79.9480569999999915
11
145.2564590000000067
21
-80.0076559999999972
0
LINE
8
BLACK
6
CONTINUOUS
10
145.2564590000000067
20
-80.0076559999999972
11
145.2564579999999808
21
-80.0076749999999919
0
LINE
8
BLACK
6
CONTINUOUS
10
145.2564579999999808
20
-80.0076749999999919
11
145.2564579999999808
21
-81.703409999999991
0
LINE
8
BLACK
6
CONTINUOUS
10
145.2564579999999808
20
-81.703409999999991
11
145.2564590000000067
21
-81.70341599999999
0
LINE
8
BLACK
6
CONTINUOUS
10
145.2564590000000067
20
-81.70341599999999
11
145.2628660000000025
21
-81.7630229999999898
0
LINE
8
BLACK
6
CONTINUOUS
10
145.2628660000000025
20
-81.7630229999999898
11
145.3131599999999821
21
-81.8978680000000026
0
LINE
8
BLACK
6
CONTINUOUS
10
145.3131599999999821
20
-81.8978680000000026
11
145.3131640000000004
21
-81.8978749999999991
0
LINE
8
BLACK
6
CONTINUOUS
10
145.3131640000000004
20
-81.8978749999999991
11
145.3994099999999889
21
-82.0130839999999921
0
LINE
8
BLACK
6
CONTINUOUS
10
145.3994099999999889
20
-82.0130839999999921
11
145.3994129999999814
21
-82.0130869999999987
0
LINE
8
BLACK
6
CONTINUOUS
10
145.3994129999999814
20
-82.0130869999999987
11
145.5146220000000028
21
-82.0993330000000014
0
LINE
8
BLACK
6
CONTINUOUS
10
145.5146220000000028
20
-82.0993330000000014
11
145.5146289999999851
21
-82.0993369999999913
0
LINE
8
BLACK
6
CONTINUOUS
10
145.5146289999999851
20
-82.0993369999999913
11
145.6494749999999954
21
-82.1496309999999994
0
LINE
8
BLACK
6
CONTINUOUS
10
145.6494749999999954
20
-82.1496309999999994
11
145.6494739999999979
21
-82.1496309999999994
0
LINE
8
BLACK
6
CONTINUOUS
10
145.6494739999999979
20
-82.1496309999999994
11
145.6564019999999857
21
-82.1503749999999968
0
LINE
8
BLACK
6
CONTINUOUS
10
145.6564019999999857
20
-82.1503749999999968
11
145.7090849999999875
21
-82.1560399999999902
0
LINE
8
BLACK
6
CONTINUOUS
10
145.7090849999999875
20
-82.1560399999999902
11
147.404830000000004
21
-82.1560389999999927
0
LINE
8
BLACK
6
CONTINUOUS
10
147.404830000000004
20
-82.1560389999999927
11
147.4644409999999937
21
-82.1496309999999994
0
LINE
8
BLACK
6
CONTINUOUS
10
147.4644409999999937
20
-82.1496309999999994
11
147.5992889999999989
21
-82.0993359999999939
0
LINE
8
BLACK
6
CONTINUOUS
10
147.5992889999999989
20
-82.0993359999999939
11
147.7145040000000051
21
-82.0130860000000013
0
LINE
8
BLACK
6
CONTINUOUS
10
147.7145040000000051
20
-82.0130860000000013
11
147.8007539999999835
21
-81.897870999999995
0
LINE
8
BLACK
6
CONTINUOUS
10
147.8007539999999835
20
-81.897870999999995
11
147.8510489999999891
21
-81.7630229999999898
0
LINE
8
BLACK
6
CONTINUOUS
10
147.8510489999999891
20
-81.7630229999999898
11
147.8574579999999798
21
-81.7034129999999976
0
LINE
8
BLACK
6
CONTINUOUS
10
147.8574579999999798
20
-81.7034129999999976
11
147.8574569999999824
21
-81.6125239999999934
0
LINE
8
BLACK
6
CONTINUOUS
10
147.8574569999999824
20
-81.6125239999999934
11
147.8771409999999946
21
-81.5454869999999943
0
LINE
8
BLACK
6
CONTINUOUS
10
147.8771409999999946
20
-81.5454869999999943
11
147.9299440000000061
21
-81.499730999999997
0
LINE
8
BLACK
6
CONTINUOUS
10
147.9299440000000061
20
-81.499730999999997
11
147.933967999999993
21
-81.4979790000000008
0
LINE
8
BLACK
6
CONTINUOUS
10
147.933967999999993
20
-81.4979790000000008
11
147.9862709999999879
21
-81.4763149999999996
0
LINE
8
BLACK
6
CONTINUOUS
10
147.9862709999999879
20
-81.4763149999999996
11
148.1010029999999915
21
-81.3996539999999982
0
LINE
8
BLACK
6
CONTINUOUS
10
148.1010029999999915
20
-81.3996539999999982
11
148.3537330000000054
21
-81.1469239999999985
0
LINE
8
BLACK
6
CONTINUOUS
10
148.3537330000000054
20
-81.1469239999999985
11
148.4150559999999928
21
-81.1134389999999996
0
LINE
8
BLACK
6
CONTINUOUS
10
148.4150559999999928
20
-81.1134389999999996
11
148.4847469999999987
21
-81.1184229999999928
0
LINE
8
BLACK
6
CONTINUOUS
10
148.4847469999999987
20
-81.1184229999999928
11
148.5406810000000064
21
-81.1602939999999933
0
LINE
8
BLACK
6
CONTINUOUS
10
148.5406810000000064
20
-81.1602939999999933
11
148.5650980000000061
21
-81.2257589999999965
0
LINE
8
BLACK
6
CONTINUOUS
10
148.5650980000000061
20
-81.2257589999999965
11
148.5654140000000041
21
-81.234605000000002
0
LINE
8
BLACK
6
CONTINUOUS
10
148.5654140000000041
20
-81.234605000000002
11
148.5654140000000041
21
-98.1425669999999997
0
LINE
8
BLACK
6
CONTINUOUS
10
148.5654140000000041
20
-98.1425669999999997
11
148.5567690000000027
21
-98.1720069999999936
0
LINE
8
BLACK
6
CONTINUOUS
10
148.5567690000000027
20
-98.1720069999999936
11
148.5502459999999871
21
-98.2019939999999991
0
LINE
8
BLACK
6
CONTINUOUS
10
148.5502459999999871
20
-98.2019939999999991
11
148.5464910000000032
21
-98.2070089999999993
0
LINE
8
BLACK
6
CONTINUOUS
10
148.5464910000000032
20
-98.2070089999999993
11
148.5457289999999944
21
-98.2096059999999937
0
LINE
8
BLACK
6
CONTINUOUS
10
148.5457289999999944
20
-98.2096059999999937
11
148.5290949999999839
21
-98.2302479999999889
0
LINE
8
BLACK
6
CONTINUOUS
10
148.5290949999999839
20
-98.2302479999999889
11
148.4861620000000073
21
-98.2731809999999939
0
LINE
8
BLACK
6
CONTINUOUS
10
148.4861620000000073
20
-98.2731809999999939
11
148.4248389999999915
21
-98.3066659999999928
0
LINE
8
BLACK
6
CONTINUOUS
10
148.4248389999999915
20
-98.3066659999999928
11
148.3984810000000039
21
-98.3094999999999999
0
LINE
8
BLACK
6
CONTINUOUS
10
148.3984810000000039
20
-98.3094999999999999
11
143.591795999999988
21
-98.3094999999999999
0
LINE
8
BLACK
6
CONTINUOUS
10
143.591795999999988
20
-98.3094999999999999
11
143.5247569999999939
21
-98.2898149999999902
0
LINE
8
BLACK
6
CONTINUOUS
10
143.5247569999999939
20
-98.2898149999999902
11
143.4790019999999799
21
-98.2370109999999954
0
LINE
8
BLACK
6
CONTINUOUS
10
143.4790019999999799
20
-98.2370109999999954
11
143.4677959999999928
21
-98.1854999999999905
0
LINE
8
BLACK
6
CONTINUOUS
10
143.4677959999999928
20
-98.1854999999999905
11
143.4677959999999928
21
-97.9112659999999977
0
LINE
8
BLACK
6
CONTINUOUS
10
143.4677959999999928
20
-97.9112659999999977
11
143.4874810000000025
21
-97.8442269999999894
0
LINE
8
BLACK
6
CONTINUOUS
10
143.4874810000000025
20
-97.8442269999999894
11
143.540284999999983
21
-97.7984719999999896
0
LINE
8
BLACK
6
CONTINUOUS
10
143.540284999999983
20
-97.7984719999999896
11
143.6094429999999988
21
-97.7885279999999995
0
LINE
8
BLACK
6
CONTINUOUS
10
143.6094429999999988
20
-97.7885279999999995
11
143.6537919999999815
21
-97.803877
0
LINE
8
BLACK
6
CONTINUOUS
10
143.6537919999999815
20
-97.803877
11
143.7741120000000024
21
-97.8733439999999888
0
LINE
8
BLACK
6
CONTINUOUS
10
143.7741120000000024
20
-97.8733439999999888
11
143.7741169999999897
21
-97.873345999999998
0
LINE
8
BLACK
6
CONTINUOUS
10
143.7741169999999897
20
-97.873345999999998
11
143.774123000000003
21
-97.8733489999999904
0
LINE
8
BLACK
6
CONTINUOUS
10
143.774123000000003
20
-97.8733489999999904
11
143.8654799999999909
21
-97.9111899999999906
0
LINE
8
BLACK
6
CONTINUOUS
10
143.8654799999999909
20
-97.9111899999999906
11
143.9861129999999889
21
-97.9611579999999975
0
LINE
8
BLACK
6
CONTINUOUS
10
143.9861129999999889
20
-97.9611579999999975
11
144.2077620000000024
21
-98.0205479999999909
0
LINE
8
BLACK
6
CONTINUOUS
10
144.2077620000000024
20
-98.0205479999999909
11
144.4352659999999844
21
-98.0504999999999995
0
LINE
8
BLACK
6
CONTINUOUS
10
144.4352659999999844
20
-98.0504999999999995
11
144.4352729999999951
21
-98.0504999999999995
0
LINE
8
BLACK
6
CONTINUOUS
10
144.4352729999999951
20
-98.0504999999999995
11
144.6647269999999992
21
-98.0504999999999995
0
LINE
8
BLACK
6
CONTINUOUS
10
144.6647269999999992
20
-98.0504999999999995
11
144.6647339999999815
21
-98.0504999999999995
0
LINE
8
BLACK
6
CONTINUOUS
10
144.6647339999999815
20
-98.0504999999999995
11
144.8922379999999919
21
-98.0205479999999909
0
LINE
8
BLACK
6
CONTINUOUS
10
144.8922379999999919
20
-98.0205479999999909
11
145.1138870000000054
21
-97.9611579999999975
0
LINE
8
BLACK
6
CONTINUOUS
10
145.1138870000000054
20
-97.9611579999999975
11
145.325887999999992
21
-97.8733439999999888
0
LINE
8
BLACK
6
CONTINUOUS
10
145.325887999999992
20
-97.8733439999999888
11
145.5246119999999905
21
-97.7586110000000019
0
LINE
8
BLACK
6
CONTINUOUS
10
145.5246119999999905
20
-97.7586110000000019
11
145.7066609999999969
21
-97.6189189999999911
0
LINE
8
BLACK
6
CONTINUOUS
10
145.7066609999999969
20
-97.6189189999999911
11
145.7066649999999868
21
-97.6189139999999895
0
LINE
8
BLACK
6
CONTINUOUS
10
145.7066649999999868
20
-97.6189139999999895
11
145.7066700000000026
21
-97.6189109999999971
0
LINE
8
BLACK
6
CONTINUOUS
10
145.7066700000000026
20
-97.6189109999999971
11
145.8689109999999971
21
-97.4566700000000026
0
LINE
8
BLACK
6
CONTINUOUS
10
145.8689109999999971
20
-97.4566700000000026
11
145.8689139999999895
21
-97.456665000000001
0
LINE
8
BLACK
6
CONTINUOUS
10
145.8689139999999895
20
-97.456665000000001
11
145.8689190000000053
21
-97.4566609999999969
0
LINE
8
BLACK
6
CONTINUOUS
10
145.8689190000000053
20
-97.4566609999999969
11
146.0086110000000019
21
-97.2746119999999905
0
LINE
8
BLACK
6
CONTINUOUS
10
146.0086110000000019
20
-97.2746119999999905
11
146.123344000000003
21
-97.075887999999992
0
LINE
8
BLACK
6
CONTINUOUS
10
146.123344000000003
20
-97.075887999999992
11
146.2111579999999833
21
-96.8638869999999912
0
LINE
8
BLACK
6
CONTINUOUS
10
146.2111579999999833
20
-96.8638869999999912
11
146.2705479999999909
21
-96.6422379999999919
0
LINE
8
BLACK
6
CONTINUOUS
10
146.2705479999999909
20
-96.6422379999999919
11
146.3004999999999995
21
-96.4147339999999957
0
LINE
8
BLACK
6
CONTINUOUS
10
146.3004999999999995
20
-96.4147339999999957
11
146.3004999999999995
21
-96.1852659999999986
0
LINE
8
BLACK
6
CONTINUOUS
10
146.3004999999999995
20
-96.1852659999999986
11
146.2705479999999909
21
-95.9577620000000024
0
LINE
8
BLACK
6
CONTINUOUS
10
146.2705479999999909
20
-95.9577620000000024
11
146.2436069999999972
21
-95.8572149999999965
0
LINE
8
BLACK
6
CONTINUOUS
10
146.2436069999999972
20
-95.8572149999999965
11
146.245270000000005
21
-95.7873680000000007
0
LINE
8
BLACK
6
CONTINUOUS
10
146.245270000000005
20
-95.7873680000000007
11
146.284433000000007
21
-95.7295060000000007
0
LINE
8
BLACK
6
CONTINUOUS
10
146.284433000000007
20
-95.7295060000000007
11
146.3486609999999928
21
-95.7020019999999931
0
LINE
8
BLACK
6
CONTINUOUS
10
146.3486609999999928
20
-95.7020019999999931
11
146.3674369999999954
21
-95.7016229999999979
0
LINE
8
BLACK
6
CONTINUOUS
10
146.3674369999999954
20
-95.7016229999999979
11
146.3674369999999954
21
-95.7014449999999925
0
LINE
8
BLACK
6
CONTINUOUS
10
146.3674369999999954
20
-95.7014449999999925
11
146.5770119999999963
21
-95.7014449999999925
0
LINE
8
BLACK
6
CONTINUOUS
10
146.5770119999999963
20
-95.7014449999999925
11
146.5770129999999938
21
-95.7014449999999925
0
LINE
8
BLACK
6
CONTINUOUS
10
146.5770129999999938
20
-95.7014449999999925
11
146.7791949999999872
21
-95.6694219999999973
0
LINE
8
BLACK
6
CONTINUOUS
10
146.7791949999999872
20
-95.6694219999999973
11
146.9738799999999799
21
-95.6061649999999901
0
LINE
8
BLACK
6
CONTINUOUS
10
146.9738799999999799
20
-95.6061649999999901
11
147.1562710000000038
21
-95.5132320000000021
0
LINE
8
BLACK
6
CONTINUOUS
10
147.1562710000000038
20
-95.5132320000000021
11
147.3170700000000011
21
-95.3964059999999989
0
LINE
8
BLACK
6
CONTINUOUS
10
147.3170700000000011
20
-95.3964059999999989
11
147.3218739999999798
21
-95.3929159999999996
0
LINE
8
BLACK
6
CONTINUOUS
10
147.3218739999999798
20
-95.3929159999999996
11
147.3218760000000032
21
-95.392912999999993
0
LINE
8
BLACK
6
CONTINUOUS
10
147.3218760000000032
20
-95.392912999999993
11
147.3218799999999931
21
-95.392910999999998
0
LINE
8
BLACK
6
CONTINUOUS
10
147.3218799999999931
20
-95.392910999999998
11
147.4666269999999884
21
-95.2481640000000027
0
LINE
8
BLACK
6
CONTINUOUS
10
147.4666269999999884
20
-95.2481640000000027
11
147.4666289999999833
21
-95.2481599999999986
0
LINE
8
BLACK
6
CONTINUOUS
10
147.4666289999999833
20
-95.2481599999999986
11
147.4666320000000042
21
-95.2481579999999894
0
LINE
8
BLACK
6
CONTINUOUS
10
147.4666320000000042
20
-95.2481579999999894
11
147.5247439999999983
21
-95.1681719999999984
0
LINE
8
BLACK
6
CONTINUOUS
10
147.5247439999999983
20
-95.1681719999999984
11
147.5869480000000067
21
-95.0825549999999993
0
LINE
8
BLACK
6
CONTINUOUS
10
147.5869480000000067
20
-95.0825549999999993
11
147.6798809999999946
21
-94.9001639999999895
0
LINE
8
BLACK
6
CONTINUOUS
10
147.6798809999999946
20
-94.9001639999999895
11
147.7431379999999876
21
-94.7054789999999969
0
LINE
8
BLACK
6
CONTINUOUS
10
147.7431379999999876
20
-94.7054789999999969
11
147.7751609999999971
21
-94.5032969999999892
0
LINE
8
BLACK
6
CONTINUOUS
10
147.7751609999999971
20
-94.5032969999999892
11
147.7751609999999971
21
-94.2985929999999968
0
LINE
8
BLACK
6
CONTINUOUS
10
147.7751609999999971
20
-94.2985929999999968
11
147.7707369999999969
21
-94.270662999999999
0
LINE
8
BLACK
6
CONTINUOUS
10
147.7707369999999969
20
-94.270662999999999
11
147.7431379999999876
21
-94.0964099999999917
0
LINE
8
BLACK
6
CONTINUOUS
10
147.7431379999999876
20
-94.0964099999999917
11
147.6798789999999997
21
-93.9017209999999949
0
LINE
8
BLACK
6
CONTINUOUS
10
147.6798789999999997
20
-93.9017209999999949
11
147.6461639999999989
21
-93.8355519999999927
0
LINE
8
BLACK
6
CONTINUOUS
10
147.6461639999999989
20
-93.8355519999999927
11
147.5869480000000067
21
-93.7193350000000009
0
LINE
8
BLACK
6
CONTINUOUS
10
147.5869480000000067
20
-93.7193350000000009
11
147.5585949999999968
21
-93.6803099999999915
0
LINE
8
BLACK
6
CONTINUOUS
10
147.5585949999999968
20
-93.6803099999999915
11
147.4666320000000042
21
-93.5537309999999991
0
LINE
8
BLACK
6
CONTINUOUS
10
147.4666320000000042
20
-93.5537309999999991
11
147.3218779999999981
21
-93.408976999999993
0
LINE
8
BLACK
6
CONTINUOUS
10
147.3218779999999981
20
-93.408976999999993
11
147.3218729999999823
21
-93.4089729999999889
0
LINE
8
BLACK
6
CONTINUOUS
10
147.3218729999999823
20
-93.4089729999999889
11
147.2585729999999842
21
-93.3629829999999998
0
LINE
8
BLACK
6
CONTINUOUS
10
147.2585729999999842
20
-93.3629829999999998
11
147.2159069999999872
21
-93.307653000000002
0
LINE
8
BLACK
6
CONTINUOUS
10
147.2159069999999872
20
-93.307653000000002
11
147.2074580000000026
21
-93.2626649999999984
0
LINE
8
BLACK
6
CONTINUOUS
10
147.2074580000000026
20
-93.2626649999999984
11
147.2074580000000026
21
-89.9041309999999925
0
LINE
8
BLACK
6
CONTINUOUS
10
147.2074580000000026
20
-89.9041309999999925
11
147.2271429999999839
21
-89.8370919999999984
0
LINE
8
BLACK
6
CONTINUOUS
10
147.2271429999999839
20
-89.8370919999999984
11
147.2751639999999895
21
-89.7936459999999954
0
LINE
8
BLACK
6
CONTINUOUS
10
147.2751639999999895
20
-89.7936459999999954
11
147.3199970000000008
21
-89.7708030000000008
0
LINE
8
BLACK
6
CONTINUOUS
10
147.3199970000000008
20
-89.7708030000000008
11
147.3433909999999969
21
-89.7588829999999973
0
LINE
8
BLACK
6
CONTINUOUS
10
147.3433909999999969
20
-89.7588829999999973
11
147.5344680000000039
21
-89.6200570000000027
0
LINE
8
BLACK
6
CONTINUOUS
10
147.5344680000000039
20
-89.6200570000000027
11
147.7014749999999879
21
-89.4530499999999904
0
LINE
8
BLACK
6
CONTINUOUS
10
147.7014749999999879
20
-89.4530499999999904
11
147.8403009999999824
21
-89.2619729999999976
0
LINE
8
BLACK
6
CONTINUOUS
10
147.8403009999999824
20
-89.2619729999999976
11
147.9475259999999821
21
-89.0515319999999946
0
LINE
8
BLACK
6
CONTINUOUS
10
147.9475259999999821
20
-89.0515319999999946
11
148.0205109999999991
21
-88.8269080000000031
0
LINE
8
BLACK
6
CONTINUOUS
10
148.0205109999999991
20
-88.8269080000000031
11
148.0254290000000026
21
-88.7958579999999955
0
LINE
8
BLACK
6
CONTINUOUS
10
148.0254290000000026
20
-88.7958579999999955
11
148.0574579999999969
21
-88.5936370000000011
0
LINE
8
BLACK
6
CONTINUOUS
10
148.0574579999999969
20
-88.5936370000000011
11
148.0574579999999969
21
-88.3574419999999918
0
LINE
8
BLACK
6
CONTINUOUS
10
148.0574579999999969
20
-88.3574419999999918
11
148.0205109999999991
21
-88.1241709999999898
0
LINE
8
BLACK
6
CONTINUOUS
10
148.0205109999999991
20
-88.1241709999999898
11
147.9866470000000049
21
-88.0199519999999893
0
LINE
8
BLACK
6
CONTINUOUS
10
147.9866470000000049
20
-88.0199519999999893
11
147.9475259999999821
21
-87.8995479999999958
0
LINE
8
BLACK
6
CONTINUOUS
10
147.9475259999999821
20
-87.8995479999999958
11
147.9475239999999872
21
-87.8995449999999892
0
LINE
8
BLACK
6
CONTINUOUS
10
147.9475239999999872
20
-87.8995449999999892
11
147.9475239999999872
21
-87.8995429999999942
0
LINE
8
BLACK
6
CONTINUOUS
10
147.9475239999999872
20
-87.8995429999999942
11
147.8858099999999922
21
-87.7784240000000011
0
LINE
8
BLACK
6
CONTINUOUS
10
147.8858099999999922
20
-87.7784240000000011
11
147.8403009999999824
21
-87.6891069999999928
0
LINE
8
BLACK
6
CONTINUOUS
10
147.8403009999999824
20
-87.6891069999999928
11
147.7014749999999879
21
-87.49803
0
LINE
8
BLACK
6
CONTINUOUS
10
147.7014749999999879
20
-87.49803
11
147.5344680000000039
21
-87.3310230000000018
0
LINE
8
BLACK
6
CONTINUOUS
10
147.5344680000000039
20
-87.3310230000000018
11
147.3433909999999969
21
-87.1921969999999931
0
LINE
8
BLACK
6
CONTINUOUS
10
147.3433909999999969
20
-87.1921969999999931
11
147.3236899999999991
21
-87.1821589999999986
0
LINE
8
BLACK
6
CONTINUOUS
10
147.3236899999999991
20
-87.1821589999999986
11
147.1329539999999838
21
-87.0849729999999909
0
LINE
8
BLACK
6
CONTINUOUS
10
147.1329539999999838
20
-87.0849729999999909
11
146.9083259999999882
21
-87.0119859999999932
0
LINE
8
BLACK
6
CONTINUOUS
10
146.9083259999999882
20
-87.0119859999999932
11
146.6750549999999862
21
-86.9750399999999928
0
LINE
8
BLACK
6
CONTINUOUS
10
146.6750549999999862
20
-86.9750399999999928
11
146.6750499999999988
21
-86.9750399999999928
0
LINE
8
BLACK
6
CONTINUOUS
10
146.6750499999999988
20
-86.9750399999999928
11
146.4388659999999902
21
-86.9750399999999928
0
LINE
8
BLACK
6
CONTINUOUS
10
146.4388659999999902
20
-86.9750399999999928
11
146.4388610000000028
21
-86.9750399999999928
0
LINE
8
BLACK
6
CONTINUOUS
10
146.4388610000000028
20
-86.9750399999999928
11
146.2055890000000034
21
-87.0119859999999932
0
LINE
8
BLACK
6
CONTINUOUS
10
146.2055890000000034
20
-87.0119859999999932
11
145.9809609999999793
21
-87.0849729999999909
0
LINE
8
BLACK
6
CONTINUOUS
10
145.9809609999999793
20
-87.0849729999999909
11
145.7705239999999947
21
-87.1921969999999931
0
LINE
8
BLACK
6
CONTINUOUS
10
145.7705239999999947
20
-87.1921969999999931
11
145.6615079999999978
21
-87.2714019999999948
0
LINE
8
BLACK
6
CONTINUOUS
10
145.6615079999999978
20
-87.2714019999999948
11
145.5794479999999851
21
-87.3310230000000018
0
LINE
8
BLACK
6
CONTINUOUS
10
145.5794479999999851
20
-87.3310230000000018
11
145.5794459999999901
21
-87.3310249999999968
0
LINE
8
BLACK
6
CONTINUOUS
10
145.5794459999999901
20
-87.3310249999999968
11
145.5794449999999927
21
-87.3310249999999968
0
LINE
8
BLACK
6
CONTINUOUS
10
145.5794449999999927
20
-87.3310249999999968
11
145.4124429999999961
21
-87.4980269999999933
0
LINE
8
BLACK
6
CONTINUOUS
10
145.4124429999999961
20
-87.4980269999999933
11
145.4124359999999854
21
-87.498035999999999
0
LINE
8
BLACK
6
CONTINUOUS
10
145.4124359999999854
20
-87.498035999999999
11
145.3458219999999983
21
-87.5897209999999973
0
LINE
8
BLACK
6
CONTINUOUS
10
145.3458219999999983
20
-87.5897209999999973
11
145.2904920000000004
21
-87.6323869999999943
0
LINE
8
BLACK
6
CONTINUOUS
10
145.2904920000000004
20
-87.6323869999999943
11
145.2208789999999965
21
-87.6383649999999932
0
LINE
8
BLACK
6
CONTINUOUS
10
145.2208789999999965
20
-87.6383649999999932
11
145.1590840000000071
21
-87.6057589999999919
0
LINE
8
BLACK
6
CONTINUOUS
10
145.1590840000000071
20
-87.6057589999999919
11
145.1424030000000016
21
-87.585725999999994
0
LINE
8
BLACK
6
CONTINUOUS
10
145.1424030000000016
20
-87.585725999999994
11
145.0941139999999905
21
-87.5134570000000025
0
LINE
8
BLACK
6
CONTINUOUS
10
145.0941139999999905
20
-87.5134570000000025
11
145.0941109999999981
21
-87.5134529999999984
0
LINE
8
BLACK
6
CONTINUOUS
10
145.0941109999999981
20
-87.5134529999999984
11
144.53681899999998
21
-86.9561609999999945
0
LINE
8
BLACK
6
CONTINUOUS
10
144.53681899999998
20
-86.9561609999999945
11
144.5033339999999953
21
-86.8948379999999929
0
LINE
8
BLACK
6
CONTINUOUS
10
144.5033339999999953
20
-86.8948379999999929
11
144.5004999999999882
21
-86.868479999999991
0
LINE
8
BLACK
6
CONTINUOUS
10
144.5004999999999882
20
-86.868479999999991
11
144.5004999999999882
21
-72.9710089999999951
0
LINE
8
BLACK
6
CONTINUOUS
10
144.5004999999999882
20
-72.9710089999999951
11
144.4980500000000063
21
-72.9586910000000017
0
LINE
8
BLACK
6
CONTINUOUS
10
144.4980500000000063
20
-72.9586910000000017
11
144.4980489999999804
21
-72.9586869999999976
0
LINE
8
BLACK
6
CONTINUOUS
10
144.4980489999999804
20
-72.9586869999999976
11
144.4735799999999983
21
-72.8356720000000024
0
LINE
8
BLACK
6
CONTINUOUS
10
144.4735799999999983
20
-72.8356720000000024
11
144.4240169999999921
21
-72.7160149999999987
0
LINE
8
BLACK
6
CONTINUOUS
10
144.4240169999999921
20
-72.7160149999999987
11
144.4207769999999869
21
-72.7081919999999968
0
LINE
8
BLACK
6
CONTINUOUS
10
144.4207769999999869
20
-72.7081919999999968
11
144.3441119999999955
21
-72.5934539999999942
0
LINE
8
BLACK
6
CONTINUOUS
10
144.3441119999999955
20
-72.5934539999999942
11
142.5565449999999998
21
-70.8058869999999985
0
LINE
8
BLACK
6
CONTINUOUS
10
142.5565449999999998
20
-70.8058869999999985
11
142.441806999999983
21
-70.7292219999999929
0
LINE
8
BLACK
6
CONTINUOUS
10
142.441806999999983
20
-70.7292219999999929
11
142.3143320000000074
21
-70.6764209999999906
0
LINE
8
BLACK
6
CONTINUOUS
10
142.3143320000000074
20
-70.6764209999999906
11
142.3143220000000042
21
-70.6764179999999982
0
LINE
8
BLACK
6
CONTINUOUS
10
142.3143220000000042
20
-70.6764179999999982
11
142.2635609999999815
21
-70.6663209999999964
0
LINE
8
BLACK
6
CONTINUOUS
10
142.2635609999999815
20
-70.6663209999999964
11
142.2016500000000008
21
-70.6339359999999914
0
LINE
8
BLACK
6
CONTINUOUS
10
142.2016500000000008
20
-70.6339359999999914
11
142.1874339999999961
21
-70.6175889999999953
0
LINE
8
BLACK
6
CONTINUOUS
10
142.1874339999999961
20
-70.6175889999999953
11
142.1862679999999841
21
-70.6159839999999974
0
LINE
8
BLACK
6
CONTINUOUS
10
142.1862679999999841
20
-70.6159839999999974
11
142.1862649999999917
21
-70.6159779999999984
0
LINE
8
BLACK
6
CONTINUOUS
10
142.1862649999999917
20
-70.6159779999999984
11
142.0566919999999982
21
-70.4376350000000002
0
LINE
8
BLACK
6
CONTINUOUS
10
142.0566919999999982
20
-70.4376350000000002
11
142.0065199999999948
21
-70.3874629999999968
0
LINE
8
BLACK
6
CONTINUOUS
10
142.0065199999999948
20
-70.3874629999999968
11
141.9730360000000076
21
-70.3261409999999927
0
LINE
8
BLACK
6
CONTINUOUS
10
141.9730360000000076
20
-70.3261409999999927
11
141.9780199999999866
21
-70.2564490000000035
0
LINE
8
BLACK
6
CONTINUOUS
10
141.9780199999999866
20
-70.2564490000000035
11
142.0198919999999987
21
-70.2005159999999933
0
LINE
8
BLACK
6
CONTINUOUS
10
142.0198919999999987
20
-70.2005159999999933
11
142.0508700000000033
21
-70.1836009999999959
0
LINE
8
BLACK
6
CONTINUOUS
10
142.0508700000000033
20
-70.1836009999999959
11
142.1307759999999973
21
-70.1537979999999948
0
LINE
8
BLACK
6
CONTINUOUS
10
142.1307759999999973
20
-70.1537979999999948
11
142.1307759999999973
21
-70.1537969999999973
0
LINE
8
BLACK
6
CONTINUOUS
10
142.1307759999999973
20
-70.1537969999999973
11
142.1307809999999847
21
-70.1537959999999998
0
LINE
8
BLACK
6
CONTINUOUS
10
142.1307809999999847
20
-70.1537959999999998
11
142.245995999999991
21
-70.067545999999993
0
LINE
8
BLACK
6
CONTINUOUS
10
142.245995999999991
20
-70.067545999999993
11
142.3322459999999978
21
-69.9523310000000009
0
LINE
8
BLACK
6
CONTINUOUS
10
142.3322459999999978
20
-69.9523310000000009
11
142.3825410000000034
21
-69.8174829999999957
0
LINE
8
BLACK
6
CONTINUOUS
10
142.3825410000000034
20
-69.8174829999999957
11
142.3889499999999941
21
-69.7578730000000036
0
LINE
8
BLACK
6
CONTINUOUS
10
142.3889499999999941
20
-69.7578730000000036
11
142.3889499999999941
21
-69.6345000000000027
0
LINE
8
BLACK
6
CONTINUOUS
10
142.3889499999999941
20
-69.6345000000000027
11
142.4086350000000039
21
-69.5674609999999944
0
LINE
8
BLACK
6
CONTINUOUS
10
142.4086350000000039
20
-69.5674609999999944
11
142.4614389999999844
21
-69.5217059999999947
0
LINE
8
BLACK
6
CONTINUOUS
10
142.4614389999999844
20
-69.5217059999999947
11
142.5129499999999894
21
-69.5104999999999933
0
LINE
8
BLACK
6
CONTINUOUS
10
142.5129499999999894
20
-69.5104999999999933
11
143.5584810000000004
21
-69.5104999999999933
0
LINE
8
BLACK
6
CONTINUOUS
10
143.5584810000000004
20
-69.5104999999999933
11
143.6255199999999945
21
-69.530185000000003
0
LINE
8
BLACK
6
CONTINUOUS
10
145.4093919999999969
20
-77.1715439999999973
11
145.3079189999999983
21
-77.3706940000000003
0
LINE
8
BLACK
6
CONTINUOUS
10
145.3079189999999983
20
-77.3706940000000003
11
145.2388519999999801
21
-77.5832639999999998
0
LINE
8
BLACK
6
CONTINUOUS
10
145.2388519999999801
20
-77.5832639999999998
11
145.2038869999999804
21
-77.8040209999999917
0
LINE
8
BLACK
6
CONTINUOUS
10
145.2038869999999804
20
-77.8040209999999917
11
145.2038869999999804
21
-78.0275439999999918
0
LINE
8
BLACK
6
CONTINUOUS
10
145.2038869999999804
20
-78.0275439999999918
11
145.2388519999999801
21
-78.2483009999999979
0
LINE
8
BLACK
6
CONTINUOUS
10
145.2388519999999801
20
-78.2483009999999979
11
145.3079189999999983
21
-78.4608709999999974
0
LINE
8
BLACK
6
CONTINUOUS
10
145.3079189999999983
20
-78.4608709999999974
11
145.4093939999999918
21
-78.6600249999999903
0
LINE
8
BLACK
6
CONTINUOUS
10
145.4093939999999918
20
-78.6600249999999903
11
145.4585009999999841
21
-78.7276140000000026
0
LINE
8
BLACK
6
CONTINUOUS
10
145.4585009999999841
20
-78.7276140000000026
11
145.4585009999999841
21
-78.7276150000000001
0
LINE
8
BLACK
6
CONTINUOUS
10
145.4585009999999841
20
-78.7276150000000001
11
145.8221829999999954
21
-78.3639319999999913
0
LINE
8
BLACK
6
CONTINUOUS
10
145.8221829999999954
20
-78.3639319999999913
11
145.8125189999999805
21
-78.3494680000000017
0
LINE
8
BLACK
6
CONTINUOUS
10
145.8125189999999805
20
-78.3494680000000017
11
145.7435020000000065
21
-78.1828450000000004
0
LINE
8
BLACK
6
CONTINUOUS
10
145.7435020000000065
20
-78.1828450000000004
11
145.7083169999999939
21
-78.0059589999999901
0
LINE
8
BLACK
6
CONTINUOUS
10
145.7083169999999939
20
-78.0059589999999901
11
145.7083169999999939
21
-77.8256069999999909
0
LINE
8
BLACK
6
CONTINUOUS
10
145.7083169999999939
20
-77.8256069999999909
11
145.7435020000000065
21
-77.6487209999999948
0
LINE
8
BLACK
6
CONTINUOUS
10
145.7435020000000065
20
-77.6487209999999948
11
145.8125189999999805
21
-77.4820979999999935
0
LINE
8
BLACK
6
CONTINUOUS
10
145.8125189999999805
20
-77.4820979999999935
11
145.8221839999999929
21
-77.4676319999999947
0
LINE
8
BLACK
6
CONTINUOUS
10
145.8221839999999929
20
-77.4676319999999947
11
145.4585019999999815
21
-77.1039499999999975
0
LINE
8
BLACK
6
CONTINUOUS
10
145.4585019999999815
20
-77.1039499999999975
11
145.4585009999999841
21
-77.1039499999999975
0
LINE
8
BLACK
6
CONTINUOUS
10
145.4585009999999841
20
-77.1039499999999975
11
145.4093919999999969
21
-77.1715439999999973
0
LINE
8
BLACK
6
CONTINUOUS
10
127.8639709999999923
20
-87.2965619999999944
11
128.0430570000000046
21
-87.3547509999999932
0
LINE
8
BLACK
6
CONTINUOUS
10
128.0430570000000046
20
-87.3547509999999932
11
128.210835000000003
21
-87.4402379999999937
0
LINE
8
BLACK
6
CONTINUOUS
10
128.210835000000003
20
-87.4402379999999937
11
128.363174999999984
21
-87.5509189999999933
0
LINE
8
BLACK
6
CONTINUOUS
10
128.363174999999984
20
-87.5509189999999933
11
128.4963239999999871
21
-87.6840679999999963
0
LINE
8
BLACK
6
CONTINUOUS
10
128.4963239999999871
20
-87.6840679999999963
11
128.6070049999999867
21
-87.8364079999999916
0
LINE
8
BLACK
6
CONTINUOUS
10
128.6070049999999867
20
-87.8364079999999916
11
128.6924919999999872
21
-88.00418599999999
0
LINE
8
BLACK
6
CONTINUOUS
10
128.6924919999999872
20
-88.00418599999999
11
128.7506809999999859
21
-88.1832720000000023
0
LINE
8
BLACK
6
CONTINUOUS
10
128.7506809999999859
20
-88.1832720000000023
11
128.7801379999999938
21
-88.3692549999999954
0
LINE
8
BLACK
6
CONTINUOUS
10
128.7801379999999938
20
-88.3692549999999954
11
128.7801379999999938
21
-88.5575570000000027
0
LINE
8
BLACK
6
CONTINUOUS
10
128.7801379999999938
20
-88.5575570000000027
11
128.7506809999999859
21
-88.7435399999999959
0
LINE
8
BLACK
6
CONTINUOUS
10
128.7506809999999859
20
-88.7435399999999959
11
128.6924919999999872
21
-88.922625999999994
0
LINE
8
BLACK
6
CONTINUOUS
10
128.6924919999999872
20
-88.922625999999994
11
128.6070049999999867
21
-89.0904039999999924
0
LINE
8
BLACK
6
CONTINUOUS
10
128.6070049999999867
20
-89.0904039999999924
11
128.4963239999999871
21
-89.2427440000000018
0
LINE
8
BLACK
6
CONTINUOUS
10
128.4963239999999871
20
-89.2427440000000018
11
128.363174999999984
21
-89.3758929999999907
0
LINE
8
BLACK
6
CONTINUOUS
10
128.363174999999984
20
-89.3758929999999907
11
128.210835000000003
21
-89.4865739999999903
0
LINE
8
BLACK
6
CONTINUOUS
10
128.210835000000003
20
-89.4865739999999903
11
128.0430570000000046
21
-89.5720609999999908
0
LINE
8
BLACK
6
CONTINUOUS
10
128.0430570000000046
20
-89.5720609999999908
11
127.8639709999999923
21
-89.6302499999999895
0
LINE
8
BLACK
6
CONTINUOUS
10
127.8639709999999923
20
-89.6302499999999895
11
127.7838369999999912
21
-89.6429419999999908
0
LINE
8
BLACK
6
CONTINUOUS
10
127.7838369999999912
20
-89.6429419999999908
11
127.7838369999999912
21
-95.4109940000000023
0
LINE
8
BLACK
6
CONTINUOUS
10
127.7838369999999912
20
-95.4109940000000023
11
130.1238429999999937
21
-97.7509999999999906
0
LINE
8
BLACK
6
CONTINUOUS
10
130.1238429999999937
20
-97.7509999999999906
11
138.5661580000000015
21
-97.7509999999999906
0
LINE
8
BLACK
6
CONTINUOUS
10
138.5661580000000015
20
-97.7509999999999906
11
139.2888350000000059
21
-97.0283219999999886
0
LINE
8
BLACK
6
CONTINUOUS
10
139.2888350000000059
20
-97.0283219999999886
11
139.2341999999999871
21
-96.9531229999999908
0
LINE
8
BLACK
6
CONTINUOUS
10
139.2341999999999871
20
-96.9531229999999908
11
139.1451509999999985
21
-96.7783539999999931
0
LINE
8
BLACK
6
CONTINUOUS
10
139.1451509999999985
20
-96.7783539999999931
11
139.0845379999999807
21
-96.5918069999999886
0
LINE
8
BLACK
6
CONTINUOUS
10
139.0845379999999807
20
-96.5918069999999886
11
139.0538530000000037
21
-96.398073999999994
0
LINE
8
BLACK
6
CONTINUOUS
10
139.0538530000000037
20
-96.398073999999994
11
139.0538530000000037
21
-96.2019260000000003
0
LINE
8
BLACK
6
CONTINUOUS
10
139.0538530000000037
20
-96.2019260000000003
11
139.0845379999999807
21
-96.0081929999999915
0
LINE
8
BLACK
6
CONTINUOUS
10
139.0845379999999807
20
-96.0081929999999915
11
139.1451509999999985
21
-95.8216460000000012
0
LINE
8
BLACK
6
CONTINUOUS
10
139.1451509999999985
20
-95.8216460000000012
11
139.2341999999999871
21
-95.6468769999999893
0
LINE
8
BLACK
6
CONTINUOUS
10
139.2341999999999871
20
-95.6468769999999893
11
139.3494929999999954
21
-95.4881899999999888
0
LINE
8
BLACK
6
CONTINUOUS
10
139.3494929999999954
20
-95.4881899999999888
11
139.488190000000003
21
-95.3494929999999954
0
LINE
8
BLACK
6
CONTINUOUS
10
139.488190000000003
20
-95.3494929999999954
11
139.6468769999999893
21
-95.2342000000000013
0
LINE
8
BLACK
6
CONTINUOUS
10
139.6468769999999893
20
-95.2342000000000013
11
139.821645999999987
21
-95.1451509999999985
0
LINE
8
BLACK
6
CONTINUOUS
10
139.821645999999987
20
-95.1451509999999985
11
140.0081930000000057
21
-95.0845379999999949
0
LINE
8
BLACK
6
CONTINUOUS
10
140.0081930000000057
20
-95.0845379999999949
11
140.0672959999999989
21
-95.075175999999999
0
LINE
8
BLACK
6
CONTINUOUS
10
140.0672959999999989
20
-95.075175999999999
11
140.0672959999999989
21
-92.0586119999999966
0
LINE
8
BLACK
6
CONTINUOUS
10
140.0672959999999989
20
-92.0586119999999966
11
139.9886229999999898
21
-92.0429639999999978
0
LINE
8
BLACK
6
CONTINUOUS
10
139.9886229999999898
20
-92.0429639999999978
11
139.814754999999991
21
-91.9709450000000004
0
LINE
8
BLACK
6
CONTINUOUS
10
139.814754999999991
20
-91.9709450000000004
11
139.6582779999999957
21
-91.866390999999993
0
LINE
8
BLACK
6
CONTINUOUS
10
139.6582779999999957
20
-91.866390999999993
11
139.5252059999999972
21
-91.7333189999999945
0
LINE
8
BLACK
6
CONTINUOUS
10
139.5252059999999972
20
-91.7333189999999945
11
139.4206519999999898
21
-91.5768419999999992
0
LINE
8
BLACK
6
CONTINUOUS
10
139.4206519999999898
20
-91.5768419999999992
11
139.3486330000000066
21
-91.4029740000000004
0
LINE
8
BLACK
6
CONTINUOUS
10
139.3486330000000066
20
-91.4029740000000004
11
139.311918999999989
21
-91.218396999999996
0
LINE
8
BLACK
6
CONTINUOUS
10
139.311918999999989
20
-91.218396999999996
11
139.311918999999989
21
-91.0302049999999952
0
LINE
8
BLACK
6
CONTINUOUS
10
139.311918999999989
20
-91.0302049999999952
11
139.3486330000000066
21
-90.8456279999999907
0
LINE
8
BLACK
6
CONTINUOUS
10
139.3486330000000066
20
-90.8456279999999907
11
139.4206519999999898
21
-90.6717599999999919
0
LINE
8
BLACK
6
CONTINUOUS
10
139.4206519999999898
20
-90.6717599999999919
11
139.5252059999999972
21
-90.5152829999999966
0
LINE
8
BLACK
6
CONTINUOUS
10
139.5252059999999972
20
-90.5152829999999966
11
139.6582779999999957
21
-90.3822109999999981
0
LINE
8
BLACK
6
CONTINUOUS
10
139.6582779999999957
20
-90.3822109999999981
11
139.814754999999991
21
-90.2776569999999907
0
LINE
8
BLACK
6
CONTINUOUS
10
139.814754999999991
20
-90.2776569999999907
11
139.9886229999999898
21
-90.2056379999999933
0
LINE
8
BLACK
6
CONTINUOUS
10
139.9886229999999898
20
-90.2056379999999933
11
140.17319999999998
21
-90.1689239999999899
0
LINE
8
BLACK
6
CONTINUOUS
10
140.17319999999998
20
-90.1689239999999899
11
140.3613919999999951
21
-90.1689239999999899
0
LINE
8
BLACK
6
CONTINUOUS
10
140.3613919999999951
20
-90.1689239999999899
11
140.5459689999999853
21
-90.2056379999999933
0
LINE
8
BLACK
6
CONTINUOUS
10
140.5459689999999853
20
-90.2056379999999933
11
140.7198369999999841
21
-90.2776569999999907
0
LINE
8
BLACK
6
CONTINUOUS
10
140.7198369999999841
20
-90.2776569999999907
11
140.8763140000000078
21
-90.3822109999999981
0
LINE
8
BLACK
6
CONTINUOUS
10
140.8763140000000078
20
-90.3822109999999981
11
141.0093860000000063
21
-90.5152829999999966
0
LINE
8
BLACK
6
CONTINUOUS
10
141.0093860000000063
20
-90.5152829999999966
11
141.1139399999999853
21
-90.6717599999999919
0
LINE
8
BLACK
6
CONTINUOUS
10
141.1139399999999853
20
-90.6717599999999919
11
141.1859589999999969
21
-90.8456279999999907
0
LINE
8
BLACK
6
CONTINUOUS
10
141.1859589999999969
20
-90.8456279999999907
11
141.2226729999999861
21
-91.0302049999999952
0
LINE
8
BLACK
6
CONTINUOUS
10
141.2226729999999861
20
-91.0302049999999952
11
141.2226729999999861
21
-91.218396999999996
0
LINE
8
BLACK
6
CONTINUOUS
10
141.2226729999999861
20
-91.218396999999996
11
141.1859589999999969
21
-91.4029740000000004
0
LINE
8
BLACK
6
CONTINUOUS
10
141.1859589999999969
20
-91.4029740000000004
11
141.1139399999999853
21
-91.5768419999999992
0
LINE
8
BLACK
6
CONTINUOUS
10
141.1139399999999853
20
-91.5768419999999992
11
141.0093860000000063
21
-91.7333189999999945
0
LINE
8
BLACK
6
CONTINUOUS
10
141.0093860000000063
20
-91.7333189999999945
11
140.8763140000000078
21
-91.866390999999993
0
LINE
8
BLACK
6
CONTINUOUS
10
140.8763140000000078
20
-91.866390999999993
11
140.7198369999999841
21
-91.9709450000000004
0
LINE
8
BLACK
6
CONTINUOUS
10
140.7198369999999841
20
-91.9709450000000004
11
140.5459689999999853
21
-92.0429639999999978
0
LINE
8
BLACK
6
CONTINUOUS
10
140.5459689999999853
20
-92.0429639999999978
11
140.4672960000000046
21
-92.0586119999999966
0
LINE
8
BLACK
6
CONTINUOUS
10
140.4672960000000046
20
-92.0586119999999966
11
140.4672960000000046
21
-95.0648159999999933
0
LINE
8
BLACK
6
CONTINUOUS
10
140.4672960000000046
20
-95.0648159999999933
11
140.5918069999999886
21
-95.0845379999999949
0
LINE
8
BLACK
6
CONTINUOUS
10
140.5918069999999886
20
-95.0845379999999949
11
140.7783540000000073
21
-95.1451509999999985
0
LINE
8
BLACK
6
CONTINUOUS
10
140.7783540000000073
20
-95.1451509999999985
11
140.953123000000005
21
-95.2342000000000013
0
LINE
8
BLACK
6
CONTINUOUS
10
140.953123000000005
20
-95.2342000000000013
11
141.1118099999999913
21
-95.3494929999999954
0
LINE
8
BLACK
6
CONTINUOUS
10
141.1118099999999913
20
-95.3494929999999954
11
141.2505069999999989
21
-95.4881899999999888
0
LINE
8
BLACK
6
CONTINUOUS
10
141.2505069999999989
20
-95.4881899999999888
11
141.3658000000000072
21
-95.6468769999999893
0
LINE
8
BLACK
6
CONTINUOUS
10
141.3658000000000072
20
-95.6468769999999893
11
141.4548489999999958
21
-95.8216460000000012
0
LINE
8
BLACK
6
CONTINUOUS
10
141.4548489999999958
20
-95.8216460000000012
11
141.5154619999999852
21
-96.0081929999999915
0
LINE
8
BLACK
6
CONTINUOUS
10
141.5154619999999852
20
-96.0081929999999915
11
141.5461469999999906
21
-96.2019260000000003
0
LINE
8
BLACK
6
CONTINUOUS
10
141.5461469999999906
20
-96.2019260000000003
11
141.5461469999999906
21
-96.398073999999994
0
LINE
8
BLACK
6
CONTINUOUS
10
141.5461469999999906
20
-96.398073999999994
11
141.5154619999999852
21
-96.5918069999999886
0
LINE
8
BLACK
6
CONTINUOUS
10
141.5154619999999852
20
-96.5918069999999886
11
141.4548489999999958
21
-96.7783539999999931
0
LINE
8
BLACK
6
CONTINUOUS
10
141.4548489999999958
20
-96.7783539999999931
11
141.3658000000000072
21
-96.9531229999999908
0
LINE
8
BLACK
6
CONTINUOUS
10
141.3658000000000072
20
-96.9531229999999908
11
141.2505069999999989
21
-97.1118099999999913
0
LINE
8
BLACK
6
CONTINUOUS
10
141.2505069999999989
20
-97.1118099999999913
11
141.1118099999999913
21
-97.2505069999999989
0
LINE
8
BLACK
6
CONTINUOUS
10
141.1118099999999913
20
-97.2505069999999989
11
140.953123000000005
21
-97.365799999999993
0
LINE
8
BLACK
6
CONTINUOUS
10
140.953123000000005
20
-97.365799999999993
11
140.7783540000000073
21
-97.4548489999999958
0
LINE
8
BLACK
6
CONTINUOUS
10
140.7783540000000073
20
-97.4548489999999958
11
140.5918069999999886
21
-97.5154619999999994
0
LINE
8
BLACK
6
CONTINUOUS
10
140.5918069999999886
20
-97.5154619999999994
11
140.3980739999999798
21
-97.5461469999999906
0
LINE
8
BLACK
6
CONTINUOUS
10
140.3980739999999798
20
-97.5461469999999906
11
140.2019259999999861
21
-97.5461469999999906
0
LINE
8
BLACK
6
CONTINUOUS
10
140.2019259999999861
20
-97.5461469999999906
11
140.0081930000000057
21
-97.5154619999999994
0
LINE
8
BLACK
6
CONTINUOUS
10
140.0081930000000057
20
-97.5154619999999994
11
139.821645999999987
21
-97.4548489999999958
0
LINE
8
BLACK
6
CONTINUOUS
10
139.821645999999987
20
-97.4548489999999958
11
139.6468769999999893
21
-97.365799999999993
0
LINE
8
BLACK
6
CONTINUOUS
10
139.6468769999999893
20
-97.365799999999993
11
139.571676999999994
21
-97.3111639999999909
0
LINE
8
BLACK
6
CONTINUOUS
10
139.571676999999994
20
-97.3111639999999909
11
138.7904209999999807
21
-98.0924210000000016
0
LINE
8
BLACK
6
CONTINUOUS
10
138.7904209999999807
20
-98.0924210000000016
11
138.7601139999999873
21
-98.1172940000000011
0
LINE
8
BLACK
6
CONTINUOUS
10
138.7601139999999873
20
-98.1172940000000011
11
138.6880179999999996
21
-98.1471569999999929
0
LINE
8
BLACK
6
CONTINUOUS
10
138.6880179999999996
20
-98.1471569999999929
11
138.6490000000000009
21
-98.1509999999999962
0
LINE
8
BLACK
6
CONTINUOUS
10
138.6490000000000009
20
-98.1509999999999962
11
130.0409999999999968
21
-98.1509999999999962
0
LINE
8
BLACK
6
CONTINUOUS
10
130.0409999999999968
20
-98.1509999999999962
11
130.0019819999999982
21
-98.1471569999999929
0
LINE
8
BLACK
6
CONTINUOUS
10
130.0019819999999982
20
-98.1471569999999929
11
129.929885999999982
21
-98.1172940000000011
0
LINE
8
BLACK
6
CONTINUOUS
10
129.929885999999982
20
-98.1172940000000011
11
129.8995779999999911
21
-98.0924210000000016
0
LINE
8
BLACK
6
CONTINUOUS
10
129.8995779999999911
20
-98.0924210000000016
11
127.4424159999999944
21
-95.6352579999999932
0
LINE
8
BLACK
6
CONTINUOUS
10
127.4424159999999944
20
-95.6352579999999932
11
127.4175429999999949
21
-95.6049509999999998
0
LINE
8
BLACK
6
CONTINUOUS
10
127.4175429999999949
20
-95.6049509999999998
11
127.3876799999999889
21
-95.5328549999999979
0
LINE
8
BLACK
6
CONTINUOUS
10
127.3876799999999889
20
-95.5328549999999979
11
127.3838369999999998
21
-95.4938369999999992
0
LINE
8
BLACK
6
CONTINUOUS
10
127.3838369999999998
20
-95.4938369999999992
11
127.3838369999999998
21
-89.6429419999999908
0
LINE
8
BLACK
6
CONTINUOUS
10
127.3838369999999998
20
-89.6429419999999908
11
127.3037029999999987
21
-89.6302499999999895
0
LINE
8
BLACK
6
CONTINUOUS
10
127.3037029999999987
20
-89.6302499999999895
11
127.1246170000000006
21
-89.5720609999999908
0
LINE
8
BLACK
6
CONTINUOUS
10
127.1246170000000006
20
-89.5720609999999908
11
126.956838999999988
21
-89.4865739999999903
0
LINE
8
BLACK
6
CONTINUOUS
10
126.956838999999988
20
-89.4865739999999903
11
126.8044989999999927
21
-89.3758929999999907
0
LINE
8
BLACK
6
CONTINUOUS
10
126.8044989999999927
20
-89.3758929999999907
11
126.6713499999999897
21
-89.2427440000000018
0
LINE
8
BLACK
6
CONTINUOUS
10
126.6713499999999897
20
-89.2427440000000018
11
126.5606689999999901
21
-89.0904039999999924
0
LINE
8
BLACK
6
CONTINUOUS
10
126.5606689999999901
20
-89.0904039999999924
11
126.4751819999999896
21
-88.922625999999994
0
LINE
8
BLACK
6
CONTINUOUS
10
126.4751819999999896
20
-88.922625999999994
11
126.4169929999999908
21
-88.7435399999999959
0
LINE
8
BLACK
6
CONTINUOUS
10
126.4169929999999908
20
-88.7435399999999959
11
126.3875359999999972
21
-88.5575570000000027
0
LINE
8
BLACK
6
CONTINUOUS
10
126.3875359999999972
20
-88.5575570000000027
11
126.3875359999999972
21
-88.3692549999999954
0
LINE
8
BLACK
6
CONTINUOUS
10
126.3875359999999972
20
-88.3692549999999954
11
126.4169929999999908
21
-88.1832720000000023
0
LINE
8
BLACK
6
CONTINUOUS
10
126.4169929999999908
20
-88.1832720000000023
11
126.4751819999999896
21
-88.00418599999999
0
LINE
8
BLACK
6
CONTINUOUS
10
126.4751819999999896
20
-88.00418599999999
11
126.5606689999999901
21
-87.8364079999999916
0
LINE
8
BLACK
6
CONTINUOUS
10
126.5606689999999901
20
-87.8364079999999916
11
126.6713499999999897
21
-87.6840679999999963
0
LINE
8
BLACK
6
CONTINUOUS
10
126.6713499999999897
20
-87.6840679999999963
11
126.8044989999999927
21
-87.5509189999999933
0
LINE
8
BLACK
6
CONTINUOUS
10
126.8044989999999927
20
-87.5509189999999933
11
126.956838999999988
21
-87.4402379999999937
0
LINE
8
BLACK
6
CONTINUOUS
10
126.956838999999988
20
-87.4402379999999937
11
127.1246170000000006
21
-87.3547509999999932
0
LINE
8
BLACK
6
CONTINUOUS
10
127.1246170000000006
20
-87.3547509999999932
11
127.3037029999999987
21
-87.2965619999999944
0
LINE
8
BLACK
6
CONTINUOUS
10
127.3037029999999987
20
-87.2965619999999944
11
127.4896859999999919
21
-87.2671050000000008
0
LINE
8
BLACK
6
CONTINUOUS
10
127.4896859999999919
20
-87.2671050000000008
11
127.6779879999999991
21
-87.2671050000000008
0
LINE
8
BLACK
6
CONTINUOUS
10
127.6779879999999991
20
-87.2671050000000008
11
127.8639709999999923
21
-87.2965619999999944
0
LINE
8
BLACK
6
CONTINUOUS
10
129.8180519999999945
20
-91.4679089999999917
11
129.9629410000000007
21
-91.5279239999999987
0
LINE
8
BLACK
6
CONTINUOUS
10
129.9629410000000007
20
-91.5279239999999987
11
130.0933389999999861
21
-91.615052999999989
0
LINE
8
BLACK
6
CONTINUOUS
10
130.0933389999999861
20
-91.615052999999989
11
130.2042319999999904
21
-91.7259459999999933
0
LINE
8
BLACK
6
CONTINUOUS
10
130.2042319999999904
20
-91.7259459999999933
11
130.2913609999999949
21
-91.8563439999999929
0
LINE
8
BLACK
6
CONTINUOUS
10
130.2913609999999949
20
-91.8563439999999929
11
130.3513759999999877
21
-92.0012329999999992
0
LINE
8
BLACK
6
CONTINUOUS
10
130.3513759999999877
20
-92.0012329999999992
11
130.3819719999999904
21
-92.1550469999999962
0
LINE
8
BLACK
6
CONTINUOUS
10
130.3819719999999904
20
-92.1550469999999962
11
130.3819719999999904
21
-92.3118750000000006
0
LINE
8
BLACK
6
CONTINUOUS
10
130.3819719999999904
20
-92.3118750000000006
11
130.3513759999999877
21
-92.4656889999999976
0
LINE
8
BLACK
6
CONTINUOUS
10
130.3513759999999877
20
-92.4656889999999976
11
130.2913609999999949
21
-92.6105779999999896
0
LINE
8
BLACK
6
CONTINUOUS
10
130.2913609999999949
20
-92.6105779999999896
11
130.2042319999999904
21
-92.7409759999999892
0
LINE
8
BLACK
6
CONTINUOUS
10
130.2042319999999904
20
-92.7409759999999892
11
130.0933389999999861
21
-92.8518689999999935
0
LINE
8
BLACK
6
CONTINUOUS
10
130.0933389999999861
20
-92.8518689999999935
11
129.9629410000000007
21
-92.938997999999998
0
LINE
8
BLACK
6
CONTINUOUS
10
129.9629410000000007
20
-92.938997999999998
11
129.8180519999999945
21
-92.9990129999999908
0
LINE
8
BLACK
6
CONTINUOUS
10
129.8180519999999945
20
-92.9990129999999908
11
129.785823999999991
21
-93.0054229999999933
0
LINE
8
BLACK
6
CONTINUOUS
10
129.785823999999991
20
-93.0054229999999933
11
129.785823999999991
21
-94.5029819999999887
0
LINE
8
BLACK
6
CONTINUOUS
10
129.785823999999991
20
-94.5029819999999887
11
130.571676999999994
21
-95.2888349999999917
0
LINE
8
BLACK
6
CONTINUOUS
10
130.571676999999994
20
-95.2888349999999917
11
130.6468769999999893
21
-95.2342000000000013
0
LINE
8
BLACK
6
CONTINUOUS
10
130.6468769999999893
20
-95.2342000000000013
11
130.821645999999987
21
-95.1451509999999985
0
LINE
8
BLACK
6
CONTINUOUS
10
130.821645999999987
20
-95.1451509999999985
11
131.0081930000000057
21
-95.0845379999999949
0
LINE
8
BLACK
6
CONTINUOUS
10
131.0081930000000057
20
-95.0845379999999949
11
131.2019259999999861
21
-95.0538529999999895
0
LINE
8
BLACK
6
CONTINUOUS
10
131.2019259999999861
20
-95.0538529999999895
11
131.3980740000000083
21
-95.0538529999999895
0
LINE
8
BLACK
6
CONTINUOUS
10
131.3980740000000083
20
-95.0538529999999895
11
131.5918069999999886
21
-95.0845379999999949
0
LINE
8
BLACK
6
CONTINUOUS
10
131.5918069999999886
20
-95.0845379999999949
11
131.7783540000000073
21
-95.1451509999999985
0
LINE
8
BLACK
6
CONTINUOUS
10
131.7783540000000073
20
-95.1451509999999985
11
131.953123000000005
21
-95.2342000000000013
0
LINE
8
BLACK
6
CONTINUOUS
10
131.953123000000005
20
-95.2342000000000013
11
132.1118099999999913
21
-95.3494929999999954
0
LINE
8
BLACK
6
CONTINUOUS
10
132.1118099999999913
20
-95.3494929999999954
11
132.2505069999999989
21
-95.4881899999999888
0
LINE
8
BLACK
6
CONTINUOUS
10
132.2505069999999989
20
-95.4881899999999888
11
132.3658000000000072
21
-95.6468769999999893
0
LINE
8
BLACK
6
CONTINUOUS
10
132.3658000000000072
20
-95.6468769999999893
11
132.4548489999999958
21
-95.8216460000000012
0
LINE
8
BLACK
6
CONTINUOUS
10
132.4548489999999958
20
-95.8216460000000012
11
132.5154619999999852
21
-96.0081929999999915
0
LINE
8
BLACK
6
CONTINUOUS
10
132.5154619999999852
20
-96.0081929999999915
11
132.5461469999999906
21
-96.2019260000000003
0
LINE
8
BLACK
6
CONTINUOUS
10
132.5461469999999906
20
-96.2019260000000003
11
132.5461469999999906
21
-96.398073999999994
0
LINE
8
BLACK
6
CONTINUOUS
10
132.5461469999999906
20
-96.398073999999994
11
132.5154619999999852
21
-96.5918069999999886
0
LINE
8
BLACK
6
CONTINUOUS
10
132.5154619999999852
20
-96.5918069999999886
11
132.4548489999999958
21
-96.7783539999999931
0
LINE
8
BLACK
6
CONTINUOUS
10
132.4548489999999958
20
-96.7783539999999931
11
132.3658000000000072
21
-96.9531229999999908
0
LINE
8
BLACK
6
CONTINUOUS
10
132.3658000000000072
20
-96.9531229999999908
11
132.2505069999999989
21
-97.1118099999999913
0
LINE
8
BLACK
6
CONTINUOUS
10
132.2505069999999989
20
-97.1118099999999913
11
132.1118099999999913
21
-97.2505069999999989
0
LINE
8
BLACK
6
CONTINUOUS
10
132.1118099999999913
20
-97.2505069999999989
11
131.953123000000005
21
-97.365799999999993
0
LINE
8
BLACK
6
CONTINUOUS
10
131.953123000000005
20
-97.365799999999993
11
131.7783540000000073
21
-97.4548489999999958
0
LINE
8
BLACK
6
CONTINUOUS
10
131.7783540000000073
20
-97.4548489999999958
11
131.5918069999999886
21
-97.5154619999999994
0
LINE
8
BLACK
6
CONTINUOUS
10
131.5918069999999886
20
-97.5154619999999994
11
131.3980740000000083
21
-97.5461469999999906
0
LINE
8
BLACK
6
CONTINUOUS
10
131.3980740000000083
20
-97.5461469999999906
11
131.2019259999999861
21
-97.5461469999999906
0
LINE
8
BLACK
6
CONTINUOUS
10
131.2019259999999861
20
-97.5461469999999906
11
131.0081930000000057
21
-97.5154619999999994
0
LINE
8
BLACK
6
CONTINUOUS
10
131.0081930000000057
20
-97.5154619999999994
11
130.821645999999987
21
-97.4548489999999958
0
LINE
8
BLACK
6
CONTINUOUS
10
130.821645999999987
20
-97.4548489999999958
11
130.6468769999999893
21
-97.365799999999993
0
LINE
8
BLACK
6
CONTINUOUS
10
130.6468769999999893
20
-97.365799999999993
11
130.488190000000003
21
-97.2505069999999989
0
LINE
8
BLACK
6
CONTINUOUS
10
130.488190000000003
20
-97.2505069999999989
11
130.3494929999999954
21
-97.1118099999999913
0
LINE
8
BLACK
6
CONTINUOUS
10
130.3494929999999954
20
-97.1118099999999913
11
130.2341999999999871
21
-96.9531229999999908
0
LINE
8
BLACK
6
CONTINUOUS
10
130.2341999999999871
20
-96.9531229999999908
11
130.1451509999999985
21
-96.7783539999999931
0
LINE
8
BLACK
6
CONTINUOUS
10
130.1451509999999985
20
-96.7783539999999931
11
130.0845379999999807
21
-96.5918069999999886
0
LINE
8
BLACK
6
CONTINUOUS
10
130.0845379999999807
20
-96.5918069999999886
11
130.0538530000000037
21
-96.398073999999994
0
LINE
8
BLACK
6
CONTINUOUS
10
130.0538530000000037
20
-96.398073999999994
11
130.0538530000000037
21
-96.2019260000000003
0
LINE
8
BLACK
6
CONTINUOUS
10
130.0538530000000037
20
-96.2019260000000003
11
130.0845379999999807
21
-96.0081929999999915
0
LINE
8
BLACK
6
CONTINUOUS
10
130.0845379999999807
20
-96.0081929999999915
11
130.1451509999999985
21
-95.8216460000000012
0
LINE
8
BLACK
6
CONTINUOUS
10
130.1451509999999985
20
-95.8216460000000012
11
130.2341999999999871
21
-95.6468769999999893
0
LINE
8
BLACK
6
CONTINUOUS
10
130.2341999999999871
20
-95.6468769999999893
11
130.2888350000000059
21
-95.571676999999994
0
LINE
8
BLACK
6
CONTINUOUS
10
130.2888350000000059
20
-95.571676999999994
11
129.4444029999999941
21
-94.7272449999999964
0
LINE
8
BLACK
6
CONTINUOUS
10
129.4444029999999941
20
-94.7272449999999964
11
129.4195299999999804
21
-94.6969379999999887
0
LINE
8
BLACK
6
CONTINUOUS
10
129.4195299999999804
20
-94.6969379999999887
11
129.3896670000000029
21
-94.624842000000001
0
LINE
8
BLACK
6
CONTINUOUS
10
129.3896670000000029
20
-94.624842000000001
11
129.3858239999999853
21
-94.5858240000000023
0
LINE
8
BLACK
6
CONTINUOUS
10
129.3858239999999853
20
-94.5858240000000023
11
129.3858239999999853
21
-93.0054229999999933
0
LINE
8
BLACK
6
CONTINUOUS
10
129.3858239999999853
20
-93.0054229999999933
11
129.3535959999999818
21
-92.9990129999999908
0
LINE
8
BLACK
6
CONTINUOUS
10
129.3535959999999818
20
-92.9990129999999908
11
129.208707000000004
21
-92.938997999999998
0
LINE
8
BLACK
6
CONTINUOUS
10
129.208707000000004
20
-92.938997999999998
11
129.0783089999999902
21
-92.8518689999999935
0
LINE
8
BLACK
6
CONTINUOUS
10
129.0783089999999902
20
-92.8518689999999935
11
128.9674159999999858
21
-92.7409759999999892
0
LINE
8
BLACK
6
CONTINUOUS
10
128.9674159999999858
20
-92.7409759999999892
11
128.8802869999999814
21
-92.6105779999999896
0
LINE
8
BLACK
6
CONTINUOUS
10
128.8802869999999814
20
-92.6105779999999896
11
128.8202719999999886
21
-92.4656889999999976
0
LINE
8
BLACK
6
CONTINUOUS
10
128.8202719999999886
20
-92.4656889999999976
11
128.7896759999999858
21
-92.3118750000000006
0
LINE
8
BLACK
6
CONTINUOUS
10
128.7896759999999858
20
-92.3118750000000006
11
128.7896759999999858
21
-92.1550469999999962
0
LINE
8
BLACK
6
CONTINUOUS
10
128.7896759999999858
20
-92.1550469999999962
11
128.8202719999999886
21
-92.0012329999999992
0
LINE
8
BLACK
6
CONTINUOUS
10
128.8202719999999886
20
-92.0012329999999992
11
128.8802869999999814
21
-91.8563439999999929
0
LINE
8
BLACK
6
CONTINUOUS
10
128.8802869999999814
20
-91.8563439999999929
11
128.9674159999999858
21
-91.7259459999999933
0
LINE
8
BLACK
6
CONTINUOUS
10
128.9674159999999858
20
-91.7259459999999933
11
129.0783089999999902
21
-91.615052999999989
0
LINE
8
BLACK
6
CONTINUOUS
10
129.0783089999999902
20
-91.615052999999989
11
129.208707000000004
21
-91.5279239999999987
0
LINE
8
BLACK
6
CONTINUOUS
10
129.208707000000004
20
-91.5279239999999987
11
129.3535959999999818
21
-91.4679089999999917
0
LINE
8
BLACK
6
CONTINUOUS
10
129.3535959999999818
20
-91.4679089999999917
11
129.507409999999993
21
-91.437312999999989
0
LINE
8
BLACK
6
CONTINUOUS
10
129.507409999999993
20
-91.437312999999989
11
129.6642379999999832
21
-91.437312999999989
0
LINE
8
BLACK
6
CONTINUOUS
10
129.6642379999999832
20
-91.437312999999989
11
129.8180519999999945
21
-91.4679089999999917
0
LINE
8
BLACK
6
CONTINUOUS
10
136.0660340000000019
20
-90.2524789999999939
11
136.2399020000000007
21
-90.3244979999999913
0
LINE
8
BLACK
6
CONTINUOUS
10
136.2399020000000007
20
-90.3244979999999913
11
136.396378999999996
21
-90.4290519999999987
0
LINE
8
BLACK
6
CONTINUOUS
10
136.396378999999996
20
-90.4290519999999987
11
136.5294509999999946
21
-90.5621239999999972
0
LINE
8
BLACK
6
CONTINUOUS
10
136.5294509999999946
20
-90.5621239999999972
11
136.6340050000000019
21
-90.7186009999999925
0
LINE
8
BLACK
6
CONTINUOUS
10
136.6340050000000019
20
-90.7186009999999925
11
136.7060239999999851
21
-90.8924689999999913
0
LINE
8
BLACK
6
CONTINUOUS
10
136.7060239999999851
20
-90.8924689999999913
11
136.7427380000000028
21
-91.0770459999999957
0
LINE
8
BLACK
6
CONTINUOUS
10
136.7427380000000028
20
-91.0770459999999957
11
136.7427380000000028
21
-91.2652379999999965
0
LINE
8
BLACK
6
CONTINUOUS
10
136.7427380000000028
20
-91.2652379999999965
11
136.7060239999999851
21
-91.449815000000001
0
LINE
8
BLACK
6
CONTINUOUS
10
136.7060239999999851
20
-91.449815000000001
11
136.6340050000000019
21
-91.6236829999999998
0
LINE
8
BLACK
6
CONTINUOUS
10
136.6340050000000019
20
-91.6236829999999998
11
136.5294509999999946
21
-91.7801599999999951
0
LINE
8
BLACK
6
CONTINUOUS
10
136.5294509999999946
20
-91.7801599999999951
11
136.396378999999996
21
-91.9132319999999936
0
LINE
8
BLACK
6
CONTINUOUS
10
136.396378999999996
20
-91.9132319999999936
11
136.2399020000000007
21
-92.017786000000001
0
LINE
8
BLACK
6
CONTINUOUS
10
136.2399020000000007
20
-92.017786000000001
11
136.0660340000000019
21
-92.0898049999999984
0
LINE
8
BLACK
6
CONTINUOUS
10
136.0660340000000019
20
-92.0898049999999984
11
135.9873609999999928
21
-92.1054529999999971
0
LINE
8
BLACK
6
CONTINUOUS
10
135.9873609999999928
20
-92.1054529999999971
11
135.9873609999999928
21
-94.1808099999999939
0
LINE
8
BLACK
6
CONTINUOUS
10
135.9873609999999928
20
-94.1808099999999939
11
137.8643219999999872
21
-94.1808099999999939
0
LINE
8
BLACK
6
CONTINUOUS
10
137.8643219999999872
20
-94.1808099999999939
11
137.8707330000000013
21
-94.1485819999999904
0
LINE
8
BLACK
6
CONTINUOUS
10
137.8707330000000013
20
-94.1485819999999904
11
137.9307479999999941
21
-94.0036929999999984
0
LINE
8
BLACK
6
CONTINUOUS
10
137.9307479999999941
20
-94.0036929999999984
11
138.0178769999999986
21
-93.8732949999999988
0
LINE
8
BLACK
6
CONTINUOUS
10
138.0178769999999986
20
-93.8732949999999988
11
138.1287700000000029
21
-93.7624019999999945
0
LINE
8
BLACK
6
CONTINUOUS
10
138.1287700000000029
20
-93.7624019999999945
11
138.2591679999999883
21
-93.67527299999999
0
LINE
8
BLACK
6
CONTINUOUS
10
138.2591679999999883
20
-93.67527299999999
11
138.4040569999999946
21
-93.6152579999999972
0
LINE
8
BLACK
6
CONTINUOUS
10
138.4040569999999946
20
-93.6152579999999972
11
138.5578710000000058
21
-93.5846619999999945
0
LINE
8
BLACK
6
CONTINUOUS
10
138.5578710000000058
20
-93.5846619999999945
11
138.714698999999996
21
-93.5846619999999945
0
LINE
8
BLACK
6
CONTINUOUS
10
138.714698999999996
20
-93.5846619999999945
11
138.8685130000000072
21
-93.6152579999999972
0
LINE
8
BLACK
6
CONTINUOUS
10
138.8685130000000072
20
-93.6152579999999972
11
139.013401999999985
21
-93.67527299999999
0
LINE
8
BLACK
6
CONTINUOUS
10
139.013401999999985
20
-93.67527299999999
11
139.1437999999999988
21
-93.7624019999999945
0
LINE
8
BLACK
6
CONTINUOUS
10
139.1437999999999988
20
-93.7624019999999945
11
139.2546930000000032
21
-93.8732949999999988
0
LINE
8
BLACK
6
CONTINUOUS
10
139.2546930000000032
20
-93.8732949999999988
11
139.3418220000000076
21
-94.0036929999999984
0
LINE
8
BLACK
6
CONTINUOUS
10
139.3418220000000076
20
-94.0036929999999984
11
139.4018370000000004
21
-94.1485819999999904
0
LINE
8
BLACK
6
CONTINUOUS
10
139.4018370000000004
20
-94.1485819999999904
11
139.4324330000000032
21
-94.3023960000000017
0
LINE
8
BLACK
6
CONTINUOUS
10
139.4324330000000032
20
-94.3023960000000017
11
139.4324330000000032
21
-94.4592239999999919
0
LINE
8
BLACK
6
CONTINUOUS
10
139.4324330000000032
20
-94.4592239999999919
11
139.4018370000000004
21
-94.6130379999999889
0
LINE
8
BLACK
6
CONTINUOUS
10
139.4018370000000004
20
-94.6130379999999889
11
139.3418220000000076
21
-94.7579269999999951
0
LINE
8
BLACK
6
CONTINUOUS
10
139.3418220000000076
20
-94.7579269999999951
11
139.2546930000000032
21
-94.8883249999999947
0
LINE
8
BLACK
6
CONTINUOUS
10
139.2546930000000032
20
-94.8883249999999947
11
139.1437999999999988
21
-94.9992179999999991
0
LINE
8
BLACK
6
CONTINUOUS
10
139.1437999999999988
20
-94.9992179999999991
11
139.013401999999985
21
-95.0863469999999893
0
LINE
8
BLACK
6
CONTINUOUS
10
139.013401999999985
20
-95.0863469999999893
11
138.8685130000000072
21
-95.1463619999999963
0
LINE
8
BLACK
6
CONTINUOUS
10
138.8685130000000072
20
-95.1463619999999963
11
138.714698999999996
21
-95.1769579999999991
0
LINE
8
BLACK
6
CONTINUOUS
10
138.714698999999996
20
-95.1769579999999991
11
138.5578710000000058
21
-95.1769579999999991
0
LINE
8
BLACK
6
CONTINUOUS
10
138.5578710000000058
20
-95.1769579999999991
11
138.4040569999999946
21
-95.1463619999999963
0
LINE
8
BLACK
6
CONTINUOUS
10
138.4040569999999946
20
-95.1463619999999963
11
138.2591679999999883
21
-95.0863469999999893
0
LINE
8
BLACK
6
CONTINUOUS
10
138.2591679999999883
20
-95.0863469999999893
11
138.1287700000000029
21
-94.9992179999999991
0
LINE
8
BLACK
6
CONTINUOUS
10
138.1287700000000029
20
-94.9992179999999991
11
138.0178769999999986
21
-94.8883249999999947
0
LINE
8
BLACK
6
CONTINUOUS
10
138.0178769999999986
20
-94.8883249999999947
11
137.9307479999999941
21
-94.7579269999999951
0
LINE
8
BLACK
6
CONTINUOUS
10
137.9307479999999941
20
-94.7579269999999951
11
137.8707330000000013
21
-94.6130379999999889
0
LINE
8
BLACK
6
CONTINUOUS
10
137.8707330000000013
20
-94.6130379999999889
11
137.8643219999999872
21
-94.5808099999999996
0
LINE
8
BLACK
6
CONTINUOUS
10
137.8643219999999872
20
-94.5808099999999996
11
136.
21
-94.5808099999999996
0
LINE
8
BLACK
6
CONTINUOUS
10
136.
20
-94.5808099999999996
11
136.
21
-95.0699959999999891
0
LINE
8
BLACK
6
CONTINUOUS
10
136.
20
-95.0699959999999891
11
136.0918069999999886
21
-95.0845379999999949
0
LINE
8
BLACK
6
CONTINUOUS
10
136.0918069999999886
20
-95.0845379999999949
11
136.2783540000000073
21
-95.1451509999999985
0
LINE
8
BLACK
6
CONTINUOUS
10
136.2783540000000073
20
-95.1451509999999985
11
136.453123000000005
21
-95.2342000000000013
0
LINE
8
BLACK
6
CONTINUOUS
10
136.453123000000005
20
-95.2342000000000013
11
136.6118099999999913
21
-95.3494929999999954
0
LINE
8
BLACK
6
CONTINUOUS
10
136.6118099999999913
20
-95.3494929999999954
11
136.7505069999999989
21
-95.4881899999999888
0
LINE
8
BLACK
6
CONTINUOUS
10
136.7505069999999989
20
-95.4881899999999888
11
136.8658000000000072
21
-95.6468769999999893
0
LINE
8
BLACK
6
CONTINUOUS
10
136.8658000000000072
20
-95.6468769999999893
11
136.9548489999999958
21
-95.8216460000000012
0
LINE
8
BLACK
6
CONTINUOUS
10
136.9548489999999958
20
-95.8216460000000012
11
137.0154619999999852
21
-96.0081929999999915
0
LINE
8
BLACK
6
CONTINUOUS
10
137.0154619999999852
20
-96.0081929999999915
11
137.0461469999999906
21
-96.2019260000000003
0
LINE
8
BLACK
6
CONTINUOUS
10
137.0461469999999906
20
-96.2019260000000003
11
137.0461469999999906
21
-96.398073999999994
0
LINE
8
BLACK
6
CONTINUOUS
10
137.0461469999999906
20
-96.398073999999994
11
137.0154619999999852
21
-96.5918069999999886
0
LINE
8
BLACK
6
CONTINUOUS
10
137.0154619999999852
20
-96.5918069999999886
11
136.9548489999999958
21
-96.7783539999999931
0
LINE
8
BLACK
6
CONTINUOUS
10
136.9548489999999958
20
-96.7783539999999931
11
136.8658000000000072
21
-96.9531229999999908
0
LINE
8
BLACK
6
CONTINUOUS
10
136.8658000000000072
20
-96.9531229999999908
11
136.7505069999999989
21
-97.1118099999999913
0
LINE
8
BLACK
6
CONTINUOUS
10
136.7505069999999989
20
-97.1118099999999913
11
136.6118099999999913
21
-97.2505069999999989
0
LINE
8
BLACK
6
CONTINUOUS
10
136.6118099999999913
20
-97.2505069999999989
11
136.453123000000005
21
-97.365799999999993
0
LINE
8
BLACK
6
CONTINUOUS
10
136.453123000000005
20
-97.365799999999993
11
136.2783540000000073
21
-97.4548489999999958
0
LINE
8
BLACK
6
CONTINUOUS
10
136.2783540000000073
20
-97.4548489999999958
11
136.0918069999999886
21
-97.5154619999999994
0
LINE
8
BLACK
6
CONTINUOUS
10
136.0918069999999886
20
-97.5154619999999994
11
135.8980739999999798
21
-97.5461469999999906
0
LINE
8
BLACK
6
CONTINUOUS
10
135.8980739999999798
20
-97.5461469999999906
11
135.7019259999999861
21
-97.5461469999999906
0
LINE
8
BLACK
6
CONTINUOUS
10
135.7019259999999861
20
-97.5461469999999906
11
135.5081930000000057
21
-97.5154619999999994
0
LINE
8
BLACK
6
CONTINUOUS
10
135.5081930000000057
20
-97.5154619999999994
11
135.321645999999987
21
-97.4548489999999958
0
LINE
8
BLACK
6
CONTINUOUS
10
135.321645999999987
20
-97.4548489999999958
11
135.1468769999999893
21
-97.365799999999993
0
LINE
8
BLACK
6
CONTINUOUS
10
135.1468769999999893
20
-97.365799999999993
11
134.988190000000003
21
-97.2505069999999989
0
LINE
8
BLACK
6
CONTINUOUS
10
134.988190000000003
20
-97.2505069999999989
11
134.8494929999999954
21
-97.1118099999999913
0
LINE
8
BLACK
6
CONTINUOUS
10
134.8494929999999954
20
-97.1118099999999913
11
134.7341999999999871
21
-96.9531229999999908
0
LINE
8
BLACK
6
CONTINUOUS
10
134.7341999999999871
20
-96.9531229999999908
11
134.6451509999999985
21
-96.7783539999999931
0
LINE
8
BLACK
6
CONTINUOUS
10
134.6451509999999985
20
-96.7783539999999931
11
134.5845379999999807
21
-96.5918069999999886
0
LINE
8
BLACK
6
CONTINUOUS
10
134.5845379999999807
20
-96.5918069999999886
11
134.5538530000000037
21
-96.398073999999994
0
LINE
8
BLACK
6
CONTINUOUS
10
134.5538530000000037
20
-96.398073999999994
11
134.5538530000000037
21
-96.2019260000000003
0
LINE
8
BLACK
6
CONTINUOUS
10
134.5538530000000037
20
-96.2019260000000003
11
134.5845379999999807
21
-96.0081929999999915
0
LINE
8
BLACK
6
CONTINUOUS
10
134.5845379999999807
20
-96.0081929999999915
11
134.6451509999999985
21
-95.8216460000000012
0
LINE
8
BLACK
6
CONTINUOUS
10
134.6451509999999985
20
-95.8216460000000012
11
134.7341999999999871
21
-95.6468769999999893
0
LINE
8
BLACK
6
CONTINUOUS
10
134.7341999999999871
20
-95.6468769999999893
11
134.8494929999999954
21
-95.4881899999999888
0
LINE
8
BLACK
6
CONTINUOUS
10
134.8494929999999954
20
-95.4881899999999888
11
134.988190000000003
21
-95.3494929999999954
0
LINE
8
BLACK
6
CONTINUOUS
10
134.988190000000003
20
-95.3494929999999954
11
135.1468769999999893
21
-95.2342000000000013
0
LINE
8
BLACK
6
CONTINUOUS
10
135.1468769999999893
20
-95.2342000000000013
11
135.321645999999987
21
-95.1451509999999985
0
LINE
8
BLACK
6
CONTINUOUS
10
135.321645999999987
20
-95.1451509999999985
11
135.5081930000000057
21
-95.0845379999999949
0
LINE
8
BLACK
6
CONTINUOUS
10
135.5081930000000057
20
-95.0845379999999949
11
135.5999999999999943
21
-95.0699959999999891
0
LINE
8
BLACK
6
CONTINUOUS
10
135.5999999999999943
20
-95.0699959999999891
11
135.5999999999999943
21
-94.34325299999999
0
LINE
8
BLACK
6
CONTINUOUS
10
135.5999999999999943
20
-94.34325299999999
11
135.5912040000000047
21
-94.3220179999999999
0
LINE
8
BLACK
6
CONTINUOUS
10
135.5912040000000047
20
-94.3220179999999999
11
135.5873609999999871
21
-94.2830000000000013
0
LINE
8
BLACK
6
CONTINUOUS
10
135.5873609999999871
20
-94.2830000000000013
11
135.5873609999999871
21
-92.1054529999999971
0
LINE
8
BLACK
6
CONTINUOUS
10
135.5873609999999871
20
-92.1054529999999971
11
135.5086880000000065
21
-92.0898049999999984
0
LINE
8
BLACK
6
CONTINUOUS
10
135.5086880000000065
20
-92.0898049999999984
11
135.3348200000000077
21
-92.017786000000001
0
LINE
8
BLACK
6
CONTINUOUS
10
135.3348200000000077
20
-92.017786000000001
11
135.1783429999999839
21
-91.9132319999999936
0
LINE
8
BLACK
6
CONTINUOUS
10
135.1783429999999839
20
-91.9132319999999936
11
135.0452709999999854
21
-91.7801599999999951
0
LINE
8
BLACK
6
CONTINUOUS
10
135.0452709999999854
20
-91.7801599999999951
11
134.9407170000000065
21
-91.6236829999999998
0
LINE
8
BLACK
6
CONTINUOUS
10
134.9407170000000065
20
-91.6236829999999998
11
134.8686979999999949
21
-91.449815000000001
0
LINE
8
BLACK
6
CONTINUOUS
10
134.8686979999999949
20
-91.449815000000001
11
134.8319840000000056
21
-91.2652379999999965
0
LINE
8
BLACK
6
CONTINUOUS
10
134.8319840000000056
20
-91.2652379999999965
11
134.8319840000000056
21
-91.0770459999999957
0
LINE
8
BLACK
6
CONTINUOUS
10
134.8319840000000056
20
-91.0770459999999957
11
134.8686979999999949
21
-90.8924689999999913
0
LINE
8
BLACK
6
CONTINUOUS
10
134.8686979999999949
20
-90.8924689999999913
11
134.9407170000000065
21
-90.7186009999999925
0
LINE
8
BLACK
6
CONTINUOUS
10
134.9407170000000065
20
-90.7186009999999925
11
135.0452709999999854
21
-90.5621239999999972
0
LINE
8
BLACK
6
CONTINUOUS
10
135.0452709999999854
20
-90.5621239999999972
11
135.1783429999999839
21
-90.4290519999999987
0
LINE
8
BLACK
6
CONTINUOUS
10
135.1783429999999839
20
-90.4290519999999987
11
135.3348200000000077
21
-90.3244979999999913
0
LINE
8
BLACK
6
CONTINUOUS
10
135.3348200000000077
20
-90.3244979999999913
11
135.5086880000000065
21
-90.2524789999999939
0
LINE
8
BLACK
6
CONTINUOUS
10
135.5086880000000065
20
-90.2524789999999939
11
135.6932649999999967
21
-90.2157649999999904
0
LINE
8
BLACK
6
CONTINUOUS
10
135.6932649999999967
20
-90.2157649999999904
11
135.8814569999999833
21
-90.2157649999999904
0
LINE
8
BLACK
6
CONTINUOUS
10
135.8814569999999833
20
-90.2157649999999904
11
136.0660340000000019
21
-90.2524789999999939
0
LINE
8
BLACK
6
CONTINUOUS
10
141.2497060000000033
20
-70.4887540000000001
11
141.4127069999999833
21
-70.5562709999999953
0
LINE
8
BLACK
6
CONTINUOUS
10
141.4127069999999833
20
-70.5562709999999953
11
141.5594040000000007
21
-70.6542910000000006
0
LINE
8
BLACK
6
CONTINUOUS
10
141.5594040000000007
20
-70.6542910000000006
11
141.684158999999994
21
-70.7790459999999939
0
LINE
8
BLACK
6
CONTINUOUS
10
141.684158999999994
20
-70.7790459999999939
11
141.7821789999999851
21
-70.9257429999999971
0
LINE
8
BLACK
6
CONTINUOUS
10
141.7821789999999851
20
-70.9257429999999971
11
141.8496959999999945
21
-71.0887439999999913
0
LINE
8
BLACK
6
CONTINUOUS
10
141.8496959999999945
20
-71.0887439999999913
11
141.8618809999999826
21
-71.1499999999999915
0
LINE
8
BLACK
6
CONTINUOUS
10
141.8618809999999826
20
-71.1499999999999915
11
142.1099999999999852
21
-71.1499999999999915
0
LINE
8
BLACK
6
CONTINUOUS
10
142.1099999999999852
20
-71.1499999999999915
11
142.1490179999999839
21
-71.1538429999999948
0
LINE
8
BLACK
6
CONTINUOUS
10
142.1490179999999839
20
-71.1538429999999948
11
142.221114
21
-71.1837060000000008
0
LINE
8
BLACK
6
CONTINUOUS
10
142.221114
20
-71.1837060000000008
11
142.2514209999999935
21
-71.2085790000000003
0
LINE
8
BLACK
6
CONTINUOUS
10
142.2514209999999935
20
-71.2085790000000003
11
143.9414209999999912
21
-72.898578999999998
0
LINE
8
BLACK
6
CONTINUOUS
10
143.9414209999999912
20
-72.898578999999998
11
143.9662940000000049
21
-72.9288859999999914
0
LINE
8
BLACK
6
CONTINUOUS
10
143.9662940000000049
20
-72.9288859999999914
11
143.9961569999999824
21
-73.0009819999999934
0
LINE
8
BLACK
6
CONTINUOUS
10
143.9961569999999824
20
-73.0009819999999934
11
144.
21
-73.039999999999992
0
LINE
8
BLACK
6
CONTINUOUS
10
144.
20
-73.039999999999992
11
144.
21
-87.1271579999999943
0
LINE
8
BLACK
6
CONTINUOUS
10
144.
20
-87.1271579999999943
11
144.6914209999999912
21
-87.8185789999999997
0
LINE
8
BLACK
6
CONTINUOUS
10
144.6914209999999912
20
-87.8185789999999997
11
144.7162940000000049
21
-87.8488859999999931
0
LINE
8
BLACK
6
CONTINUOUS
10
144.7162940000000049
20
-87.8488859999999931
11
144.7461569999999824
21
-87.9209819999999951
0
LINE
8
BLACK
6
CONTINUOUS
10
144.7461569999999824
20
-87.9209819999999951
11
144.75
21
-87.9599999999999937
0
LINE
8
BLACK
6
CONTINUOUS
10
144.75
20
-87.9599999999999937
11
144.75
21
-95.0699959999999891
0
LINE
8
BLACK
6
CONTINUOUS
10
144.75
20
-95.0699959999999891
11
144.8418069999999886
21
-95.0845379999999949
0
LINE
8
BLACK
6
CONTINUOUS
10
144.8418069999999886
20
-95.0845379999999949
11
145.0283540000000073
21
-95.1451509999999985
0
LINE
8
BLACK
6
CONTINUOUS
10
145.0283540000000073
20
-95.1451509999999985
11
145.203123000000005
21
-95.2342000000000013
0
LINE
8
BLACK
6
CONTINUOUS
10
145.203123000000005
20
-95.2342000000000013
11
145.3618099999999913
21
-95.3494929999999954
0
LINE
8
BLACK
6
CONTINUOUS
10
145.3618099999999913
20
-95.3494929999999954
11
145.5005069999999989
21
-95.4881899999999888
0
LINE
8
BLACK
6
CONTINUOUS
10
145.5005069999999989
20
-95.4881899999999888
11
145.6158000000000072
21
-95.6468769999999893
0
LINE
8
BLACK
6
CONTINUOUS
10
145.6158000000000072
20
-95.6468769999999893
11
145.7048489999999958
21
-95.8216460000000012
0
LINE
8
BLACK
6
CONTINUOUS
10
145.7048489999999958
20
-95.8216460000000012
11
145.7654619999999852
21
-96.0081929999999915
0
LINE
8
BLACK
6
CONTINUOUS
10
145.7654619999999852
20
-96.0081929999999915
11
145.7961469999999906
21
-96.2019260000000003
0
LINE
8
BLACK
6
CONTINUOUS
10
145.7961469999999906
20
-96.2019260000000003
11
145.7961469999999906
21
-96.398073999999994
0
LINE
8
BLACK
6
CONTINUOUS
10
145.7961469999999906
20
-96.398073999999994
11
145.7654619999999852
21
-96.5918069999999886
0
LINE
8
BLACK
6
CONTINUOUS
10
145.7654619999999852
20
-96.5918069999999886
11
145.7048489999999958
21
-96.7783539999999931
0
LINE
8
BLACK
6
CONTINUOUS
10
145.7048489999999958
20
-96.7783539999999931
11
145.6158000000000072
21
-96.9531229999999908
0
LINE
8
BLACK
6
CONTINUOUS
10
145.6158000000000072
20
-96.9531229999999908
11
145.5005069999999989
21
-97.1118099999999913
0
LINE
8
BLACK
6
CONTINUOUS
10
145.5005069999999989
20
-97.1118099999999913
11
145.3618099999999913
21
-97.2505069999999989
0
LINE
8
BLACK
6
CONTINUOUS
10
145.3618099999999913
20
-97.2505069999999989
11
145.203123000000005
21
-97.365799999999993
0
LINE
8
BLACK
6
CONTINUOUS
10
145.203123000000005
20
-97.365799999999993
11
145.0283540000000073
21
-97.4548489999999958
0
LINE
8
BLACK
6
CONTINUOUS
10
145.0283540000000073
20
-97.4548489999999958
11
144.8418069999999886
21
-97.5154619999999994
0
LINE
8
BLACK
6
CONTINUOUS
10
144.8418069999999886
20
-97.5154619999999994
11
144.6480739999999798
21
-97.5461469999999906
0
LINE
8
BLACK
6
CONTINUOUS
10
144.6480739999999798
20
-97.5461469999999906
11
144.4519259999999861
21
-97.5461469999999906
0
LINE
8
BLACK
6
CONTINUOUS
10
144.4519259999999861
20
-97.5461469999999906
11
144.2581930000000057
21
-97.5154619999999994
0
LINE
8
BLACK
6
CONTINUOUS
10
144.2581930000000057
20
-97.5154619999999994
11
144.071645999999987
21
-97.4548489999999958
0
LINE
8
BLACK
6
CONTINUOUS
10
144.071645999999987
20
-97.4548489999999958
11
143.8968769999999893
21
-97.365799999999993
0
LINE
8
BLACK
6
CONTINUOUS
10
143.8968769999999893
20
-97.365799999999993
11
143.738190000000003
21
-97.2505069999999989
0
LINE
8
BLACK
6
CONTINUOUS
10
143.738190000000003
20
-97.2505069999999989
11
143.5994929999999954
21
-97.1118099999999913
0
LINE
8
BLACK
6
CONTINUOUS
10
143.5994929999999954
20
-97.1118099999999913
11
143.4841999999999871
21
-96.9531229999999908
0
LINE
8
BLACK
6
CONTINUOUS
10
143.4841999999999871
20
-96.9531229999999908
11
143.3951509999999985
21
-96.7783539999999931
0
LINE
8
BLACK
6
CONTINUOUS
10
143.3951509999999985
20
-96.7783539999999931
11
143.3345379999999807
21
-96.5918069999999886
0
LINE
8
BLACK
6
CONTINUOUS
10
143.3345379999999807
20
-96.5918069999999886
11
143.3038530000000037
21
-96.398073999999994
0
LINE
8
BLACK
6
CONTINUOUS
10
143.3038530000000037
20
-96.398073999999994
11
143.3038530000000037
21
-96.2019260000000003
0
LINE
8
BLACK
6
CONTINUOUS
10
143.3038530000000037
20
-96.2019260000000003
11
143.3345379999999807
21
-96.0081929999999915
0
LINE
8
BLACK
6
CONTINUOUS
10
143.3345379999999807
20
-96.0081929999999915
11
143.3951509999999985
21
-95.8216460000000012
0
LINE
8
BLACK
6
CONTINUOUS
10
143.3951509999999985
20
-95.8216460000000012
11
143.4841999999999871
21
-95.6468769999999893
0
LINE
8
BLACK
6
CONTINUOUS
10
143.4841999999999871
20
-95.6468769999999893
11
143.5994929999999954
21
-95.4881899999999888
0
LINE
8
BLACK
6
CONTINUOUS
10
143.5994929999999954
20
-95.4881899999999888
11
143.738190000000003
21
-95.3494929999999954
0
LINE
8
BLACK
6
CONTINUOUS
10
143.738190000000003
20
-95.3494929999999954
11
143.8968769999999893
21
-95.2342000000000013
0
LINE
8
BLACK
6
CONTINUOUS
10
143.8968769999999893
20
-95.2342000000000013
11
144.071645999999987
21
-95.1451509999999985
0
LINE
8
BLACK
6
CONTINUOUS
10
144.071645999999987
20
-95.1451509999999985
11
144.2581930000000057
21
-95.0845379999999949
0
LINE
8
BLACK
6
CONTINUOUS
10
144.2581930000000057
20
-95.0845379999999949
11
144.3499999999999943
21
-95.0699959999999891
0
LINE
8
BLACK
6
CONTINUOUS
10
144.3499999999999943
20
-95.0699959999999891
11
144.3499999999999943
21
-88.0428419999999932
0
LINE
8
BLACK
6
CONTINUOUS
10
144.3499999999999943
20
-88.0428419999999932
11
143.6585790000000031
21
-87.351421000000002
0
LINE
8
BLACK
6
CONTINUOUS
10
143.6585790000000031
20
-87.351421000000002
11
143.6337059999999894
21
-87.3211139999999943
0
LINE
8
BLACK
6
CONTINUOUS
10
143.6337059999999894
20
-87.3211139999999943
11
143.6038429999999835
21
-87.2490179999999924
0
LINE
8
BLACK
6
CONTINUOUS
10
143.6038429999999835
20
-87.2490179999999924
11
143.5999999999999943
21
-87.2099999999999937
0
LINE
8
BLACK
6
CONTINUOUS
10
143.5999999999999943
20
-87.2099999999999937
11
143.5999999999999943
21
-73.1228419999999915
0
LINE
8
BLACK
6
CONTINUOUS
10
143.5999999999999943
20
-73.1228419999999915
11
142.0271579999999858
21
-71.5499999999999972
0
LINE
8
BLACK
6
CONTINUOUS
10
142.0271579999999858
20
-71.5499999999999972
11
141.8618809999999826
21
-71.5499999999999972
0
LINE
8
BLACK
6
CONTINUOUS
10
141.8618809999999826
20
-71.5499999999999972
11
141.8496959999999945
21
-71.6112559999999974
0
LINE
8
BLACK
6
CONTINUOUS
10
141.8496959999999945
20
-71.6112559999999974
11
141.7821789999999851
21
-71.7742569999999915
0
LINE
8
BLACK
6
CONTINUOUS
10
141.7821789999999851
20
-71.7742569999999915
11
141.684158999999994
21
-71.9209539999999947
0
LINE
8
BLACK
6
CONTINUOUS
10
141.684158999999994
20
-71.9209539999999947
11
141.5594040000000007
21
-72.0457090000000022
0
LINE
8
BLACK
6
CONTINUOUS
10
141.5594040000000007
20
-72.0457090000000022
11
141.4127069999999833
21
-72.1437289999999933
0
LINE
8
BLACK
6
CONTINUOUS
10
141.4127069999999833
20
-72.1437289999999933
11
141.2497060000000033
21
-72.2112460000000027
0
LINE
8
BLACK
6
CONTINUOUS
10
141.2497060000000033
20
-72.2112460000000027
11
141.0766649999999913
21
-72.2456659999999999
0
LINE
8
BLACK
6
CONTINUOUS
10
141.0766649999999913
20
-72.2456659999999999
11
140.9002349999999808
21
-72.2456659999999999
0
LINE
8
BLACK
6
CONTINUOUS
10
140.9002349999999808
20
-72.2456659999999999
11
140.7271939999999972
21
-72.2112460000000027
0
LINE
8
BLACK
6
CONTINUOUS
10
140.7271939999999972
20
-72.2112460000000027
11
140.5641929999999888
21
-72.1437289999999933
0
LINE
8
BLACK
6
CONTINUOUS
10
140.5641929999999888
20
-72.1437289999999933
11
140.4174959999999999
21
-72.0457090000000022
0
LINE
8
BLACK
6
CONTINUOUS
10
140.4174959999999999
20
-72.0457090000000022
11
140.2927410000000066
21
-71.9209539999999947
0
LINE
8
BLACK
6
CONTINUOUS
10
140.2927410000000066
20
-71.9209539999999947
11
140.194720999999987
21
-71.7742569999999915
0
LINE
8
BLACK
6
CONTINUOUS
10
140.194720999999987
20
-71.7742569999999915
11
140.1272040000000061
21
-71.6112559999999974
0
LINE
8
BLACK
6
CONTINUOUS
10
140.1272040000000061
20
-71.6112559999999974
11
140.0927839999999946
21
-71.4382149999999996
0
LINE
8
BLACK
6
CONTINUOUS
10
140.0927839999999946
20
-71.4382149999999996
11
140.0927839999999946
21
-71.2617850000000033
0
LINE
8
BLACK
6
CONTINUOUS
10
140.0927839999999946
20
-71.2617850000000033
11
140.1272040000000061
21
-71.0887439999999913
0
LINE
8
BLACK
6
CONTINUOUS
10
140.1272040000000061
20
-71.0887439999999913
11
140.194720999999987
21
-70.9257429999999971
0
LINE
8
BLACK
6
CONTINUOUS
10
140.194720999999987
20
-70.9257429999999971
11
140.2927410000000066
21
-70.7790459999999939
0
LINE
8
BLACK
6
CONTINUOUS
10
140.2927410000000066
20
-70.7790459999999939
11
140.4174959999999999
21
-70.6542910000000006
0
LINE
8
BLACK
6
CONTINUOUS
10
140.4174959999999999
20
-70.6542910000000006
11
140.5641929999999888
21
-70.5562709999999953
0
LINE
8
BLACK
6
CONTINUOUS
10
140.5641929999999888
20
-70.5562709999999953
11
140.7271939999999972
21
-70.4887540000000001
0
LINE
8
BLACK
6
CONTINUOUS
10
140.7271939999999972
20
-70.4887540000000001
11
140.9002349999999808
21
-70.4543340000000029
0
LINE
8
BLACK
6
CONTINUOUS
10
140.9002349999999808
20
-70.4543340000000029
11
141.0766649999999913
21
-70.4543340000000029
0
LINE
8
BLACK
6
CONTINUOUS
10
141.0766649999999913
20
-70.4543340000000029
11
141.2497060000000033
21
-70.4887540000000001
0
LINE
8
BLACK
6
CONTINUOUS
10
146.8472429999999918
20
-87.5185999999999922
11
147.0283550000000048
21
-87.5936189999999897
0
LINE
8
BLACK
6
CONTINUOUS
10
147.0283550000000048
20
-87.5936189999999897
11
147.1913509999999974
21
-87.7025299999999959
0
LINE
8
BLACK
6
CONTINUOUS
10
147.1913509999999974
20
-87.7025299999999959
11
147.3299679999999796
21
-87.8411469999999923
0
LINE
8
BLACK
6
CONTINUOUS
10
147.3299679999999796
20
-87.8411469999999923
11
147.4388789999999858
21
-88.0041429999999991
0
LINE
8
BLACK
6
CONTINUOUS
10
147.4388789999999858
20
-88.0041429999999991
11
147.5138979999999833
21
-88.1852549999999979
0
LINE
8
BLACK
6
CONTINUOUS
10
147.5138979999999833
20
-88.1852549999999979
11
147.5521430000000009
21
-88.3775229999999965
0
LINE
8
BLACK
6
CONTINUOUS
10
147.5521430000000009
20
-88.3775229999999965
11
147.5521430000000009
21
-88.5735569999999939
0
LINE
8
BLACK
6
CONTINUOUS
10
147.5521430000000009
20
-88.5735569999999939
11
147.5138979999999833
21
-88.7658249999999924
0
LINE
8
BLACK
6
CONTINUOUS
10
147.5138979999999833
20
-88.7658249999999924
11
147.4388789999999858
21
-88.9469369999999913
0
LINE
8
BLACK
6
CONTINUOUS
10
147.4388789999999858
20
-88.9469369999999913
11
147.3299679999999796
21
-89.1099329999999981
0
LINE
8
BLACK
6
CONTINUOUS
10
147.3299679999999796
20
-89.1099329999999981
11
147.1913509999999974
21
-89.2485499999999945
0
LINE
8
BLACK
6
CONTINUOUS
10
147.1913509999999974
20
-89.2485499999999945
11
147.0283550000000048
21
-89.3574610000000007
0
LINE
8
BLACK
6
CONTINUOUS
10
147.0283550000000048
20
-89.3574610000000007
11
146.8472429999999918
21
-89.4324799999999982
0
LINE
8
BLACK
6
CONTINUOUS
10
146.8472429999999918
20
-89.4324799999999982
11
146.706957999999986
21
-89.4603839999999906
0
LINE
8
BLACK
6
CONTINUOUS
10
146.706957999999986
20
-89.4603839999999906
11
146.706957999999986
21
-93.6354209999999938
0
LINE
8
BLACK
6
CONTINUOUS
10
146.706957999999986
20
-93.6354209999999938
11
146.8517779999999959
21
-93.6954080000000005
0
LINE
8
BLACK
6
CONTINUOUS
10
146.8517779999999959
20
-93.6954080000000005
11
146.9821759999999813
21
-93.7825369999999907
0
LINE
8
BLACK
6
CONTINUOUS
10
146.9821759999999813
20
-93.7825369999999907
11
147.0930689999999856
21
-93.8934299999999951
0
LINE
8
BLACK
6
CONTINUOUS
10
147.0930689999999856
20
-93.8934299999999951
11
147.1801979999999901
21
-94.0238279999999946
0
LINE
8
BLACK
6
CONTINUOUS
10
147.1801979999999901
20
-94.0238279999999946
11
147.2402129999999829
21
-94.1687170000000009
0
LINE
8
BLACK
6
CONTINUOUS
10
147.2402129999999829
20
-94.1687170000000009
11
147.2708089999999856
21
-94.3225309999999979
0
LINE
8
BLACK
6
CONTINUOUS
10
147.2708089999999856
20
-94.3225309999999979
11
147.2708089999999856
21
-94.4793590000000023
0
LINE
8
BLACK
6
CONTINUOUS
10
147.2708089999999856
20
-94.4793590000000023
11
147.2402129999999829
21
-94.6331729999999993
0
LINE
8
BLACK
6
CONTINUOUS
10
147.2402129999999829
20
-94.6331729999999993
11
147.1801979999999901
21
-94.7780619999999914
0
LINE
8
BLACK
6
CONTINUOUS
10
147.1801979999999901
20
-94.7780619999999914
11
147.0930689999999856
21
-94.9084599999999909
0
LINE
8
BLACK
6
CONTINUOUS
10
147.0930689999999856
20
-94.9084599999999909
11
146.9821759999999813
21
-95.0193529999999953
0
LINE
8
BLACK
6
CONTINUOUS
10
146.9821759999999813
20
-95.0193529999999953
11
146.8517779999999959
21
-95.1064819999999997
0
LINE
8
BLACK
6
CONTINUOUS
10
146.8517779999999959
20
-95.1064819999999997
11
146.7068889999999897
21
-95.1664969999999926
0
LINE
8
BLACK
6
CONTINUOUS
10
146.7068889999999897
20
-95.1664969999999926
11
146.5530750000000069
21
-95.1970929999999953
0
LINE
8
BLACK
6
CONTINUOUS
10
146.5530750000000069
20
-95.1970929999999953
11
146.3962469999999882
21
-95.1970929999999953
0
LINE
8
BLACK
6
CONTINUOUS
10
146.3962469999999882
20
-95.1970929999999953
11
146.2424330000000054
21
-95.1664969999999926
0
LINE
8
BLACK
6
CONTINUOUS
10
146.2424330000000054
20
-95.1664969999999926
11
146.0975439999999992
21
-95.1064819999999997
0
LINE
8
BLACK
6
CONTINUOUS
10
146.0975439999999992
20
-95.1064819999999997
11
145.9671459999999854
21
-95.0193529999999953
0
LINE
8
BLACK
6
CONTINUOUS
10
145.9671459999999854
20
-95.0193529999999953
11
145.8562529999999811
21
-94.9084599999999909
0
LINE
8
BLACK
6
CONTINUOUS
10
145.8562529999999811
20
-94.9084599999999909
11
145.769124000000005
21
-94.7780619999999914
0
LINE
8
BLACK
6
CONTINUOUS
10
145.769124000000005
20
-94.7780619999999914
11
145.7091089999999838
21
-94.6331729999999993
0
LINE
8
BLACK
6
CONTINUOUS
10
145.7091089999999838
20
-94.6331729999999993
11
145.678512999999981
21
-94.4793590000000023
0
LINE
8
BLACK
6
CONTINUOUS
10
145.678512999999981
20
-94.4793590000000023
11
145.678512999999981
21
-94.3225309999999979
0
LINE
8
BLACK
6
CONTINUOUS
10
145.678512999999981
20
-94.3225309999999979
11
145.7091089999999838
21
-94.1687170000000009
0
LINE
8
BLACK
6
CONTINUOUS
10
145.7091089999999838
20
-94.1687170000000009
11
145.769124000000005
21
-94.0238279999999946
0
LINE
8
BLACK
6
CONTINUOUS
10
145.769124000000005
20
-94.0238279999999946
11
145.8562529999999811
21
-93.8934299999999951
0
LINE
8
BLACK
6
CONTINUOUS
10
145.8562529999999811
20
-93.8934299999999951
11
145.9671459999999854
21
-93.7825369999999907
0
LINE
8
BLACK
6
CONTINUOUS
10
145.9671459999999854
20
-93.7825369999999907
11
146.0975439999999992
21
-93.6954080000000005
0
LINE
8
BLACK
6
CONTINUOUS
10
146.0975439999999992
20
-93.6954080000000005
11
146.2424330000000054
21
-93.6353929999999934
0
LINE
8
BLACK
6
CONTINUOUS
10
146.2424330000000054
20
-93.6353929999999934
11
146.3069579999999803
21
-93.6225570000000005
0
LINE
8
BLACK
6
CONTINUOUS
10
146.3069579999999803
20
-93.6225570000000005
11
146.3069579999999803
21
-89.4404929999999894
0
LINE
8
BLACK
6
CONTINUOUS
10
146.3069579999999803
20
-89.4404929999999894
11
146.2666729999999973
21
-89.4324799999999982
0
LINE
8
BLACK
6
CONTINUOUS
10
146.2666729999999973
20
-89.4324799999999982
11
146.0855609999999842
21
-89.3574610000000007
0
LINE
8
BLACK
6
CONTINUOUS
10
146.0855609999999842
20
-89.3574610000000007
11
145.9225649999999916
21
-89.2485499999999945
0
LINE
8
BLACK
6
CONTINUOUS
10
145.9225649999999916
20
-89.2485499999999945
11
145.783947999999981
21
-89.1099329999999981
0
LINE
8
BLACK
6
CONTINUOUS
10
145.783947999999981
20
-89.1099329999999981
11
145.6750370000000032
21
-88.9469369999999913
0
LINE
8
BLACK
6
CONTINUOUS
10
145.6750370000000032
20
-88.9469369999999913
11
145.6000180000000057
21
-88.7658249999999924
0
LINE
8
BLACK
6
CONTINUOUS
10
145.6000180000000057
20
-88.7658249999999924
11
145.5617729999999881
21
-88.5735569999999939
0
LINE
8
BLACK
6
CONTINUOUS
10
145.5617729999999881
20
-88.5735569999999939
11
145.5617729999999881
21
-88.3775229999999965
0
LINE
8
BLACK
6
CONTINUOUS
10
145.5617729999999881
20
-88.3775229999999965
11
145.6000180000000057
21
-88.1852549999999979
0
LINE
8
BLACK
6
CONTINUOUS
10
145.6000180000000057
20
-88.1852549999999979
11
145.6750370000000032
21
-88.0041429999999991
0
LINE
8
BLACK
6
CONTINUOUS
10
145.6750370000000032
20
-88.0041429999999991
11
145.783947999999981
21
-87.8411469999999923
0
LINE
8
BLACK
6
CONTINUOUS
10
145.783947999999981
20
-87.8411469999999923
11
145.9225649999999916
21
-87.7025299999999959
0
LINE
8
BLACK
6
CONTINUOUS
10
145.9225649999999916
20
-87.7025299999999959
11
146.0855609999999842
21
-87.5936189999999897
0
LINE
8
BLACK
6
CONTINUOUS
10
146.0855609999999842
20
-87.5936189999999897
11
146.2666729999999973
21
-87.5185999999999922
0
LINE
8
BLACK
6
CONTINUOUS
10
146.2666729999999973
20
-87.5185999999999922
11
146.4589409999999816
21
-87.480355000000003
0
LINE
8
BLACK
6
CONTINUOUS
10
146.4589409999999816
20
-87.480355000000003
11
146.6549750000000074
21
-87.480355000000003
0
LINE
8
BLACK
6
CONTINUOUS
10
146.6549750000000074
20
-87.480355000000003
11
146.8472429999999918
21
-87.5185999999999922
0
LINE
8
BLACK
6
CONTINUOUS
10
135.1999999999999886
20
-69.7099999999999937
11
133.4000000000000057
21
-69.7099999999999937
0
LINE
8
BLACK
6
CONTINUOUS
10
133.4000000000000057
20
-69.7099999999999937
11
133.4000000000000057
21
-69.0099999999999909
0
LINE
8
BLACK
6
CONTINUOUS
10
133.4000000000000057
20
-69.0099999999999909
11
133.1528419999999926
21
-69.0099999999999909
0
LINE
8
BLACK
6
CONTINUOUS
10
133.1528419999999926
20
-69.0099999999999909
11
131.5
21
-70.6628419999999977
0
LINE
8
BLACK
6
CONTINUOUS
10
131.5
20
-70.6628419999999977
11
131.5
21
-73.0276810000000012
0
LINE
8
BLACK
6
CONTINUOUS
10
131.5
20
-73.0276810000000012
11
131.5
21
-89.1271569999999969
0
LINE
8
BLACK
6
CONTINUOUS
10
131.5
20
-89.1271569999999969
11
132.5439849999999922
21
-90.171141999999989
0
LINE
8
BLACK
6
CONTINUOUS
10
132.5439849999999922
20
-90.171141999999989
11
134.2873610000000042
21
-90.171141999999989
0
LINE
8
BLACK
6
CONTINUOUS
10
134.2873610000000042
20
-90.171141999999989
11
134.2873610000000042
21
-92.171141999999989
0
LINE
8
BLACK
6
CONTINUOUS
10
134.2873610000000042
20
-92.171141999999989
11
132.2873610000000042
21
-92.171141999999989
0
LINE
8
BLACK
6
CONTINUOUS
10
132.2873610000000042
20
-92.171141999999989
11
132.2873610000000042
21
-90.4802029999999888
0
LINE
8
BLACK
6
CONTINUOUS
10
132.2873610000000042
20
-90.4802029999999888
11
131.1585790000000031
21
-89.351421000000002
0
LINE
8
BLACK
6
CONTINUOUS
10
131.1585790000000031
20
-89.351421000000002
11
131.1337059999999894
21
-89.3211139999999943
0
LINE
8
BLACK
6
CONTINUOUS
10
131.1337059999999894
20
-89.3211139999999943
11
131.1038429999999835
21
-89.2490179999999924
0
LINE
8
BLACK
6
CONTINUOUS
10
131.1038429999999835
20
-89.2490179999999924
11
131.0999999999999943
21
-89.2099999999999937
0
LINE
8
BLACK
6
CONTINUOUS
10
131.0999999999999943
20
-89.2099999999999937
11
131.0999999999999943
21
-73.2307849999999974
0
LINE
8
BLACK
6
CONTINUOUS
10
131.0999999999999943
20
-73.2307849999999974
11
128.4088370000000054
21
-73.2307849999999974
0
LINE
8
BLACK
6
CONTINUOUS
10
128.4088370000000054
20
-73.2307849999999974
11
128.4088370000000054
21
-74.0307849999999945
0
LINE
8
BLACK
6
CONTINUOUS
10
128.4088370000000054
20
-74.0307849999999945
11
126.4088369999999912
21
-74.0307849999999945
0
LINE
8
BLACK
6
CONTINUOUS
10
126.4088369999999912
20
-74.0307849999999945
11
126.4088369999999912
21
-72.0307849999999945
0
LINE
8
BLACK
6
CONTINUOUS
10
126.4088369999999912
20
-72.0307849999999945
11
128.4088370000000054
21
-72.0307849999999945
0
LINE
8
BLACK
6
CONTINUOUS
10
128.4088370000000054
20
-72.0307849999999945
11
128.4088370000000054
21
-72.8307849999999917
0
LINE
8
BLACK
6
CONTINUOUS
10
128.4088370000000054
20
-72.8307849999999917
11
131.0999999999999943
21
-72.8307849999999917
0
LINE
8
BLACK
6
CONTINUOUS
10
131.0999999999999943
20
-72.8307849999999917
11
131.0999999999999943
21
-70.5799999999999983
0
LINE
8
BLACK
6
CONTINUOUS
10
131.0999999999999943
20
-70.5799999999999983
11
131.1038429999999835
21
-70.5409819999999996
0
LINE
8
BLACK
6
CONTINUOUS
10
131.1038429999999835
20
-70.5409819999999996
11
131.1337059999999894
21
-70.4688859999999977
0
LINE
8
BLACK
6
CONTINUOUS
10
131.1337059999999894
20
-70.4688859999999977
11
131.1585790000000031
21
-70.4385789999999901
0
LINE
8
BLACK
6
CONTINUOUS
10
131.1585790000000031
20
-70.4385789999999901
11
132.9285789999999849
21
-68.668578999999994
0
LINE
8
BLACK
6
CONTINUOUS
10
132.9285789999999849
20
-68.668578999999994
11
132.9588860000000068
21
-68.6437059999999946
0
LINE
8
BLACK
6
CONTINUOUS
10
132.9588860000000068
20
-68.6437059999999946
11
133.0309819999999945
21
-68.6138430000000028
0
LINE
8
BLACK
6
CONTINUOUS
10
133.0309819999999945
20
-68.6138430000000028
11
133.0699999999999932
21
-68.6099999999999994
0
LINE
8
BLACK
6
CONTINUOUS
10
133.0699999999999932
20
-68.6099999999999994
11
133.4000000000000057
21
-68.6099999999999994
0
LINE
8
BLACK
6
CONTINUOUS
10
133.4000000000000057
20
-68.6099999999999994
11
133.4000000000000057
21
-67.9099999999999966
0
LINE
8
BLACK
6
CONTINUOUS
10
133.4000000000000057
20
-67.9099999999999966
11
135.1999999999999886
21
-67.9099999999999966
0
LINE
8
BLACK
6
CONTINUOUS
10
135.1999999999999886
20
-67.9099999999999966
11
135.1999999999999886
21
-69.7099999999999937
0
LINE
8
BLACK
6
CONTINUOUS
10
127.687509999999989
20
-74.6521219999999914
11
127.8613779999999878
21
-74.724141000000003
0
LINE
8
BLACK
6
CONTINUOUS
10
127.8613779999999878
20
-74.724141000000003
11
128.0178549999999973
21
-74.8286949999999962
0
LINE
8
BLACK
6
CONTINUOUS
10
128.0178549999999973
20
-74.8286949999999962
11
128.1509269999999958
21
-74.9617669999999947
0
LINE
8
BLACK
6
CONTINUOUS
10
128.1509269999999958
20
-74.9617669999999947
11
128.2554810000000032
21
-75.11824399999999
0
LINE
8
BLACK
6
CONTINUOUS
10
128.2554810000000032
20
-75.11824399999999
11
128.3274999999999864
21
-75.292112000000003
0
LINE
8
BLACK
6
CONTINUOUS
10
128.3274999999999864
20
-75.292112000000003
11
128.364214000000004
21
-75.4766889999999933
0
LINE
8
BLACK
6
CONTINUOUS
10
128.364214000000004
20
-75.4766889999999933
11
128.364214000000004
21
-75.6648809999999941
0
LINE
8
BLACK
6
CONTINUOUS
10
128.364214000000004
20
-75.6648809999999941
11
128.3274999999999864
21
-75.8494579999999985
0
LINE
8
BLACK
6
CONTINUOUS
10
128.3274999999999864
20
-75.8494579999999985
11
128.2554810000000032
21
-76.0233259999999973
0
LINE
8
BLACK
6
CONTINUOUS
10
128.2554810000000032
20
-76.0233259999999973
11
128.1509269999999958
21
-76.1798029999999926
0
LINE
8
BLACK
6
CONTINUOUS
10
128.1509269999999958
20
-76.1798029999999926
11
128.0178549999999973
21
-76.3128749999999911
0
LINE
8
BLACK
6
CONTINUOUS
10
128.0178549999999973
20
-76.3128749999999911
11
127.8613779999999878
21
-76.4174289999999985
0
LINE
8
BLACK
6
CONTINUOUS
10
127.8613779999999878
20
-76.4174289999999985
11
127.687509999999989
21
-76.4894479999999959
0
LINE
8
BLACK
6
CONTINUOUS
10
127.687509999999989
20
-76.4894479999999959
11
127.5029329999999987
21
-76.5261619999999994
0
LINE
8
BLACK
6
CONTINUOUS
10
127.5029329999999987
20
-76.5261619999999994
11
127.3147409999999979
21
-76.5261619999999994
0
LINE
8
BLACK
6
CONTINUOUS
10
127.3147409999999979
20
-76.5261619999999994
11
127.1301639999999935
21
-76.4894479999999959
0
LINE
8
BLACK
6
CONTINUOUS
10
127.1301639999999935
20
-76.4894479999999959
11
126.9562959999999947
21
-76.4174289999999985
0
LINE
8
BLACK
6
CONTINUOUS
10
126.9562959999999947
20
-76.4174289999999985
11
126.7998189999999994
21
-76.3128749999999911
0
LINE
8
BLACK
6
CONTINUOUS
10
126.7998189999999994
20
-76.3128749999999911
11
126.6667470000000009
21
-76.1798029999999926
0
LINE
8
BLACK
6
CONTINUOUS
10
126.6667470000000009
20
-76.1798029999999926
11
126.5621929999999935
21
-76.0233259999999973
0
LINE
8
BLACK
6
CONTINUOUS
10
126.5621929999999935
20
-76.0233259999999973
11
126.4901739999999961
21
-75.8494579999999985
0
LINE
8
BLACK
6
CONTINUOUS
10
126.4901739999999961
20
-75.8494579999999985
11
126.4745249999999999
21
-75.7707850000000036
0
LINE
8
BLACK
6
CONTINUOUS
10
126.4745249999999999
20
-75.7707850000000036
11
125.6646799999999899
21
-75.7707850000000036
0
LINE
8
BLACK
6
CONTINUOUS
10
125.6646799999999899
20
-75.7707850000000036
11
125.5
21
-75.9354639999999961
0
LINE
8
BLACK
6
CONTINUOUS
10
125.5
20
-75.9354639999999961
11
125.5
21
-80.5078620000000029
0
LINE
8
BLACK
6
CONTINUOUS
10
125.5
20
-80.5078620000000029
11
125.6555439999999919
21
-80.6634059999999948
0
LINE
8
BLACK
6
CONTINUOUS
10
125.6555439999999919
20
-80.6634059999999948
11
126.5838369999999884
21
-80.6634059999999948
0
LINE
8
BLACK
6
CONTINUOUS
10
126.5838369999999884
20
-80.6634059999999948
11
126.5838369999999884
21
-79.8634059999999977
0
LINE
8
BLACK
6
CONTINUOUS
10
126.5838369999999884
20
-79.8634059999999977
11
128.5838369999999884
21
-79.8634059999999977
0
LINE
8
BLACK
6
CONTINUOUS
10
128.5838369999999884
20
-79.8634059999999977
11
128.5838369999999884
21
-81.8634059999999977
0
LINE
8
BLACK
6
CONTINUOUS
10
128.5838369999999884
20
-81.8634059999999977
11
126.5838369999999884
21
-81.8634059999999977
0
LINE
8
BLACK
6
CONTINUOUS
10
126.5838369999999884
20
-81.8634059999999977
11
126.5838369999999884
21
-81.0634060000000005
0
LINE
8
BLACK
6
CONTINUOUS
10
126.5838369999999884
20
-81.0634060000000005
11
125.5727019999999925
21
-81.0634060000000005
0
LINE
8
BLACK
6
CONTINUOUS
10
125.5727019999999925
20
-81.0634060000000005
11
125.5336839999999938
21
-81.0595629999999971
0
LINE
8
BLACK
6
CONTINUOUS
10
125.5336839999999938
20
-81.0595629999999971
11
125.4615879999999919
21
-81.0296999999999912
0
LINE
8
BLACK
6
CONTINUOUS
10
125.4615879999999919
20
-81.0296999999999912
11
125.4312809999999985
21
-81.0048269999999917
0
LINE
8
BLACK
6
CONTINUOUS
10
125.4312809999999985
20
-81.0048269999999917
11
125.1585789999999889
21
-80.7321249999999964
0
LINE
8
BLACK
6
CONTINUOUS
10
125.1585789999999889
20
-80.7321249999999964
11
125.1337059999999894
21
-80.7018180000000029
0
LINE
8
BLACK
6
CONTINUOUS
10
125.1337059999999894
20
-80.7018180000000029
11
125.1038429999999977
21
-80.629722000000001
0
LINE
8
BLACK
6
CONTINUOUS
10
125.1038429999999977
20
-80.629722000000001
11
125.0999999999999943
21
-80.5907040000000023
0
LINE
8
BLACK
6
CONTINUOUS
10
125.0999999999999943
20
-80.5907040000000023
11
125.0999999999999943
21
-75.8526219999999967
0
LINE
8
BLACK
6
CONTINUOUS
10
125.0999999999999943
20
-75.8526219999999967
11
125.1038429999999977
21
-75.813603999999998
0
LINE
8
BLACK
6
CONTINUOUS
10
125.1038429999999977
20
-75.813603999999998
11
125.1337059999999894
21
-75.7415079999999961
0
LINE
8
BLACK
6
CONTINUOUS
10
125.1337059999999894
20
-75.7415079999999961
11
125.1585789999999889
21
-75.7112010000000026
0
LINE
8
BLACK
6
CONTINUOUS
10
125.1585789999999889
20
-75.7112010000000026
11
125.440415999999999
21
-75.4293629999999951
0
LINE
8
BLACK
6
CONTINUOUS
10
125.440415999999999
20
-75.4293629999999951
11
125.4707229999999925
21
-75.4044909999999931
0
LINE
8
BLACK
6
CONTINUOUS
10
125.4707229999999925
20
-75.4044909999999931
11
125.5428189999999944
21
-75.3746280000000013
0
LINE
8
BLACK
6
CONTINUOUS
10
125.5428189999999944
20
-75.3746280000000013
11
125.5818369999999931
21
-75.3707849999999979
0
LINE
8
BLACK
6
CONTINUOUS
10
125.5818369999999931
20
-75.3707849999999979
11
126.4745249999999999
21
-75.3707849999999979
0
LINE
8
BLACK
6
CONTINUOUS
10
126.4745249999999999
20
-75.3707849999999979
11
126.4901739999999961
21
-75.292112000000003
0
LINE
8
BLACK
6
CONTINUOUS
10
126.4901739999999961
20
-75.292112000000003
11
126.5621929999999935
21
-75.11824399999999
0
LINE
8
BLACK
6
CONTINUOUS
10
126.5621929999999935
20
-75.11824399999999
11
126.6667470000000009
21
-74.9617669999999947
0
LINE
8
BLACK
6
CONTINUOUS
10
126.6667470000000009
20
-74.9617669999999947
11
126.7998189999999994
21
-74.8286949999999962
0
LINE
8
BLACK
6
CONTINUOUS
10
126.7998189999999994
20
-74.8286949999999962
11
126.9562959999999947
21
-74.724141000000003
0
LINE
8
BLACK
6
CONTINUOUS
10
126.9562959999999947
20
-74.724141000000003
11
127.1301639999999935
21
-74.6521219999999914
0
LINE
8
BLACK
6
CONTINUOUS
10
127.1301639999999935
20
-74.6521219999999914
11
127.3147409999999979
21
-74.6154080000000022
0
LINE
8
BLACK
6
CONTINUOUS
10
127.3147409999999979
20
-74.6154080000000022
11
127.5029329999999987
21
-74.6154080000000022
0
LINE
8
BLACK
6
CONTINUOUS
10
127.5029329999999987
20
-74.6154080000000022
11
127.687509999999989
21
-74.6521219999999914
0
LINE
8
BLACK
6
CONTINUOUS
10
146.9025570000000016
20
-74.4571239999999932
11
147.0764250000000004
21
-74.5291429999999906
0
LINE
8
BLACK
6
CONTINUOUS
10
147.0764250000000004
20
-74.5291429999999906
11
147.2329019999999957
21
-74.633696999999998
0
LINE
8
BLACK
6
CONTINUOUS
10
147.2329019999999957
20
-74.633696999999998
11
147.3659739999999942
21
-74.7667689999999965
0
LINE
8
BLACK
6
CONTINUOUS
10
147.3659739999999942
20
-74.7667689999999965
11
147.4705280000000016
21
-74.9232459999999918
0
LINE
8
BLACK
6
CONTINUOUS
10
147.4705280000000016
20
-74.9232459999999918
11
147.5425469999999848
21
-75.0971139999999906
0
LINE
8
BLACK
6
CONTINUOUS
10
147.5425469999999848
20
-75.0971139999999906
11
147.558195999999981
21
-75.1757869999999997
0
LINE
8
BLACK
6
CONTINUOUS
10
147.558195999999981
20
-75.1757869999999997
11
147.9357870000000048
21
-75.1757869999999997
0
LINE
8
BLACK
6
CONTINUOUS
10
147.9357870000000048
20
-75.1757869999999997
11
147.9748050000000035
21
-75.1796300000000031
0
LINE
8
BLACK
6
CONTINUOUS
10
147.9748050000000035
20
-75.1796300000000031
11
148.0469009999999912
21
-75.2094929999999948
0
LINE
8
BLACK
6
CONTINUOUS
10
148.0469009999999912
20
-75.2094929999999948
11
148.0772079999999846
21
-75.2343659999999943
0
LINE
8
BLACK
6
CONTINUOUS
10
148.0772079999999846
20
-75.2343659999999943
11
148.5714219999999841
21
-75.7285789999999963
0
LINE
8
BLACK
6
CONTINUOUS
10
148.5714219999999841
20
-75.7285789999999963
11
148.5962940000000003
21
-75.7588859999999897
0
LINE
8
BLACK
6
CONTINUOUS
10
148.5962940000000003
20
-75.7588859999999897
11
148.6261570000000063
21
-75.8309819999999917
0
LINE
8
BLACK
6
CONTINUOUS
10
148.6261570000000063
20
-75.8309819999999917
11
148.6299999999999955
21
-75.8699999999999903
0
LINE
8
BLACK
6
CONTINUOUS
10
148.6299999999999955
20
-75.8699999999999903
11
148.6299999999999955
21
-80.0799999999999983
0
LINE
8
BLACK
6
CONTINUOUS
10
148.6299999999999955
20
-80.0799999999999983
11
148.6261570000000063
21
-80.119017999999997
0
LINE
8
BLACK
6
CONTINUOUS
10
148.6261570000000063
20
-80.119017999999997
11
148.5962940000000003
21
-80.1911139999999989
0
LINE
8
BLACK
6
CONTINUOUS
10
148.5962940000000003
20
-80.1911139999999989
11
148.5714209999999866
21
-80.2214209999999923
0
LINE
8
BLACK
6
CONTINUOUS
10
148.5714209999999866
20
-80.2214209999999923
11
147.7958809999999801
21
-80.9969609999999989
0
LINE
8
BLACK
6
CONTINUOUS
10
147.7958809999999801
20
-80.9969609999999989
11
147.7655739999999867
21
-81.0218339999999984
0
LINE
8
BLACK
6
CONTINUOUS
10
147.7655739999999867
20
-81.0218339999999984
11
147.6934779999999989
21
-81.0516969999999901
0
LINE
8
BLACK
6
CONTINUOUS
10
147.6934779999999989
20
-81.0516969999999901
11
147.6544600000000003
21
-81.0555399999999935
0
LINE
8
BLACK
6
CONTINUOUS
10
147.6544600000000003
20
-81.0555399999999935
11
147.3569579999999917
21
-81.0555399999999935
0
LINE
8
BLACK
6
CONTINUOUS
10
147.3569579999999917
20
-81.0555399999999935
11
147.3569579999999917
21
-81.655540000000002
0
LINE
8
BLACK
6
CONTINUOUS
10
147.3569579999999917
20
-81.655540000000002
11
145.7569579999999974
21
-81.655540000000002
0
LINE
8
BLACK
6
CONTINUOUS
10
145.7569579999999974
20
-81.655540000000002
11
145.7569579999999974
21
-80.0555399999999935
0
LINE
8
BLACK
6
CONTINUOUS
10
145.7569579999999974
20
-80.0555399999999935
11
147.3569579999999917
21
-80.0555399999999935
0
LINE
8
BLACK
6
CONTINUOUS
10
147.3569579999999917
20
-80.0555399999999935
11
147.3569579999999917
21
-80.655540000000002
0
LINE
8
BLACK
6
CONTINUOUS
10
147.3569579999999917
20
-80.655540000000002
11
147.5716180000000008
21
-80.655540000000002
0
LINE
8
BLACK
6
CONTINUOUS
10
147.5716180000000008
20
-80.655540000000002
11
148.2299999999999898
21
-79.9971579999999989
0
LINE
8
BLACK
6
CONTINUOUS
10
148.2299999999999898
20
-79.9971579999999989
11
148.2299999999999898
21
-75.9528419999999898
0
LINE
8
BLACK
6
CONTINUOUS
10
148.2299999999999898
20
-75.9528419999999898
11
147.8529450000000054
21
-75.5757869999999912
0
LINE
8
BLACK
6
CONTINUOUS
10
147.8529450000000054
20
-75.5757869999999912
11
147.558195999999981
21
-75.5757869999999912
0
LINE
8
BLACK
6
CONTINUOUS
10
147.558195999999981
20
-75.5757869999999912
11
147.5425469999999848
21
-75.6544600000000003
0
LINE
8
BLACK
6
CONTINUOUS
10
147.5425469999999848
20
-75.6544600000000003
11
147.4705280000000016
21
-75.8283279999999991
0
LINE
8
BLACK
6
CONTINUOUS
10
147.4705280000000016
20
-75.8283279999999991
11
147.3659739999999942
21
-75.9848049999999944
0
LINE
8
BLACK
6
CONTINUOUS
10
147.3659739999999942
20
-75.9848049999999944
11
147.2329019999999957
21
-76.1178769999999929
0
LINE
8
BLACK
6
CONTINUOUS
10
147.2329019999999957
20
-76.1178769999999929
11
147.0764250000000004
21
-76.2224310000000003
0
LINE
8
BLACK
6
CONTINUOUS
10
147.0764250000000004
20
-76.2224310000000003
11
146.9025570000000016
21
-76.2944499999999977
0
LINE
8
BLACK
6
CONTINUOUS
10
146.9025570000000016
20
-76.2944499999999977
11
146.717979999999983
21
-76.3311640000000011
0
LINE
8
BLACK
6
CONTINUOUS
10
146.717979999999983
20
-76.3311640000000011
11
146.5297879999999964
21
-76.3311640000000011
0
LINE
8
BLACK
6
CONTINUOUS
10
146.5297879999999964
20
-76.3311640000000011
11
146.3452110000000062
21
-76.2944499999999977
0
LINE
8
BLACK
6
CONTINUOUS
10
146.3452110000000062
20
-76.2944499999999977
11
146.1713430000000074
21
-76.2224310000000003
0
LINE
8
BLACK
6
CONTINUOUS
10
146.1713430000000074
20
-76.2224310000000003
11
146.0148659999999836
21
-76.1178769999999929
0
LINE
8
BLACK
6
CONTINUOUS
10
146.0148659999999836
20
-76.1178769999999929
11
145.8817939999999851
21
-75.9848049999999944
0
LINE
8
BLACK
6
CONTINUOUS
10
145.8817939999999851
20
-75.9848049999999944
11
145.7772400000000061
21
-75.8283279999999991
0
LINE
8
BLACK
6
CONTINUOUS
10
145.7772400000000061
20
-75.8283279999999991
11
145.7052209999999945
21
-75.6544600000000003
0
LINE
8
BLACK
6
CONTINUOUS
10
145.7052209999999945
20
-75.6544600000000003
11
145.6685070000000053
21
-75.4698829999999958
0
LINE
8
BLACK
6
CONTINUOUS
10
145.6685070000000053
20
-75.4698829999999958
11
145.6685070000000053
21
-75.281690999999995
0
LINE
8
BLACK
6
CONTINUOUS
10
145.6685070000000053
20
-75.281690999999995
11
145.7052209999999945
21
-75.0971139999999906
0
LINE
8
BLACK
6
CONTINUOUS
10
145.7052209999999945
20
-75.0971139999999906
11
145.7772400000000061
21
-74.9232459999999918
0
LINE
8
BLACK
6
CONTINUOUS
10
145.7772400000000061
20
-74.9232459999999918
11
145.8817939999999851
21
-74.7667689999999965
0
LINE
8
BLACK
6
CONTINUOUS
10
145.8817939999999851
20
-74.7667689999999965
11
146.0148659999999836
21
-74.633696999999998
0
LINE
8
BLACK
6
CONTINUOUS
10
146.0148659999999836
20
-74.633696999999998
11
146.1713430000000074
21
-74.5291429999999906
0
LINE
8
BLACK
6
CONTINUOUS
10
146.1713430000000074
20
-74.5291429999999906
11
146.3452110000000062
21
-74.4571239999999932
0
LINE
8
BLACK
6
CONTINUOUS
10
146.3452110000000062
20
-74.4571239999999932
11
146.5297879999999964
21
-74.4204099999999897
0
LINE
8
BLACK
6
CONTINUOUS
10
146.5297879999999964
20
-74.4204099999999897
11
146.717979999999983
21
-74.4204099999999897
0
LINE
8
BLACK
6
CONTINUOUS
10
146.717979999999983
20
-74.4204099999999897
11
146.9025570000000016
21
-74.4571239999999932
0
LINE
8
BLACK
6
CONTINUOUS
10
134.561255999999986
20
-70.4887540000000001
11
134.7242569999999944
21
-70.5562709999999953
0
LINE
8
BLACK
6
CONTINUOUS
10
134.7242569999999944
20
-70.5562709999999953
11
134.8709539999999834
21
-70.6542910000000006
0
LINE
8
BLACK
6
CONTINUOUS
10
134.8709539999999834
20
-70.6542910000000006
11
134.9957090000000051
21
-70.7790459999999939
0
LINE
8
BLACK
6
CONTINUOUS
10
134.9957090000000051
20
-70.7790459999999939
11
135.0937289999999962
21
-70.9257429999999971
0
LINE
8
BLACK
6
CONTINUOUS
10
135.0937289999999962
20
-70.9257429999999971
11
135.1612460000000056
21
-71.0887439999999913
0
LINE
8
BLACK
6
CONTINUOUS
10
135.1612460000000056
20
-71.0887439999999913
11
135.1956659999999886
21
-71.2617850000000033
0
LINE
8
BLACK
6
CONTINUOUS
10
135.1956659999999886
20
-71.2617850000000033
11
135.1956659999999886
21
-71.4382149999999996
0
LINE
8
BLACK
6
CONTINUOUS
10
135.1956659999999886
20
-71.4382149999999996
11
135.1612460000000056
21
-71.6112559999999974
0
LINE
8
BLACK
6
CONTINUOUS
10
135.1612460000000056
20
-71.6112559999999974
11
135.0937289999999962
21
-71.7742569999999915
0
LINE
8
BLACK
6
CONTINUOUS
10
135.0937289999999962
20
-71.7742569999999915
11
134.9957090000000051
21
-71.9209539999999947
0
LINE
8
BLACK
6
CONTINUOUS
10
134.9957090000000051
20
-71.9209539999999947
11
134.8709539999999834
21
-72.0457090000000022
0
LINE
8
BLACK
6
CONTINUOUS
10
134.8709539999999834
20
-72.0457090000000022
11
134.7242569999999944
21
-72.1437289999999933
0
LINE
8
BLACK
6
CONTINUOUS
10
134.7242569999999944
20
-72.1437289999999933
11
134.561255999999986
21
-72.2112460000000027
0
LINE
8
BLACK
6
CONTINUOUS
10
134.561255999999986
20
-72.2112460000000027
11
134.3882150000000024
21
-72.2456659999999999
0
LINE
8
BLACK
6
CONTINUOUS
10
134.3882150000000024
20
-72.2456659999999999
11
134.2117849999999919
21
-72.2456659999999999
0
LINE
8
BLACK
6
CONTINUOUS
10
134.2117849999999919
20
-72.2456659999999999
11
134.0387439999999799
21
-72.2112460000000027
0
LINE
8
BLACK
6
CONTINUOUS
10
134.0387439999999799
20
-72.2112460000000027
11
133.8757429999999999
21
-72.1437289999999933
0
LINE
8
BLACK
6
CONTINUOUS
10
133.8757429999999999
20
-72.1437289999999933
11
133.7290459999999825
21
-72.0457090000000022
0
LINE
8
BLACK
6
CONTINUOUS
10
133.7290459999999825
20
-72.0457090000000022
11
133.6042909999999893
21
-71.9209539999999947
0
LINE
8
BLACK
6
CONTINUOUS
10
133.6042909999999893
20
-71.9209539999999947
11
133.5062709999999981
21
-71.7742569999999915
0
LINE
8
BLACK
6
CONTINUOUS
10
133.5062709999999981
20
-71.7742569999999915
11
133.4387539999999888
21
-71.6112559999999974
0
LINE
8
BLACK
6
CONTINUOUS
10
133.4387539999999888
20
-71.6112559999999974
11
133.4043340000000057
21
-71.4382149999999996
0
LINE
8
BLACK
6
CONTINUOUS
10
133.4043340000000057
20
-71.4382149999999996
11
133.4043340000000057
21
-71.2617850000000033
0
LINE
8
BLACK
6
CONTINUOUS
10
133.4043340000000057
20
-71.2617850000000033
11
133.4387539999999888
21
-71.0887439999999913
0
LINE
8
BLACK
6
CONTINUOUS
10
133.4387539999999888
20
-71.0887439999999913
11
133.5062709999999981
21
-70.9257429999999971
0
LINE
8
BLACK
6
CONTINUOUS
10
133.5062709999999981
20
-70.9257429999999971
11
133.6042909999999893
21
-70.7790459999999939
0
LINE
8
BLACK
6
CONTINUOUS
10
133.6042909999999893
20
-70.7790459999999939
11
133.7290459999999825
21
-70.6542910000000006
0
LINE
8
BLACK
6
CONTINUOUS
10
133.7290459999999825
20
-70.6542910000000006
11
133.8757429999999999
21
-70.5562709999999953
0
LINE
8
BLACK
6
CONTINUOUS
10
133.8757429999999999
20
-70.5562709999999953
11
134.0387439999999799
21
-70.4887540000000001
0
LINE
8
BLACK
6
CONTINUOUS
10
134.0387439999999799
20
-70.4887540000000001
11
134.2117849999999919
21
-70.4543340000000029
0
LINE
8
BLACK
6
CONTINUOUS
10
134.2117849999999919
20
-70.4543340000000029
11
134.3882150000000024
21
-70.4543340000000029
0
LINE
8
BLACK
6
CONTINUOUS
10
134.3882150000000024
20
-70.4543340000000029
11
134.561255999999986
21
-70.4887540000000001
0
LINE
8
BLACK
6
CONTINUOUS
10
148.8027019999999823
20
-62.7106169999999992
11
149.1867709999999931
21
-62.7273859999999956
0
LINE
8
BLACK
6
CONTINUOUS
10
149.1867709999999931
20
-62.7273859999999956
11
149.1975060000000042
21
-62.7283259999999956
0
LINE
8
BLACK
6
CONTINUOUS
10
149.1975060000000042
20
-62.7283259999999956
11
149.5759709999999814
21
-62.7781519999999986
0
LINE
8
BLACK
6
CONTINUOUS
10
149.5759709999999814
20
-62.7781519999999986
11
149.5865969999999834
21
-62.7800249999999949
0
LINE
8
BLACK
6
CONTINUOUS
10
149.5865969999999834
20
-62.7800249999999949
11
149.9592839999999967
21
-62.8626480000000001
0
LINE
8
BLACK
6
CONTINUOUS
10
149.9592839999999967
20
-62.8626480000000001
11
149.9697099999999921
21
-62.8654419999999945
0
LINE
8
BLACK
6
CONTINUOUS
10
149.9697099999999921
20
-62.8654419999999945
11
150.3337649999999996
21
-62.9802269999999993
0
LINE
8
BLACK
6
CONTINUOUS
10
150.3337649999999996
20
-62.9802269999999993
11
150.3439109999999914
21
-62.9839199999999977
0
LINE
8
BLACK
6
CONTINUOUS
10
150.3439109999999914
20
-62.9839199999999977
11
150.6965779999999882
21
-63.1299999999999955
0
LINE
8
BLACK
6
CONTINUOUS
10
150.6965779999999882
20
-63.1299999999999955
11
150.7063689999999951
21
-63.1345659999999995
0
LINE
8
BLACK
6
CONTINUOUS
10
150.7063689999999951
20
-63.1345659999999995
11
151.0449419999999918
21
-63.3108159999999955
0
LINE
8
BLACK
6
CONTINUOUS
10
151.0449419999999918
20
-63.3108159999999955
11
151.0543099999999868
21
-63.3162239999999983
0
LINE
8
BLACK
6
CONTINUOUS
10
151.0543099999999868
20
-63.3162239999999983
11
151.3762439999999856
21
-63.5213179999999937
0
LINE
8
BLACK
6
CONTINUOUS
10
151.3762439999999856
20
-63.5213179999999937
11
151.3851049999999816
21
-63.5275229999999951
0
LINE
8
BLACK
6
CONTINUOUS
10
151.3851049999999816
20
-63.5275229999999951
11
151.6879299999999944
21
-63.759888999999994
0
LINE
8
BLACK
6
CONTINUOUS
10
151.6879299999999944
20
-63.759888999999994
11
151.6962169999999901
21
-63.7668429999999944
0
LINE
8
BLACK
6
CONTINUOUS
10
151.6962169999999901
20
-63.7668429999999944
11
151.9776349999999923
21
-64.0247150000000005
0
LINE
8
BLACK
6
CONTINUOUS
10
151.9776349999999923
20
-64.0247150000000005
11
151.9852840000000072
21
-64.0323640000000012
0
LINE
8
BLACK
6
CONTINUOUS
10
151.9852840000000072
20
-64.0323640000000012
11
152.243155999999999
21
-64.3137820000000033
0
LINE
8
BLACK
6
CONTINUOUS
10
152.243155999999999
20
-64.3137820000000033
11
152.2501100000000065
21
-64.3220689999999991
0
LINE
8
BLACK
6
CONTINUOUS
10
152.2501100000000065
20
-64.3220689999999991
11
152.4824759999999912
21
-64.6248939999999976
0
LINE
8
BLACK
6
CONTINUOUS
10
152.4824759999999912
20
-64.6248939999999976
11
152.4886809999999855
21
-64.6337549999999936
0
LINE
8
BLACK
6
CONTINUOUS
10
152.4886809999999855
20
-64.6337549999999936
11
152.693774999999988
21
-64.9556889999999925
0
LINE
8
BLACK
6
CONTINUOUS
10
152.693774999999988
20
-64.9556889999999925
11
152.699183000000005
21
-64.9650570000000016
0
LINE
8
BLACK
6
CONTINUOUS
10
152.699183000000005
20
-64.9650570000000016
11
152.8754299999999944
21
-65.3036230000000018
0
LINE
8
BLACK
6
CONTINUOUS
10
152.8754299999999944
20
-65.3036230000000018
11
152.8800019999999904
21
-65.3134269999999901
0
LINE
8
BLACK
6
CONTINUOUS
10
152.8800019999999904
20
-65.3134269999999901
11
153.0260749999999916
21
-65.6660779999999988
0
LINE
8
BLACK
6
CONTINUOUS
10
153.0260749999999916
20
-65.6660779999999988
11
153.0297750000000008
21
-65.676243999999997
0
LINE
8
BLACK
6
CONTINUOUS
10
153.0297750000000008
20
-65.676243999999997
11
153.1445539999999994
21
-66.0402780000000007
0
LINE
8
BLACK
6
CONTINUOUS
10
153.1445539999999994
20
-66.0402780000000007
11
153.1473540000000071
21
-66.0507269999999949
0
LINE
8
BLACK
6
CONTINUOUS
10
153.1473540000000071
20
-66.0507269999999949
11
153.2299710000000061
21
-66.4233890000000002
0
LINE
8
BLACK
6
CONTINUOUS
10
153.2299710000000061
20
-66.4233890000000002
11
153.2318489999999827
21
-66.4340419999999909
0
LINE
8
BLACK
6
CONTINUOUS
10
153.2318489999999827
20
-66.4340419999999909
11
153.2816709999999887
21
-66.8124729999999971
0
LINE
8
BLACK
6
CONTINUOUS
10
153.2816709999999887
20
-66.8124729999999971
11
153.2826139999999953
21
-66.8232489999999899
0
LINE
8
BLACK
6
CONTINUOUS
10
153.2826139999999953
20
-66.8232489999999899
11
153.2993819999999801
21
-67.207296999999997
0
LINE
8
BLACK
6
CONTINUOUS
10
153.2993819999999801
20
-67.207296999999997
11
153.2994999999999948
21
-67.2127059999999972
0
LINE
8
BLACK
6
CONTINUOUS
10
153.2994999999999948
20
-67.2127059999999972
11
153.2994999999999948
21
-114.7072929999999928
0
LINE
8
BLACK
6
CONTINUOUS
10
153.2994999999999948
20
-114.7072929999999928
11
153.2993819999999801
21
-114.7127019999999931
0
LINE
8
BLACK
6
CONTINUOUS
10
153.2993819999999801
20
-114.7127019999999931
11
153.2826139999999953
21
-115.0967500000000001
0
LINE
8
BLACK
6
CONTINUOUS
10
153.2826139999999953
20
-115.0967500000000001
11
153.2816709999999887
21
-115.1075259999999929
0
LINE
8
BLACK
6
CONTINUOUS
10
153.2816709999999887
20
-115.1075259999999929
11
153.2318489999999827
21
-115.4859569999999991
0
LINE
8
BLACK
6
CONTINUOUS
10
153.2318489999999827
20
-115.4859569999999991
11
153.2299710000000061
21
-115.4966099999999898
0
LINE
8
BLACK
6
CONTINUOUS
10
153.2299710000000061
20
-115.4966099999999898
11
153.1473540000000071
21
-115.8692719999999952
0
LINE
8
BLACK
6
CONTINUOUS
10
153.1473540000000071
20
-115.8692719999999952
11
153.1445539999999994
21
-115.8797209999999893
0
LINE
8
BLACK
6
CONTINUOUS
10
153.1445539999999994
20
-115.8797209999999893
11
153.0297750000000008
21
-116.2437549999999931
0
LINE
8
BLACK
6
CONTINUOUS
10
153.0297750000000008
20
-116.2437549999999931
11
153.0260749999999916
21
-116.2539209999999912
0
LINE
8
BLACK
6
CONTINUOUS
10
153.0260749999999916
20
-116.2539209999999912
11
152.8800019999999904
21
-116.6065719999999999
0
LINE
8
BLACK
6
CONTINUOUS
10
152.8800019999999904
20
-116.6065719999999999
11
152.8754299999999944
21
-116.6163759999999883
0
LINE
8
BLACK
6
CONTINUOUS
10
152.8754299999999944
20
-116.6163759999999883
11
152.699183000000005
21
-116.9549419999999884
0
LINE
8
BLACK
6
CONTINUOUS
10
152.699183000000005
20
-116.9549419999999884
11
152.693774999999988
21
-116.9643099999999976
0
LINE
8
BLACK
6
CONTINUOUS
10
152.693774999999988
20
-116.9643099999999976
11
152.4886809999999855
21
-117.2862439999999964
0
LINE
8
BLACK
6
CONTINUOUS
10
152.4886809999999855
20
-117.2862439999999964
11
152.4824759999999912
21
-117.2951049999999924
0
LINE
8
BLACK
6
CONTINUOUS
10
152.4824759999999912
20
-117.2951049999999924
11
152.2501100000000065
21
-117.597929999999991
0
LINE
8
BLACK
6
CONTINUOUS
10
152.2501100000000065
20
-117.597929999999991
11
152.243155999999999
21
-117.6062170000000009
0
LINE
8
BLACK
6
CONTINUOUS
10
152.243155999999999
20
-117.6062170000000009
11
151.9852840000000072
21
-117.8876349999999888
0
LINE
8
BLACK
6
CONTINUOUS
10
151.9852840000000072
20
-117.8876349999999888
11
151.9776349999999923
21
-117.8952839999999895
0
LINE
8
BLACK
6
CONTINUOUS
10
151.9776349999999923
20
-117.8952839999999895
11
151.6962169999999901
21
-118.1531559999999956
0
LINE
8
BLACK
6
CONTINUOUS
10
151.6962169999999901
20
-118.1531559999999956
11
151.6879299999999944
21
-118.1601099999999889
0
LINE
8
BLACK
6
CONTINUOUS
10
151.6879299999999944
20
-118.1601099999999889
11
151.3851049999999816
21
-118.3924759999999878
0
LINE
8
BLACK
6
CONTINUOUS
10
151.3851049999999816
20
-118.3924759999999878
11
151.3762439999999856
21
-118.3986809999999963
0
LINE
8
BLACK
6
CONTINUOUS
10
151.3762439999999856
20
-118.3986809999999963
11
151.0543099999999868
21
-118.6037749999999988
0
LINE
8
BLACK
6
CONTINUOUS
10
151.0543099999999868
20
-118.6037749999999988
11
151.0449419999999918
21
-118.6091830000000016
0
LINE
8
BLACK
6
CONTINUOUS
10
151.0449419999999918
20
-118.6091830000000016
11
150.7063760000000059
21
-118.785429999999991
0
LINE
8
BLACK
6
CONTINUOUS
10
150.7063760000000059
20
-118.785429999999991
11
150.6965720000000033
21
-118.7900020000000012
0
LINE
8
BLACK
6
CONTINUOUS
10
150.6965720000000033
20
-118.7900020000000012
11
150.3439209999999946
21
-118.9360749999999882
0
LINE
8
BLACK
6
CONTINUOUS
10
150.3439209999999946
20
-118.9360749999999882
11
150.3337549999999965
21
-118.9397749999999974
0
LINE
8
BLACK
6
CONTINUOUS
10
150.3337549999999965
20
-118.9397749999999974
11
149.9697209999999927
21
-119.054553999999996
0
LINE
8
BLACK
6
CONTINUOUS
10
149.9697209999999927
20
-119.054553999999996
11
149.9592719999999986
21
-119.0573539999999895
0
LINE
8
BLACK
6
CONTINUOUS
10
149.9592719999999986
20
-119.0573539999999895
11
149.5866100000000074
21
-119.1399709999999885
0
LINE
8
BLACK
6
CONTINUOUS
10
149.5866100000000074
20
-119.1399709999999885
11
149.5759569999999883
21
-119.1418489999999935
0
LINE
8
BLACK
6
CONTINUOUS
10
149.5759569999999883
20
-119.1418489999999935
11
149.1975259999999821
21
-119.1916709999999995
0
LINE
8
BLACK
6
CONTINUOUS
10
149.1975259999999821
20
-119.1916709999999995
11
149.1867499999999893
21
-119.1926139999999918
0
LINE
8
BLACK
6
CONTINUOUS
10
149.1867499999999893
20
-119.1926139999999918
11
148.8027029999999797
21
-119.2093819999999909
0
LINE
8
BLACK
6
CONTINUOUS
10
148.8027029999999797
20
-119.2093819999999909
11
148.7972939999999937
21
-119.2094999999999914
0
LINE
8
BLACK
6
CONTINUOUS
10
148.7972939999999937
20
-119.2094999999999914
11
126.3027060000000006
21
-119.2094999999999914
0
LINE
8
BLACK
6
CONTINUOUS
10
126.3027060000000006
20
-119.2094999999999914
11
126.2972970000000004
21
-119.2093819999999909
0
LINE
8
BLACK
6
CONTINUOUS
10
126.2972970000000004
20
-119.2093819999999909
11
125.9132489999999933
21
-119.1926139999999918
0
LINE
8
BLACK
6
CONTINUOUS
10
125.9132489999999933
20
-119.1926139999999918
11
125.9024730000000005
21
-119.1916709999999995
0
LINE
8
BLACK
6
CONTINUOUS
10
125.9024730000000005
20
-119.1916709999999995
11
125.5240419999999943
21
-119.1418489999999935
0
LINE
8
BLACK
6
CONTINUOUS
10
125.5240419999999943
20
-119.1418489999999935
11
125.5133889999999894
21
-119.1399709999999885
0
LINE
8
BLACK
6
CONTINUOUS
10
125.5133889999999894
20
-119.1399709999999885
11
125.1407269999999983
21
-119.0573539999999895
0
LINE
8
BLACK
6
CONTINUOUS
10
125.1407269999999983
20
-119.0573539999999895
11
125.1302779999999899
21
-119.054553999999996
0
LINE
8
BLACK
6
CONTINUOUS
10
125.1302779999999899
20
-119.054553999999996
11
124.7662440000000004
21
-118.9397749999999974
0
LINE
8
BLACK
6
CONTINUOUS
10
124.7662440000000004
20
-118.9397749999999974
11
124.756077999999988
21
-118.9360749999999882
0
LINE
8
BLACK
6
CONTINUOUS
10
124.756077999999988
20
-118.9360749999999882
11
124.4034269999999935
21
-118.7900020000000012
0
LINE
8
BLACK
6
CONTINUOUS
10
124.4034269999999935
20
-118.7900020000000012
11
124.393622999999991
21
-118.785429999999991
0
LINE
8
BLACK
6
CONTINUOUS
10
124.393622999999991
20
-118.785429999999991
11
124.0550569999999908
21
-118.6091830000000016
0
LINE
8
BLACK
6
CONTINUOUS
10
124.0550569999999908
20
-118.6091830000000016
11
124.0456889999999959
21
-118.6037749999999988
0
LINE
8
BLACK
6
CONTINUOUS
10
124.0456889999999959
20
-118.6037749999999988
11
123.723754999999997
21
-118.3986809999999963
0
LINE
8
BLACK
6
CONTINUOUS
10
123.723754999999997
20
-118.3986809999999963
11
123.714894000000001
21
-118.3924759999999878
0
LINE
8
BLACK
6
CONTINUOUS
10
123.714894000000001
20
-118.3924759999999878
11
123.4120689999999883
21
-118.1601099999999889
0
LINE
8
BLACK
6
CONTINUOUS
10
123.4120689999999883
20
-118.1601099999999889
11
123.4037819999999925
21
-118.1531559999999956
0
LINE
8
BLACK
6
CONTINUOUS
10
123.4037819999999925
20
-118.1531559999999956
11
123.1223639999999904
21
-117.8952839999999895
0
LINE
8
BLACK
6
CONTINUOUS
10
123.1223639999999904
20
-117.8952839999999895
11
123.1147149999999897
21
-117.8876349999999888
0
LINE
8
BLACK
6
CONTINUOUS
10
123.1147149999999897
20
-117.8876349999999888
11
122.8568429999999978
21
-117.6062170000000009
0
LINE
8
BLACK
6
CONTINUOUS
10
122.8568429999999978
20
-117.6062170000000009
11
122.8498889999999903
21
-117.597929999999991
0
LINE
8
BLACK
6
CONTINUOUS
10
122.8498889999999903
20
-117.597929999999991
11
122.7939209999999974
21
-117.524991
0
LINE
8
BLACK
6
CONTINUOUS
10
122.7939209999999974
20
-117.524991
11
122.6175229999999914
21
-117.2951049999999924
0
LINE
8
BLACK
6
CONTINUOUS
10
122.6175229999999914
20
-117.2951049999999924
11
122.6113179999999971
21
-117.2862439999999964
0
LINE
8
BLACK
6
CONTINUOUS
10
122.6113179999999971
20
-117.2862439999999964
11
122.4062239999999946
21
-116.9643099999999976
0
LINE
8
BLACK
6
CONTINUOUS
10
122.4062239999999946
20
-116.9643099999999976
11
122.4008159999999918
21
-116.9549419999999884
0
LINE
8
BLACK
6
CONTINUOUS
10
122.4008159999999918
20
-116.9549419999999884
11
122.3852289999999954
21
-116.9249999999999972
0
LINE
8
BLACK
6
CONTINUOUS
10
122.3852289999999954
20
-116.9249999999999972
11
122.2245659999999958
21
-116.6163689999999917
0
LINE
8
BLACK
6
CONTINUOUS
10
122.2245659999999958
20
-116.6163689999999917
11
122.2199969999999922
21
-116.6065719999999999
0
LINE
8
BLACK
6
CONTINUOUS
10
122.2199969999999922
20
-116.6065719999999999
11
122.2178809999999913
21
-116.6014629999999954
0
LINE
8
BLACK
6
CONTINUOUS
10
122.2178809999999913
20
-116.6014629999999954
11
122.0739200000000011
21
-116.253910999999988
0
LINE
8
BLACK
6
CONTINUOUS
10
122.0739200000000011
20
-116.253910999999988
11
122.0702239999999961
21
-116.2437549999999931
0
LINE
8
BLACK
6
CONTINUOUS
10
122.0702239999999961
20
-116.2437549999999931
11
122.058212999999995
21
-116.2056599999999946
0
LINE
8
BLACK
6
CONTINUOUS
10
122.058212999999995
20
-116.2056599999999946
11
121.9554419999999908
21
-115.8797099999999887
0
LINE
8
BLACK
6
CONTINUOUS
10
121.9554419999999908
20
-115.8797099999999887
11
121.9526479999999964
21
-115.8692839999999933
0
LINE
8
BLACK
6
CONTINUOUS
10
121.9526479999999964
20
-115.8692839999999933
11
121.8700249999999983
21
-115.4965969999999942
0
LINE
8
BLACK
6
CONTINUOUS
10
121.8700249999999983
20
-115.4965969999999942
11
121.8681519999999949
21
-115.4859709999999922
0
LINE
8
BLACK
6
CONTINUOUS
10
121.8681519999999949
20
-115.4859709999999922
11
121.818325999999999
21
-115.1075060000000008
0
LINE
8
BLACK
6
CONTINUOUS
10
121.818325999999999
20
-115.1075060000000008
11
121.8173859999999991
21
-115.0967709999999897
0
LINE
8
BLACK
6
CONTINUOUS
10
121.8173859999999991
20
-115.0967709999999897
11
121.8006180000000001
21
-114.7127019999999931
0
LINE
8
BLACK
6
CONTINUOUS
10
121.8006180000000001
20
-114.7127019999999931
11
121.8004999999999995
21
-114.7072929999999928
0
LINE
8
BLACK
6
CONTINUOUS
10
121.8004999999999995
20
-114.7072929999999928
11
121.8004999999999995
21
-114.5282339999999976
0
LINE
8
BLACK
6
CONTINUOUS
10
121.8004999999999995
20
-114.5282339999999976
11
121.8004999999999995
21
-109.2077309999999954
0
LINE
8
BLACK
6
CONTINUOUS
10
121.8004999999999995
20
-109.2077309999999954
11
121.8004999999999995
21
-80.6597000000000008
0
LINE
8
BLACK
6
CONTINUOUS
10
121.8004999999999995
20
-80.6597000000000008
11
121.8004999999999995
21
-67.2127059999999972
0
LINE
8
BLACK
6
CONTINUOUS
10
121.8004999999999995
20
-67.2127059999999972
11
121.8006180000000001
21
-67.207296999999997
0
LINE
8
BLACK
6
CONTINUOUS
10
121.8006180000000001
20
-67.207296999999997
11
121.8084360000000004
21
-67.0282339999999976
0
LINE
8
BLACK
6
CONTINUOUS
10
121.8084360000000004
20
-67.0282339999999976
11
121.8088049999999924
21
-67.0197780000000023
0
LINE
8
BLACK
6
CONTINUOUS
10
121.8088049999999924
20
-67.0197780000000023
11
121.8088049999999924
21
-67.0197769999999906
0
LINE
8
BLACK
6
CONTINUOUS
10
121.8088049999999924
20
-67.0197769999999906
11
121.8104329999999891
21
-66.9824979999999925
0
LINE
8
BLACK
6
CONTINUOUS
10
121.8104329999999891
20
-66.9824979999999925
11
121.8173859999999991
21
-66.8232280000000003
0
LINE
8
BLACK
6
CONTINUOUS
10
121.8173859999999991
20
-66.8232280000000003
11
121.818325999999999
21
-66.8124949999999984
0
LINE
8
BLACK
6
CONTINUOUS
10
121.818325999999999
20
-66.8124949999999984
11
121.8681519999999949
21
-66.4340249999999912
0
LINE
8
BLACK
6
CONTINUOUS
10
121.8681519999999949
20
-66.4340249999999912
11
121.8700249999999983
21
-66.4234050000000025
0
LINE
8
BLACK
6
CONTINUOUS
10
121.8700249999999983
20
-66.4234050000000025
11
121.9526489999999939
21
-66.0507089999999977
0
LINE
8
BLACK
6
CONTINUOUS
10
121.9526489999999939
20
-66.0507089999999977
11
121.9554399999999958
21
-66.0402950000000004
0
LINE
8
BLACK
6
CONTINUOUS
10
121.9554399999999958
20
-66.0402950000000004
11
122.0702299999999951
21
-65.6762269999999972
0
LINE
8
BLACK
6
CONTINUOUS
10
122.0702299999999951
20
-65.6762269999999972
11
122.0739169999999945
21
-65.6660949999999985
0
LINE
8
BLACK
6
CONTINUOUS
10
122.0739169999999945
20
-65.6660949999999985
11
122.2200029999999913
21
-65.3134119999999996
0
LINE
8
BLACK
6
CONTINUOUS
10
122.2200029999999913
20
-65.3134119999999996
11
122.2245609999999942
21
-65.3036379999999923
0
LINE
8
BLACK
6
CONTINUOUS
10
122.2245609999999942
20
-65.3036379999999923
11
122.4008219999999909
21
-64.9650450000000035
0
LINE
8
BLACK
6
CONTINUOUS
10
122.4008219999999909
20
-64.9650450000000035
11
122.4062169999999981
21
-64.9556999999999931
0
LINE
8
BLACK
6
CONTINUOUS
10
122.4062169999999981
20
-64.9556999999999931
11
122.6113249999999937
21
-64.633743999999993
0
LINE
8
BLACK
6
CONTINUOUS
10
122.6113249999999937
20
-64.633743999999993
11
122.6175149999999974
21
-64.6249049999999983
0
LINE
8
BLACK
6
CONTINUOUS
10
122.6175149999999974
20
-64.6249049999999983
11
122.8498960000000011
21
-64.3220599999999934
0
LINE
8
BLACK
6
CONTINUOUS
10
122.8498960000000011
20
-64.3220599999999934
11
122.8568339999999921
21
-64.3137909999999948
0
LINE
8
BLACK
6
CONTINUOUS
10
122.8568339999999921
20
-64.3137909999999948
11
123.1147259999999903
21
-64.032352000000003
0
LINE
8
BLACK
6
CONTINUOUS
10
123.1147259999999903
20
-64.032352000000003
11
123.1223519999999922
21
-64.0247260000000011
0
LINE
8
BLACK
6
CONTINUOUS
10
123.1223519999999922
20
-64.0247260000000011
11
123.4037909999999982
21
-63.7668339999999958
0
LINE
8
BLACK
6
CONTINUOUS
10
123.4037909999999982
20
-63.7668339999999958
11
123.4120599999999968
21
-63.7598959999999977
0
LINE
8
BLACK
6
CONTINUOUS
10
123.4120599999999968
20
-63.7598959999999977
11
123.7149049999999875
21
-63.527514999999994
0
LINE
8
BLACK
6
CONTINUOUS
10
123.7149049999999875
20
-63.527514999999994
11
123.7237439999999964
21
-63.5213249999999974
0
LINE
8
BLACK
6
CONTINUOUS
10
123.7237439999999964
20
-63.5213249999999974
11
124.0456999999999965
21
-63.3162169999999946
0
LINE
8
BLACK
6
CONTINUOUS
10
124.0456999999999965
20
-63.3162169999999946
11
124.0550449999999927
21
-63.3108219999999946
0
LINE
8
BLACK
6
CONTINUOUS
10
124.0550449999999927
20
-63.3108219999999946
11
124.3936379999999957
21
-63.1345609999999979
0
LINE
8
BLACK
6
CONTINUOUS
10
124.3936379999999957
20
-63.1345609999999979
11
124.4034119999999888
21
-63.130002999999995
0
LINE
8
BLACK
6
CONTINUOUS
10
124.4034119999999888
20
-63.130002999999995
11
124.7560949999999877
21
-62.9839169999999982
0
LINE
8
BLACK
6
CONTINUOUS
10
124.7560949999999877
20
-62.9839169999999982
11
124.7662270000000007
21
-62.9802299999999988
0
LINE
8
BLACK
6
CONTINUOUS
10
124.7662270000000007
20
-62.9802299999999988
11
125.1302949999999896
21
-62.8654399999999995
0
LINE
8
BLACK
6
CONTINUOUS
10
125.1302949999999896
20
-62.8654399999999995
11
125.1407090000000011
21
-62.8626489999999976
0
LINE
8
BLACK
6
CONTINUOUS
10
125.1407090000000011
20
-62.8626489999999976
11
125.5134049999999917
21
-62.7800249999999949
0
LINE
8
BLACK
6
CONTINUOUS
10
125.5134049999999917
20
-62.7800249999999949
11
125.5240249999999946
21
-62.7781519999999986
0
LINE
8
BLACK
6
CONTINUOUS
10
125.5240249999999946
20
-62.7781519999999986
11
125.9024949999999876
21
-62.7283259999999956
0
LINE
8
BLACK
6
CONTINUOUS
10
125.9024949999999876
20
-62.7283259999999956
11
125.9132259999999945
21
-62.7273859999999956
0
LINE
8
BLACK
6
CONTINUOUS
10
125.9132259999999945
20
-62.7273859999999956
11
126.2972970000000004
21
-62.7106169999999992
0
LINE
8
BLACK
6
CONTINUOUS
10
126.2972970000000004
20
-62.7106169999999992
11
126.3027060000000006
21
-62.7104999999999961
0
LINE
8
BLACK
6
CONTINUOUS
10
126.3027060000000006
20
-62.7104999999999961
11
126.3658919999999881
21
-62.7104999999999961
0
LINE
8
BLACK
6
CONTINUOUS
10
126.3658919999999881
20
-62.7104999999999961
11
148.734107999999992
21
-62.7104999999999961
0
LINE
8
BLACK
6
CONTINUOUS
10
148.734107999999992
20
-62.7104999999999961
11
148.7972939999999937
21
-62.7104999999999961
0
LINE
8
BLACK
6
CONTINUOUS
10
148.7972939999999937
20
-62.7104999999999961
11
148.8027019999999823
21
-62.7106169999999992
0
LINE
8
BLACK
6
CONTINUOUS
10
132.3649999999999807
20
-117.4249999999999972
11
132.3649999999999807
21
-117.5784199999999942
0
LINE
8
BLACK
6
CONTINUOUS
10
132.3649999999999807
20
-117.5784199999999942
11
132.4053480000000036
21
-117.781265999999988
0
LINE
8
BLACK
6
CONTINUOUS
10
132.4053480000000036
20
-117.781265999999988
11
132.4053499999999985
21
-117.7812739999999962
0
LINE
8
BLACK
6
CONTINUOUS
10
132.4053499999999985
20
-117.7812739999999962
11
132.484499999999997
21
-117.9723579999999998
0
LINE
8
BLACK
6
CONTINUOUS
10
132.484499999999997
20
-117.9723579999999998
11
132.4845049999999844
21
-117.9723679999999888
0
LINE
8
BLACK
6
CONTINUOUS
10
132.4845049999999844
20
-117.9723679999999888
11
132.599410000000006
21
-118.1443349999999981
0
LINE
8
BLACK
6
CONTINUOUS
10
132.599410000000006
20
-118.1443349999999981
11
132.5994129999999984
21
-118.144338999999988
0
LINE
8
BLACK
6
CONTINUOUS
10
132.5994129999999984
20
-118.144338999999988
11
132.7456599999999867
21
-118.2905859999999905
0
LINE
8
BLACK
6
CONTINUOUS
10
132.7456599999999867
20
-118.2905859999999905
11
132.745664000000005
21
-118.2905889999999971
0
LINE
8
BLACK
6
CONTINUOUS
10
132.745664000000005
20
-118.2905889999999971
11
132.9176310000000001
21
-118.4054939999999903
0
LINE
8
BLACK
6
CONTINUOUS
10
132.9176310000000001
20
-118.4054939999999903
11
132.9176410000000033
21
-118.4054989999999918
0
LINE
8
BLACK
6
CONTINUOUS
10
132.9176410000000033
20
-118.4054989999999918
11
133.1087229999999977
21
-118.4846479999999929
0
LINE
8
BLACK
6
CONTINUOUS
10
133.1087229999999977
20
-118.4846479999999929
11
133.1087249999999926
21
-118.4846489999999903
0
LINE
8
BLACK
6
CONTINUOUS
10
133.1087249999999926
20
-118.4846489999999903
11
133.164999999999992
21
-118.4958419999999961
0
LINE
8
BLACK
6
CONTINUOUS
10
133.164999999999992
20
-118.4958419999999961
11
133.164999999999992
21
-117.9603139999999968
0
LINE
8
BLACK
6
CONTINUOUS
10
133.164999999999992
20
-117.9603139999999968
11
133.0801809999999819
21
-117.9113439999999997
0
LINE
8
BLACK
6
CONTINUOUS
10
133.0801809999999819
20
-117.9113439999999997
11
132.9786560000000009
21
-117.8098189999999903
0
LINE
8
BLACK
6
CONTINUOUS
10
132.9786560000000009
20
-117.8098189999999903
11
132.9068660000000079
21
-117.6854759999999942
0
LINE
8
BLACK
6
CONTINUOUS
10
132.9068660000000079
20
-117.6854759999999942
11
132.869704999999982
21
-117.5467889999999898
0
LINE
8
BLACK
6
CONTINUOUS
10
132.869704999999982
20
-117.5467889999999898
11
132.8649999999999807
21
-117.4749999999999943
0
LINE
8
BLACK
6
CONTINUOUS
10
132.8649999999999807
20
-117.4749999999999943
11
132.8649999999999807
21
-117.4249999999999972
0
LINE
8
BLACK
6
CONTINUOUS
10
132.8649999999999807
20
-117.4249999999999972
11
132.3649999999999807
21
-117.4249999999999972
0
LINE
8
BLACK
6
CONTINUOUS
10
133.9650000000000034
20
-117.4749999999999943
11
133.9602950000000021
21
-117.5467889999999898
0
LINE
8
BLACK
6
CONTINUOUS
10
133.9602950000000021
20
-117.5467889999999898
11
133.9231340000000046
21
-117.6854759999999942
0
LINE
8
BLACK
6
CONTINUOUS
10
133.9231340000000046
20
-117.6854759999999942
11
133.8513439999999832
21
-117.8098189999999903
0
LINE
8
BLACK
6
CONTINUOUS
10
133.8513439999999832
20
-117.8098189999999903
11
133.7498190000000022
21
-117.9113439999999997
0
LINE
8
BLACK
6
CONTINUOUS
10
133.7498190000000022
20
-117.9113439999999997
11
133.664999999999992
21
-117.9603139999999968
0
LINE
8
BLACK
6
CONTINUOUS
10
133.664999999999992
20
-117.9603139999999968
11
133.664999999999992
21
-118.4958419999999961
0
LINE
8
BLACK
6
CONTINUOUS
10
133.664999999999992
20
-118.4958419999999961
11
133.721273999999994
21
-118.4846489999999903
0
LINE
8
BLACK
6
CONTINUOUS
10
133.721273999999994
20
-118.4846489999999903
11
133.7212759999999889
21
-118.4846479999999929
0
LINE
8
BLACK
6
CONTINUOUS
10
133.7212759999999889
20
-118.4846479999999929
11
133.9123579999999833
21
-118.4054989999999918
0
LINE
8
BLACK
6
CONTINUOUS
10
133.9123579999999833
20
-118.4054989999999918
11
133.9123679999999865
21
-118.4054939999999903
0
LINE
8
BLACK
6
CONTINUOUS
10
133.9123679999999865
20
-118.4054939999999903
11
134.0843349999999816
21
-118.2905889999999971
0
LINE
8
BLACK
6
CONTINUOUS
10
134.0843349999999816
20
-118.2905889999999971
11
134.0843389999999999
21
-118.2905859999999905
0
LINE
8
BLACK
6
CONTINUOUS
10
134.0843389999999999
20
-118.2905859999999905
11
134.2305859999999882
21
-118.144338999999988
0
LINE
8
BLACK
6
CONTINUOUS
10
134.2305859999999882
20
-118.144338999999988
11
134.2305889999999806
21
-118.1443349999999981
0
LINE
8
BLACK
6
CONTINUOUS
10
134.2305889999999806
20
-118.1443349999999981
11
134.3454940000000022
21
-117.9723679999999888
0
LINE
8
BLACK
6
CONTINUOUS
10
134.3454940000000022
20
-117.9723679999999888
11
134.3454989999999896
21
-117.9723579999999998
0
LINE
8
BLACK
6
CONTINUOUS
10
134.3454989999999896
20
-117.9723579999999998
11
134.4246489999999881
21
-117.7812739999999962
0
LINE
8
BLACK
6
CONTINUOUS
10
134.4246489999999881
20
-117.7812739999999962
11
134.424650999999983
21
-117.781265999999988
0
LINE
8
BLACK
6
CONTINUOUS
10
134.424650999999983
20
-117.781265999999988
11
134.4649990000000059
21
-117.5784199999999942
0
LINE
8
BLACK
6
CONTINUOUS
10
134.4649990000000059
20
-117.5784199999999942
11
134.4650000000000034
21
-117.5784170000000017
0
LINE
8
BLACK
6
CONTINUOUS
10
134.4650000000000034
20
-117.5784170000000017
11
134.4650000000000034
21
-117.4249999999999972
0
LINE
8
BLACK
6
CONTINUOUS
10
134.4650000000000034
20
-117.4249999999999972
11
133.9650000000000034
21
-117.4249999999999972
0
LINE
8
BLACK
6
CONTINUOUS
10
133.9650000000000034
20
-117.4249999999999972
11
133.9650000000000034
21
-117.4749999999999943
0
LINE
8
BLACK
6
CONTINUOUS
10
141.0049999999999955
20
-117.4249999999999972
11
141.0049999999999955
21
-117.5784199999999942
0
LINE
8
BLACK
6
CONTINUOUS
10
141.0049999999999955
20
-117.5784199999999942
11
141.04534799999999
21
-117.781265999999988
0
LINE
8
BLACK
6
CONTINUOUS
10
141.04534799999999
20
-117.781265999999988
11
141.0453499999999849
21
-117.7812739999999962
0
LINE
8
BLACK
6
CONTINUOUS
10
141.0453499999999849
20
-117.7812739999999962
11
141.1244999999999834
21
-117.9723579999999998
0
LINE
8
BLACK
6
CONTINUOUS
10
141.1244999999999834
20
-117.9723579999999998
11
141.1245049999999992
21
-117.9723679999999888
0
LINE
8
BLACK
6
CONTINUOUS
10
141.1245049999999992
20
-117.9723679999999888
11
141.2394099999999924
21
-118.1443349999999981
0
LINE
8
BLACK
6
CONTINUOUS
10
141.2394099999999924
20
-118.1443349999999981
11
141.2394129999999848
21
-118.144338999999988
0
LINE
8
BLACK
6
CONTINUOUS
10
141.2394129999999848
20
-118.144338999999988
11
141.3856600000000014
21
-118.2905859999999905
0
LINE
8
BLACK
6
CONTINUOUS
10
141.3856600000000014
20
-118.2905859999999905
11
141.3856639999999913
21
-118.2905889999999971
0
LINE
8
BLACK
6
CONTINUOUS
10
141.3856639999999913
20
-118.2905889999999971
11
141.5576309999999864
21
-118.4054939999999903
0
LINE
8
BLACK
6
CONTINUOUS
10
141.5576309999999864
20
-118.4054939999999903
11
141.5576409999999896
21
-118.4054989999999918
0
LINE
8
BLACK
6
CONTINUOUS
10
141.5576409999999896
20
-118.4054989999999918
11
141.748722999999984
21
-118.4846479999999929
0
LINE
8
BLACK
6
CONTINUOUS
10
141.748722999999984
20
-118.4846479999999929
11
141.7487250000000074
21
-118.4846489999999903
0
LINE
8
BLACK
6
CONTINUOUS
10
141.7487250000000074
20
-118.4846489999999903
11
141.8050000000000068
21
-118.4958419999999961
0
LINE
8
BLACK
6
CONTINUOUS
10
141.8050000000000068
20
-118.4958419999999961
11
141.8050000000000068
21
-117.9603139999999968
0
LINE
8
BLACK
6
CONTINUOUS
10
141.8050000000000068
20
-117.9603139999999968
11
141.7201809999999966
21
-117.9113439999999997
0
LINE
8
BLACK
6
CONTINUOUS
10
141.7201809999999966
20
-117.9113439999999997
11
141.6186559999999872
21
-117.8098189999999903
0
LINE
8
BLACK
6
CONTINUOUS
10
141.6186559999999872
20
-117.8098189999999903
11
141.5468659999999943
21
-117.6854759999999942
0
LINE
8
BLACK
6
CONTINUOUS
10
141.5468659999999943
20
-117.6854759999999942
11
141.5097049999999967
21
-117.5467889999999898
0
LINE
8
BLACK
6
CONTINUOUS
10
141.5097049999999967
20
-117.5467889999999898
11
141.5049999999999955
21
-117.4749999999999943
0
LINE
8
BLACK
6
CONTINUOUS
10
141.5049999999999955
20
-117.4749999999999943
11
141.5049999999999955
21
-117.4249999999999972
0
LINE
8
BLACK
6
CONTINUOUS
10
141.5049999999999955
20
-117.4249999999999972
11
141.0049999999999955
21
-117.4249999999999972
0
LINE
8
BLACK
6
CONTINUOUS
10
142.6049999999999898
20
-117.4749999999999943
11
142.6002949999999885
21
-117.5467889999999898
0
LINE
8
BLACK
6
CONTINUOUS
10
142.6002949999999885
20
-117.5467889999999898
11
142.5631339999999909
21
-117.6854759999999942
0
LINE
8
BLACK
6
CONTINUOUS
10
142.5631339999999909
20
-117.6854759999999942
11
142.491343999999998
21
-117.8098189999999903
0
LINE
8
BLACK
6
CONTINUOUS
10
142.491343999999998
20
-117.8098189999999903
11
142.3898189999999886
21
-117.9113439999999997
0
LINE
8
BLACK
6
CONTINUOUS
10
142.3898189999999886
20
-117.9113439999999997
11
142.3050000000000068
21
-117.9603139999999968
0
LINE
8
BLACK
6
CONTINUOUS
10
142.3050000000000068
20
-117.9603139999999968
11
142.3050000000000068
21
-118.4958419999999961
0
LINE
8
BLACK
6
CONTINUOUS
10
142.3050000000000068
20
-118.4958419999999961
11
142.3612739999999803
21
-118.4846489999999903
0
LINE
8
BLACK
6
CONTINUOUS
10
142.3612739999999803
20
-118.4846489999999903
11
142.3612760000000037
21
-118.4846479999999929
0
LINE
8
BLACK
6
CONTINUOUS
10
142.3612760000000037
20
-118.4846479999999929
11
142.5523579999999981
21
-118.4054989999999918
0
LINE
8
BLACK
6
CONTINUOUS
10
142.5523579999999981
20
-118.4054989999999918
11
142.5523680000000013
21
-118.4054939999999903
0
LINE
8
BLACK
6
CONTINUOUS
10
142.5523680000000013
20
-118.4054939999999903
11
142.7243349999999964
21
-118.2905889999999971
0
LINE
8
BLACK
6
CONTINUOUS
10
142.7243349999999964
20
-118.2905889999999971
11
142.7243389999999863
21
-118.2905859999999905
0
LINE
8
BLACK
6
CONTINUOUS
10
142.7243389999999863
20
-118.2905859999999905
11
142.870586000000003
21
-118.144338999999988
0
LINE
8
BLACK
6
CONTINUOUS
10
142.870586000000003
20
-118.144338999999988
11
142.8705889999999954
21
-118.1443349999999981
0
LINE
8
BLACK
6
CONTINUOUS
10
142.8705889999999954
20
-118.1443349999999981
11
142.9854939999999885
21
-117.9723679999999888
0
LINE
8
BLACK
6
CONTINUOUS
10
142.9854939999999885
20
-117.9723679999999888
11
142.9854990000000043
21
-117.9723579999999998
0
LINE
8
BLACK
6
CONTINUOUS
10
142.9854990000000043
20
-117.9723579999999998
11
143.0646490000000028
21
-117.7812739999999962
0
LINE
8
BLACK
6
CONTINUOUS
10
143.0646490000000028
20
-117.7812739999999962
11
143.0646509999999978
21
-117.781265999999988
0
LINE
8
BLACK
6
CONTINUOUS
10
143.0646509999999978
20
-117.781265999999988
11
143.1049989999999923
21
-117.5784199999999942
0
LINE
8
BLACK
6
CONTINUOUS
10
143.1049989999999923
20
-117.5784199999999942
11
143.1049999999999898
21
-117.5784170000000017
0
LINE
8
BLACK
6
CONTINUOUS
10
143.1049999999999898
20
-117.5784170000000017
11
143.1049999999999898
21
-117.4249999999999972
0
LINE
8
BLACK
6
CONTINUOUS
10
143.1049999999999898
20
-117.4249999999999972
11
142.6049999999999898
21
-117.4249999999999972
0
LINE
8
BLACK
6
CONTINUOUS
10
142.6049999999999898
20
-117.4249999999999972
11
142.6049999999999898
21
-117.4749999999999943
0
LINE
8
BLACK
6
CONTINUOUS
10
123.8652319999999918
20
-117.4983189999999951
11
123.8652329999999893
21
-117.4983199999999925
0
LINE
8
BLACK
6
CONTINUOUS
10
123.8652329999999893
20
-117.4983199999999925
11
124.0932490000000001
21
-117.6854479999999938
0
LINE
8
BLACK
6
CONTINUOUS
10
124.0932490000000001
20
-117.6854479999999938
11
124.3955189999999931
21
-117.8874179999999967
0
LINE
8
BLACK
6
CONTINUOUS
10
124.3955189999999931
20
-117.8874179999999967
11
124.3955369999999903
21
-117.8874289999999974
0
LINE
8
BLACK
6
CONTINUOUS
10
124.3955369999999903
20
-117.8874289999999974
11
124.7161299999999926
21
-118.0587899999999877
0
LINE
8
BLACK
6
CONTINUOUS
10
124.7161299999999926
20
-118.0587899999999877
11
124.7161349999999942
21
-118.0587919999999968
0
LINE
8
BLACK
6
CONTINUOUS
10
124.7161349999999942
20
-118.0587919999999968
11
125.0520019999999874
21
-118.1979129999999998
0
LINE
8
BLACK
6
CONTINUOUS
10
125.0520019999999874
20
-118.1979129999999998
11
125.3998979999999932
21
-118.3034459999999939
0
LINE
8
BLACK
6
CONTINUOUS
10
125.3998979999999932
20
-118.3034459999999939
11
125.3999089999999939
21
-118.3034490000000005
0
LINE
8
BLACK
6
CONTINUOUS
10
125.3999089999999939
20
-118.3034490000000005
11
125.7564429999999902
21
-118.3743669999999923
0
LINE
8
BLACK
6
CONTINUOUS
10
125.7564429999999902
20
-118.3743669999999923
11
126.1182340000000011
21
-118.4099999999999966
0
LINE
8
BLACK
6
CONTINUOUS
10
126.1182340000000011
20
-118.4099999999999966
11
126.4817659999999933
21
-118.4099999999999966
0
LINE
8
BLACK
6
CONTINUOUS
10
126.4817659999999933
20
-118.4099999999999966
11
126.8435559999999924
21
-118.3743669999999923
0
LINE
8
BLACK
6
CONTINUOUS
10
126.8435559999999924
20
-118.3743669999999923
11
127.2000899999999888
21
-118.3034490000000005
0
LINE
8
BLACK
6
CONTINUOUS
10
127.2000899999999888
20
-118.3034490000000005
11
127.2001009999999894
21
-118.3034459999999939
0
LINE
8
BLACK
6
CONTINUOUS
10
127.2001009999999894
20
-118.3034459999999939
11
127.5479969999999952
21
-118.1979129999999998
0
LINE
8
BLACK
6
CONTINUOUS
10
127.5479969999999952
20
-118.1979129999999998
11
127.8838639999999884
21
-118.0587919999999968
0
LINE
8
BLACK
6
CONTINUOUS
10
127.8838639999999884
20
-118.0587919999999968
11
127.88386899999999
21
-118.0587899999999877
0
LINE
8
BLACK
6
CONTINUOUS
10
127.88386899999999
20
-118.0587899999999877
11
128.2044620000000066
21
-117.8874289999999974
0
LINE
8
BLACK
6
CONTINUOUS
10
128.2044620000000066
20
-117.8874289999999974
11
128.2044799999999896
21
-117.8874179999999967
0
LINE
8
BLACK
6
CONTINUOUS
10
128.2044799999999896
20
-117.8874179999999967
11
128.5067359999999894
21
-117.6854569999999995
0
LINE
8
BLACK
6
CONTINUOUS
10
128.5067359999999894
20
-117.6854569999999995
11
128.5067499999999825
21
-117.6854469999999964
0
LINE
8
BLACK
6
CONTINUOUS
10
128.5067499999999825
20
-117.6854469999999964
11
128.7347649999999817
21
-117.4983199999999925
0
LINE
8
BLACK
6
CONTINUOUS
10
128.7347649999999817
20
-117.4983199999999925
11
128.7347660000000076
21
-117.4983189999999951
0
LINE
8
BLACK
6
CONTINUOUS
10
128.7347660000000076
20
-117.4983189999999951
11
128.6977660000000014
21
-117.4613189999999889
0
LINE
8
BLACK
6
CONTINUOUS
10
128.6977660000000014
20
-117.4613189999999889
11
128.3767819999999915
21
-117.1403349999999932
0
LINE
8
BLACK
6
CONTINUOUS
10
128.3767819999999915
20
-117.1403349999999932
11
128.1517479999999978
21
-117.3197949999999992
0
LINE
8
BLACK
6
CONTINUOUS
10
128.1517479999999978
20
-117.3197949999999992
11
127.8478999999999957
21
-117.5107149999999905
0
LINE
8
BLACK
6
CONTINUOUS
10
127.8478999999999957
20
-117.5107149999999905
11
127.5245869999999968
21
-117.6664150000000006
0
LINE
8
BLACK
6
CONTINUOUS
10
127.5245869999999968
20
-117.6664150000000006
11
127.1858739999999983
21
-117.7849349999999902
0
LINE
8
BLACK
6
CONTINUOUS
10
127.1858739999999983
20
-117.7849349999999902
11
126.8360199999999907
21
-117.8647869999999926
0
LINE
8
BLACK
6
CONTINUOUS
10
126.8360199999999907
20
-117.8647869999999926
11
126.479424999999992
21
-117.9049660000000017
0
LINE
8
BLACK
6
CONTINUOUS
10
126.479424999999992
20
-117.9049660000000017
11
126.1205749999999881
21
-117.9049660000000017
0
LINE
8
BLACK
6
CONTINUOUS
10
126.1205749999999881
20
-117.9049660000000017
11
125.7639799999999894
21
-117.8647869999999926
0
LINE
8
BLACK
6
CONTINUOUS
10
125.7639799999999894
20
-117.8647869999999926
11
125.414125999999996
21
-117.7849349999999902
0
LINE
8
BLACK
6
CONTINUOUS
10
125.414125999999996
20
-117.7849349999999902
11
125.0754129999999975
21
-117.6664150000000006
0
LINE
8
BLACK
6
CONTINUOUS
10
125.0754129999999975
20
-117.6664150000000006
11
124.7520999999999987
21
-117.5107149999999905
0
LINE
8
BLACK
6
CONTINUOUS
10
124.7520999999999987
20
-117.5107149999999905
11
124.4482519999999965
21
-117.3197949999999992
0
LINE
8
BLACK
6
CONTINUOUS
10
124.4482519999999965
20
-117.3197949999999992
11
124.2232159999999936
21
-117.1403339999999957
0
LINE
8
BLACK
6
CONTINUOUS
10
124.2232159999999936
20
-117.1403339999999957
11
123.8652319999999918
21
-117.4983189999999951
0
LINE
8
BLACK
6
CONTINUOUS
10
146.3652319999999918
20
-117.4983189999999951
11
146.3652329999999893
21
-117.4983199999999925
0
LINE
8
BLACK
6
CONTINUOUS
10
146.3652329999999893
20
-117.4983199999999925
11
146.5932489999999859
21
-117.6854479999999938
0
LINE
8
BLACK
6
CONTINUOUS
10
146.5932489999999859
20
-117.6854479999999938
11
146.8955190000000073
21
-117.8874179999999967
0
LINE
8
BLACK
6
CONTINUOUS
10
146.8955190000000073
20
-117.8874179999999967
11
146.8955369999999903
21
-117.8874289999999974
0
LINE
8
BLACK
6
CONTINUOUS
10
146.8955369999999903
20
-117.8874289999999974
11
147.2161299999999926
21
-118.0587899999999877
0
LINE
8
BLACK
6
CONTINUOUS
10
147.2161299999999926
20
-118.0587899999999877
11
147.21613499999998
21
-118.0587919999999968
0
LINE
8
BLACK
6
CONTINUOUS
10
147.21613499999998
20
-118.0587919999999968
11
147.5520019999999874
21
-118.1979129999999998
0
LINE
8
BLACK
6
CONTINUOUS
10
147.5520019999999874
20
-118.1979129999999998
11
147.8998980000000074
21
-118.3034459999999939
0
LINE
8
BLACK
6
CONTINUOUS
10
147.8998980000000074
20
-118.3034459999999939
11
147.8999089999999796
21
-118.3034490000000005
0
LINE
8
BLACK
6
CONTINUOUS
10
147.8999089999999796
20
-118.3034490000000005
11
148.2564429999999902
21
-118.3743669999999923
0
LINE
8
BLACK
6
CONTINUOUS
10
148.2564429999999902
20
-118.3743669999999923
11
148.6182340000000011
21
-118.4099999999999966
0
LINE
8
BLACK
6
CONTINUOUS
10
148.6182340000000011
20
-118.4099999999999966
11
148.9817659999999933
21
-118.4099999999999966
0
LINE
8
BLACK
6
CONTINUOUS
10
148.9817659999999933
20
-118.4099999999999966
11
149.3435560000000066
21
-118.3743669999999923
0
LINE
8
BLACK
6
CONTINUOUS
10
149.3435560000000066
20
-118.3743669999999923
11
149.7000899999999888
21
-118.3034490000000005
0
LINE
8
BLACK
6
CONTINUOUS
10
149.7000899999999888
20
-118.3034490000000005
11
149.7001009999999894
21
-118.3034459999999939
0
LINE
8
BLACK
6
CONTINUOUS
10
149.7001009999999894
20
-118.3034459999999939
11
150.047996999999981
21
-118.1979129999999998
0
LINE
8
BLACK
6
CONTINUOUS
10
150.047996999999981
20
-118.1979129999999998
11
150.3838639999999884
21
-118.0587919999999968
0
LINE
8
BLACK
6
CONTINUOUS
10
150.3838639999999884
20
-118.0587919999999968
11
150.3838690000000042
21
-118.0587899999999877
0
LINE
8
BLACK
6
CONTINUOUS
10
150.3838690000000042
20
-118.0587899999999877
11
150.7044620000000066
21
-117.8874289999999974
0
LINE
8
BLACK
6
CONTINUOUS
10
150.7044620000000066
20
-117.8874289999999974
11
150.7044799999999896
21
-117.8874179999999967
0
LINE
8
BLACK
6
CONTINUOUS
10
150.7044799999999896
20
-117.8874179999999967
11
151.0067359999999894
21
-117.6854569999999995
0
LINE
8
BLACK
6
CONTINUOUS
10
151.0067359999999894
20
-117.6854569999999995
11
151.0067499999999825
21
-117.6854469999999964
0
LINE
8
BLACK
6
CONTINUOUS
10
151.0067499999999825
20
-117.6854469999999964
11
151.2347649999999817
21
-117.4983199999999925
0
LINE
8
BLACK
6
CONTINUOUS
10
151.2347649999999817
20
-117.4983199999999925
11
151.2347659999999792
21
-117.4983189999999951
0
LINE
8
BLACK
6
CONTINUOUS
10
151.2347659999999792
20
-117.4983189999999951
11
150.8767819999999915
21
-117.1403349999999932
0
LINE
8
BLACK
6
CONTINUOUS
10
150.8767819999999915
20
-117.1403349999999932
11
150.6517479999999978
21
-117.3197949999999992
0
LINE
8
BLACK
6
CONTINUOUS
10
150.6517479999999978
20
-117.3197949999999992
11
150.3478999999999814
21
-117.5107149999999905
0
LINE
8
BLACK
6
CONTINUOUS
10
150.3478999999999814
20
-117.5107149999999905
11
150.0245869999999968
21
-117.6664150000000006
0
LINE
8
BLACK
6
CONTINUOUS
10
150.0245869999999968
20
-117.6664150000000006
11
149.6858739999999841
21
-117.7849349999999902
0
LINE
8
BLACK
6
CONTINUOUS
10
149.6858739999999841
20
-117.7849349999999902
11
149.3360199999999907
21
-117.8647869999999926
0
LINE
8
BLACK
6
CONTINUOUS
10
149.3360199999999907
20
-117.8647869999999926
11
148.979424999999992
21
-117.9049660000000017
0
LINE
8
BLACK
6
CONTINUOUS
10
148.979424999999992
20
-117.9049660000000017
11
148.6205750000000023
21
-117.9049660000000017
0
LINE
8
BLACK
6
CONTINUOUS
10
148.6205750000000023
20
-117.9049660000000017
11
148.2639800000000037
21
-117.8647869999999926
0
LINE
8
BLACK
6
CONTINUOUS
10
148.2639800000000037
20
-117.8647869999999926
11
147.9141259999999818
21
-117.7849349999999902
0
LINE
8
BLACK
6
CONTINUOUS
10
147.9141259999999818
20
-117.7849349999999902
11
147.5754129999999975
21
-117.6664150000000006
0
LINE
8
BLACK
6
CONTINUOUS
10
147.5754129999999975
20
-117.6664150000000006
11
147.2520999999999844
21
-117.5107149999999905
0
LINE
8
BLACK
6
CONTINUOUS
10
147.2520999999999844
20
-117.5107149999999905
11
146.9482519999999965
21
-117.3197949999999992
0
LINE
8
BLACK
6
CONTINUOUS
10
146.9482519999999965
20
-117.3197949999999992
11
146.7232159999999794
21
-117.1403339999999957
0
LINE
8
BLACK
6
CONTINUOUS
10
146.7232159999999794
20
-117.1403339999999957
11
146.3652319999999918
21
-117.4983189999999951
0
LINE
8
BLACK
6
CONTINUOUS
10
129.4774290000000008
20
-112.8055370000000011
11
129.4774180000000001
21
-112.8055189999999897
0
LINE
8
BLACK
6
CONTINUOUS
10
129.4774180000000001
20
-112.8055189999999897
11
129.275447999999983
21
-112.5032489999999967
0
LINE
8
BLACK
6
CONTINUOUS
10
129.275447999999983
20
-112.5032489999999967
11
129.0883199999999817
21
-112.2752330000000001
0
LINE
8
BLACK
6
CONTINUOUS
10
129.0883199999999817
20
-112.2752330000000001
11
129.0883189999999843
21
-112.2752319999999884
0
LINE
8
BLACK
6
CONTINUOUS
10
129.0883189999999843
20
-112.2752319999999884
11
128.7303339999999992
21
-112.6332159999999902
0
LINE
8
BLACK
6
CONTINUOUS
10
128.7303339999999992
20
-112.6332159999999902
11
128.9097950000000026
21
-112.8582519999999931
0
LINE
8
BLACK
6
CONTINUOUS
10
128.9097950000000026
20
-112.8582519999999931
11
129.1007150000000081
21
-113.1620999999999952
0
LINE
8
BLACK
6
CONTINUOUS
10
129.1007150000000081
20
-113.1620999999999952
11
129.2564150000000041
21
-113.4854129999999941
0
LINE
8
BLACK
6
CONTINUOUS
10
129.2564150000000041
20
-113.4854129999999941
11
129.3749349999999936
21
-113.8241259999999926
0
LINE
8
BLACK
6
CONTINUOUS
10
129.3749349999999936
20
-113.8241259999999926
11
129.4547869999999818
21
-114.1739800000000002
0
LINE
8
BLACK
6
CONTINUOUS
10
129.4547869999999818
20
-114.1739800000000002
11
129.4949660000000051
21
-114.5305749999999989
0
LINE
8
BLACK
6
CONTINUOUS
10
129.4949660000000051
20
-114.5305749999999989
11
129.4949660000000051
21
-114.8894249999999886
0
LINE
8
BLACK
6
CONTINUOUS
10
129.4949660000000051
20
-114.8894249999999886
11
129.4547869999999818
21
-115.2460200000000015
0
LINE
8
BLACK
6
CONTINUOUS
10
129.4547869999999818
20
-115.2460200000000015
11
129.3749349999999936
21
-115.5958739999999949
0
LINE
8
BLACK
6
CONTINUOUS
10
129.3749349999999936
20
-115.5958739999999949
11
129.2564150000000041
21
-115.9345869999999934
0
LINE
8
BLACK
6
CONTINUOUS
10
129.2564150000000041
20
-115.9345869999999934
11
129.1007150000000081
21
-116.2578999999999922
0
LINE
8
BLACK
6
CONTINUOUS
10
129.1007150000000081
20
-116.2578999999999922
11
128.9097950000000026
21
-116.5617479999999944
0
LINE
8
BLACK
6
CONTINUOUS
10
128.9097950000000026
20
-116.5617479999999944
11
128.7303349999999966
21
-116.7867819999999881
0
LINE
8
BLACK
6
CONTINUOUS
10
128.7303349999999966
20
-116.7867819999999881
11
129.0883189999999843
21
-117.14476599999999
0
LINE
8
BLACK
6
CONTINUOUS
10
129.0883189999999843
20
-117.14476599999999
11
129.0883199999999817
21
-117.1447649999999925
0
LINE
8
BLACK
6
CONTINUOUS
10
129.0883199999999817
20
-117.1447649999999925
11
129.2754469999999856
21
-116.9167499999999933
0
LINE
8
BLACK
6
CONTINUOUS
10
129.2754469999999856
20
-116.9167499999999933
11
129.2754639999999995
21
-116.9167269999999945
0
LINE
8
BLACK
6
CONTINUOUS
10
129.2754639999999995
20
-116.9167269999999945
11
129.3724489999999889
21
-116.7715789999999885
0
LINE
8
BLACK
6
CONTINUOUS
10
129.3724489999999889
20
-116.7715789999999885
11
129.4225469999999802
21
-116.6966019999999986
0
LINE
8
BLACK
6
CONTINUOUS
10
129.4225469999999802
20
-116.6966019999999986
11
129.4225469999999802
21
-116.6966010000000011
0
LINE
8
BLACK
6
CONTINUOUS
10
129.4225469999999802
20
-116.6966010000000011
11
129.4774180000000001
21
-116.6144800000000004
0
LINE
8
BLACK
6
CONTINUOUS
10
129.4774180000000001
20
-116.6144800000000004
11
129.4774290000000008
21
-116.614461999999989
0
LINE
8
BLACK
6
CONTINUOUS
10
129.4774290000000008
20
-116.614461999999989
11
129.6487899999999911
21
-116.2938690000000008
0
LINE
8
BLACK
6
CONTINUOUS
10
129.6487899999999911
20
-116.2938690000000008
11
129.648791999999986
21
-116.2938639999999992
0
LINE
8
BLACK
6
CONTINUOUS
10
129.648791999999986
20
-116.2938639999999992
11
129.7879130000000032
21
-115.9579969999999918
0
LINE
8
BLACK
6
CONTINUOUS
10
129.7879130000000032
20
-115.9579969999999918
11
129.8934459999999831
21
-115.6101010000000002
0
LINE
8
BLACK
6
CONTINUOUS
10
129.8934459999999831
20
-115.6101010000000002
11
129.8934490000000039
21
-115.6100899999999996
0
LINE
8
BLACK
6
CONTINUOUS
10
129.8934490000000039
20
-115.6100899999999996
11
129.9643669999999815
21
-115.253555999999989
0
LINE
8
BLACK
6
CONTINUOUS
10
129.9643669999999815
20
-115.253555999999989
11
130.
21
-114.8917649999999924
0
LINE
8
BLACK
6
CONTINUOUS
10
130.
20
-114.8917649999999924
11
130.
21
-114.5282339999999976
0
LINE
8
BLACK
6
CONTINUOUS
10
130.
20
-114.5282339999999976
11
129.9643669999999815
21
-114.166443000000001
0
LINE
8
BLACK
6
CONTINUOUS
10
129.9643669999999815
20
-114.166443000000001
11
129.8934490000000039
21
-113.8099089999999904
0
LINE
8
BLACK
6
CONTINUOUS
10
129.8934490000000039
20
-113.8099089999999904
11
129.8934459999999831
21
-113.8098979999999898
0
LINE
8
BLACK
6
CONTINUOUS
10
129.8934459999999831
20
-113.8098979999999898
11
129.8326959999999985
21
-113.6096329999999881
0
LINE
8
BLACK
6
CONTINUOUS
10
129.8326959999999985
20
-113.6096329999999881
11
129.7879130000000032
21
-113.4620019999999982
0
LINE
8
BLACK
6
CONTINUOUS
10
129.7879130000000032
20
-113.4620019999999982
11
129.648791999999986
21
-113.1261349999999908
0
LINE
8
BLACK
6
CONTINUOUS
10
129.648791999999986
20
-113.1261349999999908
11
129.6487899999999911
21
-113.1261299999999892
0
LINE
8
BLACK
6
CONTINUOUS
10
129.6487899999999911
20
-113.1261299999999892
11
129.5941709999999887
21
-113.0239449999999977
0
LINE
8
BLACK
6
CONTINUOUS
10
129.5941709999999887
20
-113.0239449999999977
11
129.5661810000000003
21
-112.9715789999999913
0
LINE
8
BLACK
6
CONTINUOUS
10
129.5661810000000003
20
-112.9715789999999913
11
129.4774290000000008
21
-112.8055370000000011
0
LINE
8
BLACK
6
CONTINUOUS
10
151.2303339999999992
20
-112.6332159999999902
11
151.4097950000000026
21
-112.8582519999999931
0
LINE
8
BLACK
6
CONTINUOUS
10
151.4097950000000026
20
-112.8582519999999931
11
151.6007149999999797
21
-113.1620999999999952
0
LINE
8
BLACK
6
CONTINUOUS
10
151.6007149999999797
20
-113.1620999999999952
11
151.7564150000000041
21
-113.4854129999999941
0
LINE
8
BLACK
6
CONTINUOUS
10
151.7564150000000041
20
-113.4854129999999941
11
151.8749349999999936
21
-113.8241259999999926
0
LINE
8
BLACK
6
CONTINUOUS
10
151.8749349999999936
20
-113.8241259999999926
11
151.9547869999999818
21
-114.1739800000000002
0
LINE
8
BLACK
6
CONTINUOUS
10
151.9547869999999818
20
-114.1739800000000002
11
151.9949660000000051
21
-114.5305749999999989
0
LINE
8
BLACK
6
CONTINUOUS
10
151.9949660000000051
20
-114.5305749999999989
11
151.9949660000000051
21
-114.8894249999999886
0
LINE
8
BLACK
6
CONTINUOUS
10
151.9949660000000051
20
-114.8894249999999886
11
151.9547869999999818
21
-115.2460200000000015
0
LINE
8
BLACK
6
CONTINUOUS
10
151.9547869999999818
20
-115.2460200000000015
11
151.8749349999999936
21
-115.5958739999999949
0
LINE
8
BLACK
6
CONTINUOUS
10
151.8749349999999936
20
-115.5958739999999949
11
151.7564150000000041
21
-115.9345869999999934
0
LINE
8
BLACK
6
CONTINUOUS
10
151.7564150000000041
20
-115.9345869999999934
11
151.6007149999999797
21
-116.2578999999999922
0
LINE
8
BLACK
6
CONTINUOUS
10
151.6007149999999797
20
-116.2578999999999922
11
151.4097950000000026
21
-116.5617479999999944
0
LINE
8
BLACK
6
CONTINUOUS
10
151.4097950000000026
20
-116.5617479999999944
11
151.2303349999999966
21
-116.7867819999999881
0
LINE
8
BLACK
6
CONTINUOUS
10
151.2303349999999966
20
-116.7867819999999881
11
151.5883189999999843
21
-117.14476599999999
0
LINE
8
BLACK
6
CONTINUOUS
10
151.5883189999999843
20
-117.14476599999999
11
151.5883199999999817
21
-117.1447649999999925
0
LINE
8
BLACK
6
CONTINUOUS
10
151.5883199999999817
20
-117.1447649999999925
11
151.7754469999999856
21
-116.9167499999999933
0
LINE
8
BLACK
6
CONTINUOUS
10
151.7754469999999856
20
-116.9167499999999933
11
151.7754569999999887
21
-116.9167360000000002
0
LINE
8
BLACK
6
CONTINUOUS
10
151.7754569999999887
20
-116.9167360000000002
11
151.9774180000000001
21
-116.6144800000000004
0
LINE
8
BLACK
6
CONTINUOUS
10
151.9774180000000001
20
-116.6144800000000004
11
151.9774290000000008
21
-116.614461999999989
0
LINE
8
BLACK
6
CONTINUOUS
10
151.9774290000000008
20
-116.614461999999989
11
152.1487899999999911
21
-116.2938690000000008
0
LINE
8
BLACK
6
CONTINUOUS
10
152.1487899999999911
20
-116.2938690000000008
11
152.148791999999986
21
-116.2938639999999992
0
LINE
8
BLACK
6
CONTINUOUS
10
152.148791999999986
20
-116.2938639999999992
11
152.2879130000000032
21
-115.9579969999999918
0
LINE
8
BLACK
6
CONTINUOUS
10
152.2879130000000032
20
-115.9579969999999918
11
152.3934459999999831
21
-115.6101010000000002
0
LINE
8
BLACK
6
CONTINUOUS
10
152.3934459999999831
20
-115.6101010000000002
11
152.3934490000000039
21
-115.6100899999999996
0
LINE
8
BLACK
6
CONTINUOUS
10
152.3934490000000039
20
-115.6100899999999996
11
152.4643669999999815
21
-115.253555999999989
0
LINE
8
BLACK
6
CONTINUOUS
10
152.4643669999999815
20
-115.253555999999989
11
152.5
21
-114.8917649999999924
0
LINE
8
BLACK
6
CONTINUOUS
10
152.5
20
-114.8917649999999924
11
152.5
21
-114.5282339999999976
0
LINE
8
BLACK
6
CONTINUOUS
10
152.5
20
-114.5282339999999976
11
152.4643669999999815
21
-114.166443000000001
0
LINE
8
BLACK
6
CONTINUOUS
10
152.4643669999999815
20
-114.166443000000001
11
152.3934490000000039
21
-113.8099089999999904
0
LINE
8
BLACK
6
CONTINUOUS
10
152.3934490000000039
20
-113.8099089999999904
11
152.3934459999999831
21
-113.8098979999999898
0
LINE
8
BLACK
6
CONTINUOUS
10
152.3934459999999831
20
-113.8098979999999898
11
152.2879130000000032
21
-113.4620019999999982
0
LINE
8
BLACK
6
CONTINUOUS
10
152.2879130000000032
20
-113.4620019999999982
11
152.148791999999986
21
-113.1261349999999908
0
LINE
8
BLACK
6
CONTINUOUS
10
152.148791999999986
20
-113.1261349999999908
11
152.1487899999999911
21
-113.1261299999999892
0
LINE
8
BLACK
6
CONTINUOUS
10
152.1487899999999911
20
-113.1261299999999892
11
151.9774290000000008
21
-112.8055370000000011
0
LINE
8
BLACK
6
CONTINUOUS
10
151.9774290000000008
20
-112.8055370000000011
11
151.9774180000000001
21
-112.8055189999999897
0
LINE
8
BLACK
6
CONTINUOUS
10
151.9774180000000001
20
-112.8055189999999897
11
151.775447999999983
21
-112.5032489999999967
0
LINE
8
BLACK
6
CONTINUOUS
10
151.775447999999983
20
-112.5032489999999967
11
151.5883199999999817
21
-112.2752330000000001
0
LINE
8
BLACK
6
CONTINUOUS
10
151.5883199999999817
20
-112.2752330000000001
11
151.5883189999999843
21
-112.2752319999999884
0
LINE
8
BLACK
6
CONTINUOUS
10
151.5883189999999843
20
-112.2752319999999884
11
151.2303339999999992
21
-112.6332159999999902
0
LINE
8
BLACK
6
CONTINUOUS
10
133.664999999999992
20
-116.3896850000000001
11
133.7498190000000022
21
-116.4386559999999946
0
LINE
8
BLACK
6
CONTINUOUS
10
133.7498190000000022
20
-116.4386559999999946
11
133.8513439999999832
21
-116.5401809999999898
0
LINE
8
BLACK
6
CONTINUOUS
10
133.8513439999999832
20
-116.5401809999999898
11
133.9231340000000046
21
-116.6645240000000001
0
LINE
8
BLACK
6
CONTINUOUS
10
133.9231340000000046
20
-116.6645240000000001
11
133.9602950000000021
21
-116.8032109999999903
0
LINE
8
BLACK
6
CONTINUOUS
10
133.9602950000000021
20
-116.8032109999999903
11
133.9650000000000034
21
-116.875
0
LINE
8
BLACK
6
CONTINUOUS
10
133.9650000000000034
20
-116.875
11
133.9650000000000034
21
-116.9249999999999972
0
LINE
8
BLACK
6
CONTINUOUS
10
133.9650000000000034
20
-116.9249999999999972
11
134.4650000000000034
21
-116.9249999999999972
0
LINE
8
BLACK
6
CONTINUOUS
10
134.4650000000000034
20
-116.9249999999999972
11
134.4650000000000034
21
-116.7715829999999926
0
LINE
8
BLACK
6
CONTINUOUS
10
134.4650000000000034
20
-116.7715829999999926
11
134.4649990000000059
21
-116.7715789999999885
0
LINE
8
BLACK
6
CONTINUOUS
10
134.4649990000000059
20
-116.7715789999999885
11
134.424650999999983
21
-116.5687329999999946
0
LINE
8
BLACK
6
CONTINUOUS
10
134.424650999999983
20
-116.5687329999999946
11
134.4246489999999881
21
-116.5687250000000006
0
LINE
8
BLACK
6
CONTINUOUS
10
134.4246489999999881
20
-116.5687250000000006
11
134.3454989999999896
21
-116.377640999999997
0
LINE
8
BLACK
6
CONTINUOUS
10
134.3454989999999896
20
-116.377640999999997
11
134.3454940000000022
21
-116.3776309999999938
0
LINE
8
BLACK
6
CONTINUOUS
10
134.3454940000000022
20
-116.3776309999999938
11
134.2305889999999806
21
-116.2056639999999987
0
LINE
8
BLACK
6
CONTINUOUS
10
134.2305889999999806
20
-116.2056639999999987
11
134.2305859999999882
21
-116.2056599999999946
0
LINE
8
BLACK
6
CONTINUOUS
10
134.2305859999999882
20
-116.2056599999999946
11
134.0843389999999999
21
-116.0594129999999922
0
LINE
8
BLACK
6
CONTINUOUS
10
134.0843389999999999
20
-116.0594129999999922
11
134.0843349999999816
21
-116.0594099999999997
0
LINE
8
BLACK
6
CONTINUOUS
10
134.0843349999999816
20
-116.0594099999999997
11
133.9123679999999865
21
-115.9445049999999924
0
LINE
8
BLACK
6
CONTINUOUS
10
133.9123679999999865
20
-115.9445049999999924
11
133.9123579999999833
21
-115.9444999999999908
0
LINE
8
BLACK
6
CONTINUOUS
10
133.9123579999999833
20
-115.9444999999999908
11
133.721271999999999
21
-115.8653489999999948
0
LINE
8
BLACK
6
CONTINUOUS
10
133.721271999999999
20
-115.8653489999999948
11
133.7212669999999832
21
-115.8653469999999999
0
LINE
8
BLACK
6
CONTINUOUS
10
133.7212669999999832
20
-115.8653469999999999
11
133.664999999999992
21
-115.8541549999999916
0
LINE
8
BLACK
6
CONTINUOUS
10
133.664999999999992
20
-115.8541549999999916
11
133.664999999999992
21
-116.3896850000000001
0
LINE
8
BLACK
6
CONTINUOUS
10
128.7944999999999993
20
-107.1586399999999912
11
128.7973969999999895
21
-107.212688
0
LINE
8
BLACK
6
CONTINUOUS
10
128.7973969999999895
20
-107.212688
11
128.7973969999999895
21
-107.2126889999999975
0
LINE
8
BLACK
6
CONTINUOUS
10
128.7973969999999895
20
-107.2126889999999975
11
128.8002290000000016
21
-107.2390219999999914
0
LINE
8
BLACK
6
CONTINUOUS
10
128.8002290000000016
20
-107.2390219999999914
11
128.8002319999999941
21
-107.2390489999999943
0
LINE
8
BLACK
6
CONTINUOUS
10
128.8002319999999941
20
-107.2390489999999943
11
128.8088850000000036
21
-107.2924450000000007
0
LINE
8
BLACK
6
CONTINUOUS
10
128.8088850000000036
20
-107.2924450000000007
11
128.8088850000000036
21
-107.2924469999999957
0
LINE
8
BLACK
6
CONTINUOUS
10
128.8088850000000036
20
-107.2924469999999957
11
128.8591659999999877
21
-107.4272519999999957
0
LINE
8
BLACK
6
CONTINUOUS
10
128.8591659999999877
20
-107.4272519999999957
11
128.8591679999999826
21
-107.4272569999999973
0
LINE
8
BLACK
6
CONTINUOUS
10
128.8591679999999826
20
-107.4272569999999973
11
128.8926529999999957
21
-107.4885799999999989
0
LINE
8
BLACK
6
CONTINUOUS
10
128.8926529999999957
20
-107.4885799999999989
11
128.9788769999999829
21
-107.6037609999999916
0
LINE
8
BLACK
6
CONTINUOUS
10
128.9788769999999829
20
-107.6037609999999916
11
128.9788810000000012
21
-107.6037649999999957
0
LINE
8
BLACK
6
CONTINUOUS
10
128.9788810000000012
20
-107.6037649999999957
11
128.9788859999999886
21
-107.6037709999999947
0
LINE
8
BLACK
6
CONTINUOUS
10
128.9788859999999886
20
-107.6037709999999947
11
129.2520439999999837
21
-107.8769289999999899
0
LINE
8
BLACK
6
CONTINUOUS
10
129.2520439999999837
20
-107.8769289999999899
11
129.2562169999999924
21
-107.8810539999999918
0
LINE
8
BLACK
6
CONTINUOUS
10
129.2562169999999924
20
-107.8810539999999918
11
129.2562560000000076
21
-107.8810919999999953
0
LINE
8
BLACK
6
CONTINUOUS
10
129.2562560000000076
20
-107.8810919999999953
11
129.2583669999999927
21
-107.8831539999999904
0
LINE
8
BLACK
6
CONTINUOUS
10
129.2583669999999927
20
-107.8831539999999904
11
129.2627549999999985
21
-107.8873880000000014
0
LINE
8
BLACK
6
CONTINUOUS
10
129.2627549999999985
20
-107.8873880000000014
11
129.3799559999999929
21
-107.9708459999999945
0
LINE
8
BLACK
6
CONTINUOUS
10
129.3799559999999929
20
-107.9708459999999945
11
129.4420590000000004
21
-108.0028619999999933
0
LINE
8
BLACK
6
CONTINUOUS
10
129.4420590000000004
20
-108.0028619999999933
11
129.5780210000000068
21
-108.0499189999999885
0
LINE
8
BLACK
6
CONTINUOUS
10
129.5780210000000068
20
-108.0499189999999885
11
129.7217379999999878
21
-108.0567659999999961
0
LINE
8
BLACK
6
CONTINUOUS
10
129.7217379999999878
20
-108.0567659999999961
11
129.7800310000000081
21
-108.0511999999999944
0
LINE
8
BLACK
6
CONTINUOUS
10
129.7800310000000081
20
-108.0511999999999944
11
129.7854159999999979
21
-108.0506859999999989
0
LINE
8
BLACK
6
CONTINUOUS
10
129.7854159999999979
20
-108.0506859999999989
11
129.7873919999999828
21
-108.0505909999999972
0
LINE
8
BLACK
6
CONTINUOUS
10
129.7873919999999828
20
-108.0505909999999972
11
129.791294999999991
21
-108.0501249999999942
0
LINE
8
BLACK
6
CONTINUOUS
10
129.791294999999991
20
-108.0501249999999942
11
129.7912979999999834
21
-108.0501249999999942
0
LINE
8
BLACK
6
CONTINUOUS
10
129.7912979999999834
20
-108.0501249999999942
11
129.9311229999999853
21
-108.0162029999999902
0
LINE
8
BLACK
6
CONTINUOUS
10
129.9311229999999853
20
-108.0162029999999902
11
130.0557259999999928
21
-107.9442619999999948
0
LINE
8
BLACK
6
CONTINUOUS
10
130.0557259999999928
20
-107.9442619999999948
11
130.1106470000000002
21
-107.9010710000000017
0
LINE
8
BLACK
6
CONTINUOUS
10
130.1106470000000002
20
-107.9010710000000017
11
130.1148550000000057
21
-107.896655999999993
0
LINE
8
BLACK
6
CONTINUOUS
10
130.1148550000000057
20
-107.896655999999993
11
130.1753589999999861
21
-107.8617220000000003
0
LINE
8
BLACK
6
CONTINUOUS
10
130.1753589999999861
20
-107.8617220000000003
11
130.2451499999999953
21
-107.865043
0
LINE
8
BLACK
6
CONTINUOUS
10
130.2451499999999953
20
-107.865043
11
130.2800849999999855
21
-107.8838489999999979
0
LINE
8
BLACK
6
CONTINUOUS
10
130.2800849999999855
20
-107.8838489999999979
11
130.3025319999999851
21
-107.9010729999999967
0
LINE
8
BLACK
6
CONTINUOUS
10
130.3025319999999851
20
-107.9010729999999967
11
130.3253880000000038
21
-107.9186109999999985
0
LINE
8
BLACK
6
CONTINUOUS
10
130.3253880000000038
20
-107.9186109999999985
11
130.3710710000000006
21
-107.9449860000000001
0
LINE
8
BLACK
6
CONTINUOUS
10
130.3710710000000006
20
-107.9449860000000001
11
130.524107999999984
21
-108.0333419999999904
0
LINE
8
BLACK
6
CONTINUOUS
10
130.524107999999984
20
-108.0333419999999904
11
130.524123000000003
21
-108.0333490000000012
0
LINE
8
BLACK
6
CONTINUOUS
10
130.524123000000003
20
-108.0333490000000012
11
130.6154799999999909
21
-108.0711900000000014
0
LINE
8
BLACK
6
CONTINUOUS
10
130.6154799999999909
20
-108.0711900000000014
11
130.7361129999999889
21
-108.1211579999999941
0
LINE
8
BLACK
6
CONTINUOUS
10
130.7361129999999889
20
-108.1211579999999941
11
130.9577620000000024
21
-108.1805480000000017
0
LINE
8
BLACK
6
CONTINUOUS
10
130.9577620000000024
20
-108.1805480000000017
11
131.1743119999999863
21
-108.2090570000000014
0
LINE
8
BLACK
6
CONTINUOUS
10
131.1743119999999863
20
-108.2090570000000014
11
131.1773279999999886
21
-108.2094549999999913
0
LINE
8
BLACK
6
CONTINUOUS
10
131.1773279999999886
20
-108.2094549999999913
11
131.1852659999999844
21
-108.2104999999999961
0
LINE
8
BLACK
6
CONTINUOUS
10
131.1852659999999844
20
-108.2104999999999961
11
131.1852729999999951
21
-108.2104999999999961
0
LINE
8
BLACK
6
CONTINUOUS
10
131.1852729999999951
20
-108.2104999999999961
11
131.4147269999999992
21
-108.2104999999999961
0
LINE
8
BLACK
6
CONTINUOUS
10
131.4147269999999992
20
-108.2104999999999961
11
131.4147339999999815
21
-108.2104999999999961
0
LINE
8
BLACK
6
CONTINUOUS
10
131.4147339999999815
20
-108.2104999999999961
11
131.5059929999999895
21
-108.1984849999999909
0
LINE
8
BLACK
6
CONTINUOUS
10
131.5059929999999895
20
-108.1984849999999909
11
131.5750280000000032
21
-108.2092499999999973
0
LINE
8
BLACK
6
CONTINUOUS
10
131.5750280000000032
20
-108.2092499999999973
11
131.6272840000000031
21
-108.2556299999999965
0
LINE
8
BLACK
6
CONTINUOUS
10
131.6272840000000031
20
-108.2556299999999965
11
131.6411559999999952
21
-108.2864879999999914
0
LINE
8
BLACK
6
CONTINUOUS
10
131.6411559999999952
20
-108.2864879999999914
11
131.6590719999999806
21
-108.347502999999989
0
LINE
8
BLACK
6
CONTINUOUS
10
131.6590719999999806
20
-108.347502999999989
11
131.6590740000000039
21
-108.3475069999999931
0
LINE
8
BLACK
6
CONTINUOUS
10
131.6590740000000039
20
-108.3475069999999931
11
131.7368559999999889
21
-108.4685369999999978
0
LINE
8
BLACK
6
CONTINUOUS
10
131.7368559999999889
20
-108.4685369999999978
11
131.7368639999999971
21
-108.4685479999999984
0
LINE
8
BLACK
6
CONTINUOUS
10
131.7368639999999971
20
-108.4685479999999984
11
131.782607999999982
21
-108.521339999999995
0
LINE
8
BLACK
6
CONTINUOUS
10
131.782607999999982
20
-108.521339999999995
11
131.7826110000000028
21
-108.5213430000000017
0
LINE
8
BLACK
6
CONTINUOUS
10
131.7826110000000028
20
-108.5213430000000017
11
131.7826149999999927
21
-108.5213469999999916
0
LINE
8
BLACK
6
CONTINUOUS
10
131.7826149999999927
20
-108.5213469999999916
11
131.8913489999999911
21
-108.6155669999999986
0
LINE
8
BLACK
6
CONTINUOUS
10
131.8913489999999911
20
-108.6155669999999986
11
131.8913519999999835
21
-108.6155679999999961
0
LINE
8
BLACK
6
CONTINUOUS
10
131.8913519999999835
20
-108.6155679999999961
11
131.891352999999981
21
-108.6155689999999936
0
LINE
8
BLACK
6
CONTINUOUS
10
131.891352999999981
20
-108.6155689999999936
11
131.9397699999999816
21
-108.6376810000000006
0
LINE
8
BLACK
6
CONTINUOUS
10
131.9397699999999816
20
-108.6376810000000006
11
132.0222259999999892
21
-108.6753379999999964
0
LINE
8
BLACK
6
CONTINUOUS
10
132.0222259999999892
20
-108.6753379999999964
11
132.0892649999999833
21
-108.695022999999992
0
LINE
8
BLACK
6
CONTINUOUS
10
132.0892649999999833
20
-108.695022999999992
11
132.0892690000000016
21
-108.6950239999999894
0
LINE
8
BLACK
6
CONTINUOUS
10
132.0892690000000016
20
-108.6950239999999894
11
132.2316849999999988
21
-108.7154999999999916
0
LINE
8
BLACK
6
CONTINUOUS
10
132.2316849999999988
20
-108.7154999999999916
11
134.5585010000000068
21
-108.7154999999999916
0
LINE
8
BLACK
6
CONTINUOUS
10
134.5585010000000068
20
-108.7154999999999916
11
134.6255400000000009
21
-108.7351850000000013
0
LINE
8
BLACK
6
CONTINUOUS
10
134.6255400000000009
20
-108.7351850000000013
11
134.6712949999999864
21
-108.7879889999999961
0
LINE
8
BLACK
6
CONTINUOUS
10
134.6712949999999864
20
-108.7879889999999961
11
134.678797000000003
21
-108.8094210000000004
0
LINE
8
BLACK
6
CONTINUOUS
10
134.678797000000003
20
-108.8094210000000004
11
134.7601990000000001
21
-109.1350279999999913
0
LINE
8
BLACK
6
CONTINUOUS
10
134.7601990000000001
20
-109.1350279999999913
11
135.0927590000000009
21
-110.4652689999999922
0
LINE
8
BLACK
6
CONTINUOUS
10
135.0927590000000009
20
-110.4652689999999922
11
135.1366060000000004
21
-110.579550999999995
0
LINE
8
BLACK
6
CONTINUOUS
10
135.1366060000000004
20
-110.579550999999995
11
135.1366069999999979
21
-110.57955299999999
0
LINE
8
BLACK
6
CONTINUOUS
10
135.1366069999999979
20
-110.57955299999999
11
135.1455399999999827
21
-110.596390999999997
0
LINE
8
BLACK
6
CONTINUOUS
10
135.1455399999999827
20
-110.596390999999997
11
135.1599999999999966
21
-110.6545019999999937
0
LINE
8
BLACK
6
CONTINUOUS
10
135.1599999999999966
20
-110.6545019999999937
11
135.1599999999999966
21
-110.9042829999999924
0
LINE
8
BLACK
6
CONTINUOUS
10
135.1599999999999966
20
-110.9042829999999924
11
135.1874049999999841
21
-110.9225950000000012
0
LINE
8
BLACK
6
CONTINUOUS
10
135.1874049999999841
20
-110.9225950000000012
11
135.222629999999981
21
-110.9753139999999973
0
LINE
8
BLACK
6
CONTINUOUS
10
135.222629999999981
20
-110.9753139999999973
11
135.2349999999999852
21
-111.0374999999999943
0
LINE
8
BLACK
6
CONTINUOUS
10
135.2349999999999852
20
-111.0374999999999943
11
135.2349999999999852
21
-113.7325000000000017
0
LINE
8
BLACK
6
CONTINUOUS
10
135.2349999999999852
20
-113.7325000000000017
11
135.222629999999981
21
-113.7946859999999987
0
LINE
8
BLACK
6
CONTINUOUS
10
135.222629999999981
20
-113.7946859999999987
11
135.1874049999999841
21
-113.8474049999999949
0
LINE
8
BLACK
6
CONTINUOUS
10
135.1874049999999841
20
-113.8474049999999949
11
135.1599999999999966
21
-113.8657159999999919
0
LINE
8
BLACK
6
CONTINUOUS
10
135.1599999999999966
20
-113.8657159999999919
11
135.1599999999999966
21
-114.3919139999999999
0
LINE
8
BLACK
6
CONTINUOUS
10
135.1599999999999966
20
-114.3919139999999999
11
135.1927919999999972
21
-114.3889349999999894
0
LINE
8
BLACK
6
CONTINUOUS
10
135.1927919999999972
20
-114.3889349999999894
11
135.1928020000000004
21
-114.3889319999999969
0
LINE
8
BLACK
6
CONTINUOUS
10
135.1928020000000004
20
-114.3889319999999969
11
135.3463919999999803
21
-114.3410719999999969
0
LINE
8
BLACK
6
CONTINUOUS
10
135.3463919999999803
20
-114.3410719999999969
11
135.4802829999999858
21
-114.2601319999999987
0
LINE
8
BLACK
6
CONTINUOUS
10
135.4802829999999858
20
-114.2601319999999987
11
135.547836999999987
21
-114.2422959999999961
0
LINE
8
BLACK
6
CONTINUOUS
10
135.547836999999987
20
-114.2422959999999961
11
135.6085819999999842
21
-114.2601319999999987
0
LINE
8
BLACK
6
CONTINUOUS
10
135.6085819999999842
20
-114.2601319999999987
11
135.6700600000000065
21
-114.2972959999999887
0
LINE
8
BLACK
6
CONTINUOUS
10
135.6700600000000065
20
-114.2972959999999887
11
135.7395290000000045
21
-114.3392909999999887
0
LINE
8
BLACK
6
CONTINUOUS
10
135.7395290000000045
20
-114.3392909999999887
11
135.8996199999999988
21
-114.3891769999999894
0
LINE
8
BLACK
6
CONTINUOUS
10
135.8996199999999988
20
-114.3891769999999894
11
135.9691990000000033
21
-114.3954999999999984
0
LINE
8
BLACK
6
CONTINUOUS
10
135.9691990000000033
20
-114.3954999999999984
11
136.4608000000000061
21
-114.3954990000000009
0
LINE
8
BLACK
6
CONTINUOUS
10
136.4608000000000061
20
-114.3954990000000009
11
136.4608079999999859
21
-114.3954990000000009
0
LINE
8
BLACK
6
CONTINUOUS
10
136.4608079999999859
20
-114.3954990000000009
11
136.4742789999999957
21
-114.3942749999999933
0
LINE
8
BLACK
6
CONTINUOUS
10
136.4742789999999957
20
-114.3942749999999933
11
136.5428249999999935
21
-114.4078119999999927
0
LINE
8
BLACK
6
CONTINUOUS
10
136.5428249999999935
20
-114.4078119999999927
11
136.5931699999999864
21
-114.4562589999999886
0
LINE
8
BLACK
6
CONTINUOUS
10
136.5931699999999864
20
-114.4562589999999886
11
136.609499999999997
21
-114.5177659999999946
0
LINE
8
BLACK
6
CONTINUOUS
10
136.609499999999997
20
-114.5177659999999946
11
136.609499999999997
21
-115.0833930000000009
0
LINE
8
BLACK
6
CONTINUOUS
10
136.609499999999997
20
-115.0833930000000009
11
136.609499999999997
21
-115.2066069999999911
0
LINE
8
BLACK
6
CONTINUOUS
10
136.609499999999997
20
-115.2066069999999911
11
136.618471999999997
21
-115.2517139999999927
0
LINE
8
BLACK
6
CONTINUOUS
10
136.618471999999997
20
-115.2517139999999927
11
136.6335369999999898
21
-115.3274519999999939
0
LINE
8
BLACK
6
CONTINUOUS
10
136.6335369999999898
20
-115.3274519999999939
11
136.6473469999999963
21
-115.3607919999999893
0
LINE
8
BLACK
6
CONTINUOUS
10
136.6473469999999963
20
-115.3607919999999893
11
136.6503769999999918
21
-115.3681079999999923
0
LINE
8
BLACK
6
CONTINUOUS
10
136.6503769999999918
20
-115.3681079999999923
11
136.6503789999999867
21
-115.3681139999999914
0
LINE
8
BLACK
6
CONTINUOUS
10
136.6503789999999867
20
-115.3681139999999914
11
136.6806849999999827
21
-115.4412799999999919
0
LINE
8
BLACK
6
CONTINUOUS
10
136.6806849999999827
20
-115.4412799999999919
11
136.6806899999999985
21
-115.4412889999999976
0
LINE
8
BLACK
6
CONTINUOUS
10
136.6806899999999985
20
-115.4412889999999976
11
136.7108279999999922
21
-115.4863919999999951
0
LINE
8
BLACK
6
CONTINUOUS
10
136.7108279999999922
20
-115.4863919999999951
11
136.7108289999999897
21
-115.48639399999999
0
LINE
8
BLACK
6
CONTINUOUS
10
136.7108289999999897
20
-115.48639399999999
11
136.7491399999999828
21
-115.543730999999994
0
LINE
8
BLACK
6
CONTINUOUS
10
136.7491399999999828
20
-115.543730999999994
11
136.7491409999999803
21
-115.5437319999999914
0
LINE
8
BLACK
6
CONTINUOUS
10
136.7491409999999803
20
-115.5437319999999914
11
136.7491420000000062
21
-115.5437329999999889
0
LINE
8
BLACK
6
CONTINUOUS
10
136.7491420000000062
20
-115.5437329999999889
11
136.8362669999999923
21
-115.6308579999999893
0
LINE
8
BLACK
6
CONTINUOUS
10
136.8362669999999923
20
-115.6308579999999893
11
136.8362679999999898
21
-115.6308579999999893
0
LINE
8
BLACK
6
CONTINUOUS
10
136.8362679999999898
20
-115.6308579999999893
11
136.8433349999999962
21
-115.6379249999999956
0
LINE
8
BLACK
6
CONTINUOUS
10
136.8433349999999962
20
-115.6379249999999956
11
136.8433339999999987
21
-115.6379249999999956
0
LINE
8
BLACK
6
CONTINUOUS
10
136.8433339999999987
20
-115.6379249999999956
11
136.8433379999999886
21
-115.6379279999999881
0
LINE
8
BLACK
6
CONTINUOUS
10
136.8433379999999886
20
-115.6379279999999881
11
137.6912629999999922
21
-116.4858550000000008
0
LINE
8
BLACK
6
CONTINUOUS
10
137.6912629999999922
20
-116.4858550000000008
11
137.6912669999999821
21
-116.4858579999999932
0
LINE
8
BLACK
6
CONTINUOUS
10
137.6912669999999821
20
-116.4858579999999932
11
137.7937100000000044
21
-116.5543089999999893
0
LINE
8
BLACK
6
CONTINUOUS
10
137.7937100000000044
20
-116.5543089999999893
11
137.7937110000000018
21
-116.5543089999999893
0
LINE
8
BLACK
6
CONTINUOUS
10
137.7937110000000018
20
-116.5543089999999893
11
137.7937149999999917
21
-116.5543119999999959
0
LINE
8
BLACK
6
CONTINUOUS
10
137.7937149999999917
20
-116.5543119999999959
11
137.8603970000000061
21
-116.5819319999999948
0
LINE
8
BLACK
6
CONTINUOUS
10
137.8603970000000061
20
-116.5819319999999948
11
137.9075479999999914
21
-116.6014629999999954
0
LINE
8
BLACK
6
CONTINUOUS
10
137.9075479999999914
20
-116.6014629999999954
11
137.9275969999999916
21
-116.605450999999988
0
LINE
8
BLACK
6
CONTINUOUS
10
137.9275969999999916
20
-116.605450999999988
11
137.9926240000000064
21
-116.6183849999999893
0
LINE
8
BLACK
6
CONTINUOUS
10
137.9926240000000064
20
-116.6183849999999893
11
138.0283919999999966
21
-116.6255009999999999
0
LINE
8
BLACK
6
CONTINUOUS
10
138.0283919999999966
20
-116.6255009999999999
11
138.0283939999999916
21
-116.6255009999999999
0
LINE
8
BLACK
6
CONTINUOUS
10
138.0283939999999916
20
-116.6255009999999999
11
138.1577209999999809
21
-116.6255009999999999
0
LINE
8
BLACK
6
CONTINUOUS
10
138.1577209999999809
20
-116.6255009999999999
11
138.1577409999999873
21
-116.6254999999999882
0
LINE
8
BLACK
6
CONTINUOUS
10
138.1577409999999873
20
-116.6254999999999882
11
140.8829629999999895
21
-116.6254999999999882
0
LINE
8
BLACK
6
CONTINUOUS
10
140.8829629999999895
20
-116.6254999999999882
11
140.9500019999999836
21
-116.6451849999999979
0
LINE
8
BLACK
6
CONTINUOUS
10
140.9500019999999836
20
-116.6451849999999979
11
140.9957569999999976
21
-116.6979889999999926
0
LINE
8
BLACK
6
CONTINUOUS
10
140.9957569999999976
20
-116.6979889999999926
11
141.0054649999999867
21
-116.765507999999997
0
LINE
8
BLACK
6
CONTINUOUS
10
141.0054649999999867
20
-116.765507999999997
11
141.0055969999999945
21
-116.7655209999999926
0
LINE
8
BLACK
6
CONTINUOUS
10
141.0055969999999945
20
-116.7655209999999926
11
141.0055439999999862
21
-116.7660559999999919
0
LINE
8
BLACK
6
CONTINUOUS
10
141.0055439999999862
20
-116.7660559999999919
11
141.0057009999999877
21
-116.7671469999999943
0
LINE
8
BLACK
6
CONTINUOUS
10
141.0057009999999877
20
-116.7671469999999943
11
141.0050779999999975
21
-116.7707809999999995
0
LINE
8
BLACK
6
CONTINUOUS
10
141.0050779999999975
20
-116.7707809999999995
11
141.0049999999999955
21
-116.7715829999999926
0
LINE
8
BLACK
6
CONTINUOUS
10
141.0049999999999955
20
-116.7715829999999926
11
141.0049999999999955
21
-116.9249999999999972
0
LINE
8
BLACK
6
CONTINUOUS
10
141.0049999999999955
20
-116.9249999999999972
11
141.5049999999999955
21
-116.9249999999999972
0
LINE
8
BLACK
6
CONTINUOUS
10
141.5049999999999955
20
-116.9249999999999972
11
141.5049999999999955
21
-116.875
0
LINE
8
BLACK
6
CONTINUOUS
10
141.5049999999999955
20
-116.875
11
141.5097049999999967
21
-116.8032109999999903
0
LINE
8
BLACK
6
CONTINUOUS
10
141.5097049999999967
20
-116.8032109999999903
11
141.5468659999999943
21
-116.6645240000000001
0
LINE
8
BLACK
6
CONTINUOUS
10
141.5468659999999943
20
-116.6645240000000001
11
141.6186559999999872
21
-116.5401809999999898
0
LINE
8
BLACK
6
CONTINUOUS
10
141.6186559999999872
20
-116.5401809999999898
11
141.7201809999999966
21
-116.4386559999999946
0
LINE
8
BLACK
6
CONTINUOUS
10
141.7201809999999966
20
-116.4386559999999946
11
141.8445240000000069
21
-116.3668660000000017
0
LINE
8
BLACK
6
CONTINUOUS
10
141.8445240000000069
20
-116.3668660000000017
11
141.983210999999983
21
-116.3297049999999899
0
LINE
8
BLACK
6
CONTINUOUS
10
141.983210999999983
20
-116.3297049999999899
11
142.1267890000000023
21
-116.3297049999999899
0
LINE
8
BLACK
6
CONTINUOUS
10
142.1267890000000023
20
-116.3297049999999899
11
142.2654760000000067
21
-116.3668660000000017
0
LINE
8
BLACK
6
CONTINUOUS
10
142.2654760000000067
20
-116.3668660000000017
11
142.3898189999999886
21
-116.4386559999999946
0
LINE
8
BLACK
6
CONTINUOUS
10
142.3898189999999886
20
-116.4386559999999946
11
142.491343999999998
21
-116.5401809999999898
0
LINE
8
BLACK
6
CONTINUOUS
10
142.491343999999998
20
-116.5401809999999898
11
142.5631339999999909
21
-116.6645240000000001
0
LINE
8
BLACK
6
CONTINUOUS
10
142.5631339999999909
20
-116.6645240000000001
11
142.6002949999999885
21
-116.8032109999999903
0
LINE
8
BLACK
6
CONTINUOUS
10
142.6002949999999885
20
-116.8032109999999903
11
142.6049999999999898
21
-116.875
0
LINE
8
BLACK
6
CONTINUOUS
10
142.6049999999999898
20
-116.875
11
142.6049999999999898
21
-116.9249999999999972
0
LINE
8
BLACK
6
CONTINUOUS
10
142.6049999999999898
20
-116.9249999999999972
11
143.1049999999999898
21
-116.9249999999999972
0
LINE
8
BLACK
6
CONTINUOUS
10
143.1049999999999898
20
-116.9249999999999972
11
143.1049999999999898
21
-116.7715829999999926
0
LINE
8
BLACK
6
CONTINUOUS
10
143.1049999999999898
20
-116.7715829999999926
11
143.1049989999999923
21
-116.7715789999999885
0
LINE
8
BLACK
6
CONTINUOUS
10
143.1049989999999923
20
-116.7715789999999885
11
143.0646509999999978
21
-116.5687329999999946
0
LINE
8
BLACK
6
CONTINUOUS
10
143.0646509999999978
20
-116.5687329999999946
11
143.0646490000000028
21
-116.5687250000000006
0
LINE
8
BLACK
6
CONTINUOUS
10
143.0646490000000028
20
-116.5687250000000006
11
142.9993000000000052
21
-116.4109579999999937
0
LINE
8
BLACK
6
CONTINUOUS
10
142.9993000000000052
20
-116.4109579999999937
11
142.9918309999999906
21
-116.3414889999999957
0
LINE
8
BLACK
6
CONTINUOUS
10
142.9918309999999906
20
-116.3414889999999957
11
143.0231059999999843
21
-116.2790089999999879
0
LINE
8
BLACK
6
CONTINUOUS
10
143.0231059999999843
20
-116.2790089999999879
11
143.0261250000000075
21
-116.2758800000000008
0
LINE
8
BLACK
6
CONTINUOUS
10
143.0261250000000075
20
-116.2758800000000008
11
144.8905910000000006
21
-114.4114139999999935
0
LINE
8
BLACK
6
CONTINUOUS
10
144.8905910000000006
20
-114.4114139999999935
11
144.9519109999999955
21
-114.3779309999999896
0
LINE
8
BLACK
6
CONTINUOUS
10
144.9519109999999955
20
-114.3779309999999896
11
145.0216029999999989
21
-114.382914999999997
0
LINE
8
BLACK
6
CONTINUOUS
10
145.0216029999999989
20
-114.382914999999997
11
145.0775359999999807
21
-114.4247869999999949
0
LINE
8
BLACK
6
CONTINUOUS
10
145.0775359999999807
20
-114.4247869999999949
11
145.1019529999999804
21
-114.4902510000000007
0
LINE
8
BLACK
6
CONTINUOUS
10
145.1019529999999804
20
-114.4902510000000007
11
145.1016719999999793
21
-114.5112469999999973
0
LINE
8
BLACK
6
CONTINUOUS
10
145.1016719999999793
20
-114.5112469999999973
11
145.0999999999999943
21
-114.5282289999999961
0
LINE
8
BLACK
6
CONTINUOUS
10
145.0999999999999943
20
-114.5282289999999961
11
145.0999999999999943
21
-114.8917649999999924
0
LINE
8
BLACK
6
CONTINUOUS
10
145.0999999999999943
20
-114.8917649999999924
11
145.1356319999999869
21
-115.253555999999989
0
LINE
8
BLACK
6
CONTINUOUS
10
145.1356319999999869
20
-115.253555999999989
11
145.2065499999999929
21
-115.6100899999999996
0
LINE
8
BLACK
6
CONTINUOUS
10
145.2065499999999929
20
-115.6100899999999996
11
145.2065529999999853
21
-115.6101010000000002
0
LINE
8
BLACK
6
CONTINUOUS
10
145.2065529999999853
20
-115.6101010000000002
11
145.3120859999999936
21
-115.9579969999999918
0
LINE
8
BLACK
6
CONTINUOUS
10
145.3120859999999936
20
-115.9579969999999918
11
145.4512069999999824
21
-116.2938639999999992
0
LINE
8
BLACK
6
CONTINUOUS
10
145.4512069999999824
20
-116.2938639999999992
11
145.4512090000000057
21
-116.2938690000000008
0
LINE
8
BLACK
6
CONTINUOUS
10
145.4512090000000057
20
-116.2938690000000008
11
145.6225699999999961
21
-116.614461999999989
0
LINE
8
BLACK
6
CONTINUOUS
10
145.6225699999999961
20
-116.614461999999989
11
145.6225809999999967
21
-116.6144800000000004
0
LINE
8
BLACK
6
CONTINUOUS
10
145.6225809999999967
20
-116.6144800000000004
11
145.8245509999999854
21
-116.9167499999999933
0
LINE
8
BLACK
6
CONTINUOUS
10
145.8245509999999854
20
-116.9167499999999933
11
146.0116779999999892
21
-117.1447649999999925
0
LINE
8
BLACK
6
CONTINUOUS
10
146.0116779999999892
20
-117.1447649999999925
11
146.0116789999999867
21
-117.14476599999999
0
LINE
8
BLACK
6
CONTINUOUS
10
146.0116789999999867
20
-117.14476599999999
11
146.3696630000000027
21
-116.7867809999999906
0
LINE
8
BLACK
6
CONTINUOUS
10
146.3696630000000027
20
-116.7867809999999906
11
146.1902049999999917
21
-116.5617479999999944
0
LINE
8
BLACK
6
CONTINUOUS
10
146.1902049999999917
20
-116.5617479999999944
11
145.9992849999999862
21
-116.2578999999999922
0
LINE
8
BLACK
6
CONTINUOUS
10
145.9992849999999862
20
-116.2578999999999922
11
145.8435849999999903
21
-115.9345869999999934
0
LINE
8
BLACK
6
CONTINUOUS
10
145.8435849999999903
20
-115.9345869999999934
11
145.7250650000000007
21
-115.5958739999999949
0
LINE
8
BLACK
6
CONTINUOUS
10
145.7250650000000007
20
-115.5958739999999949
11
145.645212999999984
21
-115.2460200000000015
0
LINE
8
BLACK
6
CONTINUOUS
10
145.645212999999984
20
-115.2460200000000015
11
145.6050339999999892
21
-114.8894249999999886
0
LINE
8
BLACK
6
CONTINUOUS
10
145.6050339999999892
20
-114.8894249999999886
11
145.6050339999999892
21
-114.5305749999999989
0
LINE
8
BLACK
6
CONTINUOUS
10
145.6050339999999892
20
-114.5305749999999989
11
145.645212999999984
21
-114.1739800000000002
0
LINE
8
BLACK
6
CONTINUOUS
10
145.645212999999984
20
-114.1739800000000002
11
145.7250650000000007
21
-113.8241259999999926
0
LINE
8
BLACK
6
CONTINUOUS
10
145.7250650000000007
20
-113.8241259999999926
11
145.8435849999999903
21
-113.4854129999999941
0
LINE
8
BLACK
6
CONTINUOUS
10
145.8435849999999903
20
-113.4854129999999941
11
145.9992849999999862
21
-113.1620999999999952
0
LINE
8
BLACK
6
CONTINUOUS
10
145.9992849999999862
20
-113.1620999999999952
11
146.1902049999999917
21
-112.8582519999999931
0
LINE
8
BLACK
6
CONTINUOUS
10
146.1902049999999917
20
-112.8582519999999931
11
146.413944999999984
21
-112.5776910000000015
0
LINE
8
BLACK
6
CONTINUOUS
10
146.413944999999984
20
-112.5776910000000015
11
146.6676909999999907
21
-112.3239449999999948
0
LINE
8
BLACK
6
CONTINUOUS
10
146.6676909999999907
20
-112.3239449999999948
11
146.9482519999999965
21
-112.1002049999999883
0
LINE
8
BLACK
6
CONTINUOUS
10
146.9482519999999965
20
-112.1002049999999883
11
147.2520999999999844
21
-111.909284999999997
0
LINE
8
BLACK
6
CONTINUOUS
10
147.2520999999999844
20
-111.909284999999997
11
147.5754129999999975
21
-111.7535850000000011
0
LINE
8
BLACK
6
CONTINUOUS
10
147.5754129999999975
20
-111.7535850000000011
11
147.9141259999999818
21
-111.6350649999999973
0
LINE
8
BLACK
6
CONTINUOUS
10
147.9141259999999818
20
-111.6350649999999973
11
148.2639800000000037
21
-111.5552129999999948
0
LINE
8
BLACK
6
CONTINUOUS
10
148.2639800000000037
20
-111.5552129999999948
11
148.6205750000000023
21
-111.515034
0
LINE
8
BLACK
6
CONTINUOUS
10
148.6205750000000023
20
-111.515034
11
148.979424999999992
21
-111.515034
0
LINE
8
BLACK
6
CONTINUOUS
10
148.979424999999992
20
-111.515034
11
149.3360199999999907
21
-111.5552129999999948
0
LINE
8
BLACK
6
CONTINUOUS
10
149.3360199999999907
20
-111.5552129999999948
11
149.6858739999999841
21
-111.6350649999999973
0
LINE
8
BLACK
6
CONTINUOUS
10
149.6858739999999841
20
-111.6350649999999973
11
150.0245869999999968
21
-111.7535850000000011
0
LINE
8
BLACK
6
CONTINUOUS
10
150.0245869999999968
20
-111.7535850000000011
11
150.3478999999999814
21
-111.909284999999997
0
LINE
8
BLACK
6
CONTINUOUS
10
150.3478999999999814
20
-111.909284999999997
11
150.6517479999999978
21
-112.1002049999999883
0
LINE
8
BLACK
6
CONTINUOUS
10
150.6517479999999978
20
-112.1002049999999883
11
150.876780999999994
21
-112.2796629999999993
0
LINE
8
BLACK
6
CONTINUOUS
10
150.876780999999994
20
-112.2796629999999993
11
151.2347659999999792
21
-111.9216789999999975
0
LINE
8
BLACK
6
CONTINUOUS
10
151.2347659999999792
20
-111.9216789999999975
11
151.2347649999999817
21
-111.921678
0
LINE
8
BLACK
6
CONTINUOUS
10
151.2347649999999817
20
-111.921678
11
151.0067499999999825
21
-111.7345509999999962
0
LINE
8
BLACK
6
CONTINUOUS
10
151.0067499999999825
20
-111.7345509999999962
11
150.7044799999999896
21
-111.5325809999999933
0
LINE
8
BLACK
6
CONTINUOUS
10
150.7044799999999896
20
-111.5325809999999933
11
150.7044620000000066
21
-111.5325699999999927
0
LINE
8
BLACK
6
CONTINUOUS
10
150.7044620000000066
20
-111.5325699999999927
11
150.3838690000000042
21
-111.3612089999999881
0
LINE
8
BLACK
6
CONTINUOUS
10
150.3838690000000042
20
-111.3612089999999881
11
150.3838639999999884
21
-111.3612069999999932
0
LINE
8
BLACK
6
CONTINUOUS
10
150.3838639999999884
20
-111.3612069999999932
11
150.047996999999981
21
-111.2220859999999902
0
LINE
8
BLACK
6
CONTINUOUS
10
150.047996999999981
20
-111.2220859999999902
11
149.7001009999999894
21
-111.1165529999999961
0
LINE
8
BLACK
6
CONTINUOUS
10
149.7001009999999894
20
-111.1165529999999961
11
149.7000899999999888
21
-111.1165499999999895
0
LINE
8
BLACK
6
CONTINUOUS
10
149.7000899999999888
20
-111.1165499999999895
11
149.3405719999999803
21
-111.0450389999999885
0
LINE
8
BLACK
6
CONTINUOUS
10
149.3405719999999803
20
-111.0450389999999885
11
149.3407459999999958
21
-111.0441629999999975
0
LINE
8
BLACK
6
CONTINUOUS
10
149.3407459999999958
20
-111.0441629999999975
11
149.2806750000000022
21
-111.0163989999999927
0
LINE
8
BLACK
6
CONTINUOUS
10
149.2806750000000022
20
-111.0163989999999927
11
149.2431689999999946
21
-110.9574489999999969
0
LINE
8
BLACK
6
CONTINUOUS
10
149.2431689999999946
20
-110.9574489999999969
11
149.2434869999999876
21
-110.8875799999999998
0
LINE
8
BLACK
6
CONTINUOUS
10
149.2434869999999876
20
-110.8875799999999998
11
149.2746229999999912
21
-110.8353759999999966
0
LINE
8
BLACK
6
CONTINUOUS
10
149.2746229999999912
20
-110.8353759999999966
11
149.2750000000000057
21
-110.8349989999999963
0
LINE
8
BLACK
6
CONTINUOUS
10
149.2750000000000057
20
-110.8349989999999963
11
149.2750000000000057
21
-110.3349999999999937
0
LINE
8
BLACK
6
CONTINUOUS
10
149.2750000000000057
20
-110.3349999999999937
11
149.1749999999999829
21
-110.3349999999999937
0
LINE
8
BLACK
6
CONTINUOUS
10
149.1749999999999829
20
-110.3349999999999937
11
149.0793290000000013
21
-110.315969999999993
0
LINE
8
BLACK
6
CONTINUOUS
10
149.0793290000000013
20
-110.315969999999993
11
148.9982229999999959
21
-110.261776999999995
0
LINE
8
BLACK
6
CONTINUOUS
10
148.9982229999999959
20
-110.261776999999995
11
148.9440299999999979
21
-110.1806709999999896
0
LINE
8
BLACK
6
CONTINUOUS
10
148.9440299999999979
20
-110.1806709999999896
11
148.9249999999999829
21
-110.0849999999999937
0
LINE
8
BLACK
6
CONTINUOUS
10
148.9249999999999829
20
-110.0849999999999937
11
148.9249999999999829
21
-109.1849999999999881
0
LINE
8
BLACK
6
CONTINUOUS
10
148.9249999999999829
20
-109.1849999999999881
11
148.9440299999999979
21
-109.0893289999999922
0
LINE
8
BLACK
6
CONTINUOUS
10
148.9440299999999979
20
-109.0893289999999922
11
148.9982229999999959
21
-109.008223000000001
0
LINE
8
BLACK
6
CONTINUOUS
10
148.9982229999999959
20
-109.008223000000001
11
149.0793290000000013
21
-108.9540299999999888
0
LINE
8
BLACK
6
CONTINUOUS
10
149.0793290000000013
20
-108.9540299999999888
11
149.1749999999999829
21
-108.9349999999999881
0
LINE
8
BLACK
6
CONTINUOUS
10
149.1749999999999829
20
-108.9349999999999881
11
149.2750000000000057
21
-108.9349999999999881
0
LINE
8
BLACK
6
CONTINUOUS
10
149.2750000000000057
20
-108.9349999999999881
11
149.2750000000000057
21
-108.7710670000000022
0
LINE
8
BLACK
6
CONTINUOUS
10
149.2750000000000057
20
-108.7710670000000022
11
149.2750000000000057
21
-108.3763620000000003
0
LINE
8
BLACK
6
CONTINUOUS
10
149.2750000000000057
20
-108.3763620000000003
11
149.294684999999987
21
-108.309322999999992
0
LINE
8
BLACK
6
CONTINUOUS
10
149.294684999999987
20
-108.309322999999992
11
149.2949999999999875
21
-108.3089319999999987
0
LINE
8
BLACK
6
CONTINUOUS
10
149.2949999999999875
20
-108.3089319999999987
11
149.2949999999999875
21
-108.144999999999996
0
LINE
8
BLACK
6
CONTINUOUS
10
149.2949999999999875
20
-108.144999999999996
11
149.1949999999999932
21
-108.144999999999996
0
LINE
8
BLACK
6
CONTINUOUS
10
149.1949999999999932
20
-108.144999999999996
11
149.0993289999999831
21
-108.1259699999999953
0
LINE
8
BLACK
6
CONTINUOUS
10
149.0993289999999831
20
-108.1259699999999953
11
149.0182230000000061
21
-108.0717769999999973
0
LINE
8
BLACK
6
CONTINUOUS
10
149.0182230000000061
20
-108.0717769999999973
11
148.9640299999999797
21
-107.9906709999999919
0
LINE
8
BLACK
6
CONTINUOUS
10
148.9640299999999797
20
-107.9906709999999919
11
148.9449999999999932
21
-107.894999999999996
0
LINE
8
BLACK
6
CONTINUOUS
10
148.9449999999999932
20
-107.894999999999996
11
148.9449999999999932
21
-106.9949999999999903
0
LINE
8
BLACK
6
CONTINUOUS
10
148.9449999999999932
20
-106.9949999999999903
11
148.9640299999999797
21
-106.8993289999999945
0
LINE
8
BLACK
6
CONTINUOUS
10
148.9640299999999797
20
-106.8993289999999945
11
149.0182230000000061
21
-106.818222999999989
0
LINE
8
BLACK
6
CONTINUOUS
10
149.0182230000000061
20
-106.818222999999989
11
149.0993289999999831
21
-106.7640299999999911
0
LINE
8
BLACK
6
CONTINUOUS
10
149.0993289999999831
20
-106.7640299999999911
11
149.1949999999999932
21
-106.7449999999999903
0
LINE
8
BLACK
6
CONTINUOUS
10
149.1949999999999932
20
-106.7449999999999903
11
149.2949999999999875
21
-106.7449999999999903
0
LINE
8
BLACK
6
CONTINUOUS
10
149.2949999999999875
20
-106.7449999999999903
11
149.2949999999999875
21
-106.2449999999999903
0
LINE
8
BLACK
6
CONTINUOUS
10
149.2949999999999875
20
-106.2449999999999903
11
149.1450269999999989
21
-106.2449999999999903
0
LINE
8
BLACK
6
CONTINUOUS
10
149.1450269999999989
20
-106.2449999999999903
11
149.1450119999999799
21
-106.245001000000002
0
LINE
8
BLACK
6
CONTINUOUS
10
149.1450119999999799
20
-106.245001000000002
11
149.0423020000000065
21
-106.2554939999999988
0
LINE
8
BLACK
6
CONTINUOUS
10
149.0423020000000065
20
-106.2554939999999988
11
148.8758799999999951
21
-106.3106409999999897
0
LINE
8
BLACK
6
CONTINUOUS
10
148.8758799999999951
20
-106.3106409999999897
11
148.8758749999999793
21
-106.3106429999999989
0
LINE
8
BLACK
6
CONTINUOUS
10
148.8758749999999793
20
-106.3106429999999989
11
148.7266569999999888
21
-106.4026819999999987
0
LINE
8
BLACK
6
CONTINUOUS
10
148.7266569999999888
20
-106.4026819999999987
11
148.6330339999999808
21
-106.4963049999999924
0
LINE
8
BLACK
6
CONTINUOUS
10
148.6330339999999808
20
-106.4963049999999924
11
148.5717099999999959
21
-106.5297889999999938
0
LINE
8
BLACK
6
CONTINUOUS
10
148.5717099999999959
20
-106.5297889999999938
11
148.50201899999999
21
-106.5248050000000006
0
LINE
8
BLACK
6
CONTINUOUS
10
148.50201899999999
20
-106.5248050000000006
11
148.4576720000000023
21
-106.496303999999995
0
LINE
8
BLACK
6
CONTINUOUS
10
148.4576720000000023
20
-106.496303999999995
11
148.3636569999999892
21
-106.4022889999999961
0
LINE
8
BLACK
6
CONTINUOUS
10
148.3636569999999892
20
-106.4022889999999961
11
148.3636559999999918
21
-106.4022879999999986
0
LINE
8
BLACK
6
CONTINUOUS
10
148.3636559999999918
20
-106.4022879999999986
11
148.2143339999999796
21
-106.3101860000000016
0
LINE
8
BLACK
6
CONTINUOUS
10
148.2143339999999796
20
-106.3101860000000016
11
148.0477970000000028
21
-106.2550009999999929
0
LINE
8
BLACK
6
CONTINUOUS
10
148.0477970000000028
20
-106.2550009999999929
11
148.0477949999999794
21
-106.2549999999999955
0
LINE
8
BLACK
6
CONTINUOUS
10
148.0477949999999794
20
-106.2549999999999955
11
147.9450159999999812
21
-106.2445000000000022
0
LINE
8
BLACK
6
CONTINUOUS
10
147.9450159999999812
20
-106.2445000000000022
11
147.9450089999999989
21
-106.2445000000000022
0
LINE
8
BLACK
6
CONTINUOUS
10
147.9450089999999989
20
-106.2445000000000022
11
147.9294999999999902
21
-106.2445000000000022
0
LINE
8
BLACK
6
CONTINUOUS
10
147.9294999999999902
20
-106.2445000000000022
11
147.8624609999999961
21
-106.2248149999999924
0
LINE
8
BLACK
6
CONTINUOUS
10
147.8624609999999961
20
-106.2248149999999924
11
147.8167059999999822
21
-106.1720109999999977
0
LINE
8
BLACK
6
CONTINUOUS
10
147.8167059999999822
20
-106.1720109999999977
11
147.805499999999995
21
-106.1204999999999927
0
LINE
8
BLACK
6
CONTINUOUS
10
147.805499999999995
20
-106.1204999999999927
11
147.805499999999995
21
-105.2613589999999988
0
LINE
8
BLACK
6
CONTINUOUS
10
147.805499999999995
20
-105.2613589999999988
11
147.8036309999999958
21
-105.2264929999999907
0
LINE
8
BLACK
6
CONTINUOUS
10
147.8036309999999958
20
-105.2264929999999907
11
147.8026030000000048
21
-105.2073219999999907
0
LINE
8
BLACK
6
CONTINUOUS
10
147.8026030000000048
20
-105.2073219999999907
11
147.7997689999999977
21
-105.1809639999999888
0
LINE
8
BLACK
6
CONTINUOUS
10
147.7997689999999977
20
-105.1809639999999888
11
147.7911139999999932
21
-105.1275519999999943
0
LINE
8
BLACK
6
CONTINUOUS
10
147.7911139999999932
20
-105.1275519999999943
11
147.7408319999999833
21
-104.9927429999999902
0
LINE
8
BLACK
6
CONTINUOUS
10
147.7408319999999833
20
-104.9927429999999902
11
147.7073469999999986
21
-104.9314199999999886
0
LINE
8
BLACK
6
CONTINUOUS
10
147.7073469999999986
20
-104.9314199999999886
11
147.621122999999983
21
-104.8162389999999959
0
LINE
8
BLACK
6
CONTINUOUS
10
147.621122999999983
20
-104.8162389999999959
11
147.6211179999999956
21
-104.8162339999999944
0
LINE
8
BLACK
6
CONTINUOUS
10
147.6211179999999956
20
-104.8162339999999944
11
147.6211129999999798
21
-104.8162279999999953
0
LINE
8
BLACK
6
CONTINUOUS
10
147.6211129999999798
20
-104.8162279999999953
11
146.6937759999999855
21
-103.8888919999999985
0
LINE
8
BLACK
6
CONTINUOUS
10
146.6937759999999855
20
-103.8888919999999985
11
146.6937700000000007
21
-103.8888859999999994
0
LINE
8
BLACK
6
CONTINUOUS
10
146.6937700000000007
20
-103.8888859999999994
11
146.693760999999995
21
-103.8888769999999937
0
LINE
8
BLACK
6
CONTINUOUS
10
146.693760999999995
20
-103.8888769999999937
11
146.6937369999999987
21
-103.8888549999999924
0
LINE
8
BLACK
6
CONTINUOUS
10
146.6937369999999987
20
-103.8888549999999924
11
146.6535189999999886
21
-103.852727999999999
0
LINE
8
BLACK
6
CONTINUOUS
10
146.6535189999999886
20
-103.852727999999999
11
146.6535069999999905
21
-103.8527179999999959
0
LINE
8
BLACK
6
CONTINUOUS
10
146.6535069999999905
20
-103.8527179999999959
11
146.6328560000000039
21
-103.8360759999999914
0
LINE
8
BLACK
6
CONTINUOUS
10
146.6328560000000039
20
-103.8360759999999914
11
146.5889740000000074
21
-103.8044329999999889
0
LINE
8
BLACK
6
CONTINUOUS
10
146.5889740000000074
20
-103.8044329999999889
11
146.4581000000000017
21
-103.7446629999999885
0
LINE
8
BLACK
6
CONTINUOUS
10
146.4581000000000017
20
-103.7446629999999885
11
146.3910549999999944
21
-103.7249759999999981
0
LINE
8
BLACK
6
CONTINUOUS
10
146.3910549999999944
20
-103.7249759999999981
11
146.3435819999999978
21
-103.7181499999999943
0
LINE
8
BLACK
6
CONTINUOUS
10
146.3435819999999978
20
-103.7181499999999943
11
146.2486379999999997
21
-103.7044999999999959
0
LINE
8
BLACK
6
CONTINUOUS
10
146.2486379999999997
20
-103.7044999999999959
11
130.3513619999999946
21
-103.7044999999999959
0
LINE
8
BLACK
6
CONTINUOUS
10
130.3513619999999946
20
-103.7044999999999959
11
130.3513599999999997
21
-103.7044999999999959
0
LINE
8
BLACK
6
CONTINUOUS
10
130.3513599999999997
20
-103.7044999999999959
11
130.2973110000000077
21
-103.7073970000000003
0
LINE
8
BLACK
6
CONTINUOUS
10
130.2973110000000077
20
-103.7073970000000003
11
130.2973099999999818
21
-103.7073970000000003
0
LINE
8
BLACK
6
CONTINUOUS
10
130.2973099999999818
20
-103.7073970000000003
11
130.2709769999999878
21
-103.7102289999999982
0
LINE
8
BLACK
6
CONTINUOUS
10
130.2709769999999878
20
-103.7102289999999982
11
130.2709499999999991
21
-103.7102319999999906
0
LINE
8
BLACK
6
CONTINUOUS
10
130.2709499999999991
20
-103.7102319999999906
11
130.2175540000000069
21
-103.7188850000000002
0
LINE
8
BLACK
6
CONTINUOUS
10
130.2175540000000069
20
-103.7188850000000002
11
130.2175519999999835
21
-103.7188850000000002
0
LINE
8
BLACK
6
CONTINUOUS
10
130.2175519999999835
20
-103.7188850000000002
11
130.0827469999999835
21
-103.7691659999999985
0
LINE
8
BLACK
6
CONTINUOUS
10
130.0827469999999835
20
-103.7691659999999985
11
130.0214220000000012
21
-103.8026509999999973
0
LINE
8
BLACK
6
CONTINUOUS
10
130.0214220000000012
20
-103.8026509999999973
11
129.9062399999999968
21
-103.8888759999999962
0
LINE
8
BLACK
6
CONTINUOUS
10
129.9062399999999968
20
-103.8888759999999962
11
129.9062279999999987
21
-103.8888859999999994
0
LINE
8
BLACK
6
CONTINUOUS
10
129.9062279999999987
20
-103.8888859999999994
11
128.9788920000000019
21
-104.8162229999999937
0
LINE
8
BLACK
6
CONTINUOUS
10
128.9788920000000019
20
-104.8162229999999937
11
128.9788549999999816
21
-104.8162619999999947
0
LINE
8
BLACK
6
CONTINUOUS
10
128.9788549999999816
20
-104.8162619999999947
11
128.9427279999999882
21
-104.8564799999999906
0
LINE
8
BLACK
6
CONTINUOUS
10
128.9427279999999882
20
-104.8564799999999906
11
128.9427179999999851
21
-104.8564919999999887
0
LINE
8
BLACK
6
CONTINUOUS
10
128.9427179999999851
20
-104.8564919999999887
11
128.9260759999999948
21
-104.8771429999999896
0
LINE
8
BLACK
6
CONTINUOUS
10
128.9260759999999948
20
-104.8771429999999896
11
128.8944329999999923
21
-104.9210250000000002
0
LINE
8
BLACK
6
CONTINUOUS
10
128.8944329999999923
20
-104.9210250000000002
11
128.8346630000000062
21
-105.0518989999999917
0
LINE
8
BLACK
6
CONTINUOUS
10
128.8346630000000062
20
-105.0518989999999917
11
128.8149760000000015
21
-105.1189439999999991
0
LINE
8
BLACK
6
CONTINUOUS
10
128.8149760000000015
20
-105.1189439999999991
11
128.7995129999999904
21
-105.2264929999999907
0
LINE
8
BLACK
6
CONTINUOUS
10
128.7995129999999904
20
-105.2264929999999907
11
128.7944999999999993
21
-105.2613569999999896
0
LINE
8
BLACK
6
CONTINUOUS
10
128.7944999999999993
20
-105.2613569999999896
11
128.7944999999999993
21
-107.1586399999999912
0
LINE
8
BLACK
6
CONTINUOUS
10
132.3649999999999807
20
-113.625
11
132.3649999999999807
21
-113.778419999999997
0
LINE
8
BLACK
6
CONTINUOUS
10
132.3649999999999807
20
-113.778419999999997
11
132.4053480000000036
21
-113.9812659999999909
0
LINE
8
BLACK
6
CONTINUOUS
10
132.4053480000000036
20
-113.9812659999999909
11
132.4053499999999985
21
-113.9812739999999991
0
LINE
8
BLACK
6
CONTINUOUS
10
132.4053499999999985
20
-113.9812739999999991
11
132.484499999999997
21
-114.1723579999999885
0
LINE
8
BLACK
6
CONTINUOUS
10
132.484499999999997
20
-114.1723579999999885
11
132.4845049999999844
21
-114.1723679999999916
0
LINE
8
BLACK
6
CONTINUOUS
10
132.4845049999999844
20
-114.1723679999999916
11
132.599410000000006
21
-114.3443350000000009
0
LINE
8
BLACK
6
CONTINUOUS
10
132.599410000000006
20
-114.3443350000000009
11
132.5994129999999984
21
-114.3443389999999908
0
LINE
8
BLACK
6
CONTINUOUS
10
132.5994129999999984
20
-114.3443389999999908
11
132.7456599999999867
21
-114.4905859999999933
0
LINE
8
BLACK
6
CONTINUOUS
10
132.7456599999999867
20
-114.4905859999999933
11
132.745664000000005
21
-114.4905889999999999
0
LINE
8
BLACK
6
CONTINUOUS
10
132.745664000000005
20
-114.4905889999999999
11
132.9176310000000001
21
-114.6054939999999931
0
LINE
8
BLACK
6
CONTINUOUS
10
132.9176310000000001
20
-114.6054939999999931
11
132.9176410000000033
21
-114.6054989999999947
0
LINE
8
BLACK
6
CONTINUOUS
10
132.9176410000000033
20
-114.6054989999999947
11
133.1087229999999977
21
-114.6846479999999957
0
LINE
8
BLACK
6
CONTINUOUS
10
133.1087229999999977
20
-114.6846479999999957
11
133.1087249999999926
21
-114.6846489999999932
0
LINE
8
BLACK
6
CONTINUOUS
10
133.1087249999999926
20
-114.6846489999999932
11
133.164999999999992
21
-114.695841999999999
0
LINE
8
BLACK
6
CONTINUOUS
10
133.164999999999992
20
-114.695841999999999
11
133.164999999999992
21
-114.1603139999999996
0
LINE
8
BLACK
6
CONTINUOUS
10
133.164999999999992
20
-114.1603139999999996
11
133.0801809999999819
21
-114.1113439999999883
0
LINE
8
BLACK
6
CONTINUOUS
10
133.0801809999999819
20
-114.1113439999999883
11
132.9786560000000009
21
-114.0098189999999931
0
LINE
8
BLACK
6
CONTINUOUS
10
132.9786560000000009
20
-114.0098189999999931
11
132.9068660000000079
21
-113.885475999999997
0
LINE
8
BLACK
6
CONTINUOUS
10
132.9068660000000079
20
-113.885475999999997
11
132.869704999999982
21
-113.7467889999999926
0
LINE
8
BLACK
6
CONTINUOUS
10
132.869704999999982
20
-113.7467889999999926
11
132.8649999999999807
21
-113.6749999999999972
0
LINE
8
BLACK
6
CONTINUOUS
10
132.8649999999999807
20
-113.6749999999999972
11
132.8649999999999807
21
-113.625
0
LINE
8
BLACK
6
CONTINUOUS
10
132.8649999999999807
20
-113.625
11
132.3649999999999807
21
-113.625
0
LINE
8
BLACK
6
CONTINUOUS
10
133.9650000000000034
20
-113.5499999999999972
11
133.9650000000000034
21
-113.6749999999999972
0
LINE
8
BLACK
6
CONTINUOUS
10
133.9650000000000034
20
-113.6749999999999972
11
133.9602950000000021
21
-113.7467889999999926
0
LINE
8
BLACK
6
CONTINUOUS
10
133.9602950000000021
20
-113.7467889999999926
11
133.9231340000000046
21
-113.885475999999997
0
LINE
8
BLACK
6
CONTINUOUS
10
133.9231340000000046
20
-113.885475999999997
11
133.8513439999999832
21
-114.0098189999999931
0
LINE
8
BLACK
6
CONTINUOUS
10
133.8513439999999832
20
-114.0098189999999931
11
133.7498190000000022
21
-114.1113439999999883
0
LINE
8
BLACK
6
CONTINUOUS
10
133.7498190000000022
20
-114.1113439999999883
11
133.664999999999992
21
-114.1603139999999996
0
LINE
8
BLACK
6
CONTINUOUS
10
133.664999999999992
20
-114.1603139999999996
11
133.664999999999992
21
-114.695841999999999
0
LINE
8
BLACK
6
CONTINUOUS
10
133.664999999999992
20
-114.695841999999999
11
133.721273999999994
21
-114.6846489999999932
0
LINE
8
BLACK
6
CONTINUOUS
10
133.721273999999994
20
-114.6846489999999932
11
133.7212759999999889
21
-114.6846479999999957
0
LINE
8
BLACK
6
CONTINUOUS
10
133.7212759999999889
20
-114.6846479999999957
11
133.9123579999999833
21
-114.6054989999999947
0
LINE
8
BLACK
6
CONTINUOUS
10
133.9123579999999833
20
-114.6054989999999947
11
133.9123679999999865
21
-114.6054939999999931
0
LINE
8
BLACK
6
CONTINUOUS
10
133.9123679999999865
20
-114.6054939999999931
11
134.0843349999999816
21
-114.4905889999999999
0
LINE
8
BLACK
6
CONTINUOUS
10
134.0843349999999816
20
-114.4905889999999999
11
134.0843389999999999
21
-114.4905859999999933
0
LINE
8
BLACK
6
CONTINUOUS
10
134.0843389999999999
20
-114.4905859999999933
11
134.2305839999999932
21
-114.344341
0
LINE
8
BLACK
6
CONTINUOUS
10
134.2305839999999932
20
-114.344341
11
134.2305839999999932
21
-114.3443399999999883
0
LINE
8
BLACK
6
CONTINUOUS
10
134.2305839999999932
20
-114.3443399999999883
11
134.2362190000000055
21
-114.3359079999999892
0
LINE
8
BLACK
6
CONTINUOUS
10
134.2362190000000055
20
-114.3359079999999892
11
134.2898289999999974
21
-114.2911000000000001
0
LINE
8
BLACK
6
CONTINUOUS
10
134.2898289999999974
20
-114.2911000000000001
11
134.3591529999999921
21
-114.2823889999999949
0
LINE
8
BLACK
6
CONTINUOUS
10
134.3591529999999921
20
-114.2823889999999949
11
134.403474999999986
21
-114.2986760000000004
0
LINE
8
BLACK
6
CONTINUOUS
10
134.403474999999986
20
-114.2986760000000004
11
134.473606999999987
21
-114.3410719999999969
0
LINE
8
BLACK
6
CONTINUOUS
10
134.473606999999987
20
-114.3410719999999969
11
134.4736059999999895
21
-114.3410719999999969
0
LINE
8
BLACK
6
CONTINUOUS
10
134.4736059999999895
20
-114.3410719999999969
11
134.6271969999999953
21
-114.3889319999999969
0
LINE
8
BLACK
6
CONTINUOUS
10
134.6271969999999953
20
-114.3889319999999969
11
134.6272069999999985
21
-114.3889349999999894
0
LINE
8
BLACK
6
CONTINUOUS
10
134.6272069999999985
20
-114.3889349999999894
11
134.6599989999999991
21
-114.3919139999999999
0
LINE
8
BLACK
6
CONTINUOUS
10
134.6599989999999991
20
-114.3919139999999999
11
134.6599999999999966
21
-114.3919139999999999
0
LINE
8
BLACK
6
CONTINUOUS
10
134.6599999999999966
20
-114.3919139999999999
11
134.6599999999999966
21
-113.8657159999999919
0
LINE
8
BLACK
6
CONTINUOUS
10
134.6599999999999966
20
-113.8657159999999919
11
134.6325949999999807
21
-113.8474049999999949
0
LINE
8
BLACK
6
CONTINUOUS
10
134.6325949999999807
20
-113.8474049999999949
11
134.5973699999999837
21
-113.7946859999999987
0
LINE
8
BLACK
6
CONTINUOUS
10
134.5973699999999837
20
-113.7946859999999987
11
134.585000000000008
21
-113.7325000000000017
0
LINE
8
BLACK
6
CONTINUOUS
10
134.585000000000008
20
-113.7325000000000017
11
134.585000000000008
21
-113.5499999999999972
0
LINE
8
BLACK
6
CONTINUOUS
10
134.585000000000008
20
-113.5499999999999972
11
133.9650000000000034
21
-113.5499999999999972
0
LINE
8
BLACK
6
CONTINUOUS
10
134.6272050000000036
20
-110.3810659999999899
11
134.4736029999999971
21
-110.4289289999999966
0
LINE
8
BLACK
6
CONTINUOUS
10
134.4736029999999971
20
-110.4289289999999966
11
134.3359189999999899
21
-110.512163000000001
0
LINE
8
BLACK
6
CONTINUOUS
10
134.3359189999999899
20
-110.512163000000001
11
134.2221629999999948
21
-110.6259189999999961
0
LINE
8
BLACK
6
CONTINUOUS
10
134.2221629999999948
20
-110.6259189999999961
11
134.1389289999999903
21
-110.7636029999999892
0
LINE
8
BLACK
6
CONTINUOUS
10
134.1389289999999903
20
-110.7636029999999892
11
134.0910649999999862
21
-110.9172069999999906
0
LINE
8
BLACK
6
CONTINUOUS
10
134.0910649999999862
20
-110.9172069999999906
11
134.085000000000008
21
-110.9839559999999921
0
LINE
8
BLACK
6
CONTINUOUS
10
134.085000000000008
20
-110.9839559999999921
11
134.085000000000008
21
-112.030430999999993
0
LINE
8
BLACK
6
CONTINUOUS
10
134.085000000000008
20
-112.030430999999993
11
134.0653149999999982
21
-112.0974700000000013
0
LINE
8
BLACK
6
CONTINUOUS
10
134.0653149999999982
20
-112.0974700000000013
11
134.0125109999999893
21
-112.143225000000001
0
LINE
8
BLACK
6
CONTINUOUS
10
134.0125109999999893
20
-112.143225000000001
11
133.9433530000000019
21
-112.1531689999999912
0
LINE
8
BLACK
6
CONTINUOUS
10
133.9433530000000019
20
-112.1531689999999912
11
133.9135469999999941
21
-112.144992000000002
0
LINE
8
BLACK
6
CONTINUOUS
10
133.9135469999999941
20
-112.144992000000002
11
133.721271999999999
21
-112.0653489999999977
0
LINE
8
BLACK
6
CONTINUOUS
10
133.721271999999999
20
-112.0653489999999977
11
133.7212669999999832
21
-112.0653469999999885
0
LINE
8
BLACK
6
CONTINUOUS
10
133.7212669999999832
20
-112.0653469999999885
11
133.664999999999992
21
-112.0541549999999944
0
LINE
8
BLACK
6
CONTINUOUS
10
133.664999999999992
20
-112.0541549999999944
11
133.664999999999992
21
-112.5896849999999887
0
LINE
8
BLACK
6
CONTINUOUS
10
133.664999999999992
20
-112.5896849999999887
11
133.7498190000000022
21
-112.6386559999999974
0
LINE
8
BLACK
6
CONTINUOUS
10
133.7498190000000022
20
-112.6386559999999974
11
133.8513439999999832
21
-112.7401809999999927
0
LINE
8
BLACK
6
CONTINUOUS
10
133.8513439999999832
20
-112.7401809999999927
11
133.9231340000000046
21
-112.8645239999999887
0
LINE
8
BLACK
6
CONTINUOUS
10
133.9231340000000046
20
-112.8645239999999887
11
133.9602950000000021
21
-113.0032109999999932
0
LINE
8
BLACK
6
CONTINUOUS
10
133.9602950000000021
20
-113.0032109999999932
11
133.9650000000000034
21
-113.0749999999999886
0
LINE
8
BLACK
6
CONTINUOUS
10
133.9650000000000034
20
-113.0749999999999886
11
133.9650000000000034
21
-113.1499999999999915
0
LINE
8
BLACK
6
CONTINUOUS
10
133.9650000000000034
20
-113.1499999999999915
11
134.5421580000000006
21
-113.1499999999999915
0
LINE
8
BLACK
6
CONTINUOUS
10
134.5421580000000006
20
-113.1499999999999915
11
134.585000000000008
21
-113.1071579999999983
0
LINE
8
BLACK
6
CONTINUOUS
10
134.585000000000008
20
-113.1071579999999983
11
134.585000000000008
21
-111.0374999999999943
0
LINE
8
BLACK
6
CONTINUOUS
10
134.585000000000008
20
-111.0374999999999943
11
134.5973699999999837
21
-110.9753139999999973
0
LINE
8
BLACK
6
CONTINUOUS
10
134.5973699999999837
20
-110.9753139999999973
11
134.6325949999999807
21
-110.9225950000000012
0
LINE
8
BLACK
6
CONTINUOUS
10
134.6325949999999807
20
-110.9225950000000012
11
134.6599999999999966
21
-110.9042829999999924
0
LINE
8
BLACK
6
CONTINUOUS
10
134.6599999999999966
20
-110.9042829999999924
11
134.6599999999999966
21
-110.3780849999999987
0
LINE
8
BLACK
6
CONTINUOUS
10
134.6599999999999966
20
-110.3780849999999987
11
134.6599989999999991
21
-110.3780849999999987
0
LINE
8
BLACK
6
CONTINUOUS
10
134.6599989999999991
20
-110.3780849999999987
11
134.6272050000000036
21
-110.3810659999999899
0
LINE
8
BLACK
6
CONTINUOUS
10
125.7564429999999902
20
-111.0456319999999977
11
125.3999089999999939
21
-111.1165499999999895
0
LINE
8
BLACK
6
CONTINUOUS
10
125.3999089999999939
20
-111.1165499999999895
11
125.3998979999999932
21
-111.1165529999999961
0
LINE
8
BLACK
6
CONTINUOUS
10
125.3998979999999932
20
-111.1165529999999961
11
125.0520019999999874
21
-111.2220859999999902
0
LINE
8
BLACK
6
CONTINUOUS
10
125.0520019999999874
20
-111.2220859999999902
11
124.7161349999999942
21
-111.3612069999999932
0
LINE
8
BLACK
6
CONTINUOUS
10
124.7161349999999942
20
-111.3612069999999932
11
124.7161299999999926
21
-111.3612089999999881
0
LINE
8
BLACK
6
CONTINUOUS
10
124.7161299999999926
20
-111.3612089999999881
11
124.3955369999999903
21
-111.5325699999999927
0
LINE
8
BLACK
6
CONTINUOUS
10
124.3955369999999903
20
-111.5325699999999927
11
124.3955189999999931
21
-111.5325809999999933
0
LINE
8
BLACK
6
CONTINUOUS
10
124.3955189999999931
20
-111.5325809999999933
11
124.0932579999999916
21
-111.7345449999999971
0
LINE
8
BLACK
6
CONTINUOUS
10
124.0932579999999916
20
-111.7345449999999971
11
124.0932539999999875
21
-111.7345479999999895
0
LINE
8
BLACK
6
CONTINUOUS
10
124.0932539999999875
20
-111.7345479999999895
11
123.8652329999999893
21
-111.9216789999999975
0
LINE
8
BLACK
6
CONTINUOUS
10
123.8652329999999893
20
-111.9216789999999975
11
123.8652329999999893
21
-111.9216799999999949
0
LINE
8
BLACK
6
CONTINUOUS
10
123.8652329999999893
20
-111.9216799999999949
11
124.2232169999999911
21
-112.2796639999999968
0
LINE
8
BLACK
6
CONTINUOUS
10
124.2232169999999911
20
-112.2796639999999968
11
124.4482519999999965
21
-112.1002049999999883
0
LINE
8
BLACK
6
CONTINUOUS
10
124.4482519999999965
20
-112.1002049999999883
11
124.7520999999999987
21
-111.909284999999997
0
LINE
8
BLACK
6
CONTINUOUS
10
124.7520999999999987
20
-111.909284999999997
11
125.0754129999999975
21
-111.7535850000000011
0
LINE
8
BLACK
6
CONTINUOUS
10
125.0754129999999975
20
-111.7535850000000011
11
125.414125999999996
21
-111.6350649999999973
0
LINE
8
BLACK
6
CONTINUOUS
10
125.414125999999996
20
-111.6350649999999973
11
125.7639799999999894
21
-111.5552129999999948
0
LINE
8
BLACK
6
CONTINUOUS
10
125.7639799999999894
20
-111.5552129999999948
11
126.1205749999999881
21
-111.515034
0
LINE
8
BLACK
6
CONTINUOUS
10
126.1205749999999881
20
-111.515034
11
126.479424999999992
21
-111.515034
0
LINE
8
BLACK
6
CONTINUOUS
10
126.479424999999992
20
-111.515034
11
126.8360199999999907
21
-111.5552129999999948
0
LINE
8
BLACK
6
CONTINUOUS
10
126.8360199999999907
20
-111.5552129999999948
11
127.1858739999999983
21
-111.6350649999999973
0
LINE
8
BLACK
6
CONTINUOUS
10
127.1858739999999983
20
-111.6350649999999973
11
127.5245869999999968
21
-111.7535850000000011
0
LINE
8
BLACK
6
CONTINUOUS
10
127.5245869999999968
20
-111.7535850000000011
11
127.8478999999999957
21
-111.909284999999997
0
LINE
8
BLACK
6
CONTINUOUS
10
127.8478999999999957
20
-111.909284999999997
11
128.1517479999999978
21
-112.1002049999999883
0
LINE
8
BLACK
6
CONTINUOUS
10
128.1517479999999978
20
-112.1002049999999883
11
128.376780999999994
21
-112.2796629999999993
0
LINE
8
BLACK
6
CONTINUOUS
10
128.376780999999994
20
-112.2796629999999993
11
128.7347660000000076
21
-111.9216789999999975
0
LINE
8
BLACK
6
CONTINUOUS
10
128.7347660000000076
20
-111.9216789999999975
11
128.7347649999999817
21
-111.921678
0
LINE
8
BLACK
6
CONTINUOUS
10
128.7347649999999817
20
-111.921678
11
128.5067499999999825
21
-111.7345509999999962
0
LINE
8
BLACK
6
CONTINUOUS
10
128.5067499999999825
20
-111.7345509999999962
11
128.2044799999999896
21
-111.5325809999999933
0
LINE
8
BLACK
6
CONTINUOUS
10
128.2044799999999896
20
-111.5325809999999933
11
128.2044620000000066
21
-111.5325699999999927
0
LINE
8
BLACK
6
CONTINUOUS
10
128.2044620000000066
20
-111.5325699999999927
11
127.88386899999999
21
-111.3612089999999881
0
LINE
8
BLACK
6
CONTINUOUS
10
127.88386899999999
20
-111.3612089999999881
11
127.8838639999999884
21
-111.3612069999999932
0
LINE
8
BLACK
6
CONTINUOUS
10
127.8838639999999884
20
-111.3612069999999932
11
127.5479969999999952
21
-111.2220859999999902
0
LINE
8
BLACK
6
CONTINUOUS
10
127.5479969999999952
20
-111.2220859999999902
11
127.2001009999999894
21
-111.1165529999999961
0
LINE
8
BLACK
6
CONTINUOUS
10
127.2001009999999894
20
-111.1165529999999961
11
127.2000899999999888
21
-111.1165499999999895
0
LINE
8
BLACK
6
CONTINUOUS
10
127.2000899999999888
20
-111.1165499999999895
11
126.8435559999999924
21
-111.0456319999999977
0
LINE
8
BLACK
6
CONTINUOUS
10
126.8435559999999924
20
-111.0456319999999977
11
126.4817659999999933
21
-111.0099999999999909
0
LINE
8
BLACK
6
CONTINUOUS
10
126.4817659999999933
20
-111.0099999999999909
11
126.1182340000000011
21
-111.0099999999999909
0
LINE
8
BLACK
6
CONTINUOUS
10
126.1182340000000011
20
-111.0099999999999909
11
125.7564429999999902
21
-111.0456319999999977
0
LINE
8
BLACK
6
CONTINUOUS
10
126.3181499999999886
20
-109.2077309999999954
11
126.3181499999999886
21
-105.2613569999999896
0
LINE
8
BLACK
6
CONTINUOUS
10
126.3181499999999886
20
-105.2613569999999896
11
126.3181499999999886
21
-94.3776809999999955
0
LINE
8
BLACK
6
CONTINUOUS
10
126.3181499999999886
20
-94.3776809999999955
11
122.4381929999999983
21
-94.3776809999999955
0
LINE
8
BLACK
6
CONTINUOUS
10
122.4381929999999983
20
-94.3776809999999955
11
122.4381929999999983
21
-109.2077309999999954
0
LINE
8
BLACK
6
CONTINUOUS
10
122.4381929999999983
20
-109.2077309999999954
11
126.3181499999999886
21
-109.2077309999999954
0
LINE
8
BLACK
6
CONTINUOUS
10
149.7949999999999875
20
-106.7449999999999903
11
149.8949999999999818
21
-106.7449999999999903
0
LINE
8
BLACK
6
CONTINUOUS
10
149.8949999999999818
20
-106.7449999999999903
11
149.9906709999999919
21
-106.7640299999999911
0
LINE
8
BLACK
6
CONTINUOUS
10
149.9906709999999919
20
-106.7640299999999911
11
150.0717769999999973
21
-106.818222999999989
0
LINE
8
BLACK
6
CONTINUOUS
10
150.0717769999999973
20
-106.818222999999989
11
150.1259699999999953
21
-106.8993289999999945
0
LINE
8
BLACK
6
CONTINUOUS
10
150.1259699999999953
20
-106.8993289999999945
11
150.1449999999999818
21
-106.9949999999999903
0
LINE
8
BLACK
6
CONTINUOUS
10
150.1449999999999818
20
-106.9949999999999903
11
150.1449999999999818
21
-107.1949999999999932
0
LINE
8
BLACK
6
CONTINUOUS
10
150.1449999999999818
20
-107.1949999999999932
11
150.6449989999999843
21
-107.1949999999999932
0
LINE
8
BLACK
6
CONTINUOUS
10
150.6449989999999843
20
-107.1949999999999932
11
150.6449989999999843
21
-106.9450279999999935
0
LINE
8
BLACK
6
CONTINUOUS
10
150.6449989999999843
20
-106.9450279999999935
11
150.6449979999999869
21
-106.9450129999999888
0
LINE
8
BLACK
6
CONTINUOUS
10
150.6449979999999869
20
-106.9450129999999888
11
150.6345049999999901
21
-106.8423019999999894
0
LINE
8
BLACK
6
CONTINUOUS
10
150.6345049999999901
20
-106.8423019999999894
11
150.5793579999999849
21
-106.6758799999999923
0
LINE
8
BLACK
6
CONTINUOUS
10
150.5793579999999849
20
-106.6758799999999923
11
150.57935599999999
21
-106.6758749999999907
0
LINE
8
BLACK
6
CONTINUOUS
10
150.57935599999999
20
-106.6758749999999907
11
150.4873149999999953
21
-106.5266539999999935
0
LINE
8
BLACK
6
CONTINUOUS
10
150.4873149999999953
20
-106.5266539999999935
11
150.3633449999999812
21
-106.4026839999999936
0
LINE
8
BLACK
6
CONTINUOUS
10
150.3633449999999812
20
-106.4026839999999936
11
150.2141239999999982
21
-106.3106429999999989
0
LINE
8
BLACK
6
CONTINUOUS
10
150.2141239999999982
20
-106.3106429999999989
11
150.2141189999999824
21
-106.3106409999999897
0
LINE
8
BLACK
6
CONTINUOUS
10
150.2141189999999824
20
-106.3106409999999897
11
150.0476969999999994
21
-106.2554939999999988
0
LINE
8
BLACK
6
CONTINUOUS
10
150.0476969999999994
20
-106.2554939999999988
11
150.0476899999999887
21
-106.2554930000000013
0
LINE
8
BLACK
6
CONTINUOUS
10
150.0476899999999887
20
-106.2554930000000013
11
149.9449860000000001
21
-106.2449999999999903
0
LINE
8
BLACK
6
CONTINUOUS
10
149.9449860000000001
20
-106.2449999999999903
11
149.7949999999999875
21
-106.2449999999999903
0
LINE
8
BLACK
6
CONTINUOUS
10
149.7949999999999875
20
-106.2449999999999903
11
149.7949999999999875
21
-106.7449999999999903
0
LINE
8
BLACK
6
CONTINUOUS
10
124.626418000000001
20
-80.7950259999999929
11
124.6264209999999935
21
-80.7950359999999961
0
LINE
8
BLACK
6
CONTINUOUS
10
124.6264209999999935
20
-80.7950359999999961
11
124.6792219999999958
21
-80.9225110000000001
0
LINE
8
BLACK
6
CONTINUOUS
10
124.6792219999999958
20
-80.9225110000000001
11
124.7558870000000013
21
-81.0372490000000028
0
LINE
8
BLACK
6
CONTINUOUS
10
124.7558870000000013
20
-81.0372490000000028
11
125.1261559999999946
21
-81.4075179999999961
0
LINE
8
BLACK
6
CONTINUOUS
10
125.1261559999999946
20
-81.4075179999999961
11
125.2408939999999973
21
-81.4841830000000016
0
LINE
8
BLACK
6
CONTINUOUS
10
125.2408939999999973
20
-81.4841830000000016
11
125.3500209999999981
21
-81.5293839999999932
0
LINE
8
BLACK
6
CONTINUOUS
10
125.3500209999999981
20
-81.5293839999999932
11
125.3683739999999887
21
-81.5369859999999989
0
LINE
8
BLACK
6
CONTINUOUS
10
125.3683739999999887
20
-81.5369859999999989
11
125.3683779999999928
21
-81.5369859999999989
0
LINE
8
BLACK
6
CONTINUOUS
10
125.3683779999999928
20
-81.5369859999999989
11
125.3683789999999902
21
-81.5369869999999963
0
LINE
8
BLACK
6
CONTINUOUS
10
125.3683789999999902
20
-81.5369869999999963
11
125.5037049999999965
21
-81.5639060000000029
0
LINE
8
BLACK
6
CONTINUOUS
10
125.5037049999999965
20
-81.5639060000000029
11
125.5037079999999889
21
-81.5639060000000029
0
LINE
8
BLACK
6
CONTINUOUS
10
125.5037079999999889
20
-81.5639060000000029
11
125.5037090000000006
21
-81.5639060000000029
0
LINE
8
BLACK
6
CONTINUOUS
10
125.5037090000000006
20
-81.5639060000000029
11
125.9593379999999883
21
-81.5639060000000029
0
LINE
8
BLACK
6
CONTINUOUS
10
125.9593379999999883
20
-81.5639060000000029
11
126.0263769999999965
21
-81.5835909999999984
0
LINE
8
BLACK
6
CONTINUOUS
10
126.0263769999999965
20
-81.5835909999999984
11
126.0721319999999963
21
-81.6363949999999932
0
LINE
8
BLACK
6
CONTINUOUS
10
126.0721319999999963
20
-81.6363949999999932
11
126.0833379999999977
21
-81.6879059999999981
0
LINE
8
BLACK
6
CONTINUOUS
10
126.0833379999999977
20
-81.6879059999999981
11
126.0833379999999977
21
-81.9112819999999999
0
LINE
8
BLACK
6
CONTINUOUS
10
126.0833379999999977
20
-81.9112819999999999
11
126.0897449999999935
21
-81.9708889999999997
0
LINE
8
BLACK
6
CONTINUOUS
10
126.0897449999999935
20
-81.9708889999999997
11
126.1400389999999874
21
-82.1057339999999982
0
LINE
8
BLACK
6
CONTINUOUS
10
126.1400389999999874
20
-82.1057339999999982
11
126.1400429999999915
21
-82.1057409999999948
0
LINE
8
BLACK
6
CONTINUOUS
10
126.1400429999999915
20
-82.1057409999999948
11
126.2262889999999942
21
-82.220950000000002
0
LINE
8
BLACK
6
CONTINUOUS
10
126.2262889999999942
20
-82.220950000000002
11
126.2262920000000008
21
-82.2209529999999944
0
LINE
8
BLACK
6
CONTINUOUS
10
126.2262920000000008
20
-82.2209529999999944
11
126.3415009999999938
21
-82.3071989999999971
0
LINE
8
BLACK
6
CONTINUOUS
10
126.3415009999999938
20
-82.3071989999999971
11
126.3415079999999904
21
-82.3072030000000012
0
LINE
8
BLACK
6
CONTINUOUS
10
126.3415079999999904
20
-82.3072030000000012
11
126.4763540000000006
21
-82.3574969999999951
0
LINE
8
BLACK
6
CONTINUOUS
10
126.4763540000000006
20
-82.3574969999999951
11
126.4763529999999889
21
-82.3574969999999951
0
LINE
8
BLACK
6
CONTINUOUS
10
126.4763529999999889
20
-82.3574969999999951
11
126.483280999999991
21
-82.3582409999999925
0
LINE
8
BLACK
6
CONTINUOUS
10
126.483280999999991
20
-82.3582409999999925
11
126.5359639999999928
21
-82.3639060000000001
0
LINE
8
BLACK
6
CONTINUOUS
10
126.5359639999999928
20
-82.3639060000000001
11
128.6317090000000007
21
-82.3639050000000026
0
LINE
8
BLACK
6
CONTINUOUS
10
128.6317090000000007
20
-82.3639050000000026
11
128.6913199999999904
21
-82.3574969999999951
0
LINE
8
BLACK
6
CONTINUOUS
10
128.6913199999999904
20
-82.3574969999999951
11
128.8261679999999956
21
-82.3072019999999895
0
LINE
8
BLACK
6
CONTINUOUS
10
128.8261679999999956
20
-82.3072019999999895
11
128.9413830000000019
21
-82.2209519999999969
0
LINE
8
BLACK
6
CONTINUOUS
10
128.9413830000000019
20
-82.2209519999999969
11
129.0276329999999803
21
-82.1057369999999906
0
LINE
8
BLACK
6
CONTINUOUS
10
129.0276329999999803
20
-82.1057369999999906
11
129.0779279999999858
21
-81.9708889999999997
0
LINE
8
BLACK
6
CONTINUOUS
10
129.0779279999999858
20
-81.9708889999999997
11
129.084337000000005
21
-81.9112789999999933
0
LINE
8
BLACK
6
CONTINUOUS
10
129.084337000000005
20
-81.9112789999999933
11
129.0843360000000075
21
-79.8155339999999995
0
LINE
8
BLACK
6
CONTINUOUS
10
129.0843360000000075
20
-79.8155339999999995
11
129.0779279999999858
21
-79.7559229999999957
0
LINE
8
BLACK
6
CONTINUOUS
10
129.0779279999999858
20
-79.7559229999999957
11
129.063793000000004
21
-79.7180259999999947
0
LINE
8
BLACK
6
CONTINUOUS
10
129.063793000000004
20
-79.7180259999999947
11
129.0276340000000062
21
-79.6210769999999997
0
LINE
8
BLACK
6
CONTINUOUS
10
129.0276340000000062
20
-79.6210769999999997
11
129.0276299999999878
21
-79.6210700000000031
0
LINE
8
BLACK
6
CONTINUOUS
10
129.0276299999999878
20
-79.6210700000000031
11
128.9413839999999993
21
-79.5058609999999959
0
LINE
8
BLACK
6
CONTINUOUS
10
128.9413839999999993
20
-79.5058609999999959
11
128.9413810000000069
21
-79.5058580000000035
0
LINE
8
BLACK
6
CONTINUOUS
10
128.9413810000000069
20
-79.5058580000000035
11
128.8261719999999855
21
-79.4196120000000008
0
LINE
8
BLACK
6
CONTINUOUS
10
128.8261719999999855
20
-79.4196120000000008
11
128.8261650000000031
21
-79.4196079999999967
0
LINE
8
BLACK
6
CONTINUOUS
10
128.8261650000000031
20
-79.4196079999999967
11
128.6913189999999929
21
-79.3693140000000028
0
LINE
8
BLACK
6
CONTINUOUS
10
128.6913189999999929
20
-79.3693140000000028
11
128.6913199999999904
21
-79.3693140000000028
0
LINE
8
BLACK
6
CONTINUOUS
10
128.6913199999999904
20
-79.3693140000000028
11
128.6317200000000014
21
-79.3629069999999928
0
LINE
8
BLACK
6
CONTINUOUS
10
128.6317200000000014
20
-79.3629069999999928
11
128.6317180000000064
21
-79.3629059999999953
0
LINE
8
BLACK
6
CONTINUOUS
10
128.6317180000000064
20
-79.3629059999999953
11
128.6317099999999982
21
-79.3629059999999953
0
LINE
8
BLACK
6
CONTINUOUS
10
128.6317099999999982
20
-79.3629059999999953
11
128.63170199999999
21
-79.3629059999999953
0
LINE
8
BLACK
6
CONTINUOUS
10
128.63170199999999
20
-79.3629059999999953
11
128.3479849999999942
21
-79.3629059999999953
0
LINE
8
BLACK
6
CONTINUOUS
10
128.3479849999999942
20
-79.3629059999999953
11
128.2809460000000001
21
-79.3432209999999998
0
LINE
8
BLACK
6
CONTINUOUS
10
128.2809460000000001
20
-79.3432209999999998
11
128.2369689999999878
21
-79.292468999999997
0
LINE
8
BLACK
6
CONTINUOUS
10
128.2369689999999878
20
-79.292468999999997
11
127.8569869999999895
21
-78.9124869999999987
0
LINE
8
BLACK
6
CONTINUOUS
10
127.8569869999999895
20
-78.9124869999999987
11
127.8425219999999882
21
-78.9221529999999944
0
LINE
8
BLACK
6
CONTINUOUS
10
127.8425219999999882
20
-78.9221529999999944
11
127.6758990000000011
21
-78.9911699999999968
0
LINE
8
BLACK
6
CONTINUOUS
10
127.6758990000000011
20
-78.9911699999999968
11
127.4990129999999908
21
-79.0263549999999952
0
LINE
8
BLACK
6
CONTINUOUS
10
127.4990129999999908
20
-79.0263549999999952
11
127.3186609999999916
21
-79.0263549999999952
0
LINE
8
BLACK
6
CONTINUOUS
10
127.3186609999999916
20
-79.0263549999999952
11
127.1417749999999955
21
-78.9911699999999968
0
LINE
8
BLACK
6
CONTINUOUS
10
127.1417749999999955
20
-78.9911699999999968
11
126.9751519999999942
21
-78.9221529999999944
0
LINE
8
BLACK
6
CONTINUOUS
10
126.9751519999999942
20
-78.9221529999999944
11
126.9606859999999955
21
-78.9124869999999987
0
LINE
8
BLACK
6
CONTINUOUS
10
126.9606859999999955
20
-78.9124869999999987
11
126.582144999999997
21
-79.2910269999999997
0
LINE
8
BLACK
6
CONTINUOUS
10
126.582144999999997
20
-79.2910269999999997
11
126.5794369999999986
21
-79.3039179999999959
0
LINE
8
BLACK
6
CONTINUOUS
10
126.5794369999999986
20
-79.3039179999999959
11
126.5303830000000005
21
-79.3536720000000031
0
LINE
8
BLACK
6
CONTINUOUS
10
126.5303830000000005
20
-79.3536720000000031
11
126.4834419999999966
21
-79.3685529999999915
0
LINE
8
BLACK
6
CONTINUOUS
10
126.4834419999999966
20
-79.3685529999999915
11
126.4763529999999889
21
-79.3693150000000003
0
LINE
8
BLACK
6
CONTINUOUS
10
126.4763529999999889
20
-79.3693150000000003
11
126.3415079999999904
21
-79.4196079999999967
0
LINE
8
BLACK
6
CONTINUOUS
10
126.3415079999999904
20
-79.4196079999999967
11
126.3415009999999938
21
-79.4196120000000008
0
LINE
8
BLACK
6
CONTINUOUS
10
126.3415009999999938
20
-79.4196120000000008
11
126.2262929999999983
21
-79.5058580000000035
0
LINE
8
BLACK
6
CONTINUOUS
10
126.2262929999999983
20
-79.5058580000000035
11
126.2262920000000008
21
-79.5058590000000009
0
LINE
8
BLACK
6
CONTINUOUS
10
126.2262920000000008
20
-79.5058590000000009
11
126.2262909999999891
21
-79.5058599999999984
0
LINE
8
BLACK
6
CONTINUOUS
10
126.2262909999999891
20
-79.5058599999999984
11
126.2237629999999911
21
-79.5092349999999897
0
LINE
8
BLACK
6
CONTINUOUS
10
126.2237629999999911
20
-79.5092349999999897
11
126.2203879999999998
21
-79.5117619999999903
0
LINE
8
BLACK
6
CONTINUOUS
10
126.2203879999999998
20
-79.5117619999999903
11
126.220019999999991
21
-79.5121309999999966
0
LINE
8
BLACK
6
CONTINUOUS
10
126.220019999999991
20
-79.5121309999999966
11
126.2199659999999994
21
-79.5120769999999908
0
LINE
8
BLACK
6
CONTINUOUS
10
126.2199659999999994
20
-79.5120769999999908
11
126.167829999999995
21
-79.5511039999999952
0
LINE
8
BLACK
6
CONTINUOUS
10
126.167829999999995
20
-79.5511039999999952
11
126.0981379999999916
21
-79.5560859999999934
0
LINE
8
BLACK
6
CONTINUOUS
10
126.0981379999999916
20
-79.5560859999999934
11
126.0368159999999875
21
-79.5225999999999971
0
LINE
8
BLACK
6
CONTINUOUS
10
126.0368159999999875
20
-79.5225999999999971
11
126.0033329999999978
21
-79.4612750000000005
0
LINE
8
BLACK
6
CONTINUOUS
10
126.0033329999999978
20
-79.4612750000000005
11
126.0004999999999882
21
-79.4349210000000028
0
LINE
8
BLACK
6
CONTINUOUS
10
126.0004999999999882
20
-79.4349210000000028
11
126.0004999999999882
21
-78.9698559999999929
0
LINE
8
BLACK
6
CONTINUOUS
10
126.0004999999999882
20
-78.9698559999999929
11
126.0201849999999979
21
-78.9028169999999989
0
LINE
8
BLACK
6
CONTINUOUS
10
126.0201849999999979
20
-78.9028169999999989
11
126.0729889999999926
21
-78.8570619999999991
0
LINE
8
BLACK
6
CONTINUOUS
10
126.0729889999999926
20
-78.8570619999999991
11
126.1421469999999943
21
-78.8471179999999947
0
LINE
8
BLACK
6
CONTINUOUS
10
126.1421469999999943
20
-78.8471179999999947
11
126.2057029999999997
21
-78.876142999999999
0
LINE
8
BLACK
6
CONTINUOUS
10
126.2057029999999997
20
-78.876142999999999
11
126.2248179999999991
21
-78.8969709999999935
0
LINE
8
BLACK
6
CONTINUOUS
10
126.2248179999999991
20
-78.8969709999999935
11
126.2434499999999957
21
-78.9226159999999908
0
LINE
8
BLACK
6
CONTINUOUS
10
126.2434499999999957
20
-78.9226159999999908
11
126.2434509999999932
21
-78.9226170000000025
0
LINE
8
BLACK
6
CONTINUOUS
10
126.2434509999999932
20
-78.9226170000000025
11
126.6071329999999904
21
-78.5589339999999936
0
LINE
8
BLACK
6
CONTINUOUS
10
126.6071329999999904
20
-78.5589339999999936
11
126.5974689999999896
21
-78.5444699999999898
0
LINE
8
BLACK
6
CONTINUOUS
10
126.5974689999999896
20
-78.5444699999999898
11
126.5284519999999873
21
-78.3778470000000027
0
LINE
8
BLACK
6
CONTINUOUS
10
126.5284519999999873
20
-78.3778470000000027
11
126.4932669999999888
21
-78.2009609999999924
0
LINE
8
BLACK
6
CONTINUOUS
10
126.4932669999999888
20
-78.2009609999999924
11
126.4932669999999888
21
-78.0206089999999932
0
LINE
8
BLACK
6
CONTINUOUS
10
126.4932669999999888
20
-78.0206089999999932
11
126.5284519999999873
21
-77.8437229999999971
0
LINE
8
BLACK
6
CONTINUOUS
10
126.5284519999999873
20
-77.8437229999999971
11
126.5974689999999896
21
-77.6770999999999958
0
LINE
8
BLACK
6
CONTINUOUS
10
126.5974689999999896
20
-77.6770999999999958
11
126.6071339999999879
21
-77.6626339999999971
0
LINE
8
BLACK
6
CONTINUOUS
10
126.6071339999999879
20
-77.6626339999999971
11
126.2434519999999907
21
-77.2989519999999999
0
LINE
8
BLACK
6
CONTINUOUS
10
126.2434519999999907
20
-77.2989519999999999
11
126.2434499999999957
21
-77.2989519999999999
0
LINE
8
BLACK
6
CONTINUOUS
10
126.2434499999999957
20
-77.2989519999999999
11
126.2248179999999991
21
-77.3245979999999946
0
LINE
8
BLACK
6
CONTINUOUS
10
126.2248179999999991
20
-77.3245979999999946
11
126.1694880000000012
21
-77.3672639999999916
0
LINE
8
BLACK
6
CONTINUOUS
10
126.1694880000000012
20
-77.3672639999999916
11
126.0998749999999973
21
-77.3732430000000022
0
LINE
8
BLACK
6
CONTINUOUS
10
126.0998749999999973
20
-77.3732430000000022
11
126.0380799999999937
21
-77.3406379999999984
0
LINE
8
BLACK
6
CONTINUOUS
10
126.0380799999999937
20
-77.3406379999999984
11
126.0037229999999937
21
-77.279798999999997
0
LINE
8
BLACK
6
CONTINUOUS
10
126.0037229999999937
20
-77.279798999999997
11
126.0004999999999882
21
-77.2517129999999952
0
LINE
8
BLACK
6
CONTINUOUS
10
126.0004999999999882
20
-77.2517129999999952
11
126.0004999999999882
21
-76.4987589999999926
0
LINE
8
BLACK
6
CONTINUOUS
10
126.0004999999999882
20
-76.4987589999999926
11
126.0201849999999979
21
-76.4317199999999985
0
LINE
8
BLACK
6
CONTINUOUS
10
126.0201849999999979
20
-76.4317199999999985
11
126.0729889999999926
21
-76.3859649999999988
0
LINE
8
BLACK
6
CONTINUOUS
10
126.0729889999999926
20
-76.3859649999999988
11
126.1421469999999943
21
-76.3760209999999944
0
LINE
8
BLACK
6
CONTINUOUS
10
126.1421469999999943
20
-76.3760209999999944
11
126.2057029999999997
21
-76.4050459999999987
0
LINE
8
BLACK
6
CONTINUOUS
10
126.2057029999999997
20
-76.4050459999999987
11
126.2248159999999899
21
-76.4258710000000008
0
LINE
8
BLACK
6
CONTINUOUS
10
126.2248159999999899
20
-76.4258710000000008
11
126.2290659999999889
21
-76.4317199999999985
0
LINE
8
BLACK
6
CONTINUOUS
10
126.2290659999999889
20
-76.4317199999999985
11
126.2948299999999904
21
-76.5222369999999898
0
LINE
8
BLACK
6
CONTINUOUS
10
126.2948299999999904
20
-76.5222369999999898
11
126.4573859999999996
21
-76.6847929999999991
0
LINE
8
BLACK
6
CONTINUOUS
10
126.4573859999999996
20
-76.6847929999999991
11
126.4573910000000012
21
-76.6847970000000032
0
LINE
8
BLACK
6
CONTINUOUS
10
126.4573910000000012
20
-76.6847970000000032
11
126.5684649999999891
21
-76.7654969999999963
0
LINE
8
BLACK
6
CONTINUOUS
10
126.5684649999999891
20
-76.7654969999999963
11
126.6111310000000003
21
-76.8208269999999942
0
LINE
8
BLACK
6
CONTINUOUS
10
126.6111310000000003
20
-76.8208269999999942
11
126.6171099999999967
21
-76.8904399999999981
0
LINE
8
BLACK
6
CONTINUOUS
10
126.6171099999999967
20
-76.8904399999999981
11
126.5985629999999986
21
-76.9255899999999997
0
LINE
8
BLACK
6
CONTINUOUS
10
126.5985629999999986
20
-76.9255899999999997
11
126.5970039999999983
21
-76.9453999999999922
0
LINE
8
BLACK
6
CONTINUOUS
10
126.5970039999999983
20
-76.9453999999999922
11
126.9606859999999955
21
-77.3090819999999894
0
LINE
8
BLACK
6
CONTINUOUS
10
126.9606859999999955
20
-77.3090819999999894
11
126.9751519999999942
21
-77.2994169999999912
0
LINE
8
BLACK
6
CONTINUOUS
10
126.9751519999999942
20
-77.2994169999999912
11
127.1417749999999955
21
-77.230400000000003
0
LINE
8
BLACK
6
CONTINUOUS
10
127.1417749999999955
20
-77.230400000000003
11
127.3186609999999916
21
-77.1952149999999904
0
LINE
8
BLACK
6
CONTINUOUS
10
127.3186609999999916
20
-77.1952149999999904
11
127.4990129999999908
21
-77.1952149999999904
0
LINE
8
BLACK
6
CONTINUOUS
10
127.4990129999999908
20
-77.1952149999999904
11
127.6758990000000011
21
-77.230400000000003
0
LINE
8
BLACK
6
CONTINUOUS
10
127.6758990000000011
20
-77.230400000000003
11
127.8425219999999882
21
-77.2994169999999912
0
LINE
8
BLACK
6
CONTINUOUS
10
127.8425219999999882
20
-77.2994169999999912
11
127.8569849999999946
21
-77.3090809999999919
0
LINE
8
BLACK
6
CONTINUOUS
10
127.8569849999999946
20
-77.3090809999999919
11
128.2206689999999867
21
-76.9453989999999948
0
LINE
8
BLACK
6
CONTINUOUS
10
128.2206689999999867
20
-76.9453989999999948
11
128.2192420000000084
21
-76.927273999999997
0
LINE
8
BLACK
6
CONTINUOUS
10
128.2192420000000084
20
-76.927273999999997
11
128.2065409999999872
21
-76.9108030000000014
0
LINE
8
BLACK
6
CONTINUOUS
10
128.2065409999999872
20
-76.9108030000000014
11
128.2005619999999908
21
-76.8411899999999974
0
LINE
8
BLACK
6
CONTINUOUS
10
128.2005619999999908
20
-76.8411899999999974
11
128.2331669999999804
21
-76.7793949999999938
0
LINE
8
BLACK
6
CONTINUOUS
10
128.2331669999999804
20
-76.7793949999999938
11
128.2492019999999968
21
-76.765500000000003
0
LINE
8
BLACK
6
CONTINUOUS
10
128.2492019999999968
20
-76.765500000000003
11
128.3602889999999945
21
-76.6847920000000016
0
LINE
8
BLACK
6
CONTINUOUS
10
128.3602889999999945
20
-76.6847920000000016
11
128.5228439999999921
21
-76.5222369999999898
0
LINE
8
BLACK
6
CONTINUOUS
10
128.5228439999999921
20
-76.5222369999999898
11
128.6579679999999826
21
-76.3362539999999967
0
LINE
8
BLACK
6
CONTINUOUS
10
128.6579679999999826
20
-76.3362539999999967
11
128.7623350000000073
21
-76.1314220000000006
0
LINE
8
BLACK
6
CONTINUOUS
10
128.7623350000000073
20
-76.1314220000000006
11
128.8333739999999921
21
-75.912785999999997
0
LINE
8
BLACK
6
CONTINUOUS
10
128.8333739999999921
20
-75.912785999999997
11
128.8693370000000016
21
-75.6857289999999949
0
LINE
8
BLACK
6
CONTINUOUS
10
128.8693370000000016
20
-75.6857289999999949
11
128.8693370000000016
21
-75.4558409999999924
0
LINE
8
BLACK
6
CONTINUOUS
10
128.8693370000000016
20
-75.4558409999999924
11
128.8333739999999921
21
-75.2287839999999903
0
LINE
8
BLACK
6
CONTINUOUS
10
128.8333739999999921
20
-75.2287839999999903
11
128.8333729999999946
21
-75.2287800000000004
0
LINE
8
BLACK
6
CONTINUOUS
10
128.8333729999999946
20
-75.2287800000000004
11
128.8333729999999946
21
-75.228779000000003
0
LINE
8
BLACK
6
CONTINUOUS
10
128.8333729999999946
20
-75.228779000000003
11
128.7623360000000048
21
-75.0101499999999959
0
LINE
8
BLACK
6
CONTINUOUS
10
128.7623360000000048
20
-75.0101499999999959
11
128.731693000000007
21
-74.9500099999999918
0
LINE
8
BLACK
6
CONTINUOUS
10
128.731693000000007
20
-74.9500099999999918
11
128.6579679999999826
21
-74.8053159999999906
0
LINE
8
BLACK
6
CONTINUOUS
10
128.6579679999999826
20
-74.8053159999999906
11
128.5830559999999991
21
-74.7022079999999988
0
LINE
8
BLACK
6
CONTINUOUS
10
128.5830559999999991
20
-74.7022079999999988
11
128.5633860000000084
21
-74.6751339999999999
0
LINE
8
BLACK
6
CONTINUOUS
10
128.5633860000000084
20
-74.6751339999999999
11
128.539906000000002
21
-74.6093279999999908
0
LINE
8
BLACK
6
CONTINUOUS
10
128.539906000000002
20
-74.6093279999999908
11
128.5557320000000061
21
-74.5412740000000014
0
LINE
8
BLACK
6
CONTINUOUS
10
128.5557320000000061
20
-74.5412740000000014
11
128.6058370000000082
21
-74.4925789999999921
0
LINE
8
BLACK
6
CONTINUOUS
10
128.6058370000000082
20
-74.4925789999999921
11
128.6203620000000001
21
-74.486069999999998
0
LINE
8
BLACK
6
CONTINUOUS
10
128.6203620000000001
20
-74.486069999999998
11
128.6511679999999842
21
-74.4745810000000006
0
LINE
8
BLACK
6
CONTINUOUS
10
128.6511679999999842
20
-74.4745810000000006
11
128.7663829999999905
21
-74.3883309999999938
0
LINE
8
BLACK
6
CONTINUOUS
10
128.7663829999999905
20
-74.3883309999999938
11
128.8526329999999973
21
-74.2731160000000017
0
LINE
8
BLACK
6
CONTINUOUS
10
128.8526329999999973
20
-74.2731160000000017
11
128.9029280000000028
21
-74.1382679999999965
0
LINE
8
BLACK
6
CONTINUOUS
10
128.9029280000000028
20
-74.1382679999999965
11
128.9093369999999936
21
-74.0786579999999901
0
LINE
8
BLACK
6
CONTINUOUS
10
128.9093369999999936
20
-74.0786579999999901
11
128.9093369999999936
21
-73.855284999999995
0
LINE
8
BLACK
6
CONTINUOUS
10
128.9093369999999936
20
-73.855284999999995
11
128.9290220000000033
21
-73.7882460000000009
0
LINE
8
BLACK
6
CONTINUOUS
10
128.9290220000000033
20
-73.7882460000000009
11
128.9818259999999839
21
-73.7424910000000011
0
LINE
8
BLACK
6
CONTINUOUS
10
128.9818259999999839
20
-73.7424910000000011
11
129.0333369999999888
21
-73.7312849999999997
0
LINE
8
BLACK
6
CONTINUOUS
10
129.0333369999999888
20
-73.7312849999999997
11
130.4754999999999825
21
-73.7312849999999997
0
LINE
8
BLACK
6
CONTINUOUS
10
130.4754999999999825
20
-73.7312849999999997
11
130.542539000000005
21
-73.7509699999999953
0
LINE
8
BLACK
6
CONTINUOUS
10
130.542539000000005
20
-73.7509699999999953
11
130.5882939999999905
21
-73.80377399999999
0
LINE
8
BLACK
6
CONTINUOUS
10
130.5882939999999905
20
-73.80377399999999
11
130.5995000000000061
21
-73.855284999999995
0
LINE
8
BLACK
6
CONTINUOUS
10
130.5995000000000061
20
-73.855284999999995
11
130.5995000000000061
21
-89.1410059999999902
0
LINE
8
BLACK
6
CONTINUOUS
10
130.5995000000000061
20
-89.1410059999999902
11
130.5995000000000061
21
-89.2789939999999973
0
LINE
8
BLACK
6
CONTINUOUS
10
130.5995000000000061
20
-89.2789939999999973
11
130.5995000000000061
21
-89.2789959999999923
0
LINE
8
BLACK
6
CONTINUOUS
10
130.5995000000000061
20
-89.2789959999999923
11
130.5994989999999802
21
-89.2789959999999923
0
LINE
8
BLACK
6
CONTINUOUS
10
130.5994989999999802
20
-89.2789959999999923
11
130.626418000000001
21
-89.4143219999999985
0
LINE
8
BLACK
6
CONTINUOUS
10
130.626418000000001
20
-89.4143219999999985
11
130.6264209999999935
21
-89.4143320000000017
0
LINE
8
BLACK
6
CONTINUOUS
10
130.6264209999999935
20
-89.4143320000000017
11
130.6792219999999816
21
-89.5418069999999915
0
LINE
8
BLACK
6
CONTINUOUS
10
130.6792219999999816
20
-89.5418069999999915
11
130.7558870000000013
21
-89.6565449999999942
0
LINE
8
BLACK
6
CONTINUOUS
10
130.7558870000000013
20
-89.6565449999999942
11
130.7558879999999988
21
-89.6565459999999916
0
LINE
8
BLACK
6
CONTINUOUS
10
130.7558879999999988
20
-89.6565459999999916
11
131.7505419999999958
21
-90.6511989999999912
0
LINE
8
BLACK
6
CONTINUOUS
10
131.7505419999999958
20
-90.6511989999999912
11
131.7840269999999805
21
-90.7125219999999928
0
LINE
8
BLACK
6
CONTINUOUS
10
131.7840269999999805
20
-90.7125219999999928
11
131.7868609999999876
21
-90.7388799999999947
0
LINE
8
BLACK
6
CONTINUOUS
10
131.7868609999999876
20
-90.7388799999999947
11
131.7868609999999876
21
-92.2190119999999922
0
LINE
8
BLACK
6
CONTINUOUS
10
131.7868609999999876
20
-92.2190119999999922
11
131.7868619999999851
21
-92.2190179999999913
0
LINE
8
BLACK
6
CONTINUOUS
10
131.7868619999999851
20
-92.2190179999999913
11
131.7932689999999809
21
-92.278624999999991
0
LINE
8
BLACK
6
CONTINUOUS
10
131.7932689999999809
20
-92.278624999999991
11
131.843562999999989
21
-92.4134699999999896
0
LINE
8
BLACK
6
CONTINUOUS
10
131.843562999999989
20
-92.4134699999999896
11
131.8435670000000073
21
-92.4134770000000003
0
LINE
8
BLACK
6
CONTINUOUS
10
131.8435670000000073
20
-92.4134770000000003
11
131.9298129999999958
21
-92.5286859999999933
0
LINE
8
BLACK
6
CONTINUOUS
10
131.9298129999999958
20
-92.5286859999999933
11
131.9298159999999882
21
-92.528689
0
LINE
8
BLACK
6
CONTINUOUS
10
131.9298159999999882
20
-92.528689
11
132.0450249999999812
21
-92.6149350000000027
0
LINE
8
BLACK
6
CONTINUOUS
10
132.0450249999999812
20
-92.6149350000000027
11
132.045031999999992
21
-92.6149389999999926
0
LINE
8
BLACK
6
CONTINUOUS
10
132.045031999999992
20
-92.6149389999999926
11
132.1798780000000022
21
-92.6652330000000006
0
LINE
8
BLACK
6
CONTINUOUS
10
132.1798780000000022
20
-92.6652330000000006
11
132.1798770000000047
21
-92.6652330000000006
0
LINE
8
BLACK
6
CONTINUOUS
10
132.1798770000000047
20
-92.6652330000000006
11
132.1868049999999926
21
-92.665976999999998
0
LINE
8
BLACK
6
CONTINUOUS
10
132.1868049999999926
20
-92.665976999999998
11
132.2394879999999944
21
-92.6716419999999914
0
LINE
8
BLACK
6
CONTINUOUS
10
132.2394879999999944
20
-92.6716419999999914
11
134.3352329999999881
21
-92.6716409999999939
0
LINE
8
BLACK
6
CONTINUOUS
10
134.3352329999999881
20
-92.6716409999999939
11
134.3948440000000062
21
-92.6652330000000006
0
LINE
8
BLACK
6
CONTINUOUS
10
134.3948440000000062
20
-92.6652330000000006
11
134.529691999999983
21
-92.6149379999999951
0
LINE
8
BLACK
6
CONTINUOUS
10
134.529691999999983
20
-92.6149379999999951
11
134.6449069999999892
21
-92.5286880000000025
0
LINE
8
BLACK
6
CONTINUOUS
10
134.6449069999999892
20
-92.5286880000000025
11
134.7311569999999961
21
-92.4134729999999962
0
LINE
8
BLACK
6
CONTINUOUS
10
134.7311569999999961
20
-92.4134729999999962
11
134.7341140000000053
21
-92.4055449999999894
0
LINE
8
BLACK
6
CONTINUOUS
10
134.7341140000000053
20
-92.4055449999999894
11
134.7491660000000024
21
-92.3854350000000011
0
LINE
8
BLACK
6
CONTINUOUS
10
134.7491660000000024
20
-92.3854350000000011
11
134.7607209999999895
21
-92.3631299999999982
0
LINE
8
BLACK
6
CONTINUOUS
10
134.7607209999999895
20
-92.3631299999999982
11
134.7697450000000003
21
-92.3579429999999917
0
LINE
8
BLACK
6
CONTINUOUS
10
134.7697450000000003
20
-92.3579429999999917
11
134.7759829999999965
21
-92.3496099999999984
0
LINE
8
BLACK
6
CONTINUOUS
10
134.7759829999999965
20
-92.3496099999999984
11
134.7995209999999986
21
-92.3408289999999994
0
LINE
8
BLACK
6
CONTINUOUS
10
134.7995209999999986
20
-92.3408289999999994
11
134.8212979999999845
21
-92.3283139999999918
0
LINE
8
BLACK
6
CONTINUOUS
10
134.8212979999999845
20
-92.3283139999999918
11
134.8316920000000039
21
-92.3288289999999989
0
LINE
8
BLACK
6
CONTINUOUS
10
134.8316920000000039
20
-92.3288289999999989
11
134.8414469999999881
21
-92.3251909999999896
0
LINE
8
BLACK
6
CONTINUOUS
10
134.8414469999999881
20
-92.3251909999999896
11
134.8659930000000031
21
-92.330529999999996
0
LINE
8
BLACK
6
CONTINUOUS
10
134.8659930000000031
20
-92.330529999999996
11
134.8910819999999831
21
-92.3317739999999958
0
LINE
8
BLACK
6
CONTINUOUS
10
134.8910819999999831
20
-92.3317739999999958
11
134.9048799999999915
21
-92.3389880000000005
0
LINE
8
BLACK
6
CONTINUOUS
10
134.9048799999999915
20
-92.3389880000000005
11
134.909719999999993
21
-92.3400409999999994
0
LINE
8
BLACK
6
CONTINUOUS
10
134.909719999999993
20
-92.3400409999999994
11
134.9224209999999857
21
-92.348007999999993
0
LINE
8
BLACK
6
CONTINUOUS
10
134.9224209999999857
20
-92.348007999999993
11
134.9228219999999965
21
-92.3482939999999957
0
LINE
8
BLACK
6
CONTINUOUS
10
134.9228219999999965
20
-92.3482939999999957
11
135.0218919999999798
21
-92.4202729999999946
0
LINE
8
BLACK
6
CONTINUOUS
10
135.0218919999999798
20
-92.4202729999999946
11
135.0274339999999995
21
-92.423096000000001
0
LINE
8
BLACK
6
CONTINUOUS
10
135.0274339999999995
20
-92.423096000000001
11
135.034985000000006
21
-92.4284959999999955
0
LINE
8
BLACK
6
CONTINUOUS
10
135.034985000000006
20
-92.4284959999999955
11
135.0510260000000073
21
-92.4489760000000018
0
LINE
8
BLACK
6
CONTINUOUS
10
135.0510260000000073
20
-92.4489760000000018
11
135.069942999999995
21
-92.4668379999999956
0
LINE
8
BLACK
6
CONTINUOUS
10
135.069942999999995
20
-92.4668379999999956
11
135.072542999999996
21
-92.4764479999999907
0
LINE
8
BLACK
6
CONTINUOUS
10
135.072542999999996
20
-92.4764479999999907
11
135.0780680000000018
21
-92.4835020000000014
0
LINE
8
BLACK
6
CONTINUOUS
10
135.0780680000000018
20
-92.4835020000000014
11
135.0799779999999828
21
-92.5039249999999953
0
LINE
8
BLACK
6
CONTINUOUS
10
135.0799779999999828
20
-92.5039249999999953
11
135.086860999999999
21
-92.5293629999999894
0
LINE
8
BLACK
6
CONTINUOUS
10
135.086860999999999
20
-92.5293629999999894
11
135.086860999999999
21
-94.3519950000000023
0
LINE
8
BLACK
6
CONTINUOUS
10
135.086860999999999
20
-94.3519950000000023
11
135.0971169999999972
21
-94.4035519999999906
0
LINE
8
BLACK
6
CONTINUOUS
10
135.0971169999999972
20
-94.4035519999999906
11
135.0995000000000061
21
-94.4277450000000016
0
LINE
8
BLACK
6
CONTINUOUS
10
135.0995000000000061
20
-94.4277450000000016
11
135.0995000000000061
21
-94.6125739999999951
0
LINE
8
BLACK
6
CONTINUOUS
10
135.0995000000000061
20
-94.6125739999999951
11
135.0798149999999964
21
-94.6796129999999891
0
LINE
8
BLACK
6
CONTINUOUS
10
135.0798149999999964
20
-94.6796129999999891
11
135.0277099999999848
21
-94.7247610000000009
0
LINE
8
BLACK
6
CONTINUOUS
10
135.0277099999999848
20
-94.7247610000000009
11
135.0277580000000057
21
-94.7248579999999976
0
LINE
8
BLACK
6
CONTINUOUS
10
135.0277580000000057
20
-94.7248579999999976
11
135.0273899999999969
21
-94.7250389999999953
0
LINE
8
BLACK
6
CONTINUOUS
10
135.0273899999999969
20
-94.7250389999999953
11
135.0270109999999875
21
-94.7253679999999889
0
LINE
8
BLACK
6
CONTINUOUS
10
135.0270109999999875
20
-94.7253679999999889
11
135.0245529999999974
21
-94.7264380000000017
0
LINE
8
BLACK
6
CONTINUOUS
10
135.0245529999999974
20
-94.7264380000000017
11
135.0241089999999815
21
-94.7266569999999888
0
LINE
8
BLACK
6
CONTINUOUS
10
135.0241089999999815
20
-94.7266569999999888
11
134.8253819999999905
21
-94.841391999999999
0
LINE
8
BLACK
6
CONTINUOUS
10
134.8253819999999905
20
-94.841391999999999
11
134.643338
21
-94.981080999999989
0
LINE
8
BLACK
6
CONTINUOUS
10
134.643338
20
-94.981080999999989
11
134.481080999999989
21
-95.143338
0
LINE
8
BLACK
6
CONTINUOUS
10
134.481080999999989
20
-95.143338
11
134.3413919999999848
21
-95.3253819999999905
0
LINE
8
BLACK
6
CONTINUOUS
10
134.3413919999999848
20
-95.3253819999999905
11
134.2266569999999888
21
-95.5241089999999957
0
LINE
8
BLACK
6
CONTINUOUS
10
134.2266569999999888
20
-95.5241089999999957
11
134.2266500000000065
21
-95.5241229999999888
0
LINE
8
BLACK
6
CONTINUOUS
10
134.2266500000000065
20
-95.5241229999999888
11
134.1388419999999826
21
-95.7361119999999914
0
LINE
8
BLACK
6
CONTINUOUS
10
134.1388419999999826
20
-95.7361119999999914
11
134.1148509999999874
21
-95.825648000000001
0
LINE
8
BLACK
6
CONTINUOUS
10
134.1148509999999874
20
-95.825648000000001
11
134.0841099999999813
21
-95.9403799999999904
0
LINE
8
BLACK
6
CONTINUOUS
10
134.0841099999999813
20
-95.9403799999999904
11
134.0794530000000009
21
-95.9577589999999958
0
LINE
8
BLACK
6
CONTINUOUS
10
134.0794530000000009
20
-95.9577589999999958
11
134.0794510000000059
21
-95.9577699999999965
0
LINE
8
BLACK
6
CONTINUOUS
10
134.0794510000000059
20
-95.9577699999999965
11
134.0494999999999948
21
-96.1852579999999904
0
LINE
8
BLACK
6
CONTINUOUS
10
134.0494999999999948
20
-96.1852579999999904
11
134.0494999999999948
21
-96.4147409999999923
0
LINE
8
BLACK
6
CONTINUOUS
10
134.0494999999999948
20
-96.4147409999999923
11
134.0744459999999947
21
-96.6042149999999964
0
LINE
8
BLACK
6
CONTINUOUS
10
134.0744459999999947
20
-96.6042149999999964
11
134.0794520000000034
21
-96.6422379999999919
0
LINE
8
BLACK
6
CONTINUOUS
10
134.0794520000000034
20
-96.6422379999999919
11
134.0794530000000009
21
-96.642240000000001
0
LINE
8
BLACK
6
CONTINUOUS
10
134.0794530000000009
20
-96.642240000000001
11
134.1388419999999826
21
-96.8638869999999912
0
LINE
8
BLACK
6
CONTINUOUS
10
134.1388419999999826
20
-96.8638869999999912
11
134.2279639999999858
21
-97.0790480000000002
0
LINE
8
BLACK
6
CONTINUOUS
10
134.2279639999999858
20
-97.0790480000000002
11
134.2354330000000004
21
-97.1485169999999982
0
LINE
8
BLACK
6
CONTINUOUS
10
134.2354330000000004
20
-97.1485169999999982
11
134.2041580000000067
21
-97.2109959999999944
0
LINE
8
BLACK
6
CONTINUOUS
10
134.2041580000000067
20
-97.2109959999999944
11
134.1440690000000018
21
-97.2466479999999933
0
LINE
8
BLACK
6
CONTINUOUS
10
134.1440690000000018
20
-97.2466479999999933
11
134.1134030000000052
21
-97.2505000000000024
0
LINE
8
BLACK
6
CONTINUOUS
10
134.1134030000000052
20
-97.2505000000000024
11
132.9865969999999891
21
-97.2505000000000024
0
LINE
8
BLACK
6
CONTINUOUS
10
132.9865969999999891
20
-97.2505000000000024
11
132.919557999999995
21
-97.2308149999999927
0
LINE
8
BLACK
6
CONTINUOUS
10
132.919557999999995
20
-97.2308149999999927
11
132.873802999999981
21
-97.1780109999999979
0
LINE
8
BLACK
6
CONTINUOUS
10
132.873802999999981
20
-97.1780109999999979
11
132.8638589999999908
21
-97.1088529999999963
0
LINE
8
BLACK
6
CONTINUOUS
10
132.8638589999999908
20
-97.1088529999999963
11
132.87203599999998
21
-97.0790480000000002
0
LINE
8
BLACK
6
CONTINUOUS
10
132.87203599999998
20
-97.0790480000000002
11
132.9147269999999992
21
-96.9759799999999927
0
LINE
8
BLACK
6
CONTINUOUS
10
132.9147269999999992
20
-96.9759799999999927
11
132.9611579999999833
21
-96.8638869999999912
0
LINE
8
BLACK
6
CONTINUOUS
10
132.9611579999999833
20
-96.8638869999999912
11
133.0205479999999909
21
-96.6422379999999919
0
LINE
8
BLACK
6
CONTINUOUS
10
133.0205479999999909
20
-96.6422379999999919
11
133.0504999999999995
21
-96.4147339999999957
0
LINE
8
BLACK
6
CONTINUOUS
10
133.0504999999999995
20
-96.4147339999999957
11
133.0504999999999995
21
-96.1852659999999986
0
LINE
8
BLACK
6
CONTINUOUS
10
133.0504999999999995
20
-96.1852659999999986
11
133.0205479999999909
21
-95.9577620000000024
0
LINE
8
BLACK
6
CONTINUOUS
10
133.0205479999999909
20
-95.9577620000000024
11
132.9611579999999833
21
-95.7361129999999889
0
LINE
8
BLACK
6
CONTINUOUS
10
132.9611579999999833
20
-95.7361129999999889
11
132.9056640000000016
21
-95.6021379999999965
0
LINE
8
BLACK
6
CONTINUOUS
10
132.9056640000000016
20
-95.6021379999999965
11
132.8733489999999904
21
-95.5241229999999888
0
LINE
8
BLACK
6
CONTINUOUS
10
132.8733489999999904
20
-95.5241229999999888
11
132.873345999999998
21
-95.5241169999999897
0
LINE
8
BLACK
6
CONTINUOUS
10
132.873345999999998
20
-95.5241169999999897
11
132.873344000000003
21
-95.5241120000000024
0
LINE
8
BLACK
6
CONTINUOUS
10
132.873344000000003
20
-95.5241120000000024
11
132.7586110000000019
21
-95.3253879999999896
0
LINE
8
BLACK
6
CONTINUOUS
10
132.7586110000000019
20
-95.3253879999999896
11
132.7586079999999811
21
-95.3253849999999971
0
LINE
8
BLACK
6
CONTINUOUS
10
132.7586079999999811
20
-95.3253849999999971
11
132.7586069999999836
21
-95.3253819999999905
0
LINE
8
BLACK
6
CONTINUOUS
10
132.7586069999999836
20
-95.3253819999999905
11
132.6258090000000038
21
-95.152317999999994
0
LINE
8
BLACK
6
CONTINUOUS
10
132.6258090000000038
20
-95.152317999999994
11
132.6189190000000053
21
-95.1433389999999974
0
LINE
8
BLACK
6
CONTINUOUS
10
132.6189190000000053
20
-95.1433389999999974
11
132.6189180000000079
21
-95.143338
0
LINE
8
BLACK
6
CONTINUOUS
10
132.6189180000000079
20
-95.143338
11
132.6189109999999971
21
-95.1433299999999917
0
LINE
8
BLACK
6
CONTINUOUS
10
132.6189109999999971
20
-95.1433299999999917
11
132.4566700000000026
21
-94.9810889999999972
0
LINE
8
BLACK
6
CONTINUOUS
10
132.4566700000000026
20
-94.9810889999999972
11
132.4566609999999969
21
-94.981080999999989
0
LINE
8
BLACK
6
CONTINUOUS
10
132.4566609999999969
20
-94.981080999999989
11
132.2746170000000063
21
-94.841391999999999
0
LINE
8
BLACK
6
CONTINUOUS
10
132.2746170000000063
20
-94.841391999999999
11
132.0758899999999869
21
-94.7266569999999888
0
LINE
8
BLACK
6
CONTINUOUS
10
132.0758899999999869
20
-94.7266569999999888
11
132.0758759999999938
21
-94.7266499999999922
0
LINE
8
BLACK
6
CONTINUOUS
10
132.0758759999999938
20
-94.7266499999999922
11
131.8638870000000054
21
-94.6388419999999968
0
LINE
8
BLACK
6
CONTINUOUS
10
131.8638870000000054
20
-94.6388419999999968
11
131.7658519999999953
21
-94.6125739999999951
0
LINE
8
BLACK
6
CONTINUOUS
10
131.7658519999999953
20
-94.6125739999999951
11
131.6422379999999919
21
-94.5794519999999892
0
LINE
8
BLACK
6
CONTINUOUS
10
131.6422379999999919
20
-94.5794519999999892
11
131.6042149999999822
21
-94.5744459999999947
0
LINE
8
BLACK
6
CONTINUOUS
10
131.6042149999999822
20
-94.5744459999999947
11
131.4147409999999923
21
-94.5494999999999948
0
LINE
8
BLACK
6
CONTINUOUS
10
131.4147409999999923
20
-94.5494999999999948
11
131.4147339999999815
21
-94.5494999999999948
0
LINE
8
BLACK
6
CONTINUOUS
10
131.4147339999999815
20
-94.5494999999999948
11
131.1852659999999844
21
-94.5494999999999948
0
LINE
8
BLACK
6
CONTINUOUS
10
131.1852659999999844
20
-94.5494999999999948
11
131.1852580000000046
21
-94.5494999999999948
0
LINE
8
BLACK
6
CONTINUOUS
10
131.1852580000000046
20
-94.5494999999999948
11
130.9687150000000031
21
-94.5780089999999944
0
LINE
8
BLACK
6
CONTINUOUS
10
130.9687150000000031
20
-94.5780089999999944
11
130.9577620000000024
21
-94.5794519999999892
0
LINE
8
BLACK
6
CONTINUOUS
10
130.9577620000000024
20
-94.5794519999999892
11
130.8847030000000018
21
-94.5990279999999899
0
LINE
8
BLACK
6
CONTINUOUS
10
130.8847030000000018
20
-94.5990279999999899
11
130.7361129999999889
21
-94.6388419999999968
0
LINE
8
BLACK
6
CONTINUOUS
10
130.7361129999999889
20
-94.6388419999999968
11
130.7322599999999966
21
-94.6401499999999913
0
LINE
8
BLACK
6
CONTINUOUS
10
130.7322599999999966
20
-94.6401499999999913
11
130.7318520000000035
21
-94.6389489999999967
0
LINE
8
BLACK
6
CONTINUOUS
10
130.7318520000000035
20
-94.6389489999999967
11
130.667777000000001
21
-94.6458250000000021
0
LINE
8
BLACK
6
CONTINUOUS
10
130.667777000000001
20
-94.6458250000000021
11
130.6053039999999896
21
-94.6145369999999986
0
LINE
8
BLACK
6
CONTINUOUS
10
130.6053039999999896
20
-94.6145369999999986
11
130.6021379999999965
21
-94.6114809999999977
0
LINE
8
BLACK
6
CONTINUOUS
10
130.6021379999999965
20
-94.6114809999999977
11
130.3226429999999993
21
-94.3319860000000006
0
LINE
8
BLACK
6
CONTINUOUS
10
130.3226429999999993
20
-94.3319860000000006
11
130.2891579999999863
21
-94.270662999999999
0
LINE
8
BLACK
6
CONTINUOUS
10
130.2891579999999863
20
-94.270662999999999
11
130.2863240000000076
21
-94.2443049999999971
0
LINE
8
BLACK
6
CONTINUOUS
10
130.2863240000000076
20
-94.2443049999999971
11
130.2863240000000076
21
-93.39520499999999
0
LINE
8
BLACK
6
CONTINUOUS
10
130.2863240000000076
20
-93.39520499999999
11
130.3060089999999889
21
-93.328165999999996
0
LINE
8
BLACK
6
CONTINUOUS
10
130.3060089999999889
20
-93.328165999999996
11
130.3374389999999892
21
-93.2948870000000028
0
LINE
8
BLACK
6
CONTINUOUS
10
130.3374389999999892
20
-93.2948870000000028
11
130.4330390000000079
21
-93.2254299999999887
0
LINE
8
BLACK
6
CONTINUOUS
10
130.4330390000000079
20
-93.2254299999999887
11
130.4330390000000079
21
-93.2254289999999912
0
LINE
8
BLACK
6
CONTINUOUS
10
130.4330390000000079
20
-93.2254289999999912
11
130.4330429999999978
21
-93.2254269999999963
0
LINE
8
BLACK
6
CONTINUOUS
10
130.4330429999999978
20
-93.2254269999999963
11
130.5777899999999931
21
-93.080680000000001
0
LINE
8
BLACK
6
CONTINUOUS
10
130.5777899999999931
20
-93.080680000000001
11
130.5777919999999881
21
-93.0806759999999969
0
LINE
8
BLACK
6
CONTINUOUS
10
130.5777919999999881
20
-93.0806759999999969
11
130.5777949999999805
21
-93.0806740000000019
0
LINE
8
BLACK
6
CONTINUOUS
10
130.5777949999999805
20
-93.0806740000000019
11
130.6629920000000027
21
-92.9634080000000012
0
LINE
8
BLACK
6
CONTINUOUS
10
130.6629920000000027
20
-92.9634080000000012
11
130.6981109999999831
21
-92.9150709999999975
0
LINE
8
BLACK
6
CONTINUOUS
10
130.6981109999999831
20
-92.9150709999999975
11
130.7910439999999994
21
-92.732680000000002
0
LINE
8
BLACK
6
CONTINUOUS
10
130.7910439999999994
20
-92.732680000000002
11
130.8543009999999924
21
-92.5379949999999951
0
LINE
8
BLACK
6
CONTINUOUS
10
130.8543009999999924
20
-92.5379949999999951
11
130.8863240000000019
21
-92.3358130000000017
0
LINE
8
BLACK
6
CONTINUOUS
10
130.8863240000000019
20
-92.3358130000000017
11
130.8863240000000019
21
-92.131108999999995
0
LINE
8
BLACK
6
CONTINUOUS
10
130.8863240000000019
20
-92.131108999999995
11
130.8543009999999924
21
-91.9289270000000016
0
LINE
8
BLACK
6
CONTINUOUS
10
130.8543009999999924
20
-91.9289270000000016
11
130.7910439999999994
21
-91.7342419999999947
0
LINE
8
BLACK
6
CONTINUOUS
10
130.7910439999999994
20
-91.7342419999999947
11
130.7910420000000045
21
-91.7342390000000023
0
LINE
8
BLACK
6
CONTINUOUS
10
130.7910420000000045
20
-91.7342390000000023
11
130.7910420000000045
21
-91.7342369999999931
0
LINE
8
BLACK
6
CONTINUOUS
10
130.7910420000000045
20
-91.7342369999999931
11
130.7573270000000036
21
-91.668067999999991
0
LINE
8
BLACK
6
CONTINUOUS
10
130.7573270000000036
20
-91.668067999999991
11
130.6981109999999831
21
-91.5518509999999992
0
LINE
8
BLACK
6
CONTINUOUS
10
130.6981109999999831
20
-91.5518509999999992
11
130.6903800000000047
21
-91.5412099999999924
0
LINE
8
BLACK
6
CONTINUOUS
10
130.6903800000000047
20
-91.5412099999999924
11
130.5777949999999805
21
-91.3862469999999973
0
LINE
8
BLACK
6
CONTINUOUS
10
130.5777949999999805
20
-91.3862469999999973
11
130.4330369999999846
21
-91.2414890000000014
0
LINE
8
BLACK
6
CONTINUOUS
10
130.4330369999999846
20
-91.2414890000000014
11
130.267437000000001
21
-91.1211759999999913
0
LINE
8
BLACK
6
CONTINUOUS
10
130.267437000000001
20
-91.1211759999999913
11
130.2674360000000036
21
-91.1211749999999938
0
LINE
8
BLACK
6
CONTINUOUS
10
130.2674360000000036
20
-91.1211749999999938
11
130.2674339999999802
21
-91.1211739999999963
0
LINE
8
BLACK
6
CONTINUOUS
10
130.2674339999999802
20
-91.1211739999999963
11
130.2104769999999974
21
-91.0921519999999987
0
LINE
8
BLACK
6
CONTINUOUS
10
130.2104769999999974
20
-91.0921519999999987
11
130.085047000000003
21
-91.0282419999999917
0
LINE
8
BLACK
6
CONTINUOUS
10
130.085047000000003
20
-91.0282419999999917
11
129.890357999999992
21
-90.9649829999999895
0
LINE
8
BLACK
6
CONTINUOUS
10
129.890357999999992
20
-90.9649829999999895
11
129.715818999999982
21
-90.9373389999999944
0
LINE
8
BLACK
6
CONTINUOUS
10
129.715818999999982
20
-90.9373389999999944
11
129.6881759999999986
21
-90.9329609999999917
0
LINE
8
BLACK
6
CONTINUOUS
10
129.6881759999999986
20
-90.9329609999999917
11
129.4834720000000061
21
-90.9329609999999917
0
LINE
8
BLACK
6
CONTINUOUS
10
129.4834720000000061
20
-90.9329609999999917
11
129.4591529999999864
21
-90.9368119999999891
0
LINE
8
BLACK
6
CONTINUOUS
10
129.4591529999999864
20
-90.9368119999999891
11
129.2812889999999868
21
-90.9649829999999895
0
LINE
8
BLACK
6
CONTINUOUS
10
129.2812889999999868
20
-90.9649829999999895
11
129.0866000000000042
21
-91.0282419999999917
0
LINE
8
BLACK
6
CONTINUOUS
10
129.0866000000000042
20
-91.0282419999999917
11
128.9042100000000062
21
-91.1211759999999913
0
LINE
8
BLACK
6
CONTINUOUS
10
128.9042100000000062
20
-91.1211759999999913
11
128.7386099999999942
21
-91.2414890000000014
0
LINE
8
BLACK
6
CONTINUOUS
10
128.7386099999999942
20
-91.2414890000000014
11
128.5938559999999882
21
-91.3862429999999932
0
LINE
8
BLACK
6
CONTINUOUS
10
128.5938559999999882
20
-91.3862429999999932
11
128.5938519999999983
21
-91.3862479999999948
0
LINE
8
BLACK
6
CONTINUOUS
10
128.5938519999999983
20
-91.3862479999999948
11
128.5086550000000045
21
-91.5035129999999981
0
LINE
8
BLACK
6
CONTINUOUS
10
128.5086550000000045
20
-91.5035129999999981
11
128.4533250000000066
21
-91.5461789999999951
0
LINE
8
BLACK
6
CONTINUOUS
10
128.4533250000000066
20
-91.5461789999999951
11
128.3837120000000027
21
-91.5521579999999915
0
LINE
8
BLACK
6
CONTINUOUS
10
128.3837120000000027
20
-91.5521579999999915
11
128.3219169999999849
21
-91.5195530000000019
0
LINE
8
BLACK
6
CONTINUOUS
10
128.3219169999999849
20
-91.5195530000000019
11
128.2875599999999849
21
-91.4587140000000005
0
LINE
8
BLACK
6
CONTINUOUS
10
128.2875599999999849
20
-91.4587140000000005
11
128.2843369999999936
21
-91.4306279999999987
0
LINE
8
BLACK
6
CONTINUOUS
10
128.2843369999999936
20
-91.4306279999999987
11
128.2843369999999936
21
-90.0941320000000019
0
LINE
8
BLACK
6
CONTINUOUS
10
128.2843369999999936
20
-90.0941320000000019
11
128.3040220000000033
21
-90.0270929999999936
0
LINE
8
BLACK
6
CONTINUOUS
10
128.3040220000000033
20
-90.0270929999999936
11
128.346336000000008
21
-89.9867449999999991
0
LINE
8
BLACK
6
CONTINUOUS
10
128.346336000000008
20
-89.9867449999999991
11
128.5306109999999933
21
-89.880353999999997
0
LINE
8
BLACK
6
CONTINUOUS
10
128.5306109999999933
20
-89.880353999999997
11
128.707460999999995
21
-89.7446529999999996
0
LINE
8
BLACK
6
CONTINUOUS
10
128.707460999999995
20
-89.7446529999999996
11
128.865083999999996
21
-89.5870299999999986
0
LINE
8
BLACK
6
CONTINUOUS
10
128.865083999999996
20
-89.5870299999999986
11
129.0007850000000076
21
-89.4101799999999969
0
LINE
8
BLACK
6
CONTINUOUS
10
129.0007850000000076
20
-89.4101799999999969
11
129.1122419999999806
21
-89.2171319999999923
0
LINE
8
BLACK
6
CONTINUOUS
10
129.1122419999999806
20
-89.2171319999999923
11
129.1975469999999859
21
-89.0111869999999925
0
LINE
8
BLACK
6
CONTINUOUS
10
129.1975469999999859
20
-89.0111869999999925
11
129.2552409999999838
21
-88.7958689999999962
0
LINE
8
BLACK
6
CONTINUOUS
10
129.2552409999999838
20
-88.7958689999999962
11
129.2843369999999936
21
-88.5748629999999935
0
LINE
8
BLACK
6
CONTINUOUS
10
129.2843369999999936
20
-88.5748629999999935
11
129.2843369999999936
21
-88.3519489999999905
0
LINE
8
BLACK
6
CONTINUOUS
10
129.2843369999999936
20
-88.3519489999999905
11
129.2552409999999838
21
-88.130943000000002
0
LINE
8
BLACK
6
CONTINUOUS
10
129.2552409999999838
20
-88.130943000000002
11
129.1975469999999859
21
-87.9156249999999915
0
LINE
8
BLACK
6
CONTINUOUS
10
129.1975469999999859
20
-87.9156249999999915
11
129.1122419999999806
21
-87.7096799999999917
0
LINE
8
BLACK
6
CONTINUOUS
10
129.1122419999999806
20
-87.7096799999999917
11
129.0007850000000076
21
-87.5166320000000013
0
LINE
8
BLACK
6
CONTINUOUS
10
129.0007850000000076
20
-87.5166320000000013
11
128.865083999999996
21
-87.3397819999999996
0
LINE
8
BLACK
6
CONTINUOUS
10
128.865083999999996
20
-87.3397819999999996
11
128.8650789999999802
21
-87.3397760000000005
0
LINE
8
BLACK
6
CONTINUOUS
10
128.8650789999999802
20
-87.3397760000000005
11
128.7074659999999824
21
-87.1821630000000027
0
LINE
8
BLACK
6
CONTINUOUS
10
128.7074659999999824
20
-87.1821630000000027
11
128.7074590000000001
21
-87.1821569999999895
0
LINE
8
BLACK
6
CONTINUOUS
10
128.7074590000000001
20
-87.1821569999999895
11
128.5306190000000015
21
-87.0464640000000003
0
LINE
8
BLACK
6
CONTINUOUS
10
128.5306190000000015
20
-87.0464640000000003
11
128.5306170000000066
21
-87.0464630000000028
0
LINE
8
BLACK
6
CONTINUOUS
10
128.5306170000000066
20
-87.0464630000000028
11
128.5306109999999933
21
-87.0464580000000012
0
LINE
8
BLACK
6
CONTINUOUS
10
128.5306109999999933
20
-87.0464580000000012
11
128.3375629999999887
21
-86.9350009999999997
0
LINE
8
BLACK
6
CONTINUOUS
10
128.3375629999999887
20
-86.9350009999999997
11
128.3375589999999988
21
-86.9349989999999906
0
LINE
8
BLACK
6
CONTINUOUS
10
128.3375589999999988
20
-86.9349989999999906
11
128.1316269999999804
21
-86.8496990000000011
0
LINE
8
BLACK
6
CONTINUOUS
10
128.1316269999999804
20
-86.8496990000000011
11
128.1316199999999981
21
-86.8496969999999919
0
LINE
8
BLACK
6
CONTINUOUS
10
128.1316199999999981
20
-86.8496969999999919
11
128.1316180000000031
21
-86.8496959999999945
0
LINE
8
BLACK
6
CONTINUOUS
10
128.1316180000000031
20
-86.8496959999999945
11
127.9162999999999926
21
-86.7920019999999965
0
LINE
8
BLACK
6
CONTINUOUS
10
127.9162999999999926
20
-86.7920019999999965
11
127.9162939999999935
21
-86.7920009999999991
0
LINE
8
BLACK
6
CONTINUOUS
10
127.9162939999999935
20
-86.7920009999999991
11
127.9162889999999919
21
-86.7920000000000016
0
LINE
8
BLACK
6
CONTINUOUS
10
127.9162889999999919
20
-86.7920000000000016
11
127.6953029999999956
21
-86.7629069999999984
0
LINE
8
BLACK
6
CONTINUOUS
10
127.6953029999999956
20
-86.7629069999999984
11
127.6952999999999889
21
-86.762906000000001
0
LINE
8
BLACK
6
CONTINUOUS
10
127.6952999999999889
20
-86.762906000000001
11
127.6952939999999899
21
-86.762906000000001
0
LINE
8
BLACK
6
CONTINUOUS
10
127.6952939999999899
20
-86.762906000000001
11
127.4723800000000011
21
-86.762906000000001
0
LINE
8
BLACK
6
CONTINUOUS
10
127.4723800000000011
20
-86.762906000000001
11
127.4723739999999879
21
-86.762906000000001
0
LINE
8
BLACK
6
CONTINUOUS
10
127.4723739999999879
20
-86.762906000000001
11
127.472369999999998
21
-86.7629069999999984
0
LINE
8
BLACK
6
CONTINUOUS
10
127.472369999999998
20
-86.7629069999999984
11
127.2513839999999874
21
-86.7920000000000016
0
LINE
8
BLACK
6
CONTINUOUS
10
127.2513839999999874
20
-86.7920000000000016
11
127.2513769999999909
21
-86.7920009999999991
0
LINE
8
BLACK
6
CONTINUOUS
10
127.2513769999999909
20
-86.7920009999999991
11
127.2513739999999984
21
-86.7920019999999965
0
LINE
8
BLACK
6
CONTINUOUS
10
127.2513739999999984
20
-86.7920019999999965
11
127.0360559999999879
21
-86.8496959999999945
0
LINE
8
BLACK
6
CONTINUOUS
10
127.0360559999999879
20
-86.8496959999999945
11
127.0360459999999989
21
-86.8496990000000011
0
LINE
8
BLACK
6
CONTINUOUS
10
127.0360459999999989
20
-86.8496990000000011
11
126.8301139999999947
21
-86.9349989999999906
0
LINE
8
BLACK
6
CONTINUOUS
10
126.8301139999999947
20
-86.9349989999999906
11
126.8301099999999906
21
-86.9350009999999997
0
LINE
8
BLACK
6
CONTINUOUS
10
126.8301099999999906
20
-86.9350009999999997
11
126.6370629999999977
21
-87.0464580000000012
0
LINE
8
BLACK
6
CONTINUOUS
10
126.6370629999999977
20
-87.0464580000000012
11
126.637053999999992
21
-87.0464640000000003
0
LINE
8
BLACK
6
CONTINUOUS
10
126.637053999999992
20
-87.0464640000000003
11
126.4602139999999935
21
-87.1821569999999895
0
LINE
8
BLACK
6
CONTINUOUS
10
126.4602139999999935
20
-87.1821569999999895
11
126.4602069999999969
21
-87.1821630000000027
0
LINE
8
BLACK
6
CONTINUOUS
10
126.4602069999999969
20
-87.1821630000000027
11
126.3025939999999991
21
-87.3397760000000005
0
LINE
8
BLACK
6
CONTINUOUS
10
126.3025939999999991
20
-87.3397760000000005
11
126.3025880000000001
21
-87.3397829999999971
0
LINE
8
BLACK
6
CONTINUOUS
10
126.3025880000000001
20
-87.3397829999999971
11
126.1668949999999967
21
-87.5166229999999956
0
LINE
8
BLACK
6
CONTINUOUS
10
126.1668949999999967
20
-87.5166229999999956
11
126.1668889999999976
21
-87.5166320000000013
0
LINE
8
BLACK
6
CONTINUOUS
10
126.1668889999999976
20
-87.5166320000000013
11
126.0554319999999962
21
-87.7096789999999942
0
LINE
8
BLACK
6
CONTINUOUS
10
126.0554319999999962
20
-87.7096789999999942
11
126.0554300000000012
21
-87.7096829999999983
0
LINE
8
BLACK
6
CONTINUOUS
10
126.0554300000000012
20
-87.7096829999999983
11
125.9701299999999975
21
-87.9156150000000025
0
LINE
8
BLACK
6
CONTINUOUS
10
125.9701299999999975
20
-87.9156150000000025
11
125.9701269999999909
21
-87.9156249999999915
0
LINE
8
BLACK
6
CONTINUOUS
10
125.9701269999999909
20
-87.9156249999999915
11
125.9124339999999904
21
-88.1309399999999954
0
LINE
8
BLACK
6
CONTINUOUS
10
125.9124339999999904
20
-88.1309399999999954
11
125.912430999999998
21
-88.130952999999991
0
LINE
8
BLACK
6
CONTINUOUS
10
125.912430999999998
20
-88.130952999999991
11
125.8833379999999948
21
-88.3519390000000016
0
LINE
8
BLACK
6
CONTINUOUS
10
125.8833379999999948
20
-88.3519390000000016
11
125.8833369999999974
21
-88.3519549999999896
0
LINE
8
BLACK
6
CONTINUOUS
10
125.8833369999999974
20
-88.3519549999999896
11
125.8833369999999974
21
-88.5748559999999969
0
LINE
8
BLACK
6
CONTINUOUS
10
125.8833369999999974
20
-88.5748559999999969
11
125.8833379999999948
21
-88.5748719999999992
0
LINE
8
BLACK
6
CONTINUOUS
10
125.8833379999999948
20
-88.5748719999999992
11
125.912430999999998
21
-88.7958579999999955
0
LINE
8
BLACK
6
CONTINUOUS
10
125.912430999999998
20
-88.7958579999999955
11
125.9124319999999955
21
-88.7958629999999971
0
LINE
8
BLACK
6
CONTINUOUS
10
125.9124319999999955
20
-88.7958629999999971
11
125.9124329999999929
21
-88.7958689999999962
0
LINE
8
BLACK
6
CONTINUOUS
10
125.9124329999999929
20
-88.7958689999999962
11
125.9389520000000005
21
-88.8948389999999904
0
LINE
8
BLACK
6
CONTINUOUS
10
125.9389520000000005
20
-88.8948389999999904
11
125.9701269999999909
21
-89.011185999999995
0
LINE
8
BLACK
6
CONTINUOUS
10
125.9701269999999909
20
-89.011185999999995
11
125.9701299999999975
21
-89.0111959999999982
0
LINE
8
BLACK
6
CONTINUOUS
10
125.9701299999999975
20
-89.0111959999999982
11
126.0554300000000012
21
-89.2171280000000024
0
LINE
8
BLACK
6
CONTINUOUS
10
126.0554300000000012
20
-89.2171280000000024
11
126.0554319999999962
21
-89.2171319999999923
0
LINE
8
BLACK
6
CONTINUOUS
10
126.0554319999999962
20
-89.2171319999999923
11
126.1668889999999976
21
-89.4101799999999969
0
LINE
8
BLACK
6
CONTINUOUS
10
126.1668889999999976
20
-89.4101799999999969
11
126.1668939999999992
21
-89.4101859999999959
0
LINE
8
BLACK
6
CONTINUOUS
10
126.1668939999999992
20
-89.4101859999999959
11
126.1668949999999967
21
-89.4101879999999909
0
LINE
8
BLACK
6
CONTINUOUS
10
126.1668949999999967
20
-89.4101879999999909
11
126.3025880000000001
21
-89.5870279999999894
0
LINE
8
BLACK
6
CONTINUOUS
10
126.3025880000000001
20
-89.5870279999999894
11
126.3025939999999991
21
-89.5870350000000002
0
LINE
8
BLACK
6
CONTINUOUS
10
126.3025939999999991
20
-89.5870350000000002
11
126.4602069999999969
21
-89.744647999999998
0
LINE
8
BLACK
6
CONTINUOUS
10
126.4602069999999969
20
-89.744647999999998
11
126.4602139999999935
21
-89.744653999999997
0
LINE
8
BLACK
6
CONTINUOUS
10
126.4602139999999935
20
-89.744653999999997
11
126.5240620000000007
21
-89.7936459999999954
0
LINE
8
BLACK
6
CONTINUOUS
10
126.5240620000000007
20
-89.7936459999999954
11
126.6370629999999977
21
-89.880353999999997
0
LINE
8
BLACK
6
CONTINUOUS
10
126.6370629999999977
20
-89.880353999999997
11
126.6370649999999927
21
-89.8803549999999944
0
LINE
8
BLACK
6
CONTINUOUS
10
126.6370649999999927
20
-89.8803549999999944
11
126.6370689999999968
21
-89.8803580000000011
0
LINE
8
BLACK
6
CONTINUOUS
10
126.6370689999999968
20
-89.8803580000000011
11
126.7092179999999928
21
-89.9220129999999926
0
LINE
8
BLACK
6
CONTINUOUS
10
126.7092179999999928
20
-89.9220129999999926
11
126.8213369999999998
21
-89.9867449999999991
0
LINE
8
BLACK
6
CONTINUOUS
10
126.8213369999999998
20
-89.9867449999999991
11
126.8695529999999962
21
-90.037312
0
LINE
8
BLACK
6
CONTINUOUS
10
126.8695529999999962
20
-90.037312
11
126.8833369999999974
21
-90.0941320000000019
0
LINE
8
BLACK
6
CONTINUOUS
10
126.8833369999999974
20
-90.0941320000000019
11
126.8833369999999974
21
-95.4248429999999956
0
LINE
8
BLACK
6
CONTINUOUS
10
126.8833369999999974
20
-95.4248429999999956
11
126.8833369999999974
21
-95.5628310000000027
0
LINE
8
BLACK
6
CONTINUOUS
10
126.8833369999999974
20
-95.5628310000000027
11
126.8833369999999974
21
-95.5628329999999977
0
LINE
8
BLACK
6
CONTINUOUS
10
126.8833369999999974
20
-95.5628329999999977
11
126.8833359999999999
21
-95.5628329999999977
0
LINE
8
BLACK
6
CONTINUOUS
10
126.8833359999999999
20
-95.5628329999999977
11
126.9102549999999923
21
-95.6981589999999898
0
LINE
8
BLACK
6
CONTINUOUS
10
126.9102549999999923
20
-95.6981589999999898
11
126.9102579999999989
21
-95.6981689999999929
0
LINE
8
BLACK
6
CONTINUOUS
10
126.9102579999999989
20
-95.6981689999999929
11
126.9630590000000012
21
-95.8256439999999969
0
LINE
8
BLACK
6
CONTINUOUS
10
126.9630590000000012
20
-95.8256439999999969
11
127.0397239999999925
21
-95.9403819999999996
0
LINE
8
BLACK
6
CONTINUOUS
10
127.0397239999999925
20
-95.9403819999999996
11
129.5944539999999847
21
-98.4951119999999918
0
LINE
8
BLACK
6
CONTINUOUS
10
129.5944539999999847
20
-98.4951119999999918
11
129.7091900000000066
21
-98.5717759999999998
0
LINE
8
BLACK
6
CONTINUOUS
10
129.7091900000000066
20
-98.5717759999999998
11
129.8077899999999829
21
-98.6126170000000002
0
LINE
8
BLACK
6
CONTINUOUS
10
129.8077899999999829
20
-98.6126170000000002
11
129.8366709999999955
21
-98.6245799999999946
0
LINE
8
BLACK
6
CONTINUOUS
10
129.8366709999999955
20
-98.6245799999999946
11
129.836671999999993
21
-98.6245799999999946
0
LINE
8
BLACK
6
CONTINUOUS
10
129.836671999999993
20
-98.6245799999999946
11
129.8366769999999804
21
-98.6245819999999895
0
LINE
8
BLACK
6
CONTINUOUS
10
129.8366769999999804
20
-98.6245819999999895
11
129.8635449999999878
21
-98.6299250000000001
0
LINE
8
BLACK
6
CONTINUOUS
10
129.8635449999999878
20
-98.6299250000000001
11
129.8635510000000011
21
-98.6299259999999975
0
LINE
8
BLACK
6
CONTINUOUS
10
129.8635510000000011
20
-98.6299259999999975
11
129.8635909999999853
21
-98.6299339999999916
0
LINE
8
BLACK
6
CONTINUOUS
10
129.8635909999999853
20
-98.6299339999999916
11
129.9539369999999963
21
-98.6479049999999944
0
LINE
8
BLACK
6
CONTINUOUS
10
129.9539369999999963
20
-98.6479049999999944
11
129.9720059999999933
21
-98.6514999999999986
0
LINE
8
BLACK
6
CONTINUOUS
10
129.9720059999999933
20
-98.6514999999999986
11
129.9720069999999907
21
-98.6514999999999986
0
LINE
8
BLACK
6
CONTINUOUS
10
129.9720069999999907
20
-98.6514999999999986
11
138.7179959999999994
21
-98.6514999999999986
0
LINE
8
BLACK
6
CONTINUOUS
10
138.7179959999999994
20
-98.6514999999999986
11
138.8264570000000049
21
-98.6299250000000001
0
LINE
8
BLACK
6
CONTINUOUS
10
138.8264570000000049
20
-98.6299250000000001
11
138.8533280000000047
21
-98.6245799999999946
0
LINE
8
BLACK
6
CONTINUOUS
10
138.8533280000000047
20
-98.6245799999999946
11
138.9170689999999979
21
-98.5981769999999926
0
LINE
8
BLACK
6
CONTINUOUS
10
138.9170689999999979
20
-98.5981769999999926
11
138.9808069999999987
21
-98.5717769999999973
0
LINE
8
BLACK
6
CONTINUOUS
10
138.9808069999999987
20
-98.5717769999999973
11
138.9808079999999961
21
-98.5717759999999998
0
LINE
8
BLACK
6
CONTINUOUS
10
138.9808079999999961
20
-98.5717759999999998
11
138.9808109999999886
21
-98.5717750000000024
0
LINE
8
BLACK
6
CONTINUOUS
10
138.9808109999999886
20
-98.5717750000000024
11
139.0955429999999922
21
-98.4951140000000009
0
LINE
8
BLACK
6
CONTINUOUS
10
139.0955429999999922
20
-98.4951140000000009
11
139.6021399999999915
21
-97.9885149999999925
0
LINE
8
BLACK
6
CONTINUOUS
10
139.6021399999999915
20
-97.9885149999999925
11
139.6634609999999839
21
-97.9550319999999886
0
LINE
8
BLACK
6
CONTINUOUS
10
139.6634609999999839
20
-97.9550319999999886
11
139.7322340000000054
21
-97.9599499999999921
0
LINE
8
BLACK
6
CONTINUOUS
10
139.7322340000000054
20
-97.9599499999999921
11
139.7322680000000048
21
-97.9598519999999979
0
LINE
8
BLACK
6
CONTINUOUS
10
139.7322680000000048
20
-97.9598519999999979
11
139.7326439999999934
21
-97.9599789999999899
0
LINE
8
BLACK
6
CONTINUOUS
10
139.7326439999999934
20
-97.9599789999999899
11
139.7331519999999898
21
-97.960015999999996
0
LINE
8
BLACK
6
CONTINUOUS
10
139.7331519999999898
20
-97.960015999999996
11
139.7356649999999831
21
-97.9610050000000001
0
LINE
8
BLACK
6
CONTINUOUS
10
139.7356649999999831
20
-97.9610050000000001
11
139.7360989999999958
21
-97.9611519999999985
0
LINE
8
BLACK
6
CONTINUOUS
10
139.7360989999999958
20
-97.9611519999999985
11
139.7361129999999889
21
-97.9611579999999975
0
LINE
8
BLACK
6
CONTINUOUS
10
139.7361129999999889
20
-97.9611579999999975
11
139.9577620000000024
21
-98.0205479999999909
0
LINE
8
BLACK
6
CONTINUOUS
10
139.9577620000000024
20
-98.0205479999999909
11
140.1852659999999844
21
-98.0504999999999995
0
LINE
8
BLACK
6
CONTINUOUS
10
140.1852659999999844
20
-98.0504999999999995
11
140.1852729999999951
21
-98.0504999999999995
0
LINE
8
BLACK
6
CONTINUOUS
10
140.1852729999999951
20
-98.0504999999999995
11
140.4147269999999992
21
-98.0504999999999995
0
LINE
8
BLACK
6
CONTINUOUS
10
140.4147269999999992
20
-98.0504999999999995
11
140.4147339999999815
21
-98.0504999999999995
0
LINE
8
BLACK
6
CONTINUOUS
10
140.4147339999999815
20
-98.0504999999999995
11
140.6422379999999919
21
-98.0205479999999909
0
LINE
8
BLACK
6
CONTINUOUS
10
140.6422379999999919
20
-98.0205479999999909
11
140.8638870000000054
21
-97.9611579999999975
0
LINE
8
BLACK
6
CONTINUOUS
10
140.8638870000000054
20
-97.9611579999999975
11
141.075887999999992
21
-97.8733439999999888
0
LINE
8
BLACK
6
CONTINUOUS
10
141.075887999999992
20
-97.8733439999999888
11
141.2746119999999905
21
-97.7586110000000019
0
LINE
8
BLACK
6
CONTINUOUS
10
141.2746119999999905
20
-97.7586110000000019
11
141.4566609999999969
21
-97.6189189999999911
0
LINE
8
BLACK
6
CONTINUOUS
10
141.4566609999999969
20
-97.6189189999999911
11
141.4566649999999868
21
-97.6189139999999895
0
LINE
8
BLACK
6
CONTINUOUS
10
141.4566649999999868
20
-97.6189139999999895
11
141.4566700000000026
21
-97.6189109999999971
0
LINE
8
BLACK
6
CONTINUOUS
10
141.4566700000000026
20
-97.6189109999999971
11
141.6189109999999971
21
-97.4566700000000026
0
LINE
8
BLACK
6
CONTINUOUS
10
141.6189109999999971
20
-97.4566700000000026
11
141.6189139999999895
21
-97.456665000000001
0
LINE
8
BLACK
6
CONTINUOUS
10
141.6189139999999895
20
-97.456665000000001
11
141.6189190000000053
21
-97.4566609999999969
0
LINE
8
BLACK
6
CONTINUOUS
10
141.6189190000000053
20
-97.4566609999999969
11
141.7586110000000019
21
-97.2746119999999905
0
LINE
8
BLACK
6
CONTINUOUS
10
141.7586110000000019
20
-97.2746119999999905
11
141.8354089999999985
21
-97.1415919999999886
0
LINE
8
BLACK
6
CONTINUOUS
10
141.8354089999999985
20
-97.1415919999999886
11
141.8859759999999994
21
-97.0933769999999896
0
LINE
8
BLACK
6
CONTINUOUS
10
141.8859759999999994
20
-97.0933769999999896
11
141.9545829999999853
21
-97.0801539999999932
0
LINE
8
BLACK
6
CONTINUOUS
10
141.9545829999999853
20
-97.0801539999999932
11
142.0194479999999828
21
-97.1061219999999992
0
LINE
8
BLACK
6
CONTINUOUS
10
142.0194479999999828
20
-97.1061219999999992
11
142.059976000000006
21
-97.1630369999999886
0
LINE
8
BLACK
6
CONTINUOUS
10
142.059976000000006
20
-97.1630369999999886
11
142.0667959999999823
21
-97.2035929999999979
0
LINE
8
BLACK
6
CONTINUOUS
10
142.0667959999999823
20
-97.2035929999999979
11
142.0667959999999823
21
-98.6083019999999948
0
LINE
8
BLACK
6
CONTINUOUS
10
142.0667959999999823
20
-98.6083019999999948
11
142.0667959999999823
21
-98.7462900000000019
0
LINE
8
BLACK
6
CONTINUOUS
10
142.0667959999999823
20
-98.7462900000000019
11
142.0667959999999823
21
-98.7462919999999968
0
LINE
8
BLACK
6
CONTINUOUS
10
142.0667959999999823
20
-98.7462919999999968
11
142.0667949999999848
21
-98.7462919999999968
0
LINE
8
BLACK
6
CONTINUOUS
10
142.0667949999999848
20
-98.7462919999999968
11
142.0937140000000056
21
-98.8816179999999889
0
LINE
8
BLACK
6
CONTINUOUS
10
142.0937140000000056
20
-98.8816179999999889
11
142.0937169999999981
21
-98.8816279999999921
0
LINE
8
BLACK
6
CONTINUOUS
10
142.0937169999999981
20
-98.8816279999999921
11
142.1465179999999862
21
-99.0091029999999961
0
LINE
8
BLACK
6
CONTINUOUS
10
142.1465179999999862
20
-99.0091029999999961
11
142.2231830000000059
21
-99.1238409999999988
0
LINE
8
BLACK
6
CONTINUOUS
10
142.2231830000000059
20
-99.1238409999999988
11
142.6534539999999822
21
-99.5541119999999893
0
LINE
8
BLACK
6
CONTINUOUS
10
142.6534539999999822
20
-99.5541119999999893
11
142.7681919999999991
21
-99.6307769999999948
0
LINE
8
BLACK
6
CONTINUOUS
10
142.7681919999999991
20
-99.6307769999999948
11
142.8956670000000031
21
-99.6835779999999971
0
LINE
8
BLACK
6
CONTINUOUS
10
142.8956670000000031
20
-99.6835779999999971
11
142.8956719999999905
21
-99.6835799999999921
0
LINE
8
BLACK
6
CONTINUOUS
10
142.8956719999999905
20
-99.6835799999999921
11
142.8956759999999804
21
-99.6835799999999921
0
LINE
8
BLACK
6
CONTINUOUS
10
142.8956759999999804
20
-99.6835799999999921
11
142.8956770000000063
21
-99.6835809999999896
0
LINE
8
BLACK
6
CONTINUOUS
10
142.8956770000000063
20
-99.6835809999999896
11
143.0310039999999958
21
-99.7104999999999961
0
LINE
8
BLACK
6
CONTINUOUS
10
143.0310039999999958
20
-99.7104999999999961
11
143.0310069999999882
21
-99.7104999999999961
0
LINE
8
BLACK
6
CONTINUOUS
10
143.0310069999999882
20
-99.7104999999999961
11
148.8089959999999792
21
-99.7104999999999961
0
LINE
8
BLACK
6
CONTINUOUS
10
148.8089959999999792
20
-99.7104999999999961
11
148.90003999999999
21
-99.6923889999999915
0
LINE
8
BLACK
6
CONTINUOUS
10
148.90003999999999
20
-99.6923889999999915
11
148.9443279999999845
21
-99.6835799999999921
0
LINE
8
BLACK
6
CONTINUOUS
10
148.9443279999999845
20
-99.6835799999999921
11
149.0080690000000061
21
-99.6571769999999901
0
LINE
8
BLACK
6
CONTINUOUS
10
149.0080690000000061
20
-99.6571769999999901
11
149.0718070000000068
21
-99.6307769999999948
0
LINE
8
BLACK
6
CONTINUOUS
10
149.0718070000000068
20
-99.6307769999999948
11
149.0718080000000043
21
-99.6307759999999973
0
LINE
8
BLACK
6
CONTINUOUS
10
149.0718080000000043
20
-99.6307759999999973
11
149.0718109999999967
21
-99.6307749999999999
0
LINE
8
BLACK
6
CONTINUOUS
10
149.0718109999999967
20
-99.6307749999999999
11
149.1865430000000003
21
-99.5541139999999984
0
LINE
8
BLACK
6
CONTINUOUS
10
149.1865430000000003
20
-99.5541139999999984
11
149.8100279999999884
21
-98.9306289999999962
0
LINE
8
BLACK
6
CONTINUOUS
10
149.8100279999999884
20
-98.9306289999999962
11
149.8866889999999898
21
-98.8158969999999925
0
LINE
8
BLACK
6
CONTINUOUS
10
149.8866889999999898
20
-98.8158969999999925
11
149.9394939999999963
21
-98.6884139999999945
0
LINE
8
BLACK
6
CONTINUOUS
10
149.9394939999999963
20
-98.6884139999999945
11
149.9626949999999965
21
-98.5717759999999998
0
LINE
8
BLACK
6
CONTINUOUS
10
149.9626949999999965
20
-98.5717759999999998
11
149.9664139999999861
21
-98.5530819999999892
0
LINE
8
BLACK
6
CONTINUOUS
10
149.9664139999999861
20
-98.5530819999999892
11
149.9664139999999861
21
-73.7669199999999989
0
LINE
8
BLACK
6
CONTINUOUS
10
149.9664139999999861
20
-73.7669199999999989
11
149.9611589999999808
21
-73.7405049999999989
0
LINE
8
BLACK
6
CONTINUOUS
10
149.9611589999999808
20
-73.7405049999999989
11
149.9611579999999833
21
-73.7405040000000014
0
LINE
8
BLACK
6
CONTINUOUS
10
149.9611579999999833
20
-73.7405040000000014
11
149.9611579999999833
21
-73.7404999999999973
0
LINE
8
BLACK
6
CONTINUOUS
10
149.9611579999999833
20
-73.7404999999999973
11
149.9394939999999963
21
-73.6315859999999986
0
LINE
8
BLACK
6
CONTINUOUS
10
149.9394939999999963
20
-73.6315859999999986
11
149.9394920000000013
21
-73.6315809999999971
0
LINE
8
BLACK
6
CONTINUOUS
10
149.9394920000000013
20
-73.6315809999999971
11
149.8866909999999848
21
-73.5041059999999931
0
LINE
8
BLACK
6
CONTINUOUS
10
149.8866909999999848
20
-73.5041059999999931
11
149.8100259999999935
21
-73.3893679999999904
0
LINE
8
BLACK
6
CONTINUOUS
10
149.8100259999999935
20
-73.3893679999999904
11
148.7123279999999852
21
-72.2916699999999963
0
LINE
8
BLACK
6
CONTINUOUS
10
148.7123279999999852
20
-72.2916699999999963
11
148.5975899999999967
21
-72.2150049999999908
0
LINE
8
BLACK
6
CONTINUOUS
10
148.5975899999999967
20
-72.2150049999999908
11
148.4701149999999927
21
-72.1622040000000027
0
LINE
8
BLACK
6
CONTINUOUS
10
148.4701149999999927
20
-72.1622040000000027
11
148.4701049999999896
21
-72.162200999999996
0
LINE
8
BLACK
6
CONTINUOUS
10
148.4701049999999896
20
-72.162200999999996
11
148.3347789999999975
21
-72.1352830000000012
0
LINE
8
BLACK
6
CONTINUOUS
10
148.3347789999999975
20
-72.1352830000000012
11
148.3347770000000025
21
-72.1352830000000012
0
LINE
8
BLACK
6
CONTINUOUS
10
148.3347770000000025
20
-72.1352830000000012
11
148.3347760000000051
21
-72.1352830000000012
0
LINE
8
BLACK
6
CONTINUOUS
10
148.3347760000000051
20
-72.1352830000000012
11
148.2483859999999822
21
-72.1352830000000012
0
LINE
8
BLACK
6
CONTINUOUS
10
148.2483859999999822
20
-72.1352830000000012
11
148.1813469999999882
21
-72.1155979999999914
0
LINE
8
BLACK
6
CONTINUOUS
10
148.1813469999999882
20
-72.1155979999999914
11
148.1355920000000026
21
-72.0627939999999967
0
LINE
8
BLACK
6
CONTINUOUS
10
148.1355920000000026
20
-72.0627939999999967
11
148.124385999999987
21
-72.0112829999999917
0
LINE
8
BLACK
6
CONTINUOUS
10
148.124385999999987
20
-72.0112829999999917
11
148.124385999999987
21
-71.7879119999999915
0
LINE
8
BLACK
6
CONTINUOUS
10
148.124385999999987
20
-71.7879119999999915
11
148.1243849999999895
21
-71.7879059999999924
0
LINE
8
BLACK
6
CONTINUOUS
10
148.1243849999999895
20
-71.7879059999999924
11
148.1243839999999921
21
-71.7878989999999959
0
LINE
8
BLACK
6
CONTINUOUS
10
148.1243839999999921
20
-71.7878989999999959
11
148.1179779999999937
21
-71.7282999999999902
0
LINE
8
BLACK
6
CONTINUOUS
10
148.1179779999999937
20
-71.7282999999999902
11
148.0991989999999987
21
-71.6779519999999906
0
LINE
8
BLACK
6
CONTINUOUS
10
148.0991989999999987
20
-71.6779519999999906
11
148.0676839999999856
21
-71.5934539999999942
0
LINE
8
BLACK
6
CONTINUOUS
10
148.0676839999999856
20
-71.5934539999999942
11
148.0676799999999957
21
-71.5934469999999976
0
LINE
8
BLACK
6
CONTINUOUS
10
148.0676799999999957
20
-71.5934469999999976
11
147.9814340000000072
21
-71.4782379999999904
0
LINE
8
BLACK
6
CONTINUOUS
10
147.9814340000000072
20
-71.4782379999999904
11
147.9814309999999864
21
-71.478234999999998
0
LINE
8
BLACK
6
CONTINUOUS
10
147.9814309999999864
20
-71.478234999999998
11
147.8662219999999934
21
-71.3919889999999953
0
LINE
8
BLACK
6
CONTINUOUS
10
147.8662219999999934
20
-71.3919889999999953
11
147.8662149999999826
21
-71.3919849999999911
0
LINE
8
BLACK
6
CONTINUOUS
10
147.8662149999999826
20
-71.3919849999999911
11
147.7313690000000008
21
-71.3416909999999973
0
LINE
8
BLACK
6
CONTINUOUS
10
147.7313690000000008
20
-71.3416909999999973
11
147.7313699999999983
21
-71.3416909999999973
0
LINE
8
BLACK
6
CONTINUOUS
10
147.7313699999999983
20
-71.3416909999999973
11
147.6717699999999809
21
-71.3352840000000015
0
LINE
8
BLACK
6
CONTINUOUS
10
147.6717699999999809
20
-71.3352840000000015
11
147.6717679999999859
21
-71.3352829999999898
0
LINE
8
BLACK
6
CONTINUOUS
10
147.6717679999999859
20
-71.3352829999999898
11
147.6717600000000061
21
-71.3352829999999898
0
LINE
8
BLACK
6
CONTINUOUS
10
147.6717600000000061
20
-71.3352829999999898
11
147.6717519999999979
21
-71.3352829999999898
0
LINE
8
BLACK
6
CONTINUOUS
10
147.6717519999999979
20
-71.3352829999999898
11
147.3826919999999916
21
-71.3352829999999898
0
LINE
8
BLACK
6
CONTINUOUS
10
147.3826919999999916
20
-71.3352829999999898
11
147.3694889999999873
21
-71.3314060000000012
0
LINE
8
BLACK
6
CONTINUOUS
10
147.3694889999999873
20
-71.3314060000000012
11
147.3557579999999803
21
-71.3323230000000024
0
LINE
8
BLACK
6
CONTINUOUS
10
147.3557579999999803
20
-71.3323230000000024
11
147.3366199999999822
21
-71.3217539999999985
0
LINE
8
BLACK
6
CONTINUOUS
10
147.3366199999999822
20
-71.3217539999999985
11
147.3156529999999975
21
-71.3155979999999943
0
LINE
8
BLACK
6
CONTINUOUS
10
147.3156529999999975
20
-71.3155979999999943
11
147.3053629999999998
21
-71.3044929999999937
0
LINE
8
BLACK
6
CONTINUOUS
10
147.3053629999999998
20
-71.3044929999999937
11
147.2945949999999868
21
-71.2985469999999992
0
LINE
8
BLACK
6
CONTINUOUS
10
147.2945949999999868
20
-71.2985469999999992
11
147.281248000000005
21
-71.2784690000000012
0
LINE
8
BLACK
6
CONTINUOUS
10
147.281248000000005
20
-71.2784690000000012
11
147.2735789999999838
21
-71.2701919999999944
0
LINE
8
BLACK
6
CONTINUOUS
10
147.2735789999999838
20
-71.2701919999999944
11
147.270559999999989
21
-71.264600999999999
0
LINE
8
BLACK
6
CONTINUOUS
10
147.270559999999989
20
-71.264600999999999
11
147.2446620000000053
21
-71.202075999999991
0
LINE
8
BLACK
6
CONTINUOUS
10
147.2446620000000053
20
-71.202075999999991
11
147.2069740000000024
21
-71.1456719999999905
0
LINE
8
BLACK
6
CONTINUOUS
10
147.2069740000000024
20
-71.1456719999999905
11
147.1680010000000038
21
-71.0873440000000016
0
LINE
8
BLACK
6
CONTINUOUS
10
147.1680010000000038
20
-71.0873440000000016
11
147.1679989999999805
21
-71.087340999999995
0
LINE
8
BLACK
6
CONTINUOUS
10
147.1679989999999805
20
-71.087340999999995
11
146.4975890000000049
21
-70.4169309999999911
0
LINE
8
BLACK
6
CONTINUOUS
10
146.4975890000000049
20
-70.4169309999999911
11
146.4641039999999919
21
-70.3556080000000037
0
LINE
8
BLACK
6
CONTINUOUS
10
146.4641039999999919
20
-70.3556080000000037
11
146.4690879999999993
21
-70.2859160000000003
0
LINE
8
BLACK
6
CONTINUOUS
10
146.4690879999999993
20
-70.2859160000000003
11
146.510959999999983
21
-70.2299829999999901
0
LINE
8
BLACK
6
CONTINUOUS
10
146.510959999999983
20
-70.2299829999999901
11
146.5764240000000029
21
-70.2055659999999904
0
LINE
8
BLACK
6
CONTINUOUS
10
146.5764240000000029
20
-70.2055659999999904
11
146.6446969999999794
21
-70.2204179999999951
0
LINE
8
BLACK
6
CONTINUOUS
10
146.6446969999999794
20
-70.2204179999999951
11
146.6541609999999878
21
-70.2261479999999949
0
LINE
8
BLACK
6
CONTINUOUS
10
146.6541609999999878
20
-70.2261479999999949
11
146.8955190000000073
21
-70.3874179999999967
0
LINE
8
BLACK
6
CONTINUOUS
10
146.8955190000000073
20
-70.3874179999999967
11
146.8955369999999903
21
-70.3874289999999974
0
LINE
8
BLACK
6
CONTINUOUS
10
146.8955369999999903
20
-70.3874289999999974
11
147.2161299999999926
21
-70.5587900000000019
0
LINE
8
BLACK
6
CONTINUOUS
10
147.2161299999999926
20
-70.5587900000000019
11
147.21613499999998
21
-70.5587919999999968
0
LINE
8
BLACK
6
CONTINUOUS
10
147.21613499999998
20
-70.5587919999999968
11
147.5520019999999874
21
-70.6979129999999998
0
LINE
8
BLACK
6
CONTINUOUS
10
147.5520019999999874
20
-70.6979129999999998
11
147.8998980000000074
21
-70.8034459999999939
0
LINE
8
BLACK
6
CONTINUOUS
10
147.8998980000000074
20
-70.8034459999999939
11
147.8999089999999796
21
-70.8034490000000005
0
LINE
8
BLACK
6
CONTINUOUS
10
147.8999089999999796
20
-70.8034490000000005
11
148.2564429999999902
21
-70.8743669999999923
0
LINE
8
BLACK
6
CONTINUOUS
10
148.2564429999999902
20
-70.8743669999999923
11
148.6182340000000011
21
-70.9099999999999966
0
LINE
8
BLACK
6
CONTINUOUS
10
148.6182340000000011
20
-70.9099999999999966
11
148.9817659999999933
21
-70.9099999999999966
0
LINE
8
BLACK
6
CONTINUOUS
10
148.9817659999999933
20
-70.9099999999999966
11
149.3435560000000066
21
-70.8743669999999923
0
LINE
8
BLACK
6
CONTINUOUS
10
149.3435560000000066
20
-70.8743669999999923
11
149.7000899999999888
21
-70.8034490000000005
0
LINE
8
BLACK
6
CONTINUOUS
10
149.7000899999999888
20
-70.8034490000000005
11
149.7001009999999894
21
-70.8034459999999939
0
LINE
8
BLACK
6
CONTINUOUS
10
149.7001009999999894
20
-70.8034459999999939
11
150.047996999999981
21
-70.6979129999999998
0
LINE
8
BLACK
6
CONTINUOUS
10
150.047996999999981
20
-70.6979129999999998
11
150.3838639999999884
21
-70.5587919999999968
0
LINE
8
BLACK
6
CONTINUOUS
10
150.3838639999999884
20
-70.5587919999999968
11
150.3838690000000042
21
-70.5587900000000019
0
LINE
8
BLACK
6
CONTINUOUS
10
150.3838690000000042
20
-70.5587900000000019
11
150.7044620000000066
21
-70.3874289999999974
0
LINE
8
BLACK
6
CONTINUOUS
10
150.7044620000000066
20
-70.3874289999999974
11
150.7044799999999896
21
-70.3874179999999967
0
LINE
8
BLACK
6
CONTINUOUS
10
150.7044799999999896
20
-70.3874179999999967
11
151.0067359999999894
21
-70.1854569999999995
0
LINE
8
BLACK
6
CONTINUOUS
10
151.0067359999999894
20
-70.1854569999999995
11
151.0067499999999825
21
-70.1854469999999964
0
LINE
8
BLACK
6
CONTINUOUS
10
151.0067499999999825
20
-70.1854469999999964
11
151.2347649999999817
21
-69.9983199999999925
0
LINE
8
BLACK
6
CONTINUOUS
10
151.2347649999999817
20
-69.9983199999999925
11
151.2347659999999792
21
-69.9983189999999951
0
LINE
8
BLACK
6
CONTINUOUS
10
151.2347659999999792
20
-69.9983189999999951
11
150.8767819999999915
21
-69.6403349999999932
0
LINE
8
BLACK
6
CONTINUOUS
10
150.8767819999999915
20
-69.6403349999999932
11
150.6517479999999978
21
-69.8197949999999992
0
LINE
8
BLACK
6
CONTINUOUS
10
150.6517479999999978
20
-69.8197949999999992
11
150.3478999999999814
21
-70.0107149999999905
0
LINE
8
BLACK
6
CONTINUOUS
10
150.3478999999999814
20
-70.0107149999999905
11
150.0245869999999968
21
-70.1664150000000006
0
LINE
8
BLACK
6
CONTINUOUS
10
150.0245869999999968
20
-70.1664150000000006
11
149.6858739999999841
21
-70.2849349999999902
0
LINE
8
BLACK
6
CONTINUOUS
10
149.6858739999999841
20
-70.2849349999999902
11
149.3360199999999907
21
-70.3647869999999926
0
LINE
8
BLACK
6
CONTINUOUS
10
149.3360199999999907
20
-70.3647869999999926
11
148.979424999999992
21
-70.4049660000000017
0
LINE
8
BLACK
6
CONTINUOUS
10
148.979424999999992
20
-70.4049660000000017
11
148.6205750000000023
21
-70.4049660000000017
0
LINE
8
BLACK
6
CONTINUOUS
10
148.6205750000000023
20
-70.4049660000000017
11
148.2639800000000037
21
-70.3647869999999926
0
LINE
8
BLACK
6
CONTINUOUS
10
148.2639800000000037
20
-70.3647869999999926
11
147.9141259999999818
21
-70.2849349999999902
0
LINE
8
BLACK
6
CONTINUOUS
10
147.9141259999999818
20
-70.2849349999999902
11
147.5754129999999975
21
-70.1664150000000006
0
LINE
8
BLACK
6
CONTINUOUS
10
147.5754129999999975
20
-70.1664150000000006
11
147.2520999999999844
21
-70.0107149999999905
0
LINE
8
BLACK
6
CONTINUOUS
10
147.2520999999999844
20
-70.0107149999999905
11
146.9482519999999965
21
-69.8197949999999992
0
LINE
8
BLACK
6
CONTINUOUS
10
146.9482519999999965
20
-69.8197949999999992
11
146.6676909999999907
21
-69.5960549999999927
0
LINE
8
BLACK
6
CONTINUOUS
10
146.6676909999999907
20
-69.5960549999999927
11
146.413944999999984
21
-69.3423090000000002
0
LINE
8
BLACK
6
CONTINUOUS
10
146.413944999999984
20
-69.3423090000000002
11
146.1902049999999917
21
-69.0617479999999944
0
LINE
8
BLACK
6
CONTINUOUS
10
146.1902049999999917
20
-69.0617479999999944
11
145.9992849999999862
21
-68.7578999999999922
0
LINE
8
BLACK
6
CONTINUOUS
10
145.9992849999999862
20
-68.7578999999999922
11
145.8435849999999903
21
-68.4345869999999934
0
LINE
8
BLACK
6
CONTINUOUS
10
145.8435849999999903
20
-68.4345869999999934
11
145.7250650000000007
21
-68.0958739999999949
0
LINE
8
BLACK
6
CONTINUOUS
10
145.7250650000000007
20
-68.0958739999999949
11
145.645212999999984
21
-67.7460200000000015
0
LINE
8
BLACK
6
CONTINUOUS
10
145.645212999999984
20
-67.7460200000000015
11
145.6050339999999892
21
-67.3894250000000028
0
LINE
8
BLACK
6
CONTINUOUS
10
145.6050339999999892
20
-67.3894250000000028
11
145.6050339999999892
21
-67.0305749999999989
0
LINE
8
BLACK
6
CONTINUOUS
10
145.6050339999999892
20
-67.0305749999999989
11
145.645212999999984
21
-66.6739800000000002
0
LINE
8
BLACK
6
CONTINUOUS
10
145.645212999999984
20
-66.6739800000000002
11
145.7250650000000007
21
-66.3241259999999926
0
LINE
8
BLACK
6
CONTINUOUS
10
145.7250650000000007
20
-66.3241259999999926
11
145.8435849999999903
21
-65.9854129999999941
0
LINE
8
BLACK
6
CONTINUOUS
10
145.8435849999999903
20
-65.9854129999999941
11
145.9992849999999862
21
-65.6620999999999952
0
LINE
8
BLACK
6
CONTINUOUS
10
145.9992849999999862
20
-65.6620999999999952
11
146.1902049999999917
21
-65.3582519999999931
0
LINE
8
BLACK
6
CONTINUOUS
10
146.1902049999999917
20
-65.3582519999999931
11
146.3696640000000002
21
-65.1332170000000019
0
LINE
8
BLACK
6
CONTINUOUS
10
146.3696640000000002
20
-65.1332170000000019
11
146.0116799999999841
21
-64.7752330000000001
0
LINE
8
BLACK
6
CONTINUOUS
10
146.0116799999999841
20
-64.7752330000000001
11
146.0116789999999867
21
-64.7752330000000001
0
LINE
8
BLACK
6
CONTINUOUS
10
146.0116789999999867
20
-64.7752330000000001
11
145.824547999999993
21
-65.0032539999999983
0
LINE
8
BLACK
6
CONTINUOUS
10
145.824547999999993
20
-65.0032539999999983
11
145.8245450000000005
21
-65.0032580000000024
0
LINE
8
BLACK
6
CONTINUOUS
10
145.8245450000000005
20
-65.0032580000000024
11
145.6225809999999967
21
-65.3055190000000039
0
LINE
8
BLACK
6
CONTINUOUS
10
145.6225809999999967
20
-65.3055190000000039
11
145.6225699999999961
21
-65.3055370000000011
0
LINE
8
BLACK
6
CONTINUOUS
10
145.6225699999999961
20
-65.3055370000000011
11
145.4512090000000057
21
-65.6261300000000034
0
LINE
8
BLACK
6
CONTINUOUS
10
145.4512090000000057
20
-65.6261300000000034
11
145.4512069999999824
21
-65.6261349999999908
0
LINE
8
BLACK
6
CONTINUOUS
10
145.4512069999999824
20
-65.6261349999999908
11
145.3120859999999936
21
-65.9620019999999982
0
LINE
8
BLACK
6
CONTINUOUS
10
145.3120859999999936
20
-65.9620019999999982
11
145.2065529999999853
21
-66.309898000000004
0
LINE
8
BLACK
6
CONTINUOUS
10
145.2065529999999853
20
-66.309898000000004
11
145.2065499999999929
21
-66.3099089999999904
0
LINE
8
BLACK
6
CONTINUOUS
10
145.2065499999999929
20
-66.3099089999999904
11
145.1356319999999869
21
-66.666443000000001
0
LINE
8
BLACK
6
CONTINUOUS
10
145.1356319999999869
20
-66.666443000000001
11
145.0999999999999943
21
-67.0282339999999976
0
LINE
8
BLACK
6
CONTINUOUS
10
145.0999999999999943
20
-67.0282339999999976
11
145.0999999999999943
21
-67.3917649999999924
0
LINE
8
BLACK
6
CONTINUOUS
10
145.0999999999999943
20
-67.3917649999999924
11
145.1356319999999869
21
-67.7535560000000032
0
LINE
8
BLACK
6
CONTINUOUS
10
145.1356319999999869
20
-67.7535560000000032
11
145.2065499999999929
21
-68.1100899999999996
0
LINE
8
BLACK
6
CONTINUOUS
10
145.2065499999999929
20
-68.1100899999999996
11
145.2065529999999853
21
-68.1101010000000002
0
LINE
8
BLACK
6
CONTINUOUS
10
145.2065529999999853
20
-68.1101010000000002
11
145.3120859999999936
21
-68.4579969999999918
0
LINE
8
BLACK
6
CONTINUOUS
10
145.3120859999999936
20
-68.4579969999999918
11
145.4512069999999824
21
-68.7938639999999992
0
LINE
8
BLACK
6
CONTINUOUS
10
145.4512069999999824
20
-68.7938639999999992
11
145.4512090000000057
21
-68.7938690000000008
0
LINE
8
BLACK
6
CONTINUOUS
10
145.4512090000000057
20
-68.7938690000000008
11
145.6225699999999961
21
-69.1144620000000032
0
LINE
8
BLACK
6
CONTINUOUS
10
145.6225699999999961
20
-69.1144620000000032
11
145.6225809999999967
21
-69.1144800000000004
0
LINE
8
BLACK
6
CONTINUOUS
10
145.6225809999999967
20
-69.1144800000000004
11
145.7838509999999985
21
-69.3558379999999914
0
LINE
8
BLACK
6
CONTINUOUS
10
145.7838509999999985
20
-69.3558379999999914
11
145.8047289999999805
21
-69.4225160000000017
0
LINE
8
BLACK
6
CONTINUOUS
10
145.8047289999999805
20
-69.4225160000000017
11
145.7862439999999822
21
-69.4898960000000017
0
LINE
8
BLACK
6
CONTINUOUS
10
145.7862439999999822
20
-69.4898960000000017
11
145.7342649999999935
21
-69.5365859999999998
0
LINE
8
BLACK
6
CONTINUOUS
10
145.7342649999999935
20
-69.5365859999999998
11
145.6652949999999862
21
-69.5477619999999916
0
LINE
8
BLACK
6
CONTINUOUS
10
145.6652949999999862
20
-69.5477619999999916
11
145.6012319999999818
21
-69.5198759999999965
0
LINE
8
BLACK
6
CONTINUOUS
10
145.6012319999999818
20
-69.5198759999999965
11
145.5930679999999882
21
-69.5124100000000027
0
LINE
8
BLACK
6
CONTINUOUS
10
145.5930679999999882
20
-69.5124100000000027
11
144.3465449999999919
21
-68.2658869999999922
0
LINE
8
BLACK
6
CONTINUOUS
10
144.3465449999999919
20
-68.2658869999999922
11
144.2318070000000034
21
-68.1892220000000009
0
LINE
8
BLACK
6
CONTINUOUS
10
144.2318070000000034
20
-68.1892220000000009
11
144.1043319999999994
21
-68.1364209999999986
0
LINE
8
BLACK
6
CONTINUOUS
10
144.1043319999999994
20
-68.1364209999999986
11
144.1043219999999963
21
-68.1364179999999919
0
LINE
8
BLACK
6
CONTINUOUS
10
144.1043219999999963
20
-68.1364179999999919
11
143.9689960000000042
21
-68.109499999999997
0
LINE
8
BLACK
6
CONTINUOUS
10
143.9689960000000042
20
-68.109499999999997
11
143.9689939999999808
21
-68.109499999999997
0
LINE
8
BLACK
6
CONTINUOUS
10
143.9689939999999808
20
-68.109499999999997
11
143.9689929999999833
21
-68.109499999999997
0
LINE
8
BLACK
6
CONTINUOUS
10
143.9689929999999833
20
-68.109499999999997
11
142.5129489999999919
21
-68.109499999999997
0
LINE
8
BLACK
6
CONTINUOUS
10
142.5129489999999919
20
-68.109499999999997
11
142.4459099999999978
21
-68.0898150000000015
0
LINE
8
BLACK
6
CONTINUOUS
10
142.4459099999999978
20
-68.0898150000000015
11
142.4001549999999838
21
-68.0370109999999926
0
LINE
8
BLACK
6
CONTINUOUS
10
142.4001549999999838
20
-68.0370109999999926
11
142.3889489999999967
21
-67.9855000000000018
0
LINE
8
BLACK
6
CONTINUOUS
10
142.3889489999999967
20
-67.9855000000000018
11
142.3889489999999967
21
-67.8621289999999959
0
LINE
8
BLACK
6
CONTINUOUS
10
142.3889489999999967
20
-67.8621289999999959
11
142.3889479999999992
21
-67.8621229999999969
0
LINE
8
BLACK
6
CONTINUOUS
10
142.3889479999999992
20
-67.8621229999999969
11
142.3889470000000017
21
-67.8621160000000003
0
LINE
8
BLACK
6
CONTINUOUS
10
142.3889470000000017
20
-67.8621160000000003
11
142.3825410000000034
21
-67.8025169999999946
0
LINE
8
BLACK
6
CONTINUOUS
10
142.3825410000000034
20
-67.8025169999999946
11
142.3322459999999978
21
-67.6676690000000036
0
LINE
8
BLACK
6
CONTINUOUS
10
142.3322459999999978
20
-67.6676690000000036
11
142.3322450000000003
21
-67.6676679999999919
0
LINE
8
BLACK
6
CONTINUOUS
10
142.3322450000000003
20
-67.6676679999999919
11
142.3322430000000054
21
-67.667664000000002
0
LINE
8
BLACK
6
CONTINUOUS
10
142.3322430000000054
20
-67.667664000000002
11
142.2459969999999885
21
-67.5524549999999948
0
LINE
8
BLACK
6
CONTINUOUS
10
142.2459969999999885
20
-67.5524549999999948
11
142.245993999999996
21
-67.5524520000000024
0
LINE
8
BLACK
6
CONTINUOUS
10
142.245993999999996
20
-67.5524520000000024
11
142.130785000000003
21
-67.4662059999999997
0
LINE
8
BLACK
6
CONTINUOUS
10
142.130785000000003
20
-67.4662059999999997
11
142.1307779999999923
21
-67.4662019999999956
0
LINE
8
BLACK
6
CONTINUOUS
10
142.1307779999999923
20
-67.4662019999999956
11
141.9959319999999821
21
-67.4159080000000017
0
LINE
8
BLACK
6
CONTINUOUS
10
141.9959319999999821
20
-67.4159080000000017
11
141.9959329999999795
21
-67.4159080000000017
0
LINE
8
BLACK
6
CONTINUOUS
10
141.9959329999999795
20
-67.4159080000000017
11
141.9363329999999905
21
-67.4095009999999917
0
LINE
8
BLACK
6
CONTINUOUS
10
141.9363329999999905
20
-67.4095009999999917
11
141.9363309999999956
21
-67.4094999999999942
0
LINE
8
BLACK
6
CONTINUOUS
10
141.9363309999999956
20
-67.4094999999999942
11
141.9363229999999874
21
-67.4094999999999942
0
LINE
8
BLACK
6
CONTINUOUS
10
141.9363229999999874
20
-67.4094999999999942
11
141.9363139999999817
21
-67.4094999999999942
0
LINE
8
BLACK
6
CONTINUOUS
10
141.9363139999999817
20
-67.4094999999999942
11
140.0405789999999797
21
-67.4094999999999942
0
LINE
8
BLACK
6
CONTINUOUS
10
140.0405789999999797
20
-67.4094999999999942
11
140.0405729999999949
21
-67.4095009999999917
0
LINE
8
BLACK
6
CONTINUOUS
10
140.0405729999999949
20
-67.4095009999999917
11
139.9809659999999951
21
-67.4159080000000017
0
LINE
8
BLACK
6
CONTINUOUS
10
139.9809659999999951
20
-67.4159080000000017
11
139.8461209999999824
21
-67.4662019999999956
0
LINE
8
BLACK
6
CONTINUOUS
10
139.8461209999999824
20
-67.4662019999999956
11
139.846114
21
-67.4662059999999997
0
LINE
8
BLACK
6
CONTINUOUS
10
139.846114
20
-67.4662059999999997
11
139.730905000000007
21
-67.5524520000000024
0
LINE
8
BLACK
6
CONTINUOUS
10
139.730905000000007
20
-67.5524520000000024
11
139.7309019999999862
21
-67.5524549999999948
0
LINE
8
BLACK
6
CONTINUOUS
10
139.7309019999999862
20
-67.5524549999999948
11
139.6446559999999977
21
-67.667664000000002
0
LINE
8
BLACK
6
CONTINUOUS
10
139.6446559999999977
20
-67.667664000000002
11
139.6446520000000078
21
-67.6676709999999986
0
LINE
8
BLACK
6
CONTINUOUS
10
139.6446520000000078
20
-67.6676709999999986
11
139.5943579999999997
21
-67.8025169999999946
0
LINE
8
BLACK
6
CONTINUOUS
10
139.5943579999999997
20
-67.8025169999999946
11
139.5879510000000039
21
-67.8621160000000003
0
LINE
8
BLACK
6
CONTINUOUS
10
139.5879510000000039
20
-67.8621160000000003
11
139.5879510000000039
21
-67.8621229999999969
0
LINE
8
BLACK
6
CONTINUOUS
10
139.5879510000000039
20
-67.8621229999999969
11
139.5879500000000064
21
-67.862134999999995
0
LINE
8
BLACK
6
CONTINUOUS
10
139.5879500000000064
20
-67.862134999999995
11
139.5879500000000064
21
-69.7578699999999969
0
LINE
8
BLACK
6
CONTINUOUS
10
139.5879500000000064
20
-69.7578699999999969
11
139.5879510000000039
21
-69.757875999999996
0
LINE
8
BLACK
6
CONTINUOUS
10
139.5879510000000039
20
-69.757875999999996
11
139.5943579999999997
21
-69.8174829999999957
0
LINE
8
BLACK
6
CONTINUOUS
10
139.5943579999999997
20
-69.8174829999999957
11
139.6446520000000078
21
-69.9523279999999943
0
LINE
8
BLACK
6
CONTINUOUS
10
139.6446520000000078
20
-69.9523279999999943
11
139.6446559999999977
21
-69.9523349999999908
0
LINE
8
BLACK
6
CONTINUOUS
10
139.6446559999999977
20
-69.9523349999999908
11
139.7309019999999862
21
-70.0675439999999981
0
LINE
8
BLACK
6
CONTINUOUS
10
139.7309019999999862
20
-70.0675439999999981
11
139.730905000000007
21
-70.0675469999999905
0
LINE
8
BLACK
6
CONTINUOUS
10
139.730905000000007
20
-70.0675469999999905
11
139.846114
21
-70.1537929999999932
0
LINE
8
BLACK
6
CONTINUOUS
10
139.846114
20
-70.1537929999999932
11
139.8461209999999824
21
-70.1537969999999973
0
LINE
8
BLACK
6
CONTINUOUS
10
139.8461209999999824
20
-70.1537969999999973
11
139.9260299999999972
21
-70.1836009999999959
0
LINE
8
BLACK
6
CONTINUOUS
10
139.9260299999999972
20
-70.1836009999999959
11
139.9819640000000049
21
-70.2254719999999963
0
LINE
8
BLACK
6
CONTINUOUS
10
139.9819640000000049
20
-70.2254719999999963
11
140.0063810000000046
21
-70.2909360000000021
0
LINE
8
BLACK
6
CONTINUOUS
10
140.0063810000000046
20
-70.2909360000000021
11
139.9915299999999831
21
-70.3592089999999928
0
LINE
8
BLACK
6
CONTINUOUS
10
139.9915299999999831
20
-70.3592089999999928
11
139.9703789999999799
21
-70.3874629999999968
0
LINE
8
BLACK
6
CONTINUOUS
10
139.9703789999999799
20
-70.3874629999999968
11
139.9202060000000074
21
-70.4376359999999977
0
LINE
8
BLACK
6
CONTINUOUS
10
139.9202060000000074
20
-70.4376359999999977
11
139.9202019999999891
21
-70.4376409999999993
0
LINE
8
BLACK
6
CONTINUOUS
10
139.9202019999999891
20
-70.4376409999999993
11
139.7906370000000038
21
-70.6159739999999942
0
LINE
8
BLACK
6
CONTINUOUS
10
139.7906370000000038
20
-70.6159739999999942
11
139.6905539999999917
21
-70.8123930000000001
0
LINE
8
BLACK
6
CONTINUOUS
10
139.6905539999999917
20
-70.8123930000000001
11
139.6905529999999942
21
-70.8123959999999926
0
LINE
8
BLACK
6
CONTINUOUS
10
139.6905529999999942
20
-70.8123959999999926
11
139.6224349999999959
21
-71.0220470000000006
0
LINE
8
BLACK
6
CONTINUOUS
10
139.6224349999999959
20
-71.0220470000000006
11
139.6224349999999959
21
-71.0220489999999955
0
LINE
8
BLACK
6
CONTINUOUS
10
139.6224349999999959
20
-71.0220489999999955
11
139.5879500000000064
21
-71.2397780000000012
0
LINE
8
BLACK
6
CONTINUOUS
10
139.5879500000000064
20
-71.2397780000000012
11
139.5879500000000064
21
-71.4602220000000017
0
LINE
8
BLACK
6
CONTINUOUS
10
139.5879500000000064
20
-71.4602220000000017
11
139.5990469999999846
21
-71.5302849999999921
0
LINE
8
BLACK
6
CONTINUOUS
10
139.5990469999999846
20
-71.5302849999999921
11
139.6224349999999959
21
-71.6779519999999906
0
LINE
8
BLACK
6
CONTINUOUS
10
139.6224349999999959
20
-71.6779519999999906
11
139.6905529999999942
21
-71.8876029999999986
0
LINE
8
BLACK
6
CONTINUOUS
10
139.6905529999999942
20
-71.8876029999999986
11
139.6905539999999917
21
-71.887605999999991
0
LINE
8
BLACK
6
CONTINUOUS
10
139.6905539999999917
20
-71.887605999999991
11
139.7906370000000038
21
-72.0840249999999969
0
LINE
8
BLACK
6
CONTINUOUS
10
139.7906370000000038
20
-72.0840249999999969
11
139.9202019999999891
21
-72.2623579999999919
0
LINE
8
BLACK
6
CONTINUOUS
10
139.9202019999999891
20
-72.2623579999999919
11
139.9202060000000074
21
-72.2623629999999935
0
LINE
8
BLACK
6
CONTINUOUS
10
139.9202060000000074
20
-72.2623629999999935
11
140.0760860000000037
21
-72.4182429999999897
0
LINE
8
BLACK
6
CONTINUOUS
10
140.0760860000000037
20
-72.4182429999999897
11
140.076090999999991
21
-72.4182469999999938
0
LINE
8
BLACK
6
CONTINUOUS
10
140.076090999999991
20
-72.4182469999999938
11
140.2316419999999937
21
-72.5312600000000032
0
LINE
8
BLACK
6
CONTINUOUS
10
140.2316419999999937
20
-72.5312600000000032
11
140.2544279999999901
21
-72.5478149999999999
0
LINE
8
BLACK
6
CONTINUOUS
10
140.2544279999999901
20
-72.5478149999999999
11
140.3439989999999966
21
-72.5934539999999942
0
LINE
8
BLACK
6
CONTINUOUS
10
140.3439989999999966
20
-72.5934539999999942
11
140.4508429999999919
21
-72.6478949999999912
0
LINE
8
BLACK
6
CONTINUOUS
10
140.4508429999999919
20
-72.6478949999999912
11
140.4508459999999843
21
-72.6478960000000029
0
LINE
8
BLACK
6
CONTINUOUS
10
140.4508459999999843
20
-72.6478960000000029
11
140.5556709999999896
21
-72.6819550000000021
0
LINE
8
BLACK
6
CONTINUOUS
10
140.5556709999999896
20
-72.6819550000000021
11
140.6604989999999873
21
-72.7160149999999987
0
LINE
8
BLACK
6
CONTINUOUS
10
140.6604989999999873
20
-72.7160149999999987
11
140.8782280000000071
21
-72.7505000000000024
0
LINE
8
BLACK
6
CONTINUOUS
10
140.8782280000000071
20
-72.7505000000000024
11
140.8782290000000046
21
-72.7505000000000024
0
LINE
8
BLACK
6
CONTINUOUS
10
140.8782290000000046
20
-72.7505000000000024
11
141.098670999999996
21
-72.7505000000000024
0
LINE
8
BLACK
6
CONTINUOUS
10
141.098670999999996
20
-72.7505000000000024
11
141.0986719999999934
21
-72.7505000000000024
0
LINE
8
BLACK
6
CONTINUOUS
10
141.0986719999999934
20
-72.7505000000000024
11
141.3164009999999848
21
-72.7160149999999987
0
LINE
8
BLACK
6
CONTINUOUS
10
141.3164009999999848
20
-72.7160149999999987
11
141.5260559999999828
21
-72.6478949999999912
0
LINE
8
BLACK
6
CONTINUOUS
10
141.5260559999999828
20
-72.6478949999999912
11
141.722471999999982
21
-72.5478149999999999
0
LINE
8
BLACK
6
CONTINUOUS
10
141.722471999999982
20
-72.5478149999999999
11
141.9008149999999944
21
-72.4182419999999922
0
LINE
8
BLACK
6
CONTINUOUS
10
141.9008149999999944
20
-72.4182419999999922
11
141.9565189999999859
21
-72.3625380000000007
0
LINE
8
BLACK
6
CONTINUOUS
10
141.9565189999999859
20
-72.3625380000000007
11
142.0178420000000017
21
-72.3290530000000018
0
LINE
8
BLACK
6
CONTINUOUS
10
142.0178420000000017
20
-72.3290530000000018
11
142.0875340000000051
21
-72.334036999999995
0
LINE
8
BLACK
6
CONTINUOUS
10
142.0875340000000051
20
-72.334036999999995
11
142.1318809999999928
21
-72.3625380000000007
0
LINE
8
BLACK
6
CONTINUOUS
10
142.1318809999999928
20
-72.3625380000000007
11
143.0631809999999859
21
-73.2938379999999938
0
LINE
8
BLACK
6
CONTINUOUS
10
143.0631809999999859
20
-73.2938379999999938
11
143.096665999999999
21
-73.3551609999999954
0
LINE
8
BLACK
6
CONTINUOUS
10
143.096665999999999
20
-73.3551609999999954
11
143.0995000000000061
21
-73.3815189999999973
0
LINE
8
BLACK
6
CONTINUOUS
10
143.0995000000000061
20
-73.3815189999999973
11
143.0995000000000061
21
-87.1410059999999902
0
LINE
8
BLACK
6
CONTINUOUS
10
143.0995000000000061
20
-87.1410059999999902
11
143.0995000000000061
21
-87.2789939999999973
0
LINE
8
BLACK
6
CONTINUOUS
10
143.0995000000000061
20
-87.2789939999999973
11
143.0995000000000061
21
-87.2789959999999923
0
LINE
8
BLACK
6
CONTINUOUS
10
143.0995000000000061
20
-87.2789959999999923
11
143.0994989999999802
21
-87.2789959999999923
0
LINE
8
BLACK
6
CONTINUOUS
10
143.0994989999999802
20
-87.2789959999999923
11
143.126418000000001
21
-87.4143219999999985
0
LINE
8
BLACK
6
CONTINUOUS
10
143.126418000000001
20
-87.4143219999999985
11
143.1264209999999935
21
-87.4143320000000017
0
LINE
8
BLACK
6
CONTINUOUS
10
143.1264209999999935
20
-87.4143320000000017
11
143.1792219999999816
21
-87.5418069999999915
0
LINE
8
BLACK
6
CONTINUOUS
10
143.1792219999999816
20
-87.5418069999999915
11
143.2558870000000013
21
-87.6565449999999942
0
LINE
8
BLACK
6
CONTINUOUS
10
143.2558870000000013
20
-87.6565449999999942
11
143.2558879999999988
21
-87.6565459999999916
0
LINE
8
BLACK
6
CONTINUOUS
10
143.2558879999999988
20
-87.6565459999999916
11
143.8131809999999859
21
-88.2138379999999955
0
LINE
8
BLACK
6
CONTINUOUS
10
143.8131809999999859
20
-88.2138379999999955
11
143.846665999999999
21
-88.2751609999999971
0
LINE
8
BLACK
6
CONTINUOUS
10
143.846665999999999
20
-88.2751609999999971
11
143.8495000000000061
21
-88.301518999999999
0
LINE
8
BLACK
6
CONTINUOUS
10
143.8495000000000061
20
-88.301518999999999
11
143.8495000000000061
21
-89.4998009999999908
0
LINE
8
BLACK
6
CONTINUOUS
10
143.8495000000000061
20
-89.4998009999999908
11
143.8298149999999964
21
-89.5668399999999991
0
LINE
8
BLACK
6
CONTINUOUS
10
143.8298149999999964
20
-89.5668399999999991
11
143.7770109999999875
21
-89.6125949999999989
0
LINE
8
BLACK
6
CONTINUOUS
10
143.7770109999999875
20
-89.6125949999999989
11
143.7254999999999825
21
-89.6238010000000003
0
LINE
8
BLACK
6
CONTINUOUS
10
143.7254999999999825
20
-89.6238010000000003
11
141.7194250000000011
21
-89.6238010000000003
0
LINE
8
BLACK
6
CONTINUOUS
10
141.7194250000000011
20
-89.6238010000000003
11
141.7194189999999878
21
-89.6238019999999977
0
LINE
8
BLACK
6
CONTINUOUS
10
141.7194189999999878
20
-89.6238019999999977
11
141.6598119999999881
21
-89.6302089999999936
0
LINE
8
BLACK
6
CONTINUOUS
10
141.6598119999999881
20
-89.6302089999999936
11
141.5249670000000037
21
-89.6805030000000016
0
LINE
8
BLACK
6
CONTINUOUS
10
141.5249670000000037
20
-89.6805030000000016
11
141.524959999999993
21
-89.6805069999999915
0
LINE
8
BLACK
6
CONTINUOUS
10
141.524959999999993
20
-89.6805069999999915
11
141.409751
21
-89.7667529999999942
0
LINE
8
BLACK
6
CONTINUOUS
10
141.409751
20
-89.7667529999999942
11
141.4097480000000076
21
-89.7667560000000009
0
LINE
8
BLACK
6
CONTINUOUS
10
141.4097480000000076
20
-89.7667560000000009
11
141.3235019999999906
21
-89.8819649999999939
0
LINE
8
BLACK
6
CONTINUOUS
10
141.3235019999999906
20
-89.8819649999999939
11
141.3234970000000033
21
-89.8819730000000021
0
LINE
8
BLACK
6
CONTINUOUS
10
141.3234970000000033
20
-89.8819730000000021
11
141.3205389999999966
21
-89.8899059999999963
0
LINE
8
BLACK
6
CONTINUOUS
10
141.3205389999999966
20
-89.8899059999999963
11
141.2786649999999895
21
-89.9458369999999974
0
LINE
8
BLACK
6
CONTINUOUS
10
141.2786649999999895
20
-89.9458369999999974
11
141.2132000000000005
21
-89.9702509999999904
0
LINE
8
BLACK
6
CONTINUOUS
10
141.2132000000000005
20
-89.9702509999999904
11
141.1449269999999956
21
-89.9553969999999907
0
LINE
8
BLACK
6
CONTINUOUS
10
141.1449269999999956
20
-89.9553969999999907
11
141.1314739999999972
21
-89.9468849999999946
0
LINE
8
BLACK
6
CONTINUOUS
10
141.1314739999999972
20
-89.9468849999999946
11
141.0327680000000043
21
-89.8751719999999921
0
LINE
8
BLACK
6
CONTINUOUS
10
141.0327680000000043
20
-89.8751719999999921
11
141.0327670000000069
21
-89.8751709999999946
0
LINE
8
BLACK
6
CONTINUOUS
10
141.0327670000000069
20
-89.8751709999999946
11
141.0327649999999835
21
-89.8751699999999971
0
LINE
8
BLACK
6
CONTINUOUS
10
141.0327649999999835
20
-89.8751699999999971
11
140.9119149999999934
21
-89.8135939999999948
0
LINE
8
BLACK
6
CONTINUOUS
10
140.9119149999999934
20
-89.8135939999999948
11
140.8279299999999807
21
-89.7708009999999916
0
LINE
8
BLACK
6
CONTINUOUS
10
140.8279299999999807
20
-89.7708009999999916
11
140.6092989999999929
21
-89.6997640000000018
0
LINE
8
BLACK
6
CONTINUOUS
10
140.6092989999999929
20
-89.6997640000000018
11
140.4579249999999888
21
-89.6757879999999972
0
LINE
8
BLACK
6
CONTINUOUS
10
140.4579249999999888
20
-89.6757879999999972
11
140.3822399999999959
21
-89.6638009999999923
0
LINE
8
BLACK
6
CONTINUOUS
10
140.3822399999999959
20
-89.6638009999999923
11
140.1523520000000076
21
-89.6638009999999923
0
LINE
8
BLACK
6
CONTINUOUS
10
140.1523520000000076
20
-89.6638009999999923
11
140.0766659999999888
21
-89.6757879999999972
0
LINE
8
BLACK
6
CONTINUOUS
10
140.0766659999999888
20
-89.6757879999999972
11
139.9252929999999822
21
-89.6997640000000018
0
LINE
8
BLACK
6
CONTINUOUS
10
139.9252929999999822
20
-89.6997640000000018
11
139.9252899999999897
21
-89.6997640000000018
0
LINE
8
BLACK
6
CONTINUOUS
10
139.9252899999999897
20
-89.6997640000000018
11
139.7066609999999969
21
-89.7708009999999916
0
LINE
8
BLACK
6
CONTINUOUS
10
139.7066609999999969
20
-89.7708009999999916
11
139.5018230000000017
21
-89.8751719999999921
0
LINE
8
BLACK
6
CONTINUOUS
10
139.5018230000000017
20
-89.8751719999999921
11
139.3158499999999833
21
-90.0102880000000027
0
LINE
8
BLACK
6
CONTINUOUS
10
139.3158499999999833
20
-90.0102880000000027
11
139.3158449999999959
21
-90.0102919999999926
0
LINE
8
BLACK
6
CONTINUOUS
10
139.3158449999999959
20
-90.0102919999999926
11
139.1532870000000059
21
-90.1728499999999968
0
LINE
8
BLACK
6
CONTINUOUS
10
139.1532870000000059
20
-90.1728499999999968
11
139.1532829999999876
21
-90.1728549999999984
0
LINE
8
BLACK
6
CONTINUOUS
10
139.1532829999999876
20
-90.1728549999999984
11
139.0181670000000054
21
-90.3588280000000026
0
LINE
8
BLACK
6
CONTINUOUS
10
139.0181670000000054
20
-90.3588280000000026
11
138.9137959999999907
21
-90.5636659999999978
0
LINE
8
BLACK
6
CONTINUOUS
10
138.9137959999999907
20
-90.5636659999999978
11
138.8427590000000009
21
-90.7822949999999906
0
LINE
8
BLACK
6
CONTINUOUS
10
138.8427590000000009
20
-90.7822949999999906
11
138.8427590000000009
21
-90.7822979999999973
0
LINE
8
BLACK
6
CONTINUOUS
10
138.8427590000000009
20
-90.7822979999999973
11
138.8427590000000009
21
-90.7822999999999922
0
LINE
8
BLACK
6
CONTINUOUS
10
138.8427590000000009
20
-90.7822999999999922
11
138.8067959999999914
21
-91.0093569999999943
0
LINE
8
BLACK
6
CONTINUOUS
10
138.8067959999999914
20
-91.0093569999999943
11
138.8067959999999914
21
-91.2392449999999968
0
LINE
8
BLACK
6
CONTINUOUS
10
138.8067959999999914
20
-91.2392449999999968
11
138.8142149999999901
21
-91.2860849999999999
0
LINE
8
BLACK
6
CONTINUOUS
10
138.8142149999999901
20
-91.2860849999999999
11
138.8427590000000009
21
-91.4663029999999964
0
LINE
8
BLACK
6
CONTINUOUS
10
138.8427590000000009
20
-91.4663029999999964
11
138.8427590000000009
21
-91.4663059999999888
0
LINE
8
BLACK
6
CONTINUOUS
10
138.8427590000000009
20
-91.4663059999999888
11
138.9137959999999907
21
-91.6849349999999959
0
LINE
8
BLACK
6
CONTINUOUS
10
138.9137959999999907
20
-91.6849349999999959
11
139.0181670000000054
21
-91.889772999999991
0
LINE
8
BLACK
6
CONTINUOUS
10
139.0181670000000054
20
-91.889772999999991
11
139.1532829999999876
21
-92.0757459999999952
0
LINE
8
BLACK
6
CONTINUOUS
10
139.1532829999999876
20
-92.0757459999999952
11
139.1532870000000059
21
-92.0757509999999968
0
LINE
8
BLACK
6
CONTINUOUS
10
139.1532870000000059
20
-92.0757509999999968
11
139.3158449999999959
21
-92.238309000000001
0
LINE
8
BLACK
6
CONTINUOUS
10
139.3158449999999959
20
-92.238309000000001
11
139.3158499999999833
21
-92.2383129999999909
0
LINE
8
BLACK
6
CONTINUOUS
10
139.3158499999999833
20
-92.2383129999999909
11
139.4615440000000035
21
-92.3441649999999896
0
LINE
8
BLACK
6
CONTINUOUS
10
139.4615440000000035
20
-92.3441649999999896
11
139.5018269999999916
21
-92.373431999999994
0
LINE
8
BLACK
6
CONTINUOUS
10
139.5018269999999916
20
-92.373431999999994
11
139.5018389999999897
21
-92.3734379999999931
0
LINE
8
BLACK
6
CONTINUOUS
10
139.5018389999999897
20
-92.3734379999999931
11
139.5059750000000065
21
-92.3759730000000019
0
LINE
8
BLACK
6
CONTINUOUS
10
139.5059750000000065
20
-92.3759730000000019
11
139.5049769999999967
21
-92.3776009999999985
0
LINE
8
BLACK
6
CONTINUOUS
10
139.5049769999999967
20
-92.3776009999999985
11
139.5498780000000068
21
-92.4199969999999951
0
LINE
8
BLACK
6
CONTINUOUS
10
139.5498780000000068
20
-92.4199969999999951
11
139.5667959999999823
21
-92.4825219999999888
0
LINE
8
BLACK
6
CONTINUOUS
10
139.5667959999999823
20
-92.4825219999999888
11
139.5667959999999823
21
-93.2059950000000015
0
LINE
8
BLACK
6
CONTINUOUS
10
139.5667959999999823
20
-93.2059950000000015
11
139.547111000000001
21
-93.2730339999999956
0
LINE
8
BLACK
6
CONTINUOUS
10
139.547111000000001
20
-93.2730339999999956
11
139.4943069999999921
21
-93.3187889999999953
0
LINE
8
BLACK
6
CONTINUOUS
10
139.4943069999999921
20
-93.3187889999999953
11
139.4251490000000047
21
-93.3287329999999997
0
LINE
8
BLACK
6
CONTINUOUS
10
139.4251490000000047
20
-93.3287329999999997
11
139.3699119999999994
21
-93.3063140000000004
0
LINE
8
BLACK
6
CONTINUOUS
10
139.3699119999999994
20
-93.3063140000000004
11
139.3178969999999879
21
-93.2685239999999993
0
LINE
8
BLACK
6
CONTINUOUS
10
139.3178969999999879
20
-93.2685239999999993
11
139.1355079999999873
21
-93.1755909999999972
0
LINE
8
BLACK
6
CONTINUOUS
10
139.1355079999999873
20
-93.1755909999999972
11
138.9408190000000047
21
-93.112331999999995
0
LINE
8
BLACK
6
CONTINUOUS
10
138.9408190000000047
20
-93.112331999999995
11
138.7662799999999947
21
-93.0846879999999999
0
LINE
8
BLACK
6
CONTINUOUS
10
138.7662799999999947
20
-93.0846879999999999
11
138.7386369999999829
21
-93.0803099999999972
0
LINE
8
BLACK
6
CONTINUOUS
10
138.7386369999999829
20
-93.0803099999999972
11
138.5339329999999904
21
-93.0803099999999972
0
LINE
8
BLACK
6
CONTINUOUS
10
138.5339329999999904
20
-93.0803099999999972
11
138.5096139999999991
21
-93.0841609999999946
0
LINE
8
BLACK
6
CONTINUOUS
10
138.5096139999999991
20
-93.0841609999999946
11
138.3317499999999995
21
-93.112331999999995
0
LINE
8
BLACK
6
CONTINUOUS
10
138.3317499999999995
20
-93.112331999999995
11
138.1370609999999886
21
-93.1755909999999972
0
LINE
8
BLACK
6
CONTINUOUS
10
138.1370609999999886
20
-93.1755909999999972
11
137.9546709999999905
21
-93.2685249999999968
0
LINE
8
BLACK
6
CONTINUOUS
10
137.9546709999999905
20
-93.2685249999999968
11
137.789071000000007
21
-93.3888379999999927
0
LINE
8
BLACK
6
CONTINUOUS
10
137.789071000000007
20
-93.3888379999999927
11
137.644315000000006
21
-93.5335939999999937
0
LINE
8
BLACK
6
CONTINUOUS
10
137.644315000000006
20
-93.5335939999999937
11
137.574860000000001
21
-93.6291939999999983
0
LINE
8
BLACK
6
CONTINUOUS
10
137.574860000000001
20
-93.6291939999999983
11
137.5195300000000032
21
-93.6718609999999927
0
LINE
8
BLACK
6
CONTINUOUS
10
137.5195300000000032
20
-93.6718609999999927
11
137.4745409999999879
21
-93.6803099999999915
0
LINE
8
BLACK
6
CONTINUOUS
10
137.4745409999999879
20
-93.6803099999999915
11
136.6118610000000047
21
-93.6803099999999915
0
LINE
8
BLACK
6
CONTINUOUS
10
136.6118610000000047
20
-93.6803099999999915
11
136.5448219999999822
21
-93.660624999999996
0
LINE
8
BLACK
6
CONTINUOUS
10
136.5448219999999822
20
-93.660624999999996
11
136.4990669999999966
21
-93.6078210000000013
0
LINE
8
BLACK
6
CONTINUOUS
10
136.4990669999999966
20
-93.6078210000000013
11
136.487860999999981
21
-93.5563099999999963
0
LINE
8
BLACK
6
CONTINUOUS
10
136.487860999999981
20
-93.5563099999999963
11
136.487860999999981
21
-92.5293629999999894
0
LINE
8
BLACK
6
CONTINUOUS
10
136.487860999999981
20
-92.5293629999999894
11
136.5075459999999907
21
-92.4623239999999953
0
LINE
8
BLACK
6
CONTINUOUS
10
136.5075459999999907
20
-92.4623239999999953
11
136.5495870000000025
21
-92.4242909999999966
0
LINE
8
BLACK
6
CONTINUOUS
10
136.5495870000000025
20
-92.4242909999999966
11
136.5486819999999852
21
-92.4228140000000025
0
LINE
8
BLACK
6
CONTINUOUS
10
136.5486819999999852
20
-92.4228140000000025
11
136.5528109999999913
21
-92.4202820000000003
0
LINE
8
BLACK
6
CONTINUOUS
10
136.5528109999999913
20
-92.4202820000000003
11
136.5528300000000002
21
-92.4202729999999946
0
LINE
8
BLACK
6
CONTINUOUS
10
136.5528300000000002
20
-92.4202729999999946
11
136.7388129999999933
21
-92.2851489999999899
0
LINE
8
BLACK
6
CONTINUOUS
10
136.7388129999999933
20
-92.2851489999999899
11
136.9013679999999908
21
-92.1225939999999923
0
LINE
8
BLACK
6
CONTINUOUS
10
136.9013679999999908
20
-92.1225939999999923
11
137.0364919999999813
21
-91.9366109999999992
0
LINE
8
BLACK
6
CONTINUOUS
10
137.0364919999999813
20
-91.9366109999999992
11
137.1408590000000061
21
-91.7317789999999889
0
LINE
8
BLACK
6
CONTINUOUS
10
137.1408590000000061
20
-91.7317789999999889
11
137.1560800000000029
21
-91.6849349999999959
0
LINE
8
BLACK
6
CONTINUOUS
10
137.1560800000000029
20
-91.6849349999999959
11
137.2118969999999933
21
-91.5131469999999894
0
LINE
8
BLACK
6
CONTINUOUS
10
137.2118969999999933
20
-91.5131469999999894
11
137.2118969999999933
21
-91.5131459999999919
0
LINE
8
BLACK
6
CONTINUOUS
10
137.2118969999999933
20
-91.5131459999999919
11
137.2118979999999908
21
-91.5131429999999995
0
LINE
8
BLACK
6
CONTINUOUS
10
137.2118979999999908
20
-91.5131429999999995
11
137.2478610000000003
21
-91.2860859999999974
0
LINE
8
BLACK
6
CONTINUOUS
10
137.2478610000000003
20
-91.2860859999999974
11
137.2478610000000003
21
-91.0561979999999949
0
LINE
8
BLACK
6
CONTINUOUS
10
137.2478610000000003
20
-91.0561979999999949
11
137.2118979999999908
21
-90.8291409999999928
0
LINE
8
BLACK
6
CONTINUOUS
10
137.2118979999999908
20
-90.8291409999999928
11
137.2118969999999933
21
-90.8291370000000029
0
LINE
8
BLACK
6
CONTINUOUS
10
137.2118969999999933
20
-90.8291370000000029
11
137.2118969999999933
21
-90.8291359999999912
0
LINE
8
BLACK
6
CONTINUOUS
10
137.2118969999999933
20
-90.8291359999999912
11
137.1408600000000035
21
-90.6105069999999984
0
LINE
8
BLACK
6
CONTINUOUS
10
137.1408600000000035
20
-90.6105069999999984
11
137.116991999999982
21
-90.5636640000000028
0
LINE
8
BLACK
6
CONTINUOUS
10
137.116991999999982
20
-90.5636640000000028
11
137.0364919999999813
21
-90.4056729999999931
0
LINE
8
BLACK
6
CONTINUOUS
10
137.0364919999999813
20
-90.4056729999999931
11
137.0024569999999926
21
-90.3588280000000026
0
LINE
8
BLACK
6
CONTINUOUS
10
137.0024569999999926
20
-90.3588280000000026
11
136.9013730000000066
21
-90.219695999999999
0
LINE
8
BLACK
6
CONTINUOUS
10
136.9013730000000066
20
-90.219695999999999
11
136.9013689999999883
21
-90.2196909999999974
0
LINE
8
BLACK
6
CONTINUOUS
10
136.9013689999999883
20
-90.2196909999999974
11
136.7388109999999983
21
-90.0571329999999932
0
LINE
8
BLACK
6
CONTINUOUS
10
136.7388109999999983
20
-90.0571329999999932
11
136.7388059999999825
21
-90.0571289999999891
0
LINE
8
BLACK
6
CONTINUOUS
10
136.7388059999999825
20
-90.0571289999999891
11
136.5528329999999926
21
-89.9220129999999926
0
LINE
8
BLACK
6
CONTINUOUS
10
136.5528329999999926
20
-89.9220129999999926
11
136.5528319999999951
21
-89.9220119999999952
0
LINE
8
BLACK
6
CONTINUOUS
10
136.5528319999999951
20
-89.9220119999999952
11
136.5528300000000002
21
-89.9220109999999977
0
LINE
8
BLACK
6
CONTINUOUS
10
136.5528300000000002
20
-89.9220109999999977
11
136.3861670000000004
21
-89.8370919999999984
0
LINE
8
BLACK
6
CONTINUOUS
10
136.3861670000000004
20
-89.8370919999999984
11
136.3479949999999974
21
-89.8176419999999922
0
LINE
8
BLACK
6
CONTINUOUS
10
136.3479949999999974
20
-89.8176419999999922
11
136.1293639999999812
21
-89.7466050000000024
0
LINE
8
BLACK
6
CONTINUOUS
10
136.1293639999999812
20
-89.7466050000000024
11
135.9779900000000055
21
-89.7226289999999977
0
LINE
8
BLACK
6
CONTINUOUS
10
135.9779900000000055
20
-89.7226289999999977
11
135.9023049999999841
21
-89.7106419999999929
0
LINE
8
BLACK
6
CONTINUOUS
10
135.9023049999999841
20
-89.7106419999999929
11
135.6724169999999958
21
-89.7106419999999929
0
LINE
8
BLACK
6
CONTINUOUS
10
135.6724169999999958
20
-89.7106419999999929
11
135.5967310000000055
21
-89.7226289999999977
0
LINE
8
BLACK
6
CONTINUOUS
10
135.5967310000000055
20
-89.7226289999999977
11
135.4453579999999988
21
-89.7466050000000024
0
LINE
8
BLACK
6
CONTINUOUS
10
135.4453579999999988
20
-89.7466050000000024
11
135.4453550000000064
21
-89.7466050000000024
0
LINE
8
BLACK
6
CONTINUOUS
10
135.4453550000000064
20
-89.7466050000000024
11
135.2267259999999851
21
-89.8176419999999922
0
LINE
8
BLACK
6
CONTINUOUS
10
135.2267259999999851
20
-89.8176419999999922
11
135.0218919999999798
21
-89.9220100000000002
0
LINE
8
BLACK
6
CONTINUOUS
10
135.0218919999999798
20
-89.9220100000000002
11
134.9231819999999971
21
-89.9937269999999927
0
LINE
8
BLACK
6
CONTINUOUS
10
134.9231819999999971
20
-89.9937269999999927
11
134.8573749999999905
21
-90.0172060000000016
0
LINE
8
BLACK
6
CONTINUOUS
10
134.8573749999999905
20
-90.0172060000000016
11
134.789321000000001
21
-90.0013799999999975
0
LINE
8
BLACK
6
CONTINUOUS
10
134.789321000000001
20
-90.0013799999999975
11
134.7406269999999893
21
-89.951273999999998
0
LINE
8
BLACK
6
CONTINUOUS
10
134.7406269999999893
20
-89.951273999999998
11
134.7341150000000027
21
-89.9367400000000004
0
LINE
8
BLACK
6
CONTINUOUS
10
134.7341150000000027
20
-89.9367400000000004
11
134.731158999999991
21
-89.9288150000000002
0
LINE
8
BLACK
6
CONTINUOUS
10
134.731158999999991
20
-89.9288150000000002
11
134.7311540000000036
21
-89.9288059999999945
0
LINE
8
BLACK
6
CONTINUOUS
10
134.7311540000000036
20
-89.9288059999999945
11
134.6449079999999867
21
-89.8135970000000015
0
LINE
8
BLACK
6
CONTINUOUS
10
134.6449079999999867
20
-89.8135970000000015
11
134.6449049999999943
21
-89.8135939999999948
0
LINE
8
BLACK
6
CONTINUOUS
10
134.6449049999999943
20
-89.8135939999999948
11
134.5296960000000013
21
-89.7273479999999921
0
LINE
8
BLACK
6
CONTINUOUS
10
134.5296960000000013
20
-89.7273479999999921
11
134.5296889999999905
21
-89.7273440000000022
0
LINE
8
BLACK
6
CONTINUOUS
10
134.5296889999999905
20
-89.7273440000000022
11
134.3948429999999803
21
-89.6770499999999942
0
LINE
8
BLACK
6
CONTINUOUS
10
134.3948429999999803
20
-89.6770499999999942
11
134.3948440000000062
21
-89.6770499999999942
0
LINE
8
BLACK
6
CONTINUOUS
10
134.3948440000000062
20
-89.6770499999999942
11
134.3352439999999888
21
-89.6706429999999983
0
LINE
8
BLACK
6
CONTINUOUS
10
134.3352439999999888
20
-89.6706429999999983
11
134.3352419999999938
21
-89.6706420000000008
0
LINE
8
BLACK
6
CONTINUOUS
10
134.3352419999999938
20
-89.6706420000000008
11
134.3352339999999856
21
-89.6706420000000008
0
LINE
8
BLACK
6
CONTINUOUS
10
134.3352339999999856
20
-89.6706420000000008
11
134.3352260000000058
21
-89.6706420000000008
0
LINE
8
BLACK
6
CONTINUOUS
10
134.3352260000000058
20
-89.6706420000000008
11
132.8026610000000005
21
-89.6706420000000008
0
LINE
8
BLACK
6
CONTINUOUS
10
132.8026610000000005
20
-89.6706420000000008
11
132.7356220000000064
21
-89.6509569999999911
0
LINE
8
BLACK
6
CONTINUOUS
10
132.7356220000000064
20
-89.6509569999999911
11
132.7149799999999971
21
-89.6343229999999949
0
LINE
8
BLACK
6
CONTINUOUS
10
132.7149799999999971
20
-89.6343229999999949
11
132.03681899999998
21
-88.956161999999992
0
LINE
8
BLACK
6
CONTINUOUS
10
132.03681899999998
20
-88.956161999999992
11
132.0033339999999953
21
-88.8948389999999904
0
LINE
8
BLACK
6
CONTINUOUS
10
132.0033339999999953
20
-88.8948389999999904
11
132.0004999999999882
21
-88.8684810000000027
0
LINE
8
BLACK
6
CONTINUOUS
10
132.0004999999999882
20
-88.8684810000000027
11
132.0004999999999882
21
-70.9215179999999918
0
LINE
8
BLACK
6
CONTINUOUS
10
132.0004999999999882
20
-70.9215179999999918
11
132.0201849999999979
21
-70.8544789999999978
0
LINE
8
BLACK
6
CONTINUOUS
10
132.0201849999999979
20
-70.8544789999999978
11
132.0368149999999901
21
-70.8338409999999925
0
LINE
8
BLACK
6
CONTINUOUS
10
132.0368149999999901
20
-70.8338409999999925
11
132.838799999999992
21
-70.0318549999999931
0
LINE
8
BLACK
6
CONTINUOUS
10
132.838799999999992
20
-70.0318549999999931
11
132.9001209999999844
21
-69.9983720000000034
0
LINE
8
BLACK
6
CONTINUOUS
10
132.9001209999999844
20
-69.9983720000000034
11
132.9698119999999903
21
-70.0033559999999966
0
LINE
8
BLACK
6
CONTINUOUS
10
132.9698119999999903
20
-70.0033559999999966
11
133.0257430000000056
21
-70.0452239999999904
0
LINE
8
BLACK
6
CONTINUOUS
10
133.0257430000000056
20
-70.0452239999999904
11
133.0424539999999922
21
-70.067545999999993
0
LINE
8
BLACK
6
CONTINUOUS
10
133.0424539999999922
20
-70.067545999999993
11
133.0424549999999897
21
-70.067545999999993
0
LINE
8
BLACK
6
CONTINUOUS
10
133.0424549999999897
20
-70.067545999999993
11
133.0424559999999872
21
-70.0675480000000022
0
LINE
8
BLACK
6
CONTINUOUS
10
133.0424559999999872
20
-70.0675480000000022
11
133.1576639999999827
21
-70.1537929999999932
0
LINE
8
BLACK
6
CONTINUOUS
10
133.1576639999999827
20
-70.1537929999999932
11
133.1576709999999935
21
-70.1537969999999973
0
LINE
8
BLACK
6
CONTINUOUS
10
133.1576709999999935
20
-70.1537969999999973
11
133.2375799999999799
21
-70.1836009999999959
0
LINE
8
BLACK
6
CONTINUOUS
10
133.2375799999999799
20
-70.1836009999999959
11
133.2935139999999876
21
-70.2254719999999963
0
LINE
8
BLACK
6
CONTINUOUS
10
133.2935139999999876
20
-70.2254719999999963
11
133.3179309999999873
21
-70.2909360000000021
0
LINE
8
BLACK
6
CONTINUOUS
10
133.3179309999999873
20
-70.2909360000000021
11
133.3030799999999942
21
-70.3592089999999928
0
LINE
8
BLACK
6
CONTINUOUS
10
133.3030799999999942
20
-70.3592089999999928
11
133.281928999999991
21
-70.3874629999999968
0
LINE
8
BLACK
6
CONTINUOUS
10
133.281928999999991
20
-70.3874629999999968
11
133.2317559999999901
21
-70.4376359999999977
0
LINE
8
BLACK
6
CONTINUOUS
10
133.2317559999999901
20
-70.4376359999999977
11
133.2317520000000002
21
-70.4376409999999993
0
LINE
8
BLACK
6
CONTINUOUS
10
133.2317520000000002
20
-70.4376409999999993
11
133.1021869999999865
21
-70.6159739999999942
0
LINE
8
BLACK
6
CONTINUOUS
10
133.1021869999999865
20
-70.6159739999999942
11
133.0021040000000028
21
-70.8123930000000001
0
LINE
8
BLACK
6
CONTINUOUS
10
133.0021040000000028
20
-70.8123930000000001
11
133.0021030000000053
21
-70.8123959999999926
0
LINE
8
BLACK
6
CONTINUOUS
10
133.0021030000000053
20
-70.8123959999999926
11
132.9339850000000069
21
-71.0220470000000006
0
LINE
8
BLACK
6
CONTINUOUS
10
132.9339850000000069
20
-71.0220470000000006
11
132.9339850000000069
21
-71.0220489999999955
0
LINE
8
BLACK
6
CONTINUOUS
10
132.9339850000000069
20
-71.0220489999999955
11
132.8994999999999891
21
-71.2397780000000012
0
LINE
8
BLACK
6
CONTINUOUS
10
132.8994999999999891
20
-71.2397780000000012
11
132.8994999999999891
21
-71.4602220000000017
0
LINE
8
BLACK
6
CONTINUOUS
10
132.8994999999999891
20
-71.4602220000000017
11
132.9105969999999957
21
-71.5302849999999921
0
LINE
8
BLACK
6
CONTINUOUS
10
132.9105969999999957
20
-71.5302849999999921
11
132.9339850000000069
21
-71.6779519999999906
0
LINE
8
BLACK
6
CONTINUOUS
10
132.9339850000000069
20
-71.6779519999999906
11
133.0021030000000053
21
-71.8876029999999986
0
LINE
8
BLACK
6
CONTINUOUS
10
133.0021030000000053
20
-71.8876029999999986
11
133.0021040000000028
21
-71.887605999999991
0
LINE
8
BLACK
6
CONTINUOUS
10
133.0021040000000028
20
-71.887605999999991
11
133.1021869999999865
21
-72.0840249999999969
0
LINE
8
BLACK
6
CONTINUOUS
10
133.1021869999999865
20
-72.0840249999999969
11
133.2317520000000002
21
-72.2623579999999919
0
LINE
8
BLACK
6
CONTINUOUS
10
133.2317520000000002
20
-72.2623579999999919
11
133.2317559999999901
21
-72.2623629999999935
0
LINE
8
BLACK
6
CONTINUOUS
10
133.2317559999999901
20
-72.2623629999999935
11
133.3876359999999863
21
-72.4182429999999897
0
LINE
8
BLACK
6
CONTINUOUS
10
133.3876359999999863
20
-72.4182429999999897
11
133.3876410000000021
21
-72.4182469999999938
0
LINE
8
BLACK
6
CONTINUOUS
10
133.3876410000000021
20
-72.4182469999999938
11
133.5431920000000048
21
-72.5312600000000032
0
LINE
8
BLACK
6
CONTINUOUS
10
133.5431920000000048
20
-72.5312600000000032
11
133.5659780000000012
21
-72.5478149999999999
0
LINE
8
BLACK
6
CONTINUOUS
10
133.5659780000000012
20
-72.5478149999999999
11
133.6555490000000077
21
-72.5934539999999942
0
LINE
8
BLACK
6
CONTINUOUS
10
133.6555490000000077
20
-72.5934539999999942
11
133.762393000000003
21
-72.6478949999999912
0
LINE
8
BLACK
6
CONTINUOUS
10
133.762393000000003
20
-72.6478949999999912
11
133.7623959999999954
21
-72.6478960000000029
0
LINE
8
BLACK
6
CONTINUOUS
10
133.7623959999999954
20
-72.6478960000000029
11
133.8672210000000007
21
-72.6819550000000021
0
LINE
8
BLACK
6
CONTINUOUS
10
133.8672210000000007
20
-72.6819550000000021
11
133.9720489999999984
21
-72.7160149999999987
0
LINE
8
BLACK
6
CONTINUOUS
10
133.9720489999999984
20
-72.7160149999999987
11
134.1897779999999898
21
-72.7505000000000024
0
LINE
8
BLACK
6
CONTINUOUS
10
134.1897779999999898
20
-72.7505000000000024
11
134.1897789999999873
21
-72.7505000000000024
0
LINE
8
BLACK
6
CONTINUOUS
10
134.1897789999999873
20
-72.7505000000000024
11
134.4102210000000071
21
-72.7505000000000024
0
LINE
8
BLACK
6
CONTINUOUS
10
134.4102210000000071
20
-72.7505000000000024
11
134.4102220000000045
21
-72.7505000000000024
0
LINE
8
BLACK
6
CONTINUOUS
10
134.4102220000000045
20
-72.7505000000000024
11
134.6279509999999959
21
-72.7160149999999987
0
LINE
8
BLACK
6
CONTINUOUS
10
134.6279509999999959
20
-72.7160149999999987
11
134.8376059999999939
21
-72.6478949999999912
0
LINE
8
BLACK
6
CONTINUOUS
10
134.8376059999999939
20
-72.6478949999999912
11
135.0340219999999931
21
-72.5478149999999999
0
LINE
8
BLACK
6
CONTINUOUS
10
135.0340219999999931
20
-72.5478149999999999
11
135.2123650000000055
21
-72.4182419999999922
0
LINE
8
BLACK
6
CONTINUOUS
10
135.2123650000000055
20
-72.4182419999999922
11
135.3682419999999809
21
-72.2623650000000026
0
LINE
8
BLACK
6
CONTINUOUS
10
135.3682419999999809
20
-72.2623650000000026
11
135.4978150000000028
21
-72.0840219999999903
0
LINE
8
BLACK
6
CONTINUOUS
10
135.4978150000000028
20
-72.0840219999999903
11
135.5978949999999941
21
-71.887605999999991
0
LINE
8
BLACK
6
CONTINUOUS
10
135.5978949999999941
20
-71.887605999999991
11
135.6660149999999874
21
-71.6779509999999931
0
LINE
8
BLACK
6
CONTINUOUS
10
135.6660149999999874
20
-71.6779509999999931
11
135.7005000000000052
21
-71.4602220000000017
0
LINE
8
BLACK
6
CONTINUOUS
10
135.7005000000000052
20
-71.4602220000000017
11
135.7005000000000052
21
-71.2397780000000012
0
LINE
8
BLACK
6
CONTINUOUS
10
135.7005000000000052
20
-71.2397780000000012
11
135.6660149999999874
21
-71.0220489999999955
0
LINE
8
BLACK
6
CONTINUOUS
10
135.6660149999999874
20
-71.0220489999999955
11
135.5978949999999941
21
-70.8123939999999976
0
LINE
8
BLACK
6
CONTINUOUS
10
135.5978949999999941
20
-70.8123939999999976
11
135.5978949999999941
21
-70.8123930000000001
0
LINE
8
BLACK
6
CONTINUOUS
10
135.5978949999999941
20
-70.8123930000000001
11
135.5395629999999869
21
-70.6979129999999998
0
LINE
8
BLACK
6
CONTINUOUS
10
135.5395629999999869
20
-70.6979129999999998
11
135.4978150000000028
21
-70.6159779999999984
0
LINE
8
BLACK
6
CONTINUOUS
10
135.4978150000000028
20
-70.6159779999999984
11
135.4215499999999963
21
-70.5110069999999922
0
LINE
8
BLACK
6
CONTINUOUS
10
135.4215499999999963
20
-70.5110069999999922
11
135.3682469999999967
21
-70.4376409999999993
0
LINE
8
BLACK
6
CONTINUOUS
10
135.3682469999999967
20
-70.4376409999999993
11
135.3682430000000068
21
-70.4376359999999977
0
LINE
8
BLACK
6
CONTINUOUS
10
135.3682430000000068
20
-70.4376359999999977
11
135.3180710000000033
21
-70.3874639999999943
0
LINE
8
BLACK
6
CONTINUOUS
10
135.3180710000000033
20
-70.3874639999999943
11
135.2845859999999902
21
-70.3261409999999927
0
LINE
8
BLACK
6
CONTINUOUS
10
135.2845859999999902
20
-70.3261409999999927
11
135.2895699999999977
21
-70.2564490000000035
0
LINE
8
BLACK
6
CONTINUOUS
10
135.2895699999999977
20
-70.2564490000000035
11
135.3314419999999814
21
-70.2005159999999933
0
LINE
8
BLACK
6
CONTINUOUS
10
135.3314419999999814
20
-70.2005159999999933
11
135.362419999999986
21
-70.1836009999999959
0
LINE
8
BLACK
6
CONTINUOUS
10
135.362419999999986
20
-70.1836009999999959
11
135.44232599999998
21
-70.1537979999999948
0
LINE
8
BLACK
6
CONTINUOUS
10
135.44232599999998
20
-70.1537979999999948
11
135.44232599999998
21
-70.1537969999999973
0
LINE
8
BLACK
6
CONTINUOUS
10
135.44232599999998
20
-70.1537969999999973
11
135.4423309999999958
21
-70.1537959999999998
0
LINE
8
BLACK
6
CONTINUOUS
10
135.4423309999999958
20
-70.1537959999999998
11
135.5575460000000021
21
-70.067545999999993
0
LINE
8
BLACK
6
CONTINUOUS
10
135.5575460000000021
20
-70.067545999999993
11
135.6437959999999805
21
-69.9523310000000009
0
LINE
8
BLACK
6
CONTINUOUS
10
135.6437959999999805
20
-69.9523310000000009
11
135.694090999999986
21
-69.8174829999999957
0
LINE
8
BLACK
6
CONTINUOUS
10
135.694090999999986
20
-69.8174829999999957
11
135.7005000000000052
21
-69.7578730000000036
0
LINE
8
BLACK
6
CONTINUOUS
10
135.7005000000000052
20
-69.7578730000000036
11
135.7004990000000078
21
-67.8621279999999985
0
LINE
8
BLACK
6
CONTINUOUS
10
135.7004990000000078
20
-67.8621279999999985
11
135.694090999999986
21
-67.8025169999999946
0
LINE
8
BLACK
6
CONTINUOUS
10
135.694090999999986
20
-67.8025169999999946
11
135.6437959999999805
21
-67.6676690000000036
0
LINE
8
BLACK
6
CONTINUOUS
10
135.6437959999999805
20
-67.6676690000000036
11
135.643794999999983
21
-67.6676679999999919
0
LINE
8
BLACK
6
CONTINUOUS
10
135.643794999999983
20
-67.6676679999999919
11
135.6437929999999881
21
-67.667664000000002
0
LINE
8
BLACK
6
CONTINUOUS
10
135.6437929999999881
20
-67.667664000000002
11
135.5575469999999996
21
-67.5524549999999948
0
LINE
8
BLACK
6
CONTINUOUS
10
135.5575469999999996
20
-67.5524549999999948
11
135.5575440000000071
21
-67.5524520000000024
0
LINE
8
BLACK
6
CONTINUOUS
10
135.5575440000000071
20
-67.5524520000000024
11
135.4423349999999857
21
-67.4662059999999997
0
LINE
8
BLACK
6
CONTINUOUS
10
135.4423349999999857
20
-67.4662059999999997
11
135.4423280000000034
21
-67.4662019999999956
0
LINE
8
BLACK
6
CONTINUOUS
10
135.4423280000000034
20
-67.4662019999999956
11
135.3074819999999931
21
-67.4159080000000017
0
LINE
8
BLACK
6
CONTINUOUS
10
135.3074819999999931
20
-67.4159080000000017
11
135.3074829999999906
21
-67.4159080000000017
0
LINE
8
BLACK
6
CONTINUOUS
10
135.3074829999999906
20
-67.4159080000000017
11
135.2478830000000016
21
-67.4095009999999917
0
LINE
8
BLACK
6
CONTINUOUS
10
135.2478830000000016
20
-67.4095009999999917
11
135.2478810000000067
21
-67.4094999999999942
0
LINE
8
BLACK
6
CONTINUOUS
10
135.2478810000000067
20
-67.4094999999999942
11
135.2478729999999985
21
-67.4094999999999942
0
LINE
8
BLACK
6
CONTINUOUS
10
135.2478729999999985
20
-67.4094999999999942
11
135.2478639999999928
21
-67.4094999999999942
0
LINE
8
BLACK
6
CONTINUOUS
10
135.2478639999999928
20
-67.4094999999999942
11
133.3521289999999908
21
-67.4094999999999942
0
LINE
8
BLACK
6
CONTINUOUS
10
133.3521289999999908
20
-67.4094999999999942
11
133.352123000000006
21
-67.4095009999999917
0
LINE
8
BLACK
6
CONTINUOUS
10
133.352123000000006
20
-67.4095009999999917
11
133.2925160000000062
21
-67.4159080000000017
0
LINE
8
BLACK
6
CONTINUOUS
10
133.2925160000000062
20
-67.4159080000000017
11
133.1576709999999935
21
-67.4662019999999956
0
LINE
8
BLACK
6
CONTINUOUS
10
133.1576709999999935
20
-67.4662019999999956
11
133.1576639999999827
21
-67.4662059999999997
0
LINE
8
BLACK
6
CONTINUOUS
10
133.1576639999999827
20
-67.4662059999999997
11
133.0424549999999897
21
-67.5524520000000024
0
LINE
8
BLACK
6
CONTINUOUS
10
133.0424549999999897
20
-67.5524520000000024
11
133.0424519999999973
21
-67.5524549999999948
0
LINE
8
BLACK
6
CONTINUOUS
10
133.0424519999999973
20
-67.5524549999999948
11
132.9562059999999803
21
-67.667664000000002
0
LINE
8
BLACK
6
CONTINUOUS
10
132.9562059999999803
20
-67.667664000000002
11
132.9562019999999904
21
-67.6676709999999986
0
LINE
8
BLACK
6
CONTINUOUS
10
132.9562019999999904
20
-67.6676709999999986
11
132.9059079999999824
21
-67.8025169999999946
0
LINE
8
BLACK
6
CONTINUOUS
10
132.9059079999999824
20
-67.8025169999999946
11
132.8995009999999866
21
-67.8621160000000003
0
LINE
8
BLACK
6
CONTINUOUS
10
132.8995009999999866
20
-67.8621160000000003
11
132.8995009999999866
21
-67.8621229999999969
0
LINE
8
BLACK
6
CONTINUOUS
10
132.8995009999999866
20
-67.8621229999999969
11
132.8994999999999891
21
-67.862134999999995
0
LINE
8
BLACK
6
CONTINUOUS
10
132.8994999999999891
20
-67.862134999999995
11
132.8994999999999891
21
-68.039552999999998
0
LINE
8
BLACK
6
CONTINUOUS
10
132.8994999999999891
20
-68.039552999999998
11
132.8798150000000078
21
-68.106591999999992
0
LINE
8
BLACK
6
CONTINUOUS
10
132.8798150000000078
20
-68.106591999999992
11
132.8270109999999988
21
-68.1523469999999918
0
LINE
8
BLACK
6
CONTINUOUS
10
132.8270109999999988
20
-68.1523469999999918
11
132.8229529999999841
21
-68.1541139999999928
0
LINE
8
BLACK
6
CONTINUOUS
10
132.8229529999999841
20
-68.1541139999999928
11
132.7381910000000005
21
-68.1892229999999984
0
LINE
8
BLACK
6
CONTINUOUS
10
132.7381910000000005
20
-68.1892229999999984
11
132.6234539999999811
21
-68.2658869999999922
0
LINE
8
BLACK
6
CONTINUOUS
10
132.6234539999999811
20
-68.2658869999999922
11
130.7558870000000013
21
-70.1334540000000004
0
LINE
8
BLACK
6
CONTINUOUS
10
130.7558870000000013
20
-70.1334540000000004
11
130.6792230000000075
21
-70.2481920000000031
0
LINE
8
BLACK
6
CONTINUOUS
10
130.6792230000000075
20
-70.2481920000000031
11
130.6264209999999935
21
-70.3756679999999903
0
LINE
8
BLACK
6
CONTINUOUS
10
130.6264209999999935
20
-70.3756679999999903
11
130.626418000000001
21
-70.3756779999999935
0
LINE
8
BLACK
6
CONTINUOUS
10
130.626418000000001
20
-70.3756779999999935
11
130.6144139999999823
21
-70.4360279999999932
0
LINE
8
BLACK
6
CONTINUOUS
10
130.6144139999999823
20
-70.4360279999999932
11
130.5995000000000061
21
-70.5110039999999998
0
LINE
8
BLACK
6
CONTINUOUS
10
130.5995000000000061
20
-70.5110039999999998
11
130.5995000000000061
21
-72.2062849999999941
0
LINE
8
BLACK
6
CONTINUOUS
10
130.5995000000000061
20
-72.2062849999999941
11
130.5798149999999964
21
-72.2733240000000023
0
LINE
8
BLACK
6
CONTINUOUS
10
130.5798149999999964
20
-72.2733240000000023
11
130.5270109999999875
21
-72.3190790000000021
0
LINE
8
BLACK
6
CONTINUOUS
10
130.5270109999999875
20
-72.3190790000000021
11
130.4754999999999825
21
-72.3302850000000035
0
LINE
8
BLACK
6
CONTINUOUS
10
130.4754999999999825
20
-72.3302850000000035
11
129.0333359999999914
21
-72.3302850000000035
0
LINE
8
BLACK
6
CONTINUOUS
10
129.0333359999999914
20
-72.3302850000000035
11
128.9662969999999973
21
-72.3105999999999938
0
LINE
8
BLACK
6
CONTINUOUS
10
128.9662969999999973
20
-72.3105999999999938
11
128.9205419999999833
21
-72.257795999999999
0
LINE
8
BLACK
6
CONTINUOUS
10
128.9205419999999833
20
-72.257795999999999
11
128.9093359999999961
21
-72.2062849999999941
0
LINE
8
BLACK
6
CONTINUOUS
10
128.9093359999999961
20
-72.2062849999999941
11
128.9093359999999961
21
-71.9829139999999938
0
LINE
8
BLACK
6
CONTINUOUS
10
128.9093359999999961
20
-71.9829139999999938
11
128.9093349999999987
21
-71.9829079999999948
0
LINE
8
BLACK
6
CONTINUOUS
10
128.9093349999999987
20
-71.9829079999999948
11
128.9093340000000012
21
-71.9829009999999982
0
LINE
8
BLACK
6
CONTINUOUS
10
128.9093340000000012
20
-71.9829009999999982
11
128.9029280000000028
21
-71.9233019999999925
0
LINE
8
BLACK
6
CONTINUOUS
10
128.9029280000000028
20
-71.9233019999999925
11
128.8896139999999946
21
-71.887605999999991
0
LINE
8
BLACK
6
CONTINUOUS
10
128.8896139999999946
20
-71.887605999999991
11
128.8526339999999948
21
-71.7884559999999965
0
LINE
8
BLACK
6
CONTINUOUS
10
128.8526339999999948
20
-71.7884559999999965
11
128.8526300000000049
21
-71.788449
0
LINE
8
BLACK
6
CONTINUOUS
10
128.8526300000000049
20
-71.788449
11
128.766383999999988
21
-71.6732399999999927
0
LINE
8
BLACK
6
CONTINUOUS
10
128.766383999999988
20
-71.6732399999999927
11
128.7663809999999955
21
-71.6732370000000003
0
LINE
8
BLACK
6
CONTINUOUS
10
128.7663809999999955
20
-71.6732370000000003
11
128.6511720000000025
21
-71.5869909999999976
0
LINE
8
BLACK
6
CONTINUOUS
10
128.6511720000000025
20
-71.5869909999999976
11
128.6511649999999918
21
-71.5869869999999935
0
LINE
8
BLACK
6
CONTINUOUS
10
128.6511649999999918
20
-71.5869869999999935
11
128.5163189999999815
21
-71.5366929999999996
0
LINE
8
BLACK
6
CONTINUOUS
10
128.5163189999999815
20
-71.5366929999999996
11
128.5163200000000074
21
-71.5366929999999996
0
LINE
8
BLACK
6
CONTINUOUS
10
128.5163200000000074
20
-71.5366929999999996
11
128.45671999999999
21
-71.5302860000000038
0
LINE
8
BLACK
6
CONTINUOUS
10
128.45671999999999
20
-71.5302860000000038
11
128.4567179999999951
21
-71.5302849999999921
0
LINE
8
BLACK
6
CONTINUOUS
10
128.4567179999999951
20
-71.5302849999999921
11
128.4567099999999868
21
-71.5302849999999921
0
LINE
8
BLACK
6
CONTINUOUS
10
128.4567099999999868
20
-71.5302849999999921
11
128.4567009999999811
21
-71.5302849999999921
0
LINE
8
BLACK
6
CONTINUOUS
10
128.4567009999999811
20
-71.5302849999999921
11
126.3609659999999906
21
-71.5302849999999921
0
LINE
8
BLACK
6
CONTINUOUS
10
126.3609659999999906
20
-71.5302849999999921
11
126.3609599999999915
21
-71.5302860000000038
0
LINE
8
BLACK
6
CONTINUOUS
10
126.3609599999999915
20
-71.5302860000000038
11
126.3013529999999918
21
-71.5366929999999996
0
LINE
8
BLACK
6
CONTINUOUS
10
126.3013529999999918
20
-71.5366929999999996
11
126.1665079999999932
21
-71.5869869999999935
0
LINE
8
BLACK
6
CONTINUOUS
10
126.1665079999999932
20
-71.5869869999999935
11
126.1665009999999967
21
-71.5869909999999976
0
LINE
8
BLACK
6
CONTINUOUS
10
126.1665009999999967
20
-71.5869909999999976
11
126.0512919999999895
21
-71.6732370000000003
0
LINE
8
BLACK
6
CONTINUOUS
10
126.0512919999999895
20
-71.6732370000000003
11
126.051288999999997
21
-71.6732399999999927
0
LINE
8
BLACK
6
CONTINUOUS
10
126.051288999999997
20
-71.6732399999999927
11
125.9650429999999943
21
-71.788449
0
LINE
8
BLACK
6
CONTINUOUS
10
125.9650429999999943
20
-71.788449
11
125.9650389999999902
21
-71.7884559999999965
0
LINE
8
BLACK
6
CONTINUOUS
10
125.9650389999999902
20
-71.7884559999999965
11
125.9147449999999964
21
-71.9233019999999925
0
LINE
8
BLACK
6
CONTINUOUS
10
125.9147449999999964
20
-71.9233019999999925
11
125.9083380000000005
21
-71.9829009999999982
0
LINE
8
BLACK
6
CONTINUOUS
10
125.9083380000000005
20
-71.9829009999999982
11
125.9083380000000005
21
-71.9829079999999948
0
LINE
8
BLACK
6
CONTINUOUS
10
125.9083380000000005
20
-71.9829079999999948
11
125.9083369999999888
21
-71.9829199999999929
0
LINE
8
BLACK
6
CONTINUOUS
10
125.9083369999999888
20
-71.9829199999999929
11
125.9083369999999888
21
-74.0786549999999977
0
LINE
8
BLACK
6
CONTINUOUS
10
125.9083369999999888
20
-74.0786549999999977
11
125.9083380000000005
21
-74.0786609999999968
0
LINE
8
BLACK
6
CONTINUOUS
10
125.9083380000000005
20
-74.0786609999999968
11
125.9147449999999964
21
-74.1382679999999965
0
LINE
8
BLACK
6
CONTINUOUS
10
125.9147449999999964
20
-74.1382679999999965
11
125.9650389999999902
21
-74.2731129999999951
0
LINE
8
BLACK
6
CONTINUOUS
10
125.9650389999999902
20
-74.2731129999999951
11
125.9650429999999943
21
-74.2731199999999916
0
LINE
8
BLACK
6
CONTINUOUS
10
125.9650429999999943
20
-74.2731199999999916
11
126.051288999999997
21
-74.3883289999999988
0
LINE
8
BLACK
6
CONTINUOUS
10
126.051288999999997
20
-74.3883289999999988
11
126.0512919999999895
21
-74.3883319999999912
0
LINE
8
BLACK
6
CONTINUOUS
10
126.0512919999999895
20
-74.3883319999999912
11
126.1665009999999967
21
-74.4745779999999939
0
LINE
8
BLACK
6
CONTINUOUS
10
126.1665009999999967
20
-74.4745779999999939
11
126.1665039999999891
21
-74.4745800000000031
0
LINE
8
BLACK
6
CONTINUOUS
10
126.1665039999999891
20
-74.4745800000000031
11
126.1665050000000008
21
-74.4745800000000031
0
LINE
8
BLACK
6
CONTINUOUS
10
126.1665050000000008
20
-74.4745800000000031
11
126.1665059999999983
21
-74.4745810000000006
0
LINE
8
BLACK
6
CONTINUOUS
10
126.1665059999999983
20
-74.4745810000000006
11
126.1973029999999909
21
-74.4860669999999914
0
LINE
8
BLACK
6
CONTINUOUS
10
126.1973029999999909
20
-74.4860669999999914
11
126.217489999999998
21
-74.5011789999999934
0
LINE
8
BLACK
6
CONTINUOUS
10
126.217489999999998
20
-74.5011789999999934
11
126.239861999999988
21
-74.5128150000000034
0
LINE
8
BLACK
6
CONTINUOUS
10
126.239861999999988
20
-74.5128150000000034
11
126.2449829999999906
21
-74.5217600000000004
0
LINE
8
BLACK
6
CONTINUOUS
10
126.2449829999999906
20
-74.5217600000000004
11
126.2532349999999894
21
-74.5279369999999943
0
LINE
8
BLACK
6
CONTINUOUS
10
126.2532349999999894
20
-74.5279369999999943
11
126.262047999999993
21
-74.551565999999994
0
LINE
8
BLACK
6
CONTINUOUS
10
126.262047999999993
20
-74.551565999999994
11
126.2745779999999911
21
-74.573449999999994
0
LINE
8
BLACK
6
CONTINUOUS
10
126.2745779999999911
20
-74.573449999999994
11
126.2740499999999884
21
-74.5837420000000009
0
LINE
8
BLACK
6
CONTINUOUS
10
126.2740499999999884
20
-74.5837420000000009
11
126.2776530000000008
21
-74.5934010000000001
0
LINE
8
BLACK
6
CONTINUOUS
10
126.2776530000000008
20
-74.5934010000000001
11
126.2722919999999931
21
-74.6180430000000001
0
LINE
8
BLACK
6
CONTINUOUS
10
126.2722919999999931
20
-74.6180430000000001
11
126.2710019999999957
21
-74.6432279999999935
0
LINE
8
BLACK
6
CONTINUOUS
10
126.2710019999999957
20
-74.6432279999999935
11
126.2638409999999993
21
-74.6568960000000033
0
LINE
8
BLACK
6
CONTINUOUS
10
126.2638409999999993
20
-74.6568960000000033
11
126.2628019999999935
21
-74.6616739999999908
0
LINE
8
BLACK
6
CONTINUOUS
10
126.2628019999999935
20
-74.6616739999999908
11
126.2547159999999877
21
-74.6745399999999933
0
LINE
8
BLACK
6
CONTINUOUS
10
126.2547159999999877
20
-74.6745399999999933
11
126.2544019999999989
21
-74.6749769999999984
0
LINE
8
BLACK
6
CONTINUOUS
10
126.2544019999999989
20
-74.6749769999999984
11
126.1597059999999999
21
-74.8053159999999906
0
LINE
8
BLACK
6
CONTINUOUS
10
126.1597059999999999
20
-74.8053159999999906
11
126.1568359999999984
21
-74.8109479999999962
0
LINE
8
BLACK
6
CONTINUOUS
10
126.1568359999999984
20
-74.8109479999999962
11
126.1513629999999893
21
-74.8185759999999931
0
LINE
8
BLACK
6
CONTINUOUS
10
126.1513629999999893
20
-74.8185759999999931
11
126.1309349999999938
21
-74.8345209999999952
0
LINE
8
BLACK
6
CONTINUOUS
10
126.1309349999999938
20
-74.8345209999999952
11
126.1131409999999988
21
-74.8533669999999915
0
LINE
8
BLACK
6
CONTINUOUS
10
126.1131409999999988
20
-74.8533669999999915
11
126.1034229999999923
21
-74.8559959999999904
0
LINE
8
BLACK
6
CONTINUOUS
10
126.1034229999999923
20
-74.8559959999999904
11
126.0962859999999921
21
-74.8615679999999912
0
LINE
8
BLACK
6
CONTINUOUS
10
126.0962859999999921
20
-74.8615679999999912
11
126.0759169999999898
21
-74.8634389999999996
0
LINE
8
BLACK
6
CONTINUOUS
10
126.0759169999999898
20
-74.8634389999999996
11
126.0506159999999909
21
-74.8702849999999955
0
LINE
8
BLACK
6
CONTINUOUS
10
126.0506159999999909
20
-74.8702849999999955
11
125.5128409999999946
21
-74.8702849999999955
0
LINE
8
BLACK
6
CONTINUOUS
10
125.5128409999999946
20
-74.8702849999999955
11
125.3775139999999908
21
-74.8972029999999904
0
LINE
8
BLACK
6
CONTINUOUS
10
125.3775139999999908
20
-74.8972029999999904
11
125.3775039999999876
21
-74.8972059999999971
0
LINE
8
BLACK
6
CONTINUOUS
10
125.3775039999999876
20
-74.8972059999999971
11
125.2500289999999978
21
-74.9500069999999994
0
LINE
8
BLACK
6
CONTINUOUS
10
125.2500289999999978
20
-74.9500069999999994
11
125.1352909999999952
21
-75.0266719999999907
0
LINE
8
BLACK
6
CONTINUOUS
10
125.1352909999999952
20
-75.0266719999999907
11
124.7558899999999937
21
-75.4060729999999921
0
LINE
8
BLACK
6
CONTINUOUS
10
124.7558899999999937
20
-75.4060729999999921
11
124.7558839999999947
21
-75.4060800000000029
0
LINE
8
BLACK
6
CONTINUOUS
10
124.7558839999999947
20
-75.4060800000000029
11
124.7167120000000011
21
-75.46470699999999
0
LINE
8
BLACK
6
CONTINUOUS
10
124.7167120000000011
20
-75.46470699999999
11
124.7167120000000011
21
-75.4647080000000017
0
LINE
8
BLACK
6
CONTINUOUS
10
124.7167120000000011
20
-75.4647080000000017
11
124.6993249999999875
21
-75.4907299999999992
0
LINE
8
BLACK
6
CONTINUOUS
10
124.6993249999999875
20
-75.4907299999999992
11
124.6792249999999882
21
-75.5208099999999973
0
LINE
8
BLACK
6
CONTINUOUS
10
124.6792249999999882
20
-75.5208099999999973
11
124.6792209999999983
21
-75.5208169999999939
0
LINE
8
BLACK
6
CONTINUOUS
10
124.6792209999999983
20
-75.5208169999999939
11
124.6264209999999935
21
-75.6482889999999912
0
LINE
8
BLACK
6
CONTINUOUS
10
124.6264209999999935
20
-75.6482889999999912
11
124.626418000000001
21
-75.6482989999999944
0
LINE
8
BLACK
6
CONTINUOUS
10
124.626418000000001
20
-75.6482989999999944
11
124.5994999999999919
21
-75.7836259999999982
0
LINE
8
BLACK
6
CONTINUOUS
10
124.5994999999999919
20
-75.7836259999999982
11
124.5994999999999919
21
-75.7836289999999906
0
LINE
8
BLACK
6
CONTINUOUS
10
124.5994999999999919
20
-75.7836289999999906
11
124.5994999999999919
21
-80.5217099999999988
0
LINE
8
BLACK
6
CONTINUOUS
10
124.5994999999999919
20
-80.5217099999999988
11
124.5994999999999919
21
-80.6596979999999917
0
LINE
8
BLACK
6
CONTINUOUS
10
124.5994999999999919
20
-80.6596979999999917
11
124.5994999999999919
21
-80.6597000000000008
0
LINE
8
BLACK
6
CONTINUOUS
10
124.5994999999999919
20
-80.6597000000000008
11
124.5994989999999945
21
-80.6597000000000008
0
LINE
8
BLACK
6
CONTINUOUS
10
124.5994989999999945
20
-80.6597000000000008
11
124.626418000000001
21
-80.7950259999999929
0
LINE
8
BLACK
6
CONTINUOUS
10
128.2105379999999855
20
-77.6626329999999996
11
128.2202049999999929
21
-77.6770999999999958
0
LINE
8
BLACK
6
CONTINUOUS
10
128.2202049999999929
20
-77.6770999999999958
11
128.2892219999999952
21
-77.8437229999999971
0
LINE
8
BLACK
6
CONTINUOUS
10
128.2892219999999952
20
-77.8437229999999971
11
128.3244070000000079
21
-78.0206089999999932
0
LINE
8
BLACK
6
CONTINUOUS
10
128.3244070000000079
20
-78.0206089999999932
11
128.3244070000000079
21
-78.2009609999999924
0
LINE
8
BLACK
6
CONTINUOUS
10
128.3244070000000079
20
-78.2009609999999924
11
128.2892219999999952
21
-78.3778470000000027
0
LINE
8
BLACK
6
CONTINUOUS
10
128.2892219999999952
20
-78.3778470000000027
11
128.2202049999999929
21
-78.5444699999999898
0
LINE
8
BLACK
6
CONTINUOUS
10
128.2202049999999929
20
-78.5444699999999898
11
128.2105389999999829
21
-78.5589349999999911
0
LINE
8
BLACK
6
CONTINUOUS
10
128.2105389999999829
20
-78.5589349999999911
11
128.5742209999999943
21
-78.9226170000000025
0
LINE
8
BLACK
6
CONTINUOUS
10
128.5742209999999943
20
-78.9226170000000025
11
128.5742209999999943
21
-78.9226159999999908
0
LINE
8
BLACK
6
CONTINUOUS
10
128.5742209999999943
20
-78.9226159999999908
11
128.6233299999999815
21
-78.8550259999999952
0
LINE
8
BLACK
6
CONTINUOUS
10
128.6233299999999815
20
-78.8550259999999952
11
128.724804000000006
21
-78.6558729999999997
0
LINE
8
BLACK
6
CONTINUOUS
10
128.724804000000006
20
-78.6558729999999997
11
128.7938709999999958
21
-78.4433030000000002
0
LINE
8
BLACK
6
CONTINUOUS
10
128.7938709999999958
20
-78.4433030000000002
11
128.8288369999999929
21
-78.2225459999999941
0
LINE
8
BLACK
6
CONTINUOUS
10
128.8288369999999929
20
-78.2225459999999941
11
128.8288369999999929
21
-77.999022999999994
0
LINE
8
BLACK
6
CONTINUOUS
10
128.8288369999999929
20
-77.999022999999994
11
128.7938709999999958
21
-77.7782660000000021
0
LINE
8
BLACK
6
CONTINUOUS
10
128.7938709999999958
20
-77.7782660000000021
11
128.724804000000006
21
-77.5656960000000026
0
LINE
8
BLACK
6
CONTINUOUS
10
128.724804000000006
20
-77.5656960000000026
11
128.623328999999984
21
-77.3665419999999955
0
LINE
8
BLACK
6
CONTINUOUS
10
128.623328999999984
20
-77.3665419999999955
11
128.5742209999999943
21
-77.2989519999999999
0
LINE
8
BLACK
6
CONTINUOUS
10
128.5742209999999943
20
-77.2989519999999999
11
128.5742209999999943
21
-77.2989510000000024
0
LINE
8
BLACK
6
CONTINUOUS
10
128.5742209999999943
20
-77.2989510000000024
11
128.2105379999999855
21
-77.6626329999999996
0
LINE
8
BLACK
6
CONTINUOUS
10
123.8652319999999918
20
-69.9983189999999951
11
123.8652329999999893
21
-69.9983199999999925
0
LINE
8
BLACK
6
CONTINUOUS
10
123.8652329999999893
20
-69.9983199999999925
11
124.0932490000000001
21
-70.1854479999999938
0
LINE
8
BLACK
6
CONTINUOUS
10
124.0932490000000001
20
-70.1854479999999938
11
124.3955189999999931
21
-70.3874179999999967
0
LINE
8
BLACK
6
CONTINUOUS
10
124.3955189999999931
20
-70.3874179999999967
11
124.3955369999999903
21
-70.3874289999999974
0
LINE
8
BLACK
6
CONTINUOUS
10
124.3955369999999903
20
-70.3874289999999974
11
124.7161299999999926
21
-70.5587900000000019
0
LINE
8
BLACK
6
CONTINUOUS
10
124.7161299999999926
20
-70.5587900000000019
11
124.7161349999999942
21
-70.5587919999999968
0
LINE
8
BLACK
6
CONTINUOUS
10
124.7161349999999942
20
-70.5587919999999968
11
125.0520019999999874
21
-70.6979129999999998
0
LINE
8
BLACK
6
CONTINUOUS
10
125.0520019999999874
20
-70.6979129999999998
11
125.3998979999999932
21
-70.8034459999999939
0
LINE
8
BLACK
6
CONTINUOUS
10
125.3998979999999932
20
-70.8034459999999939
11
125.3999089999999939
21
-70.8034490000000005
0
LINE
8
BLACK
6
CONTINUOUS
10
125.3999089999999939
20
-70.8034490000000005
11
125.7564429999999902
21
-70.8743669999999923
0
LINE
8
BLACK
6
CONTINUOUS
10
125.7564429999999902
20
-70.8743669999999923
11
126.1182340000000011
21
-70.9099999999999966
0
LINE
8
BLACK
6
CONTINUOUS
10
126.1182340000000011
20
-70.9099999999999966
11
126.4817659999999933
21
-70.9099999999999966
0
LINE
8
BLACK
6
CONTINUOUS
10
126.4817659999999933
20
-70.9099999999999966
11
126.8435559999999924
21
-70.8743669999999923
0
LINE
8
BLACK
6
CONTINUOUS
10
126.8435559999999924
20
-70.8743669999999923
11
127.2000899999999888
21
-70.8034490000000005
0
LINE
8
BLACK
6
CONTINUOUS
10
127.2000899999999888
20
-70.8034490000000005
11
127.2001009999999894
21
-70.8034459999999939
0
LINE
8
BLACK
6
CONTINUOUS
10
127.2001009999999894
20
-70.8034459999999939
11
127.5479969999999952
21
-70.6979129999999998
0
LINE
8
BLACK
6
CONTINUOUS
10
127.5479969999999952
20
-70.6979129999999998
11
127.8838639999999884
21
-70.5587919999999968
0
LINE
8
BLACK
6
CONTINUOUS
10
127.8838639999999884
20
-70.5587919999999968
11
127.88386899999999
21
-70.5587900000000019
0
LINE
8
BLACK
6
CONTINUOUS
10
127.88386899999999
20
-70.5587900000000019
11
128.2044620000000066
21
-70.3874289999999974
0
LINE
8
BLACK
6
CONTINUOUS
10
128.2044620000000066
20
-70.3874289999999974
11
128.2044799999999896
21
-70.3874179999999967
0
LINE
8
BLACK
6
CONTINUOUS
10
128.2044799999999896
20
-70.3874179999999967
11
128.5067359999999894
21
-70.1854569999999995
0
LINE
8
BLACK
6
CONTINUOUS
10
128.5067359999999894
20
-70.1854569999999995
11
128.5067499999999825
21
-70.1854469999999964
0
LINE
8
BLACK
6
CONTINUOUS
10
128.5067499999999825
20
-70.1854469999999964
11
128.7347649999999817
21
-69.9983199999999925
0
LINE
8
BLACK
6
CONTINUOUS
10
128.7347649999999817
20
-69.9983199999999925
11
128.7347660000000076
21
-69.9983189999999951
0
LINE
8
BLACK
6
CONTINUOUS
10
128.7347660000000076
20
-69.9983189999999951
11
128.3767819999999915
21
-69.6403349999999932
0
LINE
8
BLACK
6
CONTINUOUS
10
128.3767819999999915
20
-69.6403349999999932
11
128.1517479999999978
21
-69.8197949999999992
0
LINE
8
BLACK
6
CONTINUOUS
10
128.1517479999999978
20
-69.8197949999999992
11
127.8478999999999957
21
-70.0107149999999905
0
LINE
8
BLACK
6
CONTINUOUS
10
127.8478999999999957
20
-70.0107149999999905
11
127.5245869999999968
21
-70.1664150000000006
0
LINE
8
BLACK
6
CONTINUOUS
10
127.5245869999999968
20
-70.1664150000000006
11
127.1858739999999983
21
-70.2849349999999902
0
LINE
8
BLACK
6
CONTINUOUS
10
127.1858739999999983
20
-70.2849349999999902
11
126.8360199999999907
21
-70.3647869999999926
0
LINE
8
BLACK
6
CONTINUOUS
10
126.8360199999999907
20
-70.3647869999999926
11
126.479424999999992
21
-70.4049660000000017
0
LINE
8
BLACK
6
CONTINUOUS
10
126.479424999999992
20
-70.4049660000000017
11
126.1205749999999881
21
-70.4049660000000017
0
LINE
8
BLACK
6
CONTINUOUS
10
126.1205749999999881
20
-70.4049660000000017
11
125.7639799999999894
21
-70.3647869999999926
0
LINE
8
BLACK
6
CONTINUOUS
10
125.7639799999999894
20
-70.3647869999999926
11
125.414125999999996
21
-70.2849349999999902
0
LINE
8
BLACK
6
CONTINUOUS
10
125.414125999999996
20
-70.2849349999999902
11
125.0754129999999975
21
-70.1664150000000006
0
LINE
8
BLACK
6
CONTINUOUS
10
125.0754129999999975
20
-70.1664150000000006
11
124.7520999999999987
21
-70.0107149999999905
0
LINE
8
BLACK
6
CONTINUOUS
10
124.7520999999999987
20
-70.0107149999999905
11
124.4482519999999965
21
-69.8197949999999992
0
LINE
8
BLACK
6
CONTINUOUS
10
124.4482519999999965
20
-69.8197949999999992
11
124.2232159999999936
21
-69.6403339999999957
0
LINE
8
BLACK
6
CONTINUOUS
10
124.2232159999999936
20
-69.6403339999999957
11
123.8652319999999918
21
-69.9983189999999951
0
LINE
8
BLACK
6
CONTINUOUS
10
128.7303339999999992
20
-65.1332159999999902
11
128.9097950000000026
21
-65.3582519999999931
0
LINE
8
BLACK
6
CONTINUOUS
10
128.9097950000000026
20
-65.3582519999999931
11
129.1007150000000081
21
-65.6620999999999952
0
LINE
8
BLACK
6
CONTINUOUS
10
129.1007150000000081
20
-65.6620999999999952
11
129.2564150000000041
21
-65.9854129999999941
0
LINE
8
BLACK
6
CONTINUOUS
10
129.2564150000000041
20
-65.9854129999999941
11
129.3749349999999936
21
-66.3241259999999926
0
LINE
8
BLACK
6
CONTINUOUS
10
129.3749349999999936
20
-66.3241259999999926
11
129.4547869999999818
21
-66.6739800000000002
0
LINE
8
BLACK
6
CONTINUOUS
10
129.4547869999999818
20
-66.6739800000000002
11
129.4949660000000051
21
-67.0305749999999989
0
LINE
8
BLACK
6
CONTINUOUS
10
129.4949660000000051
20
-67.0305749999999989
11
129.4949660000000051
21
-67.3894250000000028
0
LINE
8
BLACK
6
CONTINUOUS
10
129.4949660000000051
20
-67.3894250000000028
11
129.4547869999999818
21
-67.7460200000000015
0
LINE
8
BLACK
6
CONTINUOUS
10
129.4547869999999818
20
-67.7460200000000015
11
129.3749349999999936
21
-68.0958739999999949
0
LINE
8
BLACK
6
CONTINUOUS
10
129.3749349999999936
20
-68.0958739999999949
11
129.2564150000000041
21
-68.4345869999999934
0
LINE
8
BLACK
6
CONTINUOUS
10
129.2564150000000041
20
-68.4345869999999934
11
129.1007150000000081
21
-68.7578999999999922
0
LINE
8
BLACK
6
CONTINUOUS
10
129.1007150000000081
20
-68.7578999999999922
11
128.9097950000000026
21
-69.0617479999999944
0
LINE
8
BLACK
6
CONTINUOUS
10
128.9097950000000026
20
-69.0617479999999944
11
128.7303349999999966
21
-69.2867820000000023
0
LINE
8
BLACK
6
CONTINUOUS
10
128.7303349999999966
20
-69.2867820000000023
11
129.0883189999999843
21
-69.64476599999999
0
LINE
8
BLACK
6
CONTINUOUS
10
129.0883189999999843
20
-69.64476599999999
11
129.0883199999999817
21
-69.6447649999999925
0
LINE
8
BLACK
6
CONTINUOUS
10
129.0883199999999817
20
-69.6447649999999925
11
129.2754469999999856
21
-69.4167499999999933
0
LINE
8
BLACK
6
CONTINUOUS
10
129.2754469999999856
20
-69.4167499999999933
11
129.2754569999999887
21
-69.4167360000000002
0
LINE
8
BLACK
6
CONTINUOUS
10
129.2754569999999887
20
-69.4167360000000002
11
129.4774180000000001
21
-69.1144800000000004
0
LINE
8
BLACK
6
CONTINUOUS
10
129.4774180000000001
20
-69.1144800000000004
11
129.4774290000000008
21
-69.1144620000000032
0
LINE
8
BLACK
6
CONTINUOUS
10
129.4774290000000008
20
-69.1144620000000032
11
129.6487899999999911
21
-68.7938690000000008
0
LINE
8
BLACK
6
CONTINUOUS
10
129.6487899999999911
20
-68.7938690000000008
11
129.648791999999986
21
-68.7938639999999992
0
LINE
8
BLACK
6
CONTINUOUS
10
129.648791999999986
20
-68.7938639999999992
11
129.7879130000000032
21
-68.4579969999999918
0
LINE
8
BLACK
6
CONTINUOUS
10
129.7879130000000032
20
-68.4579969999999918
11
129.8934459999999831
21
-68.1101010000000002
0
LINE
8
BLACK
6
CONTINUOUS
10
129.8934459999999831
20
-68.1101010000000002
11
129.8934490000000039
21
-68.1100899999999996
0
LINE
8
BLACK
6
CONTINUOUS
10
129.8934490000000039
20
-68.1100899999999996
11
129.9643669999999815
21
-67.7535560000000032
0
LINE
8
BLACK
6
CONTINUOUS
10
129.9643669999999815
20
-67.7535560000000032
11
130.
21
-67.3917649999999924
0
LINE
8
BLACK
6
CONTINUOUS
10
130.
20
-67.3917649999999924
11
130.
21
-67.0282339999999976
0
LINE
8
BLACK
6
CONTINUOUS
10
130.
20
-67.0282339999999976
11
129.9643669999999815
21
-66.666443000000001
0
LINE
8
BLACK
6
CONTINUOUS
10
129.9643669999999815
20
-66.666443000000001
11
129.8934490000000039
21
-66.3099089999999904
0
LINE
8
BLACK
6
CONTINUOUS
10
129.8934490000000039
20
-66.3099089999999904
11
129.8934459999999831
21
-66.309898000000004
0
LINE
8
BLACK
6
CONTINUOUS
10
129.8934459999999831
20
-66.309898000000004
11
129.7879130000000032
21
-65.9620019999999982
0
LINE
8
BLACK
6
CONTINUOUS
10
129.7879130000000032
20
-65.9620019999999982
11
129.648791999999986
21
-65.6261349999999908
0
LINE
8
BLACK
6
CONTINUOUS
10
129.648791999999986
20
-65.6261349999999908
11
129.6487899999999911
21
-65.6261300000000034
0
LINE
8
BLACK
6
CONTINUOUS
10
129.6487899999999911
20
-65.6261300000000034
11
129.4774290000000008
21
-65.3055370000000011
0
LINE
8
BLACK
6
CONTINUOUS
10
129.4774290000000008
20
-65.3055370000000011
11
129.4774180000000001
21
-65.3055190000000039
0
LINE
8
BLACK
6
CONTINUOUS
10
129.4774180000000001
20
-65.3055190000000039
11
129.275447999999983
21
-65.0032489999999967
0
LINE
8
BLACK
6
CONTINUOUS
10
129.275447999999983
20
-65.0032489999999967
11
129.0883199999999817
21
-64.7752330000000001
0
LINE
8
BLACK
6
CONTINUOUS
10
129.0883199999999817
20
-64.7752330000000001
11
129.0883189999999843
21
-64.7752320000000026
0
LINE
8
BLACK
6
CONTINUOUS
10
129.0883189999999843
20
-64.7752320000000026
11
128.7303339999999992
21
-65.1332159999999902
0
LINE
8
BLACK
6
CONTINUOUS
10
151.2303339999999992
20
-65.1332159999999902
11
151.4097950000000026
21
-65.3582519999999931
0
LINE
8
BLACK
6
CONTINUOUS
10
151.4097950000000026
20
-65.3582519999999931
11
151.6007149999999797
21
-65.6620999999999952
0
LINE
8
BLACK
6
CONTINUOUS
10
151.6007149999999797
20
-65.6620999999999952
11
151.7564150000000041
21
-65.9854129999999941
0
LINE
8
BLACK
6
CONTINUOUS
10
151.7564150000000041
20
-65.9854129999999941
11
151.8749349999999936
21
-66.3241259999999926
0
LINE
8
BLACK
6
CONTINUOUS
10
151.8749349999999936
20
-66.3241259999999926
11
151.9547869999999818
21
-66.6739800000000002
0
LINE
8
BLACK
6
CONTINUOUS
10
151.9547869999999818
20
-66.6739800000000002
11
151.9949660000000051
21
-67.0305749999999989
0
LINE
8
BLACK
6
CONTINUOUS
10
151.9949660000000051
20
-67.0305749999999989
11
151.9949660000000051
21
-67.3894250000000028
0
LINE
8
BLACK
6
CONTINUOUS
10
151.9949660000000051
20
-67.3894250000000028
11
151.9547869999999818
21
-67.7460200000000015
0
LINE
8
BLACK
6
CONTINUOUS
10
151.9547869999999818
20
-67.7460200000000015
11
151.8749349999999936
21
-68.0958739999999949
0
LINE
8
BLACK
6
CONTINUOUS
10
151.8749349999999936
20
-68.0958739999999949
11
151.7564150000000041
21
-68.4345869999999934
0
LINE
8
BLACK
6
CONTINUOUS
10
151.7564150000000041
20
-68.4345869999999934
11
151.6007149999999797
21
-68.7578999999999922
0
LINE
8
BLACK
6
CONTINUOUS
10
151.6007149999999797
20
-68.7578999999999922
11
151.4097950000000026
21
-69.0617479999999944
0
LINE
8
BLACK
6
CONTINUOUS
10
151.4097950000000026
20
-69.0617479999999944
11
151.2303349999999966
21
-69.2867820000000023
0
LINE
8
BLACK
6
CONTINUOUS
10
151.2303349999999966
20
-69.2867820000000023
11
151.5883189999999843
21
-69.64476599999999
0
LINE
8
BLACK
6
CONTINUOUS
10
151.5883189999999843
20
-69.64476599999999
11
151.5883199999999817
21
-69.6447649999999925
0
LINE
8
BLACK
6
CONTINUOUS
10
151.5883199999999817
20
-69.6447649999999925
11
151.7754469999999856
21
-69.4167499999999933
0
LINE
8
BLACK
6
CONTINUOUS
10
151.7754469999999856
20
-69.4167499999999933
11
151.7754569999999887
21
-69.4167360000000002
0
LINE
8
BLACK
6
CONTINUOUS
10
151.7754569999999887
20
-69.4167360000000002
11
151.9774180000000001
21
-69.1144800000000004
0
LINE
8
BLACK
6
CONTINUOUS
10
151.9774180000000001
20
-69.1144800000000004
11
151.9774290000000008
21
-69.1144620000000032
0
LINE
8
BLACK
6
CONTINUOUS
10
151.9774290000000008
20
-69.1144620000000032
11
152.1487899999999911
21
-68.7938690000000008
0
LINE
8
BLACK
6
CONTINUOUS
10
152.1487899999999911
20
-68.7938690000000008
11
152.148791999999986
21
-68.7938639999999992
0
LINE
8
BLACK
6
CONTINUOUS
10
152.148791999999986
20
-68.7938639999999992
11
152.2879130000000032
21
-68.4579969999999918
0
LINE
8
BLACK
6
CONTINUOUS
10
152.2879130000000032
20
-68.4579969999999918
11
152.3934459999999831
21
-68.1101010000000002
0
LINE
8
BLACK
6
CONTINUOUS
10
152.3934459999999831
20
-68.1101010000000002
11
152.3934490000000039
21
-68.1100899999999996
0
LINE
8
BLACK
6
CONTINUOUS
10
152.3934490000000039
20
-68.1100899999999996
11
152.4643669999999815
21
-67.7535560000000032
0
LINE
8
BLACK
6
CONTINUOUS
10
152.4643669999999815
20
-67.7535560000000032
11
152.5
21
-67.3917649999999924
0
LINE
8
BLACK
6
CONTINUOUS
10
152.5
20
-67.3917649999999924
11
152.5
21
-67.0282339999999976
0
LINE
8
BLACK
6
CONTINUOUS
10
152.5
20
-67.0282339999999976
11
152.4643669999999815
21
-66.666443000000001
0
LINE
8
BLACK
6
CONTINUOUS
10
152.4643669999999815
20
-66.666443000000001
11
152.3934490000000039
21
-66.3099089999999904
0
LINE
8
BLACK
6
CONTINUOUS
10
152.3934490000000039
20
-66.3099089999999904
11
152.3934459999999831
21
-66.309898000000004
0
LINE
8
BLACK
6
CONTINUOUS
10
152.3934459999999831
20
-66.309898000000004
11
152.2879130000000032
21
-65.9620019999999982
0
LINE
8
BLACK
6
CONTINUOUS
10
152.2879130000000032
20
-65.9620019999999982
11
152.148791999999986
21
-65.6261349999999908
0
LINE
8
BLACK
6
CONTINUOUS
10
152.148791999999986
20
-65.6261349999999908
11
152.1487899999999911
21
-65.6261300000000034
0
LINE
8
BLACK
6
CONTINUOUS
10
152.1487899999999911
20
-65.6261300000000034
11
151.9774290000000008
21
-65.3055370000000011
0
LINE
8
BLACK
6
CONTINUOUS
10
151.9774290000000008
20
-65.3055370000000011
11
151.9774180000000001
21
-65.3055190000000039
0
LINE
8
BLACK
6
CONTINUOUS
10
151.9774180000000001
20
-65.3055190000000039
11
151.775447999999983
21
-65.0032489999999967
0
LINE
8
BLACK
6
CONTINUOUS
10
151.775447999999983
20
-65.0032489999999967
11
151.5883199999999817
21
-64.7752330000000001
0
LINE
8
BLACK
6
CONTINUOUS
10
151.5883199999999817
20
-64.7752330000000001
11
151.5883189999999843
21
-64.7752320000000026
0
LINE
8
BLACK
6
CONTINUOUS
10
151.5883189999999843
20
-64.7752320000000026
11
151.2303339999999992
21
-65.1332159999999902
0
LINE
8
BLACK
6
CONTINUOUS
10
125.7564429999999902
20
-63.5456319999999977
11
125.3999089999999939
21
-63.6165499999999966
0
LINE
8
BLACK
6
CONTINUOUS
10
125.3999089999999939
20
-63.6165499999999966
11
125.3998979999999932
21
-63.6165529999999961
0
LINE
8
BLACK
6
CONTINUOUS
10
125.3998979999999932
20
-63.6165529999999961
11
125.0520019999999874
21
-63.7220859999999973
0
LINE
8
BLACK
6
CONTINUOUS
10
125.0520019999999874
20
-63.7220859999999973
11
124.7161349999999942
21
-63.8612070000000003
0
LINE
8
BLACK
6
CONTINUOUS
10
124.7161349999999942
20
-63.8612070000000003
11
124.7161299999999926
21
-63.8612089999999952
0
LINE
8
BLACK
6
CONTINUOUS
10
124.7161299999999926
20
-63.8612089999999952
11
124.3955369999999903
21
-64.0325699999999927
0
LINE
8
BLACK
6
CONTINUOUS
10
124.3955369999999903
20
-64.0325699999999927
11
124.3955189999999931
21
-64.0325809999999933
0
LINE
8
BLACK
6
CONTINUOUS
10
124.3955189999999931
20
-64.0325809999999933
11
124.0932579999999916
21
-64.2345449999999971
0
LINE
8
BLACK
6
CONTINUOUS
10
124.0932579999999916
20
-64.2345449999999971
11
124.0932539999999875
21
-64.2345480000000038
0
LINE
8
BLACK
6
CONTINUOUS
10
124.0932539999999875
20
-64.2345480000000038
11
123.8652329999999893
21
-64.4216789999999975
0
LINE
8
BLACK
6
CONTINUOUS
10
123.8652329999999893
20
-64.4216789999999975
11
123.8652329999999893
21
-64.4216799999999949
0
LINE
8
BLACK
6
CONTINUOUS
10
123.8652329999999893
20
-64.4216799999999949
11
124.2232169999999911
21
-64.7796639999999968
0
LINE
8
BLACK
6
CONTINUOUS
10
124.2232169999999911
20
-64.7796639999999968
11
124.4482519999999965
21
-64.6002050000000025
0
LINE
8
BLACK
6
CONTINUOUS
10
124.4482519999999965
20
-64.6002050000000025
11
124.7520999999999987
21
-64.409284999999997
0
LINE
8
BLACK
6
CONTINUOUS
10
124.7520999999999987
20
-64.409284999999997
11
125.0754129999999975
21
-64.2535850000000011
0
LINE
8
BLACK
6
CONTINUOUS
10
125.0754129999999975
20
-64.2535850000000011
11
125.414125999999996
21
-64.1350649999999973
0
LINE
8
BLACK
6
CONTINUOUS
10
125.414125999999996
20
-64.1350649999999973
11
125.7639799999999894
21
-64.0552129999999948
0
LINE
8
BLACK
6
CONTINUOUS
10
125.7639799999999894
20
-64.0552129999999948
11
126.1205749999999881
21
-64.015034
0
LINE
8
BLACK
6
CONTINUOUS
10
126.1205749999999881
20
-64.015034
11
126.479424999999992
21
-64.015034
0
LINE
8
BLACK
6
CONTINUOUS
10
126.479424999999992
20
-64.015034
11
126.8360199999999907
21
-64.0552129999999948
0
LINE
8
BLACK
6
CONTINUOUS
10
126.8360199999999907
20
-64.0552129999999948
11
127.1858739999999983
21
-64.1350649999999973
0
LINE
8
BLACK
6
CONTINUOUS
10
127.1858739999999983
20
-64.1350649999999973
11
127.5245869999999968
21
-64.2535850000000011
0
LINE
8
BLACK
6
CONTINUOUS
10
127.5245869999999968
20
-64.2535850000000011
11
127.8478999999999957
21
-64.409284999999997
0
LINE
8
BLACK
6
CONTINUOUS
10
127.8478999999999957
20
-64.409284999999997
11
128.1517479999999978
21
-64.6002050000000025
0
LINE
8
BLACK
6
CONTINUOUS
10
128.1517479999999978
20
-64.6002050000000025
11
128.376780999999994
21
-64.7796629999999993
0
LINE
8
BLACK
6
CONTINUOUS
10
128.376780999999994
20
-64.7796629999999993
11
128.7347660000000076
21
-64.4216789999999975
0
LINE
8
BLACK
6
CONTINUOUS
10
128.7347660000000076
20
-64.4216789999999975
11
128.7347649999999817
21
-64.421678
0
LINE
8
BLACK
6
CONTINUOUS
10
128.7347649999999817
20
-64.421678
11
128.5067499999999825
21
-64.2345509999999962
0
LINE
8
BLACK
6
CONTINUOUS
10
128.5067499999999825
20
-64.2345509999999962
11
128.2044799999999896
21
-64.0325809999999933
0
LINE
8
BLACK
6
CONTINUOUS
10
128.2044799999999896
20
-64.0325809999999933
11
128.2044620000000066
21
-64.0325699999999927
0
LINE
8
BLACK
6
CONTINUOUS
10
128.2044620000000066
20
-64.0325699999999927
11
127.88386899999999
21
-63.8612089999999952
0
LINE
8
BLACK
6
CONTINUOUS
10
127.88386899999999
20
-63.8612089999999952
11
127.8838639999999884
21
-63.8612070000000003
0
LINE
8
BLACK
6
CONTINUOUS
10
127.8838639999999884
20
-63.8612070000000003
11
127.5479969999999952
21
-63.7220859999999973
0
LINE
8
BLACK
6
CONTINUOUS
10
127.5479969999999952
20
-63.7220859999999973
11
127.2001009999999894
21
-63.6165529999999961
0
LINE
8
BLACK
6
CONTINUOUS
10
127.2001009999999894
20
-63.6165529999999961
11
127.2000899999999888
21
-63.6165499999999966
0
LINE
8
BLACK
6
CONTINUOUS
10
127.2000899999999888
20
-63.6165499999999966
11
126.8435559999999924
21
-63.5456319999999977
0
LINE
8
BLACK
6
CONTINUOUS
10
126.8435559999999924
20
-63.5456319999999977
11
126.4817659999999933
21
-63.509999999999998
0
LINE
8
BLACK
6
CONTINUOUS
10
126.4817659999999933
20
-63.509999999999998
11
126.1182340000000011
21
-63.509999999999998
0
LINE
8
BLACK
6
CONTINUOUS
10
126.1182340000000011
20
-63.509999999999998
11
125.7564429999999902
21
-63.5456319999999977
0
LINE
8
BLACK
6
CONTINUOUS
10
148.2564429999999902
20
-63.5456319999999977
11
147.8999089999999796
21
-63.6165499999999966
0
LINE
8
BLACK
6
CONTINUOUS
10
147.8999089999999796
20
-63.6165499999999966
11
147.8998980000000074
21
-63.6165529999999961
0
LINE
8
BLACK
6
CONTINUOUS
10
147.8998980000000074
20
-63.6165529999999961
11
147.5520019999999874
21
-63.7220859999999973
0
LINE
8
BLACK
6
CONTINUOUS
10
147.5520019999999874
20
-63.7220859999999973
11
147.21613499999998
21
-63.8612070000000003
0
LINE
8
BLACK
6
CONTINUOUS
10
147.21613499999998
20
-63.8612070000000003
11
147.2161299999999926
21
-63.8612089999999952
0
LINE
8
BLACK
6
CONTINUOUS
10
147.2161299999999926
20
-63.8612089999999952
11
146.8955369999999903
21
-64.0325699999999927
0
LINE
8
BLACK
6
CONTINUOUS
10
146.8955369999999903
20
-64.0325699999999927
11
146.8955190000000073
21
-64.0325809999999933
0
LINE
8
BLACK
6
CONTINUOUS
10
146.8955190000000073
20
-64.0325809999999933
11
146.5932579999999916
21
-64.2345449999999971
0
LINE
8
BLACK
6
CONTINUOUS
10
146.5932579999999916
20
-64.2345449999999971
11
146.5932540000000017
21
-64.2345480000000038
0
LINE
8
BLACK
6
CONTINUOUS
10
146.5932540000000017
20
-64.2345480000000038
11
146.3652329999999893
21
-64.4216789999999975
0
LINE
8
BLACK
6
CONTINUOUS
10
146.3652329999999893
20
-64.4216789999999975
11
146.3652329999999893
21
-64.4216799999999949
0
LINE
8
BLACK
6
CONTINUOUS
10
146.3652329999999893
20
-64.4216799999999949
11
146.7232170000000053
21
-64.7796639999999968
0
LINE
8
BLACK
6
CONTINUOUS
10
146.7232170000000053
20
-64.7796639999999968
11
146.9482519999999965
21
-64.6002050000000025
0
LINE
8
BLACK
6
CONTINUOUS
10
146.9482519999999965
20
-64.6002050000000025
11
147.2520999999999844
21
-64.409284999999997
0
LINE
8
BLACK
6
CONTINUOUS
10
147.2520999999999844
20
-64.409284999999997
11
147.5754129999999975
21
-64.2535850000000011
0
LINE
8
BLACK
6
CONTINUOUS
10
147.5754129999999975
20
-64.2535850000000011
11
147.9141259999999818
21
-64.1350649999999973
0
LINE
8
BLACK
6
CONTINUOUS
10
147.9141259999999818
20
-64.1350649999999973
11
148.2639800000000037
21
-64.0552129999999948
0
LINE
8
BLACK
6
CONTINUOUS
10
148.2639800000000037
20
-64.0552129999999948
11
148.6205750000000023
21
-64.015034
0
LINE
8
BLACK
6
CONTINUOUS
10
148.6205750000000023
20
-64.015034
11
148.979424999999992
21
-64.015034
0
LINE
8
BLACK
6
CONTINUOUS
10
148.979424999999992
20
-64.015034
11
149.3360199999999907
21
-64.0552129999999948
0
LINE
8
BLACK
6
CONTINUOUS
10
149.3360199999999907
20
-64.0552129999999948
11
149.6858739999999841
21
-64.1350649999999973
0
LINE
8
BLACK
6
CONTINUOUS
10
149.6858739999999841
20
-64.1350649999999973
11
150.0245869999999968
21
-64.2535850000000011
0
LINE
8
BLACK
6
CONTINUOUS
10
150.0245869999999968
20
-64.2535850000000011
11
150.3478999999999814
21
-64.409284999999997
0
LINE
8
BLACK
6
CONTINUOUS
10
150.3478999999999814
20
-64.409284999999997
11
150.6517479999999978
21
-64.6002050000000025
0
LINE
8
BLACK
6
CONTINUOUS
10
150.6517479999999978
20
-64.6002050000000025
11
150.876780999999994
21
-64.7796629999999993
0
LINE
8
BLACK
6
CONTINUOUS
10
150.876780999999994
20
-64.7796629999999993
11
151.2347659999999792
21
-64.4216789999999975
0
LINE
8
BLACK
6
CONTINUOUS
10
151.2347659999999792
20
-64.4216789999999975
11
151.2347649999999817
21
-64.421678
0
LINE
8
BLACK
6
CONTINUOUS
10
151.2347649999999817
20
-64.421678
11
151.0067499999999825
21
-64.2345509999999962
0
LINE
8
BLACK
6
CONTINUOUS
10
151.0067499999999825
20
-64.2345509999999962
11
150.7044799999999896
21
-64.0325809999999933
0
LINE
8
BLACK
6
CONTINUOUS
10
150.7044799999999896
20
-64.0325809999999933
11
150.7044620000000066
21
-64.0325699999999927
0
LINE
8
BLACK
6
CONTINUOUS
10
150.7044620000000066
20
-64.0325699999999927
11
150.3838690000000042
21
-63.8612089999999952
0
LINE
8
BLACK
6
CONTINUOUS
10
150.3838690000000042
20
-63.8612089999999952
11
150.3838639999999884
21
-63.8612070000000003
0
LINE
8
BLACK
6
CONTINUOUS
10
150.3838639999999884
20
-63.8612070000000003
11
150.047996999999981
21
-63.7220859999999973
0
LINE
8
BLACK
6
CONTINUOUS
10
150.047996999999981
20
-63.7220859999999973
11
149.7001009999999894
21
-63.6165529999999961
0
LINE
8
BLACK
6
CONTINUOUS
10
149.7001009999999894
20
-63.6165529999999961
11
149.7000899999999888
21
-63.6165499999999966
0
LINE
8
BLACK
6
CONTINUOUS
10
149.7000899999999888
20
-63.6165499999999966
11
149.3435560000000066
21
-63.5456319999999977
0
LINE
8
BLACK
6
CONTINUOUS
10
149.3435560000000066
20
-63.5456319999999977
11
148.9817659999999933
21
-63.509999999999998
0
LINE
8
BLACK
6
CONTINUOUS
10
148.9817659999999933
20
-63.509999999999998
11
148.6182340000000011
21
-63.509999999999998
0
LINE
8
BLACK
6
CONTINUOUS
10
148.6182340000000011
20
-63.509999999999998
11
148.2564429999999902
21
-63.5456319999999977
0
LINE
8
BLACK
6
CONTINUOUS
10
132.3649999999999807
20
-116.9249999999999972
11
132.8649999999999807
21
-116.9249999999999972
0
LINE
8
BLACK
6
CONTINUOUS
10
132.8649999999999807
20
-116.9249999999999972
11
132.8649999999999807
21
-116.875
0
LINE
8
BLACK
6
CONTINUOUS
10
132.8649999999999807
20
-116.875
11
132.869704999999982
21
-116.8032109999999903
0
LINE
8
BLACK
6
CONTINUOUS
10
132.869704999999982
20
-116.8032109999999903
11
132.9068660000000079
21
-116.6645240000000001
0
LINE
8
BLACK
6
CONTINUOUS
10
132.9068660000000079
20
-116.6645240000000001
11
132.9786560000000009
21
-116.5401809999999898
0
LINE
8
BLACK
6
CONTINUOUS
10
132.9786560000000009
20
-116.5401809999999898
11
133.0801809999999819
21
-116.4386559999999946
0
LINE
8
BLACK
6
CONTINUOUS
10
133.0801809999999819
20
-116.4386559999999946
11
133.164999999999992
21
-116.3896850000000001
0
LINE
8
BLACK
6
CONTINUOUS
10
133.164999999999992
20
-116.3896850000000001
11
133.164999999999992
21
-115.854155999999989
0
LINE
8
BLACK
6
CONTINUOUS
10
133.164999999999992
20
-115.854155999999989
11
133.1649989999999946
21
-115.8541549999999916
0
LINE
8
BLACK
6
CONTINUOUS
10
133.1649989999999946
20
-115.8541549999999916
11
133.1087320000000034
21
-115.8653469999999999
0
LINE
8
BLACK
6
CONTINUOUS
10
133.1087320000000034
20
-115.8653469999999999
11
133.1087269999999876
21
-115.8653489999999948
0
LINE
8
BLACK
6
CONTINUOUS
10
133.1087269999999876
20
-115.8653489999999948
11
132.9176410000000033
21
-115.9444999999999908
0
LINE
8
BLACK
6
CONTINUOUS
10
132.9176410000000033
20
-115.9444999999999908
11
132.9176310000000001
21
-115.9445049999999924
0
LINE
8
BLACK
6
CONTINUOUS
10
132.9176310000000001
20
-115.9445049999999924
11
132.745664000000005
21
-116.0594099999999997
0
LINE
8
BLACK
6
CONTINUOUS
10
132.745664000000005
20
-116.0594099999999997
11
132.7456599999999867
21
-116.0594129999999922
0
LINE
8
BLACK
6
CONTINUOUS
10
132.7456599999999867
20
-116.0594129999999922
11
132.5994129999999984
21
-116.2056599999999946
0
LINE
8
BLACK
6
CONTINUOUS
10
132.5994129999999984
20
-116.2056599999999946
11
132.599410000000006
21
-116.2056639999999987
0
LINE
8
BLACK
6
CONTINUOUS
10
132.599410000000006
20
-116.2056639999999987
11
132.4845049999999844
21
-116.3776309999999938
0
LINE
8
BLACK
6
CONTINUOUS
10
132.4845049999999844
20
-116.3776309999999938
11
132.484499999999997
21
-116.377640999999997
0
LINE
8
BLACK
6
CONTINUOUS
10
132.484499999999997
20
-116.377640999999997
11
132.4053499999999985
21
-116.5687250000000006
0
LINE
8
BLACK
6
CONTINUOUS
10
132.4053499999999985
20
-116.5687250000000006
11
132.4053480000000036
21
-116.5687329999999946
0
LINE
8
BLACK
6
CONTINUOUS
10
132.4053480000000036
20
-116.5687329999999946
11
132.3649999999999807
21
-116.7715789999999885
0
LINE
8
BLACK
6
CONTINUOUS
10
132.3649999999999807
20
-116.7715789999999885
11
132.3649999999999807
21
-116.9249999999999972
0
LINE
8
BLACK
6
CONTINUOUS
10
122.5999999999999943
20
-114.8917649999999924
11
122.6356320000000011
21
-115.253555999999989
0
LINE
8
BLACK
6
CONTINUOUS
10
122.6356320000000011
20
-115.253555999999989
11
122.7065499999999929
21
-115.6100899999999996
0
LINE
8
BLACK
6
CONTINUOUS
10
122.7065499999999929
20
-115.6100899999999996
11
122.7065529999999995
21
-115.6101010000000002
0
LINE
8
BLACK
6
CONTINUOUS
10
122.7065529999999995
20
-115.6101010000000002
11
122.8120859999999936
21
-115.9579969999999918
0
LINE
8
BLACK
6
CONTINUOUS
10
122.8120859999999936
20
-115.9579969999999918
11
122.9512069999999966
21
-116.2938639999999992
0
LINE
8
BLACK
6
CONTINUOUS
10
122.9512069999999966
20
-116.2938639999999992
11
122.9512089999999915
21
-116.2938690000000008
0
LINE
8
BLACK
6
CONTINUOUS
10
122.9512089999999915
20
-116.2938690000000008
11
123.1225699999999961
21
-116.614461999999989
0
LINE
8
BLACK
6
CONTINUOUS
10
123.1225699999999961
20
-116.614461999999989
11
123.1225809999999967
21
-116.6144800000000004
0
LINE
8
BLACK
6
CONTINUOUS
10
123.1225809999999967
20
-116.6144800000000004
11
123.3245509999999996
21
-116.9167499999999933
0
LINE
8
BLACK
6
CONTINUOUS
10
123.3245509999999996
20
-116.9167499999999933
11
123.5116779999999892
21
-117.1447649999999925
0
LINE
8
BLACK
6
CONTINUOUS
10
123.5116779999999892
20
-117.1447649999999925
11
123.5116790000000009
21
-117.14476599999999
0
LINE
8
BLACK
6
CONTINUOUS
10
123.5116790000000009
20
-117.14476599999999
11
123.8696629999999885
21
-116.7867809999999906
0
LINE
8
BLACK
6
CONTINUOUS
10
123.8696629999999885
20
-116.7867809999999906
11
123.6902049999999917
21
-116.5617479999999944
0
LINE
8
BLACK
6
CONTINUOUS
10
123.6902049999999917
20
-116.5617479999999944
11
123.4992850000000004
21
-116.2578999999999922
0
LINE
8
BLACK
6
CONTINUOUS
10
123.4992850000000004
20
-116.2578999999999922
11
123.3435849999999903
21
-115.9345869999999934
0
LINE
8
BLACK
6
CONTINUOUS
10
123.3435849999999903
20
-115.9345869999999934
11
123.2250650000000007
21
-115.5958739999999949
0
LINE
8
BLACK
6
CONTINUOUS
10
123.2250650000000007
20
-115.5958739999999949
11
123.1452129999999983
21
-115.2460200000000015
0
LINE
8
BLACK
6
CONTINUOUS
10
123.1452129999999983
20
-115.2460200000000015
11
123.1050339999999892
21
-114.8894249999999886
0
LINE
8
BLACK
6
CONTINUOUS
10
123.1050339999999892
20
-114.8894249999999886
11
123.1050339999999892
21
-114.5305749999999989
0
LINE
8
BLACK
6
CONTINUOUS
10
123.1050339999999892
20
-114.5305749999999989
11
123.1452129999999983
21
-114.1739800000000002
0
LINE
8
BLACK
6
CONTINUOUS
10
123.1452129999999983
20
-114.1739800000000002
11
123.2250650000000007
21
-113.8241259999999926
0
LINE
8
BLACK
6
CONTINUOUS
10
123.2250650000000007
20
-113.8241259999999926
11
123.3435849999999903
21
-113.4854129999999941
0
LINE
8
BLACK
6
CONTINUOUS
10
123.3435849999999903
20
-113.4854129999999941
11
123.4992850000000004
21
-113.1620999999999952
0
LINE
8
BLACK
6
CONTINUOUS
10
123.4992850000000004
20
-113.1620999999999952
11
123.6902049999999917
21
-112.8582519999999931
0
LINE
8
BLACK
6
CONTINUOUS
10
123.6902049999999917
20
-112.8582519999999931
11
123.8696640000000002
21
-112.6332170000000019
0
LINE
8
BLACK
6
CONTINUOUS
10
123.8696640000000002
20
-112.6332170000000019
11
123.5116799999999984
21
-112.2752330000000001
0
LINE
8
BLACK
6
CONTINUOUS
10
123.5116799999999984
20
-112.2752330000000001
11
123.5116790000000009
21
-112.2752330000000001
0
LINE
8
BLACK
6
CONTINUOUS
10
123.5116790000000009
20
-112.2752330000000001
11
123.324547999999993
21
-112.5032539999999983
0
LINE
8
BLACK
6
CONTINUOUS
10
123.324547999999993
20
-112.5032539999999983
11
123.3245450000000005
21
-112.5032579999999882
0
LINE
8
BLACK
6
CONTINUOUS
10
123.3245450000000005
20
-112.5032579999999882
11
123.1225809999999967
21
-112.8055189999999897
0
LINE
8
BLACK
6
CONTINUOUS
10
123.1225809999999967
20
-112.8055189999999897
11
123.1225699999999961
21
-112.8055370000000011
0
LINE
8
BLACK
6
CONTINUOUS
10
123.1225699999999961
20
-112.8055370000000011
11
122.9512089999999915
21
-113.1261299999999892
0
LINE
8
BLACK
6
CONTINUOUS
10
122.9512089999999915
20
-113.1261299999999892
11
122.9512069999999966
21
-113.1261349999999908
0
LINE
8
BLACK
6
CONTINUOUS
10
122.9512069999999966
20
-113.1261349999999908
11
122.8120859999999936
21
-113.4620019999999982
0
LINE
8
BLACK
6
CONTINUOUS
10
122.8120859999999936
20
-113.4620019999999982
11
122.7065529999999995
21
-113.8098979999999898
0
LINE
8
BLACK
6
CONTINUOUS
10
122.7065529999999995
20
-113.8098979999999898
11
122.7065499999999929
21
-113.8099089999999904
0
LINE
8
BLACK
6
CONTINUOUS
10
122.7065499999999929
20
-113.8099089999999904
11
122.6356320000000011
21
-114.166443000000001
0
LINE
8
BLACK
6
CONTINUOUS
10
122.6356320000000011
20
-114.166443000000001
11
122.5999999999999943
21
-114.5282339999999976
0
LINE
8
BLACK
6
CONTINUOUS
10
122.5999999999999943
20
-114.5282339999999976
11
122.5999999999999943
21
-114.8917649999999924
0
LINE
8
BLACK
6
CONTINUOUS
10
132.3649999999999807
20
-113.125
11
132.8649999999999807
21
-113.125
0
LINE
8
BLACK
6
CONTINUOUS
10
132.8649999999999807
20
-113.125
11
132.8649999999999807
21
-113.0749999999999886
0
LINE
8
BLACK
6
CONTINUOUS
10
132.8649999999999807
20
-113.0749999999999886
11
132.869704999999982
21
-113.0032109999999932
0
LINE
8
BLACK
6
CONTINUOUS
10
132.869704999999982
20
-113.0032109999999932
11
132.9068660000000079
21
-112.8645239999999887
0
LINE
8
BLACK
6
CONTINUOUS
10
132.9068660000000079
20
-112.8645239999999887
11
132.9786560000000009
21
-112.7401809999999927
0
LINE
8
BLACK
6
CONTINUOUS
10
132.9786560000000009
20
-112.7401809999999927
11
133.0801809999999819
21
-112.6386559999999974
0
LINE
8
BLACK
6
CONTINUOUS
10
133.0801809999999819
20
-112.6386559999999974
11
133.164999999999992
21
-112.5896849999999887
0
LINE
8
BLACK
6
CONTINUOUS
10
133.164999999999992
20
-112.5896849999999887
11
133.164999999999992
21
-112.0541559999999919
0
LINE
8
BLACK
6
CONTINUOUS
10
133.164999999999992
20
-112.0541559999999919
11
133.1649989999999946
21
-112.0541549999999944
0
LINE
8
BLACK
6
CONTINUOUS
10
133.1649989999999946
20
-112.0541549999999944
11
133.1087320000000034
21
-112.0653469999999885
0
LINE
8
BLACK
6
CONTINUOUS
10
133.1087320000000034
20
-112.0653469999999885
11
133.1087269999999876
21
-112.0653489999999977
0
LINE
8
BLACK
6
CONTINUOUS
10
133.1087269999999876
20
-112.0653489999999977
11
132.9176410000000033
21
-112.1444999999999936
0
LINE
8
BLACK
6
CONTINUOUS
10
132.9176410000000033
20
-112.1444999999999936
11
132.9176310000000001
21
-112.1445049999999952
0
LINE
8
BLACK
6
CONTINUOUS
10
132.9176310000000001
20
-112.1445049999999952
11
132.745664000000005
21
-112.2594099999999884
0
LINE
8
BLACK
6
CONTINUOUS
10
132.745664000000005
20
-112.2594099999999884
11
132.7456599999999867
21
-112.259412999999995
0
LINE
8
BLACK
6
CONTINUOUS
10
132.7456599999999867
20
-112.259412999999995
11
132.5994129999999984
21
-112.4056599999999975
0
LINE
8
BLACK
6
CONTINUOUS
10
132.5994129999999984
20
-112.4056599999999975
11
132.599410000000006
21
-112.4056640000000016
0
LINE
8
BLACK
6
CONTINUOUS
10
132.599410000000006
20
-112.4056640000000016
11
132.4845049999999844
21
-112.5776309999999967
0
LINE
8
BLACK
6
CONTINUOUS
10
132.4845049999999844
20
-112.5776309999999967
11
132.484499999999997
21
-112.5776409999999998
0
LINE
8
BLACK
6
CONTINUOUS
10
132.484499999999997
20
-112.5776409999999998
11
132.4053499999999985
21
-112.7687249999999892
0
LINE
8
BLACK
6
CONTINUOUS
10
132.4053499999999985
20
-112.7687249999999892
11
132.4053480000000036
21
-112.7687329999999974
0
LINE
8
BLACK
6
CONTINUOUS
10
132.4053480000000036
20
-112.7687329999999974
11
132.3649999999999807
21
-112.9715789999999913
0
LINE
8
BLACK
6
CONTINUOUS
10
132.3649999999999807
20
-112.9715789999999913
11
132.3649999999999807
21
-113.125
0
LINE
8
BLACK
6
CONTINUOUS
10
149.9249719999999968
20
-110.8349989999999963
11
149.9249859999999899
21
-110.8349979999999988
0
LINE
8
BLACK
6
CONTINUOUS
10
149.9249859999999899
20
-110.8349979999999988
11
150.0276969999999892
21
-110.824505000000002
0
LINE
8
BLACK
6
CONTINUOUS
10
150.0276969999999892
20
-110.824505000000002
11
150.1941190000000006
21
-110.7693579999999969
0
LINE
8
BLACK
6
CONTINUOUS
10
150.1941190000000006
20
-110.7693579999999969
11
150.194123999999988
21
-110.7693560000000019
0
LINE
8
BLACK
6
CONTINUOUS
10
150.194123999999988
20
-110.7693560000000019
11
150.3433449999999993
21
-110.677314999999993
0
LINE
8
BLACK
6
CONTINUOUS
10
150.3433449999999993
20
-110.677314999999993
11
150.467314999999985
21
-110.5533449999999931
0
LINE
8
BLACK
6
CONTINUOUS
10
150.467314999999985
20
-110.5533449999999931
11
150.5593559999999798
21
-110.4041239999999959
0
LINE
8
BLACK
6
CONTINUOUS
10
150.5593559999999798
20
-110.4041239999999959
11
150.5593580000000031
21
-110.4041189999999943
0
LINE
8
BLACK
6
CONTINUOUS
10
150.5593580000000031
20
-110.4041189999999943
11
150.6145049999999799
21
-110.2376969999999972
0
LINE
8
BLACK
6
CONTINUOUS
10
150.6145049999999799
20
-110.2376969999999972
11
150.6145060000000058
21
-110.2376900000000006
0
LINE
8
BLACK
6
CONTINUOUS
10
150.6145060000000058
20
-110.2376900000000006
11
150.6249990000000025
21
-110.1349859999999978
0
LINE
8
BLACK
6
CONTINUOUS
10
150.6249990000000025
20
-110.1349859999999978
11
150.625
21
-110.134972999999988
0
LINE
8
BLACK
6
CONTINUOUS
10
150.625
20
-110.134972999999988
11
150.625
21
-109.8849999999999909
0
LINE
8
BLACK
6
CONTINUOUS
10
150.625
20
-109.8849999999999909
11
150.125
21
-109.8849999999999909
0
LINE
8
BLACK
6
CONTINUOUS
10
150.125
20
-109.8849999999999909
11
150.125
21
-110.0849999999999937
0
LINE
8
BLACK
6
CONTINUOUS
10
150.125
20
-110.0849999999999937
11
150.105969999999985
21
-110.1806709999999896
0
LINE
8
BLACK
6
CONTINUOUS
10
150.105969999999985
20
-110.1806709999999896
11
150.0517769999999871
21
-110.261776999999995
0
LINE
8
BLACK
6
CONTINUOUS
10
150.0517769999999871
20
-110.261776999999995
11
149.9706709999999816
21
-110.315969999999993
0
LINE
8
BLACK
6
CONTINUOUS
10
149.9706709999999816
20
-110.315969999999993
11
149.875
21
-110.3349999999999937
0
LINE
8
BLACK
6
CONTINUOUS
10
149.875
20
-110.3349999999999937
11
149.7750000000000057
21
-110.3349999999999937
0
LINE
8
BLACK
6
CONTINUOUS
10
149.7750000000000057
20
-110.3349999999999937
11
149.7750000000000057
21
-110.8349989999999963
0
LINE
8
BLACK
6
CONTINUOUS
10
149.7750000000000057
20
-110.8349989999999963
11
149.9249719999999968
21
-110.8349989999999963
0
LINE
8
BLACK
6
CONTINUOUS
10
149.7750000000000057
20
-108.9349999999999881
11
149.875
21
-108.9349999999999881
0
LINE
8
BLACK
6
CONTINUOUS
10
149.875
20
-108.9349999999999881
11
149.9706709999999816
21
-108.9540299999999888
0
LINE
8
BLACK
6
CONTINUOUS
10
149.9706709999999816
20
-108.9540299999999888
11
150.0517769999999871
21
-109.008223000000001
0
LINE
8
BLACK
6
CONTINUOUS
10
150.0517769999999871
20
-109.008223000000001
11
150.105969999999985
21
-109.0893289999999922
0
LINE
8
BLACK
6
CONTINUOUS
10
150.105969999999985
20
-109.0893289999999922
11
150.125
21
-109.1849999999999881
0
LINE
8
BLACK
6
CONTINUOUS
10
150.125
20
-109.1849999999999881
11
150.125
21
-109.3849999999999909
0
LINE
8
BLACK
6
CONTINUOUS
10
150.125
20
-109.3849999999999909
11
150.6249990000000025
21
-109.3849999999999909
0
LINE
8
BLACK
6
CONTINUOUS
10
150.6249990000000025
20
-109.3849999999999909
11
150.6249990000000025
21
-109.1350279999999913
0
LINE
8
BLACK
6
CONTINUOUS
10
150.6249990000000025
20
-109.1350279999999913
11
150.624998000000005
21
-109.1350130000000007
0
LINE
8
BLACK
6
CONTINUOUS
10
150.624998000000005
20
-109.1350130000000007
11
150.6145049999999799
21
-109.0323020000000014
0
LINE
8
BLACK
6
CONTINUOUS
10
150.6145049999999799
20
-109.0323020000000014
11
150.5593580000000031
21
-108.86587999999999
0
LINE
8
BLACK
6
CONTINUOUS
10
150.5593580000000031
20
-108.86587999999999
11
150.5593559999999798
21
-108.8658749999999884
0
LINE
8
BLACK
6
CONTINUOUS
10
150.5593559999999798
20
-108.8658749999999884
11
150.467314999999985
21
-108.7166539999999912
0
LINE
8
BLACK
6
CONTINUOUS
10
150.467314999999985
20
-108.7166539999999912
11
150.3883419999999944
21
-108.6376810000000006
0
LINE
8
BLACK
6
CONTINUOUS
10
150.3883419999999944
20
-108.6376810000000006
11
150.3548569999999813
21
-108.576357999999999
0
LINE
8
BLACK
6
CONTINUOUS
10
150.3548569999999813
20
-108.576357999999999
11
150.3598409999999888
21
-108.5066659999999956
0
LINE
8
BLACK
6
CONTINUOUS
10
150.3598409999999888
20
-108.5066659999999956
11
150.3883419999999944
21
-108.4623189999999937
0
LINE
8
BLACK
6
CONTINUOUS
10
150.3883419999999944
20
-108.4623189999999937
11
150.4873149999999953
21
-108.3633449999999954
0
LINE
8
BLACK
6
CONTINUOUS
10
150.4873149999999953
20
-108.3633449999999954
11
150.57935599999999
21
-108.2141239999999982
0
LINE
8
BLACK
6
CONTINUOUS
10
150.57935599999999
20
-108.2141239999999982
11
150.5793579999999849
21
-108.2141189999999966
0
LINE
8
BLACK
6
CONTINUOUS
10
150.5793579999999849
20
-108.2141189999999966
11
150.6345049999999901
21
-108.0476969999999994
0
LINE
8
BLACK
6
CONTINUOUS
10
150.6345049999999901
20
-108.0476969999999994
11
150.6345059999999876
21
-108.0476899999999887
0
LINE
8
BLACK
6
CONTINUOUS
10
150.6345059999999876
20
-108.0476899999999887
11
150.6449989999999843
21
-107.9449860000000001
0
LINE
8
BLACK
6
CONTINUOUS
10
150.6449989999999843
20
-107.9449860000000001
11
150.6449999999999818
21
-107.9449729999999903
0
LINE
8
BLACK
6
CONTINUOUS
10
150.6449999999999818
20
-107.9449729999999903
11
150.6449999999999818
21
-107.6949999999999932
0
LINE
8
BLACK
6
CONTINUOUS
10
150.6449999999999818
20
-107.6949999999999932
11
150.1449999999999818
21
-107.6949999999999932
0
LINE
8
BLACK
6
CONTINUOUS
10
150.1449999999999818
20
-107.6949999999999932
11
150.1449999999999818
21
-107.894999999999996
0
LINE
8
BLACK
6
CONTINUOUS
10
150.1449999999999818
20
-107.894999999999996
11
150.1259699999999953
21
-107.9906709999999919
0
LINE
8
BLACK
6
CONTINUOUS
10
150.1259699999999953
20
-107.9906709999999919
11
150.0717769999999973
21
-108.0717769999999973
0
LINE
8
BLACK
6
CONTINUOUS
10
150.0717769999999973
20
-108.0717769999999973
11
149.9906709999999919
21
-108.1259699999999953
0
LINE
8
BLACK
6
CONTINUOUS
10
149.9906709999999919
20
-108.1259699999999953
11
149.8949999999999818
21
-108.144999999999996
0
LINE
8
BLACK
6
CONTINUOUS
10
149.8949999999999818
20
-108.144999999999996
11
149.7949999999999875
21
-108.144999999999996
0
LINE
8
BLACK
6
CONTINUOUS
10
149.7949999999999875
20
-108.144999999999996
11
149.7949999999999875
21
-108.703637999999998
0
LINE
8
BLACK
6
CONTINUOUS
10
149.7949999999999875
20
-108.703637999999998
11
149.7863549999999861
21
-108.7330779999999919
0
LINE
8
BLACK
6
CONTINUOUS
10
149.7863549999999861
20
-108.7330779999999919
11
149.779831999999999
21
-108.7630649999999974
0
LINE
8
BLACK
6
CONTINUOUS
10
149.779831999999999
20
-108.7630649999999974
11
149.7760769999999866
21
-108.7680799999999977
0
LINE
8
BLACK
6
CONTINUOUS
10
149.7760769999999866
20
-108.7680799999999977
11
149.7753150000000062
21
-108.7706769999999921
0
LINE
8
BLACK
6
CONTINUOUS
10
149.7753150000000062
20
-108.7706769999999921
11
149.7750000000000057
21
-108.7710670000000022
0
LINE
8
BLACK
6
CONTINUOUS
10
149.7750000000000057
20
-108.7710670000000022
11
149.7750000000000057
21
-108.9349999999999881
0
LINE
8
BLACK
6
CONTINUOUS
10
122.5999999999999943
20
-67.3917649999999924
11
122.6356320000000011
21
-67.7535560000000032
0
LINE
8
BLACK
6
CONTINUOUS
10
122.6356320000000011
20
-67.7535560000000032
11
122.7065499999999929
21
-68.1100899999999996
0
LINE
8
BLACK
6
CONTINUOUS
10
122.7065499999999929
20
-68.1100899999999996
11
122.7065529999999995
21
-68.1101010000000002
0
LINE
8
BLACK
6
CONTINUOUS
10
122.7065529999999995
20
-68.1101010000000002
11
122.8120859999999936
21
-68.4579969999999918
0
LINE
8
BLACK
6
CONTINUOUS
10
122.8120859999999936
20
-68.4579969999999918
11
122.9512069999999966
21
-68.7938639999999992
0
LINE
8
BLACK
6
CONTINUOUS
10
122.9512069999999966
20
-68.7938639999999992
11
122.9512089999999915
21
-68.7938690000000008
0
LINE
8
BLACK
6
CONTINUOUS
10
122.9512089999999915
20
-68.7938690000000008
11
123.1225699999999961
21
-69.1144620000000032
0
LINE
8
BLACK
6
CONTINUOUS
10
123.1225699999999961
20
-69.1144620000000032
11
123.1225809999999967
21
-69.1144800000000004
0
LINE
8
BLACK
6
CONTINUOUS
10
123.1225809999999967
20
-69.1144800000000004
11
123.3245509999999996
21
-69.4167499999999933
0
LINE
8
BLACK
6
CONTINUOUS
10
123.3245509999999996
20
-69.4167499999999933
11
123.5116779999999892
21
-69.6447649999999925
0
LINE
8
BLACK
6
CONTINUOUS
10
123.5116779999999892
20
-69.6447649999999925
11
123.5116790000000009
21
-69.64476599999999
0
LINE
8
BLACK
6
CONTINUOUS
10
123.5116790000000009
20
-69.64476599999999
11
123.8696629999999885
21
-69.2867809999999906
0
LINE
8
BLACK
6
CONTINUOUS
10
123.8696629999999885
20
-69.2867809999999906
11
123.6902049999999917
21
-69.0617479999999944
0
LINE
8
BLACK
6
CONTINUOUS
10
123.6902049999999917
20
-69.0617479999999944
11
123.4992850000000004
21
-68.7578999999999922
0
LINE
8
BLACK
6
CONTINUOUS
10
123.4992850000000004
20
-68.7578999999999922
11
123.3435849999999903
21
-68.4345869999999934
0
LINE
8
BLACK
6
CONTINUOUS
10
123.3435849999999903
20
-68.4345869999999934
11
123.2250650000000007
21
-68.0958739999999949
0
LINE
8
BLACK
6
CONTINUOUS
10
123.2250650000000007
20
-68.0958739999999949
11
123.1452129999999983
21
-67.7460200000000015
0
LINE
8
BLACK
6
CONTINUOUS
10
123.1452129999999983
20
-67.7460200000000015
11
123.1050339999999892
21
-67.3894250000000028
0
LINE
8
BLACK
6
CONTINUOUS
10
123.1050339999999892
20
-67.3894250000000028
11
123.1050339999999892
21
-67.0305749999999989
0
LINE
8
BLACK
6
CONTINUOUS
10
123.1050339999999892
20
-67.0305749999999989
11
123.1452129999999983
21
-66.6739800000000002
0
LINE
8
BLACK
6
CONTINUOUS
10
123.1452129999999983
20
-66.6739800000000002
11
123.2250650000000007
21
-66.3241259999999926
0
LINE
8
BLACK
6
CONTINUOUS
10
123.2250650000000007
20
-66.3241259999999926
11
123.3435849999999903
21
-65.9854129999999941
0
LINE
8
BLACK
6
CONTINUOUS
10
123.3435849999999903
20
-65.9854129999999941
11
123.4992850000000004
21
-65.6620999999999952
0
LINE
8
BLACK
6
CONTINUOUS
10
123.4992850000000004
20
-65.6620999999999952
11
123.6902049999999917
21
-65.3582519999999931
0
LINE
8
BLACK
6
CONTINUOUS
10
123.6902049999999917
20
-65.3582519999999931
11
123.8696640000000002
21
-65.1332170000000019
0
LINE
8
BLACK
6
CONTINUOUS
10
123.8696640000000002
20
-65.1332170000000019
11
123.5116799999999984
21
-64.7752330000000001
0
LINE
8
BLACK
6
CONTINUOUS
10
123.5116799999999984
20
-64.7752330000000001
11
123.5116790000000009
21
-64.7752330000000001
0
LINE
8
BLACK
6
CONTINUOUS
10
123.5116790000000009
20
-64.7752330000000001
11
123.324547999999993
21
-65.0032539999999983
0
LINE
8
BLACK
6
CONTINUOUS
10
123.324547999999993
20
-65.0032539999999983
11
123.3245450000000005
21
-65.0032580000000024
0
LINE
8
BLACK
6
CONTINUOUS
10
123.3245450000000005
20
-65.0032580000000024
11
123.1225809999999967
21
-65.3055190000000039
0
LINE
8
BLACK
6
CONTINUOUS
10
123.1225809999999967
20
-65.3055190000000039
11
123.1225699999999961
21
-65.3055370000000011
0
LINE
8
BLACK
6
CONTINUOUS
10
123.1225699999999961
20
-65.3055370000000011
11
122.9512089999999915
21
-65.6261300000000034
0
LINE
8
BLACK
6
CONTINUOUS
10
122.9512089999999915
20
-65.6261300000000034
11
122.9512069999999966
21
-65.6261349999999908
0
LINE
8
BLACK
6
CONTINUOUS
10
122.9512069999999966
20
-65.6261349999999908
11
122.8120859999999936
21
-65.9620019999999982
0
LINE
8
BLACK
6
CONTINUOUS
10
122.8120859999999936
20
-65.9620019999999982
11
122.7065529999999995
21
-66.309898000000004
0
LINE
8
BLACK
6
CONTINUOUS
10
122.7065529999999995
20
-66.309898000000004
11
122.7065499999999929
21
-66.3099089999999904
0
LINE
8
BLACK
6
CONTINUOUS
10
122.7065499999999929
20
-66.3099089999999904
11
122.6356320000000011
21
-66.666443000000001
0
LINE
8
BLACK
6
CONTINUOUS
10
122.6356320000000011
20
-66.666443000000001
11
122.5999999999999943
21
-67.0282339999999976
0
LINE
8
BLACK
6
CONTINUOUS
10
122.5999999999999943
20
-67.0282339999999976
11
122.5999999999999943
21
-67.3917649999999924
0
CIRCLE
8
BLACK
10
142.7672959999999875
20
-91.1243010000000027
40
0.175
0
CIRCLE
8
BLACK
10
140.2672959999999875
20
-91.1243010000000027
40
0.175
0
CIRCLE
8
BLACK
10
140.2999999999999829
20
-96.2999999999999972
40
0.175
0
CIRCLE
8
BLACK
10
140.2999999999999829
20
-106.4599999999999937
40
0.175
0
CIRCLE
8
BLACK
10
140.9884500000000003
20
-68.8100000000000023
40
0.175
0
CIRCLE
8
BLACK
10
140.9884500000000003
20
-71.3499999999999943
40
0.175
0
CIRCLE
8
BLACK
10
148.7999999999999829
20
-67.2099999999999937
40
0.175
0
CIRCLE
8
BLACK
10
126.2999999999999972
20
-67.2099999999999937
40
0.175
0
CIRCLE
8
BLACK
10
144.5499999999999829
20
-96.2999999999999972
40
0.175
0
CIRCLE
8
BLACK
10
144.5499999999999829
20
-106.4599999999999937
40
0.175
0
CIRCLE
8
BLACK
10
146.6238869999999963
20
-72.8357829999999922
40
0.175
0
CIRCLE
8
BLACK
10
146.6238840000000039
20
-75.3757870000000025
40
0.175
0
CIRCLE
8
BLACK
10
146.6238869999999963
20
-77.9157829999999905
40
0.175
0
CIRCLE
8
BLACK
10
135.7999999999999829
20
-106.4599999999999937
40
0.175
0
CIRCLE
8
BLACK
10
135.7999999999999829
20
-96.2999999999999972
40
0.175
0
CIRCLE
8
BLACK
10
133.2873610000000042
20
-91.171141999999989
40
0.175
0
CIRCLE
8
BLACK
10
135.7873610000000042
20
-91.171141999999989
40
0.175
0
CIRCLE
8
BLACK
10
126.2999999999999972
20
-114.7099999999999937
40
0.175
0
CIRCLE
8
BLACK
10
127.4088369999999912
20
-73.0307849999999945
40
0.175
0
CIRCLE
8
BLACK
10
127.4088369999999912
20
-75.5707850000000008
40
0.175
0
CIRCLE
8
BLACK
10
127.4088369999999912
20
-78.1107849999999928
40
0.175
0
CIRCLE
8
BLACK
10
127.5838369999999884
20
-80.8634059999999977
40
0.175
0
CIRCLE
8
BLACK
10
127.5838369999999884
20
-88.463405999999992
40
0.175
0
CIRCLE
8
BLACK
10
131.2999999999999829
20
-96.2999999999999972
40
0.175
0
CIRCLE
8
BLACK
10
131.2999999999999829
20
-106.4599999999999937
40
0.175
0
CIRCLE
8
BLACK
10
134.2999999999999829
20
-68.8100000000000023
40
0.175
0
CIRCLE
8
BLACK
10
134.2999999999999829
20
-71.3499999999999943
40
0.175
0
CIRCLE
8
BLACK
10
148.7999999999999829
20
-114.7099999999999937
40
0.175
0
CIRCLE
8
BLACK
10
146.5569579999999803
20
-80.8555399999999906
40
0.175
0
CIRCLE
8
BLACK
10
146.5569579999999803
20
-88.4755399999999952
40
0.175
0
LINE
8
BLACK
6
CONTINUOUS
10
132.8649999999999807
20
-113.0749999999999886
11
132.8649999999999807
21
-113.6749999999999972
0
ARC
8
BLACK
10
133.414999999999992
20
-113.6749999999999972
40
0.5499999999999999
50
-180.00000000
51
0.00000000
0
LINE
8
BLACK
6
CONTINUOUS
10
133.9650000000000034
20
-113.6749999999999972
11
133.9650000000000034
21
-113.0749999999999886
0
ARC
8
BLACK
10
133.414999999999992
20
-113.0749999999999886
40
0.5499999999999999
50
0.00000000
51
180.00000000
0
LINE
8
BLACK
6
CONTINUOUS
10
132.8649999999999807
20
-116.875
11
132.8649999999999807
21
-117.4749999999999943
0
ARC
8
BLACK
10
133.414999999999992
20
-117.4749999999999943
40
0.5499999999999999
50
-180.00000000
51
0.00000000
0
LINE
8
BLACK
6
CONTINUOUS
10
133.9650000000000034
20
-117.4749999999999943
11
133.9650000000000034
21
-116.875
0
ARC
8
BLACK
10
133.414999999999992
20
-116.875
40
0.5499999999999999
50
0.00000000
51
180.00000000
0
LINE
8
BLACK
6
CONTINUOUS
10
141.5049999999999955
20
-113.0749999999999886
11
141.5049999999999955
21
-113.6749999999999972
0
ARC
8
BLACK
10
142.0550000000000068
20
-113.6749999999999972
40
0.5499999999999999
50
-180.00000000
51
0.00000000
0
LINE
8
BLACK
6
CONTINUOUS
10
142.6049999999999898
20
-113.6749999999999972
11
142.6049999999999898
21
-113.0749999999999886
0
ARC
8
BLACK
10
142.0550000000000068
20
-113.0749999999999886
40
0.5499999999999999
50
0.00000000
51
180.00000000
0
LINE
8
BLACK
6
CONTINUOUS
10
141.5049999999999955
20
-116.875
11
141.5049999999999955
21
-117.4749999999999943
0
ARC
8
BLACK
10
142.0550000000000068
20
-117.4749999999999943
40
0.5499999999999999
50
-180.00000000
51
0.00000000
0
LINE
8
BLACK
6
CONTINUOUS
10
142.6049999999999898
20
-117.4749999999999943
11
142.6049999999999898
21
-116.875
0
ARC
8
BLACK
10
142.0550000000000068
20
-116.875
40
0.5499999999999999
50
0.00000000
51
180.00000000
0
CIRCLE
8
BLACK
10
138.6362849999999867
20
-94.3808099999999968
40
0.4
0
CIRCLE
8
BLACK
10
146.4746609999999976
20
-94.400944999999993
40
0.4
0
CIRCLE
8
BLACK
10
129.5858240000000023
20
-92.2334609999999913
40
0.4
0
CIRCLE
8
WHITE
10
138.6362849999999867
20
-94.3808099999999968
40
0.175
0
CIRCLE
8
WHITE
10
146.4746609999999976
20
-94.400944999999993
40
0.175
0
CIRCLE
8
WHITE
10
129.5858240000000023
20
-92.2334609999999913
40
0.175
0
CIRCLE
8
WHITE
10
142.7672959999999875
20
-91.1243010000000027
40
0.175
0
CIRCLE
8
WHITE
10
140.2672959999999875
20
-91.1243010000000027
40
0.175
0
CIRCLE
8
WHITE
10
140.2999999999999829
20
-96.2999999999999972
40
0.175
0
CIRCLE
8
WHITE
10
140.2999999999999829
20
-106.4599999999999937
40
0.175
0
CIRCLE
8
WHITE
10
140.9884500000000003
20
-68.8100000000000023
40
0.175
0
CIRCLE
8
WHITE
10
140.9884500000000003
20
-71.3499999999999943
40
0.175
0
CIRCLE
8
WHITE
10
148.7999999999999829
20
-67.2099999999999937
40
0.175
0
CIRCLE
8
WHITE
10
126.2999999999999972
20
-67.2099999999999937
40
0.175
0
CIRCLE
8
WHITE
10
144.5499999999999829
20
-96.2999999999999972
40
0.175
0
CIRCLE
8
WHITE
10
144.5499999999999829
20
-106.4599999999999937
40
0.175
0
CIRCLE
8
WHITE
10
146.6238869999999963
20
-72.8357829999999922
40
0.175
0
CIRCLE
8
WHITE
10
146.6238840000000039
20
-75.3757870000000025
40
0.175
0
CIRCLE
8
WHITE
10
146.6238869999999963
20
-77.9157829999999905
40
0.175
0
CIRCLE
8
WHITE
10
135.7999999999999829
20
-106.4599999999999937
40
0.175
0
CIRCLE
8
WHITE
10
135.7999999999999829
20
-96.2999999999999972
40
0.175
0
CIRCLE
8
WHITE
10
133.2873610000000042
20
-91.171141999999989
40
0.175
0
CIRCLE
8
WHITE
10
135.7873610000000042
20
-91.171141999999989
40
0.175
0
CIRCLE
8
WHITE
10
126.2999999999999972
20
-114.7099999999999937
40
0.175
0
CIRCLE
8
WHITE
10
127.4088369999999912
20
-73.0307849999999945
40
0.175
0
CIRCLE
8
WHITE
10
127.4088369999999912
20
-75.5707850000000008
40
0.175
0
CIRCLE
8
WHITE
10
127.4088369999999912
20
-78.1107849999999928
40
0.175
0
CIRCLE
8
WHITE
10
127.5838369999999884
20
-80.8634059999999977
40
0.175
0
CIRCLE
8
WHITE
10
127.5838369999999884
20
-88.4834060000000022
40
0.175
0
CIRCLE
8
WHITE
10
131.2999999999999829
20
-96.2999999999999972
40
0.175
0
CIRCLE
8
WHITE
10
131.2999999999999829
20
-106.4599999999999937
40
0.175
0
CIRCLE
8
WHITE
10
134.2999999999999829
20
-68.8100000000000023
40
0.175
0
CIRCLE
8
WHITE
10
134.2999999999999829
20
-71.3499999999999943
40
0.175
0
CIRCLE
8
WHITE
10
148.7999999999999829
20
-114.7099999999999937
40
0.175
0
CIRCLE
8
WHITE
10
146.5569579999999803
20
-80.8555399999999906
40
0.175
0
CIRCLE
8
WHITE
10
146.5569579999999803
20
-88.4755399999999952
40
0.175
0
LINE
8
WHITE
6
CONTINUOUS
10
133.1149999999999807
20
-113.0749999999999886
11
133.1149999999999807
21
-113.6749999999999972
0
ARC
8
WHITE
10
133.414999999999992
20
-113.6749999999999972
40
0.3
50
-180.00000000
51
0.00000000
0
LINE
8
WHITE
6
CONTINUOUS
10
133.7150000000000034
20
-113.6749999999999972
11
133.7150000000000034
21
-113.0749999999999886
0
ARC
8
WHITE
10
133.414999999999992
20
-113.0749999999999886
40
0.3
50
0.00000000
51
180.00000000
0
LINE
8
WHITE
6
CONTINUOUS
10
133.1149999999999807
20
-116.875
11
133.1149999999999807
21
-117.4749999999999943
0
ARC
8
WHITE
10
133.414999999999992
20
-117.4749999999999943
40
0.3
50
-180.00000000
51
0.00000000
0
LINE
8
WHITE
6
CONTINUOUS
10
133.7150000000000034
20
-117.4749999999999943
11
133.7150000000000034
21
-116.875
0
ARC
8
WHITE
10
133.414999999999992
20
-116.875
40
0.3
50
0.00000000
51
180.00000000
0
LINE
8
WHITE
6
CONTINUOUS
10
141.7549999999999955
20
-113.0749999999999886
11
141.7549999999999955
21
-113.6749999999999972
0
ARC
8
WHITE
10
142.0550000000000068
20
-113.6749999999999972
40
0.3
50
-180.00000000
51
0.00000000
0
LINE
8
WHITE
6
CONTINUOUS
10
142.3549999999999898
20
-113.6749999999999972
11
142.3549999999999898
21
-113.0749999999999886
0
ARC
8
WHITE
10
142.0550000000000068
20
-113.0749999999999886
40
0.3
50
0.00000000
51
180.00000000
0
LINE
8
WHITE
6
CONTINUOUS
10
141.7549999999999955
20
-116.875
11
141.7549999999999955
21
-117.4749999999999943
0
ARC
8
WHITE
10
142.0550000000000068
20
-117.4749999999999943
40
0.3
50
-180.00000000
51
0.00000000
0
LINE
8
WHITE
6
CONTINUOUS
10
142.3549999999999898
20
-117.4749999999999943
11
142.3549999999999898
21
-116.875
0
ARC
8
WHITE
10
142.0550000000000068
20
-116.875
40
0.3
50
0.00000000
51
180.00000000
  0
ENDSEC
  0
EOF
